item_id,declaration_id,year,customs_office_code,customs_office_name,regime,registration_serial,registration_number,reference_number,registration_date,hs_code,commercial_description,country_of_origin,country_of_origin_code,country_of_export,country_of_export_code,country_of_destination,country_of_destination_code,uom,qty_by_uom,actual_unit_price,price_basis,local_amount,sup_amount,invoice_amount,net_weight,gross_weight,status,specification_code,warehouse_code,exit_office_code,exit_officer_id,operation_name,operation_date,encrypted_declarant_cr,encrypted_consignee_cr,encrypted_exporter_cr,declaration_date,year_month,hs_clean,hs2,hs6,is_reexport,trade_type,local_amount_clean,invoice_amount_clean,sup_amount_clean,net_weight_clean,gross_weight_clean,partner_country_code,active_cr,hs_desc
2020-2601-8-10000-1,2020-2601-8-10000,2020,2601,Dry Port - Hidd,IM,8,10000,94487,1/8/2020,8471300000,Portable laptop computers,CN,CN,CN,CN,BH,BH,NMB,179.0,241.16,EXW,16231.03,0.98,43167.64,467.06,536.61,Released,9,9,2601,306,,,CR_HASH_182,CR_HASH_036,,2020-01-08,2020-01,847130000000,84,847130,False,Import,16231.03,43167.64,0.98,467.06,536.61,CN,CR_HASH_036,Portable laptop computers
2020-2501-2-10001-1,2020-2501-2-10001,2020,2501,Bahrain International Airport,EX,2,10001,56354,3/27/2020,8703221000,Passenger cars 1000-1500cc,BH,BH,BH,BH,US,US,NMB,109.0,21595.79,EXW,885081.86,4.71,2353941.11,833.5,911.55,Released,2,2,2501,579,,,CR_HASH_093,,CR_HASH_031,2020-03-27,2020-03,870322100000,87,870322,True,Re-export,885081.86,2353941.11,4.71,833.5,911.55,US,CR_HASH_031,Passenger cars 1000-1500cc
2020-2601-4-10002-1,2020-2601-4-10002,2020,2601,Dry Port - Hidd,EX,4,10002,11990,1/17/2020,3923301000,Plastic bottles for packaging,BH,BH,BH,BH,JP,JP,NMB,198.0,0.72,EXW,53.6,3.48,142.56,1425.77,1608.02,Released,4,8,2601,184,,,CR_HASH_117,,CR_HASH_016,2020-01-17,2020-01,392330100000,39,392330,True,Re-export,53.6,142.56,3.48,1425.77,1608.02,JP,CR_HASH_016,Plastic bottles for packaging
2020-2701-4-10003-1,2020-2701-4-10003,2020,2701,Khalifa Bin Salman Port,IM,4,10003,88709,9/26/2020,102211000,"Live cattle, pure-bred breeding",IN,IN,IN,IN,BH,BH,NMB,2.0,1209.65,CIF,909.66,1.9,2419.3,3.69,4.21,Released,9,7,2701,388,,,CR_HASH_234,CR_HASH_036,,2020-09-26,2020-09,102211000000,10,102211,False,Import,909.66,2419.3,1.9,3.69,4.21,IN,CR_HASH_036,"Live cattle, pure-bred breeding"
2020-2601-5-10004-1,2020-2601-5-10004,2020,2601,Dry Port - Hidd,IM,5,10004,72482,12/21/2020,1006301000,Long-grain milled rice,SA,SA,SA,SA,BH,BH,KGM,168.29,0.65,EXW,41.13,1.4,109.39,168.29,189.49,Released,8,8,2601,122,,,CR_HASH_036,CR_HASH_046,,2020-12-21,2020-12,100630100000,10,100630,False,Import,41.13,109.39,1.4,168.29,189.49,SA,CR_HASH_046,Long-grain milled rice
2020-2501-7-10005-1,2020-2501-7-10005,2020,2501,Bahrain International Airport,EX,7,10005,38236,9/18/2020,9018390000,Medical syringes and needles,BH,BH,BH,BH,US,US,NMB,27.0,0.11,EXW,1.12,1.79,2.97,74.44,83.62,Pending,9,5,2501,122,,,CR_HASH_127,,CR_HASH_033,2020-09-18,2020-09,901839000000,90,901839,True,Re-export,1.12,2.97,1.79,74.44,83.62,US,CR_HASH_033,Medical syringes and needles
2020-2701-2-10006-1,2020-2701-2-10006,2020,2701,Khalifa Bin Salman Port,IM,2,10006,52063,8/6/2020,6109100000,Cotton t-shirts,DE,DE,DE,DE,BH,BH,NMB,168.0,3.82,FOB,241.3,0.58,641.76,1259.61,1474.57,Released,6,1,2701,358,,,CR_HASH_027,CR_HASH_022,,2020-08-06,2020-08,610910000000,61,610910,False,Import,241.3,641.76,0.58,1259.61,1474.57,DE,CR_HASH_022,Cotton t-shirts
2020-2601-8-10007-1,2020-2601-8-10007,2020,2601,Dry Port - Hidd,EX,8,10007,43676,10/30/2020,1006301000,Long-grain milled rice,BH,BH,BH,BH,AE,AE,KGM,2700.77,1.07,EXW,1086.57,3.43,2889.82,2700.77,3002.95,Released,9,8,2601,346,,,CR_HASH_058,,CR_HASH_006,2020-10-30,2020-10,100630100000,10,100630,True,Re-export,1086.57,2889.82,3.43,2700.77,3002.95,AE,CR_HASH_006,Long-grain milled rice
2020-2701-3-10008-1,2020-2701-3-10008,2020,2701,Khalifa Bin Salman Port,EX,3,10008,27306,6/15/2020,102211000,"Live cattle, pure-bred breeding",BH,BH,BH,BH,CN,CN,NMB,48.0,2068.22,EXW,37327.23,1.9,99274.56,47.96,54.63,Pending,2,9,2701,927,,,CR_HASH_090,,CR_HASH_008,2020-06-15,2020-06,102211000000,10,102211,True,Re-export,37327.23,99274.56,1.9,47.96,54.63,CN,CR_HASH_008,"Live cattle, pure-bred breeding"
2020-2501-2-10009-1,2020-2501-2-10009,2020,2501,Bahrain International Airport,IM,2,10009,71263,8/7/2020,102211000,"Live cattle, pure-bred breeding",CN,CN,CN,CN,BH,BH,NMB,115.0,996.33,EXW,43081.31,1.93,114577.95,103.54,117.9,Released,9,5,2501,761,,,CR_HASH_039,CR_HASH_026,,2020-08-07,2020-08,102211000000,10,102211,False,Import,43081.31,114577.95,1.93,103.54,117.9,CN,CR_HASH_026,"Live cattle, pure-bred breeding"
2020-2801-8-10010-1,2020-2801-8-10010,2020,2801,King Fahd Causeway,IM,8,10010,93322,11/16/2020,8703221000,Passenger cars 1000-1500cc,CN,CN,CN,CN,BH,BH,NMB,9.0,8629.97,FOB,29203.82,0.96,77669.73,32.6,34.47,Released,8,1,2801,146,,,CR_HASH_002,CR_HASH_019,,2020-11-16,2020-11,870322100000,87,870322,False,Import,29203.82,77669.73,0.96,32.6,34.47,CN,CR_HASH_019,Passenger cars 1000-1500cc
2020-2801-7-10011-1,2020-2801-7-10011,2020,2801,King Fahd Causeway,,7,10011,76513,5/27/2020,8471300000,Portable laptop computers,IN,IN,BH,BH,JP,JP,NMB,167.0,736.72,CIF,46260.12,2.91,123032.24,1059.8,1214.93,Released,5,9,2801,870,,,CR_HASH_154,CR_HASH_039,,2020-05-27,2020-05,847130000000,84,847130,False,,46260.12,123032.24,2.91,1059.8,1214.93,,CR_HASH_039,Portable laptop computers
2020-2601-8-10012-1,2020-2601-8-10012,2020,2601,Dry Port - Hidd,IM,8,10012,76324,11/1/2020,2710192100,Gas oils for diesel engines,US,US,US,US,BH,BH,LTR,12971.48,0.54,CIF,2633.73,2.21,7004.6,10331.97,11418.14,Released,7,3,2601,366,,,CR_HASH_126,CR_HASH_018,,2020-11-01,2020-11,271019210000,27,271019,False,Import,2633.73,7004.6,2.21,10331.97,11418.14,US,CR_HASH_018,Gas oils for diesel engines
2020-2801-7-10013-1,2020-2801-7-10013,2020,2801,King Fahd Causeway,IM,7,10013,66961,10/17/2020,3923301000,Plastic bottles for packaging,IN,IN,IN,IN,BH,BH,NMB,170.0,0.33,CIF,21.09,3.81,56.1,1110.6,1254.88,Released,1,2,2801,637,,,CR_HASH_120,CR_HASH_038,,2020-10-17,2020-10,392330100000,39,392330,False,Import,21.09,56.1,3.81,1110.6,1254.88,IN,CR_HASH_038,Plastic bottles for packaging
2020-2701-8-10014-1,2020-2701-8-10014,2020,2701,Khalifa Bin Salman Port,IM,8,10014,25245,9/11/2020,3923301000,Plastic bottles for packaging,SA,SA,SA,SA,BH,BH,NMB,27.0,0.53,EXW,5.38,3.17,14.31,203.03,217.37,Released,8,9,2701,814,,,CR_HASH_240,CR_HASH_047,,2020-09-11,2020-09,392330100000,39,392330,False,Import,5.38,14.31,3.17,203.03,217.37,SA,CR_HASH_047,Plastic bottles for packaging
2020-2801-1-10015-1,2020-2801-1-10015,2020,2801,King Fahd Causeway,IM,1,10015,57036,12/6/2020,102211000,"Live cattle, pure-bred breeding",CN,CN,CN,CN,BH,BH,NMB,144.0,961.58,EXW,52063.79,4.1,138467.52,690.22,772.98,Released,5,5,2801,311,,,CR_HASH_147,CR_HASH_034,,2020-12-06,2020-12,102211000000,10,102211,False,Import,52063.79,138467.52,4.1,690.22,772.98,CN,CR_HASH_034,"Live cattle, pure-bred breeding"
2020-2501-9-10016-1,2020-2501-9-10016,2020,2501,Bahrain International Airport,IM,9,10016,76440,8/7/2020,9018390000,Medical syringes and needles,SA,SA,SA,SA,BH,BH,NMB,24.0,0.1,EXW,0.9,3.93,2.4,151.38,174.19,Released,3,8,2501,427,,,CR_HASH_182,CR_HASH_017,,2020-08-07,2020-08,901839000000,90,901839,False,Import,0.9,2.4,3.93,151.38,174.19,SA,CR_HASH_017,Medical syringes and needles
2020-2601-3-10017-1,2020-2601-3-10017,2020,2601,Dry Port - Hidd,IM,3,10017,80226,7/13/2020,8517120000,Cellular telephones,US,US,US,US,BH,BH,NMB,192.0,1129.74,FOB,81558.19,2.19,216910.08,892.31,1062.22,Released,6,9,2601,104,,,CR_HASH_037,CR_HASH_018,,2020-07-13,2020-07,851712000000,85,851712,False,Import,81558.19,216910.08,2.19,892.31,1062.22,US,CR_HASH_018,Cellular telephones
2020-2801-9-10018-1,2020-2801-9-10018,2020,2801,King Fahd Causeway,IM,9,10018,50888,9/19/2020,1006301000,Long-grain milled rice,AE,AE,AE,AE,BH,BH,KGM,4267.62,1.1,EXW,1765.09,1.83,4694.38,4267.62,4488.88,Held,9,5,2801,383,,,CR_HASH_030,CR_HASH_005,,2020-09-19,2020-09,100630100000,10,100630,False,Import,1765.09,4694.38,1.83,4267.62,4488.88,AE,CR_HASH_005,Long-grain milled rice
2020-2501-3-10019-1,2020-2501-3-10019,2020,2501,Bahrain International Airport,IM,3,10019,99918,6/10/2020,8703221000,Passenger cars 1000-1500cc,DE,DE,IN,IN,BH,BH,NMB,183.0,20625.88,CIF,1419225.55,3.43,3774536.04,1240.14,1321.94,Released,6,1,2501,711,,,CR_HASH_071,CR_HASH_033,,2020-06-10,2020-06,870322100000,87,870322,False,Import,1419225.55,3774536.04,3.43,1240.14,1321.94,DE,CR_HASH_033,Passenger cars 1000-1500cc
2020-2801-1-10020-1,2020-2801-1-10020,2020,2801,King Fahd Causeway,EX,1,10020,10492,11/24/2020,102211000,"Live cattle, pure-bred breeding",BH,BH,BH,BH,CN,CN,NMB,48.0,1043.14,CIF,18826.59,0.73,50070.72,351.83,404.06,Held,6,9,2801,820,,,CR_HASH_227,,CR_HASH_002,2020-11-24,2020-11,102211000000,10,102211,True,Re-export,18826.59,50070.72,0.73,351.83,404.06,CN,CR_HASH_002,"Live cattle, pure-bred breeding"
2020-2501-3-10021-1,2020-2501-3-10021,2020,2501,Bahrain International Airport,EX,3,10021,13613,12/18/2020,9018390000,Medical syringes and needles,BH,BH,BH,BH,IN,IN,NMB,49.0,0.41,FOB,7.55,1.06,20.09,281.06,330.44,Released,7,5,2501,585,,,CR_HASH_015,,CR_HASH_022,2020-12-18,2020-12,901839000000,90,901839,True,Re-export,7.55,20.09,1.06,281.06,330.44,IN,CR_HASH_022,Medical syringes and needles
2020-2701-6-10022-1,2020-2701-6-10022,2020,2701,Khalifa Bin Salman Port,EX,6,10022,77447,9/29/2020,8471300000,Portable laptop computers,BH,BH,BH,BH,CN,CN,NMB,170.0,250.89,FOB,16036.89,0.75,42651.3,430.22,497.54,Released,6,1,2701,138,,,CR_HASH_131,,CR_HASH_049,2020-09-29,2020-09,847130000000,84,847130,True,Re-export,16036.89,42651.3,0.75,430.22,497.54,CN,CR_HASH_049,Portable laptop computers
2020-2801-5-10023-1,2020-2801-5-10023,2020,2801,King Fahd Causeway,IM,5,10023,61516,3/21/2020,8504400090,Static converters,DE,DE,DE,DE,BH,BH,NMB,82.0,50.18,FOB,1547.15,4.76,4114.76,523.21,599.32,Released,5,3,2801,476,,,CR_HASH_044,CR_HASH_043,,2020-03-21,2020-03,850440009000,85,850440,False,Import,1547.15,4114.76,4.76,523.21,599.32,DE,CR_HASH_043,Static converters
2020-2701-7-10024-1,2020-2701-7-10024,2020,2701,Khalifa Bin Salman Port,IM,7,10024,95305,7/30/2020,102211000,"Live cattle, pure-bred breeding",AE,AE,AE,AE,BH,BH,NMB,130.0,2399.01,CIF,117263.61,1.87,311871.3,527.31,563.11,Released,4,8,2701,649,,,CR_HASH_243,CR_HASH_007,,2020-07-30,2020-07,102211000000,10,102211,False,Import,117263.61,311871.3,1.87,527.31,563.11,AE,CR_HASH_007,"Live cattle, pure-bred breeding"
2020-2701-9-10025-1,2020-2701-9-10025,2020,2701,Khalifa Bin Salman Port,IM,9,10025,23313,5/26/2020,1006301000,Long-grain milled rice,US,US,US,US,BH,BH,KGM,2103.04,0.64,CIF,506.08,3.08,1345.95,2103.04,2340.18,Released,6,6,2701,731,,,CR_HASH_119,CR_HASH_024,,2020-05-26,2020-05,100630100000,10,100630,False,Import,506.08,1345.95,3.08,2103.04,2340.18,US,CR_HASH_024,Long-grain milled rice
2020-2701-6-10026-1,2020-2701-6-10026,2020,2701,Khalifa Bin Salman Port,IM,6,10026,76302,7/19/2020,6109100000,Cotton t-shirts,US,US,US,US,BH,BH,NMB,123.0,12.24,FOB,566.08,4.64,1505.52,394.21,444.24,Held,8,5,2701,759,,,CR_HASH_079,CR_HASH_040,,2020-07-19,2020-07,610910000000,61,610910,False,Import,566.08,1505.52,4.64,394.21,444.24,US,CR_HASH_040,Cotton t-shirts
2020-2601-8-10027-1,2020-2601-8-10027,2020,2601,Dry Port - Hidd,IM,8,10027,60875,7/9/2020,102211000,"Live cattle, pure-bred breeding",CN,CN,CN,CN,BH,BH,NMB,63.0,2223.55,FOB,52671.45,1.28,140083.65,429.34,454.39,Released,3,1,2601,767,,,CR_HASH_020,CR_HASH_014,,2020-07-09,2020-07,102211000000,10,102211,False,Import,52671.45,140083.65,1.28,429.34,454.39,CN,CR_HASH_014,"Live cattle, pure-bred breeding"
2020-2501-4-10028-1,2020-2501-4-10028,2020,2501,Bahrain International Airport,IM,4,10028,99590,11/26/2020,9018390000,Medical syringes and needles,AE,AE,AE,AE,BH,BH,NMB,141.0,0.22,FOB,11.66,1.9,31.02,456.4,544.83,Released,7,7,2501,229,,,CR_HASH_214,CR_HASH_004,,2020-11-26,2020-11,901839000000,90,901839,False,Import,11.66,31.02,1.9,456.4,544.83,AE,CR_HASH_004,Medical syringes and needles
2020-2801-4-10029-1,2020-2801-4-10029,2020,2801,King Fahd Causeway,IM,4,10029,96220,9/15/2020,3923301000,Plastic bottles for packaging,AE,AE,AE,AE,BH,BH,NMB,128.0,0.11,FOB,5.29,4.28,14.08,223.27,262.44,Held,9,6,2801,227,,,CR_HASH_230,CR_HASH_049,,2020-09-15,2020-09,392330100000,39,392330,False,Import,5.29,14.08,4.28,223.27,262.44,AE,CR_HASH_049,Plastic bottles for packaging
2020-2601-8-10030-1,2020-2601-8-10030,2020,2601,Dry Port - Hidd,IM,8,10030,66887,7/3/2020,2710192100,Gas oils for diesel engines,US,US,US,US,BH,BH,LTR,2060.96,0.98,CIF,759.42,1.81,2019.74,1620.3,1921.78,Released,5,9,2601,627,,,CR_HASH_235,CR_HASH_003,,2020-07-03,2020-07,271019210000,27,271019,False,Import,759.42,2019.74,1.81,1620.3,1921.78,US,CR_HASH_003,Gas oils for diesel engines
2020-2601-1-10031-1,2020-2601-1-10031,2020,2601,Dry Port - Hidd,IM,1,10031,42994,9/21/2020,8471300000,Portable laptop computers,AE,AE,AE,AE,BH,BH,NMB,54.0,698.33,EXW,14178.89,2.02,37709.82,335.98,355.71,Released,9,8,2601,397,,,CR_HASH_061,CR_HASH_036,,2020-09-21,2020-09,847130000000,84,847130,False,Import,14178.89,37709.82,2.02,335.98,355.71,AE,CR_HASH_036,Portable laptop computers
2020-2701-7-10032-1,2020-2701-7-10032,2020,2701,Khalifa Bin Salman Port,EX,7,10032,86317,6/25/2020,6109100000,Cotton t-shirts,BH,BH,BH,BH,AE,AE,NMB,170.0,8.56,FOB,547.16,0.97,1455.2,1169.1,1287.28,Released,4,9,2701,924,,,CR_HASH_146,,CR_HASH_025,2020-06-25,2020-06,610910000000,61,610910,True,Re-export,547.16,1455.2,0.97,1169.1,1287.28,AE,CR_HASH_025,Cotton t-shirts
2020-2701-4-10033-1,2020-2701-4-10033,2020,2701,Khalifa Bin Salman Port,IM,4,10033,10658,8/18/2020,8517120000,Cellular telephones,JP,JP,JP,JP,BH,BH,NMB,2.0,310.76,FOB,233.69,3.66,621.52,5.61,6.39,Released,5,6,2701,741,,,CR_HASH_085,CR_HASH_028,,2020-08-18,2020-08,851712000000,85,851712,False,Import,233.69,621.52,3.66,5.61,6.39,JP,CR_HASH_028,Cellular telephones
2020-2801-6-10034-1,2020-2801-6-10034,2020,2801,King Fahd Causeway,EX,6,10034,16675,12/25/2020,9018390000,Medical syringes and needles,BH,BH,BH,BH,SA,SA,NMB,96.0,0.39,CIF,14.08,3.8,37.44,741.51,865.57,Held,4,6,2801,597,,,CR_HASH_115,,CR_HASH_043,2020-12-25,2020-12,901839000000,90,901839,True,Re-export,14.08,37.44,3.8,741.51,865.57,SA,CR_HASH_043,Medical syringes and needles
2020-2701-4-10035-1,2020-2701-4-10035,2020,2701,Khalifa Bin Salman Port,EX,4,10035,13685,12/17/2020,3923301000,Plastic bottles for packaging,BH,BH,BH,BH,SA,SA,NMB,22.0,0.3,FOB,2.48,2.7,6.6,68.17,72.85,Released,8,9,2701,872,,,CR_HASH_246,,CR_HASH_015,2020-12-17,2020-12,392330100000,39,392330,True,Re-export,2.48,6.6,2.7,68.17,72.85,SA,CR_HASH_015,Plastic bottles for packaging
2020-2601-9-10036-1,2020-2601-9-10036,2020,2601,Dry Port - Hidd,IM,9,10036,43542,6/19/2020,102211000,"Live cattle, pure-bred breeding",AE,AE,US,US,BH,BH,NMB,82.0,2149.26,EXW,66265.98,0.99,176239.32,546.89,577.27,Released,9,7,2601,785,,,CR_HASH_231,CR_HASH_003,,2020-06-19,2020-06,102211000000,10,102211,False,Import,66265.98,176239.32,0.99,546.89,577.27,AE,CR_HASH_003,"Live cattle, pure-bred breeding"
2020-2701-7-10037-1,2020-2701-7-10037,2020,2701,Khalifa Bin Salman Port,EX,7,10037,49937,9/18/2020,8471300000,Portable laptop computers,BH,BH,BH,BH,CN,CN,NMB,173.0,630.63,CIF,41021.22,2.82,109098.99,390.81,446.81,Released,7,5,2701,126,,,CR_HASH_059,,CR_HASH_043,2020-09-18,2020-09,847130000000,84,847130,True,Re-export,41021.22,109098.99,2.82,390.81,446.81,CN,CR_HASH_043,Portable laptop computers
2020-2601-7-10038-1,2020-2601-7-10038,2020,2601,Dry Port - Hidd,EX,7,10038,63128,10/5/2020,9018390000,Medical syringes and needles,BH,BH,BH,BH,US,US,NMB,122.0,0.16,FOB,7.34,1.74,19.52,841.81,921.65,Released,5,8,2601,878,,,CR_HASH_168,,CR_HASH_035,2020-10-05,2020-10,901839000000,90,901839,True,Re-export,7.34,19.52,1.74,841.81,921.65,US,CR_HASH_035,Medical syringes and needles
2020-2701-1-10039-1,2020-2701-1-10039,2020,2701,Khalifa Bin Salman Port,EX,1,10039,20740,3/9/2020,6109100000,Cotton t-shirts,BH,BH,BH,BH,DE,DE,NMB,69.0,11.33,FOB,293.95,4.99,781.77,187.87,208.76,Held,7,7,2701,635,,,CR_HASH_134,,CR_HASH_007,2020-03-09,2020-03,610910000000,61,610910,True,Re-export,293.95,781.77,4.99,187.87,208.76,DE,CR_HASH_007,Cotton t-shirts
2020-2601-5-10040-1,2020-2601-5-10040,2020,2601,Dry Port - Hidd,IM,5,10040,67107,1/23/2020,3923301000,Plastic bottles for packaging,CN,CN,CN,CN,BH,BH,NMB,44.0,0.19,EXW,3.14,2.39,8.36,27.83,31.11,Released,8,9,2601,965,,,CR_HASH_124,CR_HASH_048,,2020-01-23,2020-01,392330100000,39,392330,False,Import,3.14,8.36,2.39,27.83,31.11,CN,CR_HASH_048,Plastic bottles for packaging
2020-2701-5-10041-1,2020-2701-5-10041,2020,2701,Khalifa Bin Salman Port,IM,5,10041,68808,10/2/2020,3923301000,Plastic bottles for packaging,US,US,AE,AE,BH,BH,NMB,57.0,0.07,CIF,1.5,1.59,3.99,345.84,393.78,Released,3,3,2701,259,,,CR_HASH_132,CR_HASH_031,,2020-10-02,2020-10,392330100000,39,392330,False,Import,1.5,3.99,1.59,345.84,393.78,US,CR_HASH_031,Plastic bottles for packaging
2020-2601-8-10042-1,2020-2601-8-10042,2020,2601,Dry Port - Hidd,EX,8,10042,63011,2/26/2020,8471300000,Portable laptop computers,BH,BH,BH,BH,IN,IN,NMB,57.0,514.97,EXW,11036.84,4.17,29353.29,215.91,242.13,Released,9,3,2601,808,,,CR_HASH_237,,CR_HASH_049,2020-02-26,2020-02,847130000000,84,847130,True,Re-export,11036.84,29353.29,4.17,215.91,242.13,IN,CR_HASH_049,Portable laptop computers
2020-2501-2-10043-1,2020-2501-2-10043,2020,2501,Bahrain International Airport,,2,10043,76531,6/21/2020,8703221000,Passenger cars 1000-1500cc,AE,AE,BH,BH,CN,CN,NMB,64.0,18058.44,CIF,434558.3,0.68,1155740.16,239.83,253.11,Released,3,6,2501,158,,,CR_HASH_234,CR_HASH_048,,2020-06-21,2020-06,870322100000,87,870322,False,,434558.3,1155740.16,0.68,239.83,253.11,,CR_HASH_048,Passenger cars 1000-1500cc
2020-2601-3-10044-1,2020-2601-3-10044,2020,2601,Dry Port - Hidd,IM,3,10044,37186,12/26/2020,8703221000,Passenger cars 1000-1500cc,US,US,US,US,BH,BH,NMB,158.0,6019.21,FOB,357589.23,2.37,951035.18,906.35,979.81,Released,2,1,2601,360,,,CR_HASH_078,CR_HASH_048,,2020-12-26,2020-12,870322100000,87,870322,False,Import,357589.23,951035.18,2.37,906.35,979.81,US,CR_HASH_048,Passenger cars 1000-1500cc
2020-2601-8-10045-1,2020-2601-8-10045,2020,2601,Dry Port - Hidd,IM,8,10045,30611,2/11/2020,8517120000,Cellular telephones,US,US,US,US,BH,BH,NMB,1.0,658.98,CIF,247.78,1.59,658.98,6.35,7.47,Pending,5,8,2601,714,,,CR_HASH_132,CR_HASH_013,,2020-02-11,2020-02,851712000000,85,851712,False,Import,247.78,658.98,1.59,6.35,7.47,US,CR_HASH_013,Cellular telephones
2020-2501-7-10046-1,2020-2501-7-10046,2020,2501,Bahrain International Airport,IM,7,10046,18083,5/2/2020,2710192100,Gas oils for diesel engines,SA,SA,SA,SA,BH,BH,LTR,18642.5,0.34,CIF,2383.26,1.35,6338.45,14158.51,15159.95,Held,1,2,2501,199,,,CR_HASH_006,CR_HASH_046,,2020-05-02,2020-05,271019210000,27,271019,False,Import,2383.26,6338.45,1.35,14158.51,15159.95,SA,CR_HASH_046,Gas oils for diesel engines
2020-2701-5-10047-1,2020-2701-5-10047,2020,2701,Khalifa Bin Salman Port,EX,5,10047,24646,9/15/2020,102211000,"Live cattle, pure-bred breeding",BH,BH,BH,BH,CN,CN,NMB,18.0,1803.33,EXW,12204.94,4.35,32459.94,124.2,141.94,Released,3,3,2701,323,,,CR_HASH_142,,CR_HASH_023,2020-09-15,2020-09,102211000000,10,102211,True,Re-export,12204.94,32459.94,4.35,124.2,141.94,CN,CR_HASH_023,"Live cattle, pure-bred breeding"
2020-2701-5-10048-1,2020-2701-5-10048,2020,2701,Khalifa Bin Salman Port,IM,5,10048,56385,12/2/2020,3923301000,Plastic bottles for packaging,IN,IN,IN,IN,BH,BH,NMB,121.0,0.79,FOB,35.94,1.93,95.59,785.79,895.89,Held,1,8,2701,126,,,CR_HASH_074,CR_HASH_011,,2020-12-02,2020-12,392330100000,39,392330,False,Import,35.94,95.59,1.93,785.79,895.89,IN,CR_HASH_011,Plastic bottles for packaging
2020-2601-4-10049-1,2020-2601-4-10049,2020,2601,Dry Port - Hidd,EX,4,10049,63444,9/26/2020,8471300000,Portable laptop computers,BH,BH,BH,BH,SA,SA,NMB,140.0,621.37,CIF,32708.92,1.15,86991.8,403.01,476.96,Released,7,7,2601,154,,,CR_HASH_042,,CR_HASH_008,2020-09-26,2020-09,847130000000,84,847130,True,Re-export,32708.92,86991.8,1.15,403.01,476.96,SA,CR_HASH_008,Portable laptop computers
2020-2801-5-10050-1,2020-2801-5-10050,2020,2801,King Fahd Causeway,IM,5,10050,47353,3/4/2020,8517120000,Cellular telephones,DE,DE,DE,DE,BH,BH,NMB,198.0,104.41,FOB,7773.12,3.3,20673.18,287.46,340.52,Released,3,7,2801,145,,,CR_HASH_023,CR_HASH_044,,2020-03-04,2020-03,851712000000,85,851712,False,Import,7773.12,20673.18,3.3,287.46,340.52,DE,CR_HASH_044,Cellular telephones
2020-2701-2-10051-1,2020-2701-2-10051,2020,2701,Khalifa Bin Salman Port,IM,2,10051,64968,6/12/2020,102211000,"Live cattle, pure-bred breeding",AE,AE,AE,AE,BH,BH,NMB,69.0,2221.62,CIF,57637.71,2.28,153291.78,486.74,529.6,Released,7,7,2701,578,,,CR_HASH_166,CR_HASH_031,,2020-06-12,2020-06,102211000000,10,102211,False,Import,57637.71,153291.78,2.28,486.74,529.6,AE,CR_HASH_031,"Live cattle, pure-bred breeding"
2020-2801-6-10052-1,2020-2801-6-10052,2020,2801,King Fahd Causeway,IM,6,10052,94551,9/22/2020,102211000,"Live cattle, pure-bred breeding",AE,AE,AE,AE,BH,BH,NMB,151.0,2471.81,CIF,140339.48,4.5,373243.31,977.0,1102.09,Released,4,2,2801,713,,,CR_HASH_107,CR_HASH_020,,2020-09-22,2020-09,102211000000,10,102211,False,Import,140339.48,373243.31,4.5,977.0,1102.09,AE,CR_HASH_020,"Live cattle, pure-bred breeding"
2020-2501-4-10053-1,2020-2501-4-10053,2020,2501,Bahrain International Airport,EX,4,10053,76013,6/20/2020,3923301000,Plastic bottles for packaging,BH,BH,BH,BH,JP,JP,NMB,53.0,0.24,FOB,4.78,2.21,12.72,110.83,124.18,Held,4,5,2501,179,,,CR_HASH_045,,CR_HASH_044,2020-06-20,2020-06,392330100000,39,392330,True,Re-export,4.78,12.72,2.21,110.83,124.18,JP,CR_HASH_044,Plastic bottles for packaging
2020-2701-7-10054-1,2020-2701-7-10054,2020,2701,Khalifa Bin Salman Port,IM,7,10054,76923,9/28/2020,8703221000,Passenger cars 1000-1500cc,JP,JP,DE,DE,BH,BH,NMB,156.0,16398.68,FOB,961880.97,4.91,2558194.08,194.84,210.56,Released,9,4,2701,823,,,CR_HASH_199,CR_HASH_022,,2020-09-28,2020-09,870322100000,87,870322,False,Import,961880.97,2558194.08,4.91,194.84,210.56,JP,CR_HASH_022,Passenger cars 1000-1500cc
2020-2801-8-10055-1,2020-2801-8-10055,2020,2801,King Fahd Causeway,IM,8,10055,16091,9/20/2020,6109100000,Cotton t-shirts,AE,AE,AE,AE,BH,BH,NMB,79.0,6.15,CIF,182.68,2.2,485.85,396.05,471.42,Released,4,7,2801,217,,,CR_HASH_126,CR_HASH_023,,2020-09-20,2020-09,610910000000,61,610910,False,Import,182.68,485.85,2.2,396.05,471.42,AE,CR_HASH_023,Cotton t-shirts
2020-2501-3-10056-1,2020-2501-3-10056,2020,2501,Bahrain International Airport,IM,3,10056,97807,5/1/2020,6109100000,Cotton t-shirts,CN,CN,AE,AE,BH,BH,NMB,10.0,14.41,CIF,54.18,2.85,144.1,71.08,77.6,Released,5,5,2501,333,,,CR_HASH_120,CR_HASH_010,,2020-05-01,2020-05,610910000000,61,610910,False,Import,54.18,144.1,2.85,71.08,77.6,CN,CR_HASH_010,Cotton t-shirts
2020-2501-1-10057-1,2020-2501-1-10057,2020,2501,Bahrain International Airport,IM,1,10057,37146,2/16/2020,1006301000,Long-grain milled rice,CN,CN,CN,CN,BH,BH,KGM,4800.73,1.12,EXW,2021.68,4.56,5376.82,4800.73,5253.04,Released,9,6,2501,983,,,CR_HASH_078,CR_HASH_038,,2020-02-16,2020-02,100630100000,10,100630,False,Import,2021.68,5376.82,4.56,4800.73,5253.04,CN,CR_HASH_038,Long-grain milled rice
2020-2801-6-10058-1,2020-2801-6-10058,2020,2801,King Fahd Causeway,IM,6,10058,17363,5/9/2020,8471300000,Portable laptop computers,CN,CN,CN,CN,BH,BH,NMB,82.0,347.9,CIF,10726.45,1.22,28527.8,420.31,475.52,Released,8,4,2801,625,,,CR_HASH_130,CR_HASH_009,,2020-05-09,2020-05,847130000000,84,847130,False,Import,10726.45,28527.8,1.22,420.31,475.52,CN,CR_HASH_009,Portable laptop computers
2020-2701-7-10059-1,2020-2701-7-10059,2020,2701,Khalifa Bin Salman Port,EX,7,10059,20858,7/10/2020,102211000,"Live cattle, pure-bred breeding",BH,BH,BH,BH,IN,IN,NMB,169.0,148.83,CIF,9457.25,0.95,25152.27,346.64,412.93,Held,4,3,2701,259,,,CR_HASH_093,,CR_HASH_021,2020-07-10,2020-07,102211000000,10,102211,True,Re-export,9457.25,25152.27,0.95,346.64,412.93,IN,CR_HASH_021,"Live cattle, pure-bred breeding"
2020-2701-2-10060-1,2020-2701-2-10060,2020,2701,Khalifa Bin Salman Port,IM,2,10060,32356,11/5/2020,6109100000,Cotton t-shirts,SA,SA,IN,IN,BH,BH,NMB,83.0,7.85,CIF,244.98,1.23,651.55,252.73,285.49,Released,1,9,2701,166,,,CR_HASH_218,CR_HASH_036,,2020-11-05,2020-11,610910000000,61,610910,False,Import,244.98,651.55,1.23,252.73,285.49,SA,CR_HASH_036,Cotton t-shirts
2020-2501-7-10061-1,2020-2501-7-10061,2020,2501,Bahrain International Airport,IM,7,10061,53382,11/21/2020,2710192100,Gas oils for diesel engines,US,US,US,US,BH,BH,LTR,10066.85,0.78,EXW,2952.4,1.24,7852.14,7803.15,9307.89,Pending,4,5,2501,962,,,CR_HASH_129,CR_HASH_005,,2020-11-21,2020-11,271019210000,27,271019,False,Import,2952.4,7852.14,1.24,7803.15,9307.89,US,CR_HASH_005,Gas oils for diesel engines
2020-2501-3-10062-1,2020-2501-3-10062,2020,2501,Bahrain International Airport,EX,3,10062,57576,3/17/2020,9018390000,Medical syringes and needles,BH,BH,BH,BH,US,US,NMB,6.0,0.1,FOB,0.23,1.34,0.6,30.37,34.01,Held,9,2,2501,835,,,CR_HASH_242,,CR_HASH_020,2020-03-17,2020-03,901839000000,90,901839,True,Re-export,0.23,0.6,1.34,30.37,34.01,US,CR_HASH_020,Medical syringes and needles
2020-2701-4-10063-1,2020-2701-4-10063,2020,2701,Khalifa Bin Salman Port,IM,4,10063,14868,10/25/2020,1006301000,Long-grain milled rice,CN,CN,CN,CN,BH,BH,KGM,849.1,1.41,EXW,450.16,4.07,1197.23,849.1,992.74,Held,2,2,2701,930,,,CR_HASH_164,CR_HASH_031,,2020-10-25,2020-10,100630100000,10,100630,False,Import,450.16,1197.23,4.07,849.1,992.74,CN,CR_HASH_031,Long-grain milled rice
2020-2601-3-10064-1,2020-2601-3-10064,2020,2601,Dry Port - Hidd,IM,3,10064,45363,7/13/2020,6109100000,Cotton t-shirts,CN,CN,JP,JP,BH,BH,NMB,151.0,14.91,CIF,846.53,1.94,2251.41,248.01,283.93,Pending,4,7,2601,746,,,CR_HASH_033,CR_HASH_025,,2020-07-13,2020-07,610910000000,61,610910,False,Import,846.53,2251.41,1.94,248.01,283.93,CN,CR_HASH_025,Cotton t-shirts
2020-2601-6-10065-1,2020-2601-6-10065,2020,2601,Dry Port - Hidd,,6,10065,13622,6/17/2020,6109100000,Cotton t-shirts,US,US,BH,BH,SA,SA,NMB,120.0,8.15,EXW,367.73,4.52,978.0,670.28,788.85,Released,7,7,2601,349,,,CR_HASH_045,CR_HASH_029,,2020-06-17,2020-06,610910000000,61,610910,False,,367.73,978.0,4.52,670.28,788.85,,CR_HASH_029,Cotton t-shirts
2020-2601-5-10066-1,2020-2601-5-10066,2020,2601,Dry Port - Hidd,EX,5,10066,23456,12/29/2020,8504400090,Static converters,BH,BH,BH,BH,US,US,NMB,132.0,96.55,EXW,4791.97,2.79,12744.6,797.13,885.19,Released,9,3,2601,476,,,CR_HASH_223,,CR_HASH_028,2020-12-29,2020-12,850440009000,85,850440,True,Re-export,4791.97,12744.6,2.79,797.13,885.19,US,CR_HASH_028,Static converters
2020-2701-4-10067-1,2020-2701-4-10067,2020,2701,Khalifa Bin Salman Port,IM,4,10067,89860,3/10/2020,2710192100,Gas oils for diesel engines,CN,CN,CN,CN,BH,BH,LTR,8459.06,0.7,CIF,2226.42,1.39,5921.34,7453.31,8567.11,Released,8,9,2701,873,,,CR_HASH_076,CR_HASH_001,,2020-03-10,2020-03,271019210000,27,271019,False,Import,2226.42,5921.34,1.39,7453.31,8567.11,CN,CR_HASH_001,Gas oils for diesel engines
2020-2501-9-10068-1,2020-2501-9-10068,2020,2501,Bahrain International Airport,IM,9,10068,58786,10/1/2020,6109100000,Cotton t-shirts,CN,CN,CN,CN,BH,BH,NMB,35.0,5.58,FOB,73.43,4.79,195.3,256.46,277.07,Released,6,6,2501,770,,,CR_HASH_033,CR_HASH_048,,2020-10-01,2020-10,610910000000,61,610910,False,Import,73.43,195.3,4.79,256.46,277.07,CN,CR_HASH_048,Cotton t-shirts
2020-2601-6-10069-1,2020-2601-6-10069,2020,2601,Dry Port - Hidd,IM,6,10069,42630,4/3/2020,8471300000,Portable laptop computers,SA,SA,SA,SA,BH,BH,NMB,64.0,784.48,FOB,18877.73,4.71,50206.72,224.03,264.64,Held,8,3,2601,389,,,CR_HASH_240,CR_HASH_030,,2020-04-03,2020-04,847130000000,84,847130,False,Import,18877.73,50206.72,4.71,224.03,264.64,SA,CR_HASH_030,Portable laptop computers
2020-2701-7-10070-1,2020-2701-7-10070,2020,2701,Khalifa Bin Salman Port,IM,7,10070,77048,11/9/2020,1006301000,Long-grain milled rice,JP,JP,AE,AE,BH,BH,KGM,3197.79,0.77,EXW,925.82,3.93,2462.3,3197.79,3826.89,Released,1,5,2701,662,,,CR_HASH_210,CR_HASH_002,,2020-11-09,2020-11,100630100000,10,100630,False,Import,925.82,2462.3,3.93,3197.79,3826.89,JP,CR_HASH_002,Long-grain milled rice
2020-2701-3-10071-1,2020-2701-3-10071,2020,2701,Khalifa Bin Salman Port,IM,3,10071,61387,6/16/2020,6109100000,Cotton t-shirts,AE,AE,AE,AE,BH,BH,NMB,129.0,5.76,CIF,279.38,0.53,743.04,276.24,323.87,Released,4,5,2701,816,,,CR_HASH_073,CR_HASH_043,,2020-06-16,2020-06,610910000000,61,610910,False,Import,279.38,743.04,0.53,276.24,323.87,AE,CR_HASH_043,Cotton t-shirts
2020-2801-3-10072-1,2020-2801-3-10072,2020,2801,King Fahd Causeway,IM,3,10072,65769,2/19/2020,8517120000,Cellular telephones,DE,DE,DE,DE,BH,BH,NMB,140.0,227.27,EXW,11963.49,4.91,31817.8,231.66,257.93,Pending,6,1,2801,943,,,CR_HASH_193,CR_HASH_020,,2020-02-19,2020-02,851712000000,85,851712,False,Import,11963.49,31817.8,4.91,231.66,257.93,DE,CR_HASH_020,Cellular telephones
2020-2701-8-10073-1,2020-2701-8-10073,2020,2701,Khalifa Bin Salman Port,EX,8,10073,55577,2/20/2020,102211000,"Live cattle, pure-bred breeding",BH,BH,BH,BH,CN,CN,NMB,54.0,11521.2,FOB,233926.44,2.75,622144.8,364.17,392.01,Released,7,8,2701,686,,,CR_HASH_039,,CR_HASH_021,2020-02-20,2020-02,102211000000,10,102211,True,Re-export,233926.44,622144.8,2.75,364.17,392.01,CN,CR_HASH_021,"Live cattle, pure-bred breeding"
2020-2801-1-10074-1,2020-2801-1-10074,2020,2801,King Fahd Causeway,EX,1,10074,48229,1/1/2020,3923301000,Plastic bottles for packaging,BH,BH,BH,BH,DE,DE,NMB,7.0,0.17,CIF,0.45,3.53,1.19,20.21,22.62,Released,7,4,2801,391,,,CR_HASH_129,,CR_HASH_009,2020-01-01,2020-01,392330100000,39,392330,True,Re-export,0.45,1.19,3.53,20.21,22.62,DE,CR_HASH_009,Plastic bottles for packaging
2020-2701-8-10075-1,2020-2701-8-10075,2020,2701,Khalifa Bin Salman Port,IM,8,10075,89115,10/15/2020,3923301000,Plastic bottles for packaging,SA,SA,US,US,BH,BH,NMB,164.0,0.39,EXW,24.05,1.19,63.96,1180.43,1264.93,Released,3,5,2701,352,,,CR_HASH_123,CR_HASH_028,,2020-10-15,2020-10,392330100000,39,392330,False,Import,24.05,63.96,1.19,1180.43,1264.93,SA,CR_HASH_028,Plastic bottles for packaging
2020-2701-1-10076-1,2020-2701-1-10076,2020,2701,Khalifa Bin Salman Port,EX,1,10076,12371,1/25/2020,102211000,"Live cattle, pure-bred breeding",BH,BH,BH,BH,CN,CN,NMB,1.0,1541.74,CIF,579.69,4.37,1541.74,5.39,6.32,Released,8,5,2701,584,,,CR_HASH_086,,CR_HASH_009,2020-01-25,2020-01,102211000000,10,102211,True,Re-export,579.69,1541.74,4.37,5.39,6.32,CN,CR_HASH_009,"Live cattle, pure-bred breeding"
2020-2801-1-10077-1,2020-2801-1-10077,2020,2801,King Fahd Causeway,IM,1,10077,43111,6/15/2020,8471300000,Portable laptop computers,SA,SA,SA,SA,BH,BH,NMB,85.0,3147.85,FOB,100605.29,1.44,267567.25,520.79,583.13,Released,6,7,2801,964,,,CR_HASH_099,CR_HASH_016,,2020-06-15,2020-06,847130000000,84,847130,False,Import,100605.29,267567.25,1.44,520.79,583.13,SA,CR_HASH_016,Portable laptop computers
2020-2801-1-10078-1,2020-2801-1-10078,2020,2801,King Fahd Causeway,IM,1,10078,45362,2/13/2020,2710192100,Gas oils for diesel engines,DE,DE,DE,DE,BH,BH,LTR,3919.26,1.04,CIF,1532.59,4.89,4076.03,3451.72,3856.64,Held,9,8,2801,508,,,CR_HASH_044,CR_HASH_045,,2020-02-13,2020-02,271019210000,27,271019,False,Import,1532.59,4076.03,4.89,3451.72,3856.64,DE,CR_HASH_045,Gas oils for diesel engines
2020-2701-2-10079-1,2020-2701-2-10079,2020,2701,Khalifa Bin Salman Port,IM,2,10079,57745,3/11/2020,1006301000,Long-grain milled rice,AE,AE,IN,IN,BH,BH,KGM,1516.51,1.21,CIF,689.95,3.21,1834.98,1516.51,1753.97,Released,5,6,2701,333,,,CR_HASH_116,CR_HASH_002,,2020-03-11,2020-03,100630100000,10,100630,False,Import,689.95,1834.98,3.21,1516.51,1753.97,AE,CR_HASH_002,Long-grain milled rice
2020-2601-3-10080-1,2020-2601-3-10080,2020,2601,Dry Port - Hidd,IM,3,10080,67543,4/15/2020,8504400090,Static converters,TR,TR,TR,TR,BH,BH,NMB,21.0,153.47,EXW,1211.8,0.8,3222.87,92.7,101.71,Released,1,1,2601,290,,,CR_HASH_113,CR_HASH_028,,2020-04-15,2020-04,850440009000,85,850440,False,Import,1211.8,3222.87,0.8,92.7,101.71,TR,CR_HASH_028,Static converters
2020-2801-7-10081-1,2020-2801-7-10081,2020,2801,King Fahd Causeway,IM,7,10081,51750,8/6/2020,6109100000,Cotton t-shirts,US,US,US,US,BH,BH,NMB,155.0,13.57,CIF,790.86,3.56,2103.35,146.65,158.72,Released,2,9,2801,189,,,CR_HASH_119,CR_HASH_029,,2020-08-06,2020-08,610910000000,61,610910,False,Import,790.86,2103.35,3.56,146.65,158.72,US,CR_HASH_029,Cotton t-shirts
2020-2501-1-10082-1,2020-2501-1-10082,2020,2501,Bahrain International Airport,EX,1,10082,57263,5/31/2020,1006301000,Long-grain milled rice,BH,BH,BH,BH,US,US,KGM,963.08,0.55,FOB,199.16,1.69,529.69,963.08,1063.35,Pending,6,4,2501,284,,,CR_HASH_061,,CR_HASH_003,2020-05-31,2020-05,100630100000,10,100630,True,Re-export,199.16,529.69,1.69,963.08,1063.35,US,CR_HASH_003,Long-grain milled rice
2020-2801-1-10083-1,2020-2801-1-10083,2020,2801,King Fahd Causeway,IM,1,10083,83781,10/20/2020,3923301000,Plastic bottles for packaging,AE,AE,AE,AE,BH,BH,NMB,140.0,0.18,EXW,9.48,4.99,25.2,965.0,1122.43,Released,4,1,2801,288,,,CR_HASH_025,CR_HASH_006,,2020-10-20,2020-10,392330100000,39,392330,False,Import,9.48,25.2,4.99,965.0,1122.43,AE,CR_HASH_006,Plastic bottles for packaging
2020-2501-3-10084-1,2020-2501-3-10084,2020,2501,Bahrain International Airport,IM,3,10084,97378,5/26/2020,1006301000,Long-grain milled rice,DE,DE,DE,DE,BH,BH,KGM,2926.62,1.29,EXW,1419.53,2.29,3775.34,2926.62,3289.67,Released,8,6,2501,522,,,CR_HASH_237,CR_HASH_015,,2020-05-26,2020-05,100630100000,10,100630,False,Import,1419.53,3775.34,2.29,2926.62,3289.67,DE,CR_HASH_015,Long-grain milled rice
2020-2701-3-10085-1,2020-2701-3-10085,2020,2701,Khalifa Bin Salman Port,EX,3,10085,82059,2/16/2020,102211000,"Live cattle, pure-bred breeding",BH,BH,BH,BH,AE,AE,NMB,39.0,97.56,FOB,1430.62,4.67,3804.84,124.41,138.26,Held,9,7,2701,451,,,CR_HASH_110,,CR_HASH_022,2020-02-16,2020-02,102211000000,10,102211,True,Re-export,1430.62,3804.84,4.67,124.41,138.26,AE,CR_HASH_022,"Live cattle, pure-bred breeding"
2020-2601-3-10086-1,2020-2601-3-10086,2020,2601,Dry Port - Hidd,EX,3,10086,16346,10/9/2020,1006301000,Long-grain milled rice,BH,BH,BH,BH,AE,AE,KGM,2882.88,0.91,FOB,986.41,0.93,2623.42,2882.88,3165.71,Released,2,5,2601,750,,,CR_HASH_242,,CR_HASH_017,2020-10-09,2020-10,100630100000,10,100630,True,Re-export,986.41,2623.42,0.93,2882.88,3165.71,AE,CR_HASH_017,Long-grain milled rice
2020-2601-8-10087-1,2020-2601-8-10087,2020,2601,Dry Port - Hidd,IM,8,10087,69090,12/20/2020,102211000,"Live cattle, pure-bred breeding",IN,IN,SA,SA,BH,BH,NMB,156.0,2084.42,EXW,122263.74,2.27,325169.52,776.95,893.76,Released,9,9,2601,620,,,CR_HASH_248,CR_HASH_003,,2020-12-20,2020-12,102211000000,10,102211,False,Import,122263.74,325169.52,2.27,776.95,893.76,IN,CR_HASH_003,"Live cattle, pure-bred breeding"
2020-2501-6-10088-1,2020-2501-6-10088,2020,2501,Bahrain International Airport,IM,6,10088,61102,12/24/2020,8471300000,Portable laptop computers,SA,SA,IN,IN,BH,BH,NMB,187.0,515.73,EXW,36262.01,1.99,96441.51,789.73,884.39,Held,8,9,2501,435,,,CR_HASH_113,CR_HASH_001,,2020-12-24,2020-12,847130000000,84,847130,False,Import,36262.01,96441.51,1.99,789.73,884.39,SA,CR_HASH_001,Portable laptop computers
2020-2701-1-10089-1,2020-2701-1-10089,2020,2701,Khalifa Bin Salman Port,IM,1,10089,93797,11/7/2020,102211000,"Live cattle, pure-bred breeding",AE,AE,US,US,BH,BH,NMB,134.0,2117.34,FOB,106680.06,4.45,283723.56,1035.4,1220.06,Released,4,2,2701,190,,,CR_HASH_213,CR_HASH_010,,2020-11-07,2020-11,102211000000,10,102211,False,Import,106680.06,283723.56,4.45,1035.4,1220.06,AE,CR_HASH_010,"Live cattle, pure-bred breeding"
2020-2801-5-10090-1,2020-2801-5-10090,2020,2801,King Fahd Causeway,IM,5,10090,89307,5/22/2020,1006301000,Long-grain milled rice,US,US,US,US,BH,BH,KGM,2865.52,1.48,EXW,1594.6,4.27,4240.97,2865.52,3188.3,Released,3,7,2801,373,,,CR_HASH_033,CR_HASH_006,,2020-05-22,2020-05,100630100000,10,100630,False,Import,1594.6,4240.97,4.27,2865.52,3188.3,US,CR_HASH_006,Long-grain milled rice
2020-2801-1-10091-1,2020-2801-1-10091,2020,2801,King Fahd Causeway,EX,1,10091,65683,9/24/2020,8471300000,Portable laptop computers,BH,BH,BH,BH,CN,CN,NMB,188.0,451.39,CIF,31907.86,2.58,84861.32,1036.35,1146.73,Released,9,5,2801,937,,,CR_HASH_130,,CR_HASH_039,2020-09-24,2020-09,847130000000,84,847130,True,Re-export,31907.86,84861.32,2.58,1036.35,1146.73,CN,CR_HASH_039,Portable laptop computers
2020-2601-2-10092-1,2020-2601-2-10092,2020,2601,Dry Port - Hidd,IM,2,10092,62426,3/19/2020,8703221000,Passenger cars 1000-1500cc,JP,JP,JP,JP,BH,BH,NMB,38.0,11882.82,FOB,169781.73,4.42,451547.16,249.56,298.51,Held,6,4,2601,485,,,CR_HASH_062,CR_HASH_004,,2020-03-19,2020-03,870322100000,87,870322,False,Import,169781.73,451547.16,4.42,249.56,298.51,JP,CR_HASH_004,Passenger cars 1000-1500cc
2020-2601-4-10093-1,2020-2601-4-10093,2020,2601,Dry Port - Hidd,,4,10093,44983,2/18/2020,8471300000,Portable laptop computers,CN,CN,BH,BH,SA,SA,NMB,41.0,795.8,CIF,12268.05,4.71,32627.8,237.53,260.16,Released,8,9,2601,205,,,CR_HASH_130,CR_HASH_045,,2020-02-18,2020-02,847130000000,84,847130,False,,12268.05,32627.8,4.71,237.53,260.16,,CR_HASH_045,Portable laptop computers
2020-2501-1-10094-1,2020-2501-1-10094,2020,2501,Bahrain International Airport,EX,1,10094,15680,4/13/2020,9018390000,Medical syringes and needles,BH,BH,BH,BH,AE,AE,NMB,187.0,0.29,CIF,20.39,1.9,54.23,650.62,726.58,Pending,8,2,2501,561,,,CR_HASH_039,,CR_HASH_049,2020-04-13,2020-04,901839000000,90,901839,True,Re-export,20.39,54.23,1.9,650.62,726.58,AE,CR_HASH_049,Medical syringes and needles
2020-2501-9-10095-1,2020-2501-9-10095,2020,2501,Bahrain International Airport,EX,9,10095,94903,4/14/2020,8517120000,Cellular telephones,BH,BH,BH,BH,EG,EG,NMB,19.0,1054.03,FOB,7529.99,4.08,20026.57,148.57,174.77,Released,3,5,2501,448,,,CR_HASH_207,,CR_HASH_018,2020-04-14,2020-04,851712000000,85,851712,True,Re-export,7529.99,20026.57,4.08,148.57,174.77,EG,CR_HASH_018,Cellular telephones
2020-2801-9-10096-1,2020-2801-9-10096,2020,2801,King Fahd Causeway,IM,9,10096,75145,7/17/2020,102211000,"Live cattle, pure-bred breeding",US,US,US,US,BH,BH,NMB,194.0,1998.23,CIF,145758.89,4.01,387656.62,623.13,690.88,Released,5,2,2801,936,,,CR_HASH_029,CR_HASH_005,,2020-07-17,2020-07,102211000000,10,102211,False,Import,145758.89,387656.62,4.01,623.13,690.88,US,CR_HASH_005,"Live cattle, pure-bred breeding"
2020-2701-1-10097-1,2020-2701-1-10097,2020,2701,Khalifa Bin Salman Port,,1,10097,13658,11/1/2020,8471300000,Portable laptop computers,CN,CN,BH,BH,US,US,NMB,63.0,283.78,CIF,6722.18,0.72,17878.14,275.19,327.59,Released,2,9,2701,156,,,CR_HASH_217,CR_HASH_048,,2020-11-01,2020-11,847130000000,84,847130,False,,6722.18,17878.14,0.72,275.19,327.59,,CR_HASH_048,Portable laptop computers
2020-2501-2-10098-1,2020-2501-2-10098,2020,2501,Bahrain International Airport,IM,2,10098,21483,2/24/2020,8703221000,Passenger cars 1000-1500cc,CN,CN,DE,DE,BH,BH,NMB,73.0,15744.38,FOB,432151.74,0.91,1149339.74,374.74,442.05,Released,3,4,2501,493,,,CR_HASH_156,CR_HASH_047,,2020-02-24,2020-02,870322100000,87,870322,False,Import,432151.74,1149339.74,0.91,374.74,442.05,CN,CR_HASH_047,Passenger cars 1000-1500cc
2020-2801-8-10099-1,2020-2801-8-10099,2020,2801,King Fahd Causeway,IM,8,10099,79085,8/15/2020,2710192100,Gas oils for diesel engines,US,US,US,US,BH,BH,LTR,15530.08,0.79,EXW,4613.05,1.26,12268.76,13737.45,15320.2,Released,9,7,2801,268,,,CR_HASH_202,CR_HASH_012,,2020-08-15,2020-08,271019210000,27,271019,False,Import,4613.05,12268.76,1.26,13737.45,15320.2,US,CR_HASH_012,Gas oils for diesel engines
2020-2501-6-10100-1,2020-2501-6-10100,2020,2501,Bahrain International Airport,IM,6,10100,97596,10/27/2020,1006301000,Long-grain milled rice,DE,DE,DE,DE,BH,BH,KGM,2645.79,0.96,CIF,955.02,3.17,2539.96,2645.79,2967.76,Released,3,7,2501,673,,,CR_HASH_230,CR_HASH_021,,2020-10-27,2020-10,100630100000,10,100630,False,Import,955.02,2539.96,3.17,2645.79,2967.76,DE,CR_HASH_021,Long-grain milled rice
2020-2501-6-10101-1,2020-2501-6-10101,2020,2501,Bahrain International Airport,IM,6,10101,51044,8/11/2020,3923301000,Plastic bottles for packaging,CN,CN,SA,SA,BH,BH,NMB,4.0,0.73,FOB,1.1,4.35,2.92,21.45,25.04,Released,6,3,2501,412,,,CR_HASH_225,CR_HASH_021,,2020-08-11,2020-08,392330100000,39,392330,False,Import,1.1,2.92,4.35,21.45,25.04,CN,CR_HASH_021,Plastic bottles for packaging
2020-2701-8-10102-1,2020-2701-8-10102,2020,2701,Khalifa Bin Salman Port,IM,8,10102,29394,6/8/2020,6109100000,Cotton t-shirts,IN,IN,IN,IN,BH,BH,NMB,186.0,6.82,FOB,476.96,1.09,1268.52,1120.52,1253.81,Released,4,2,2701,436,,,CR_HASH_240,CR_HASH_027,,2020-06-08,2020-06,610910000000,61,610910,False,Import,476.96,1268.52,1.09,1120.52,1253.81,IN,CR_HASH_027,Cotton t-shirts
2020-2501-7-10103-1,2020-2501-7-10103,2020,2501,Bahrain International Airport,IM,7,10103,27014,8/17/2020,102211000,"Live cattle, pure-bred breeding",DE,DE,DE,DE,BH,BH,NMB,179.0,1263.4,EXW,85031.87,3.92,226148.6,354.87,388.12,Released,7,8,2501,257,,,CR_HASH_082,CR_HASH_026,,2020-08-17,2020-08,102211000000,10,102211,False,Import,85031.87,226148.6,3.92,354.87,388.12,DE,CR_HASH_026,"Live cattle, pure-bred breeding"
2020-2601-8-10104-1,2020-2601-8-10104,2020,2601,Dry Port - Hidd,IM,8,10104,48052,10/1/2020,1006301000,Long-grain milled rice,CN,CN,CN,CN,BH,BH,KGM,822.39,0.7,FOB,216.45,4.02,575.67,822.39,950.48,Released,7,1,2601,832,,,CR_HASH_038,CR_HASH_004,,2020-10-01,2020-10,100630100000,10,100630,False,Import,216.45,575.67,4.02,822.39,950.48,CN,CR_HASH_004,Long-grain milled rice
2020-2601-4-10105-1,2020-2601-4-10105,2020,2601,Dry Port - Hidd,IM,4,10105,38245,3/16/2020,9018390000,Medical syringes and needles,US,US,US,US,BH,BH,NMB,56.0,0.21,CIF,4.42,1.09,11.76,129.19,150.22,Released,1,4,2601,730,,,CR_HASH_060,CR_HASH_009,,2020-03-16,2020-03,901839000000,90,901839,False,Import,4.42,11.76,1.09,129.19,150.22,US,CR_HASH_009,Medical syringes and needles
2020-2801-4-10106-1,2020-2801-4-10106,2020,2801,King Fahd Causeway,EX,4,10106,52435,4/20/2020,3923301000,Plastic bottles for packaging,BH,BH,BH,BH,US,US,NMB,47.0,0.63,FOB,11.13,4.5,29.61,250.16,295.21,Held,9,5,2801,811,,,CR_HASH_156,,CR_HASH_049,2020-04-20,2020-04,392330100000,39,392330,True,Re-export,11.13,29.61,4.5,250.16,295.21,US,CR_HASH_049,Plastic bottles for packaging
2020-2601-7-10107-1,2020-2601-7-10107,2020,2601,Dry Port - Hidd,IM,7,10107,19779,5/11/2020,8471300000,Portable laptop computers,US,US,US,US,BH,BH,NMB,142.0,460.18,EXW,24569.93,4.07,65345.56,659.05,774.71,Released,1,8,2601,792,,,CR_HASH_004,CR_HASH_049,,2020-05-11,2020-05,847130000000,84,847130,False,Import,24569.93,65345.56,4.07,659.05,774.71,US,CR_HASH_049,Portable laptop computers
2020-2701-8-10108-1,2020-2701-8-10108,2020,2701,Khalifa Bin Salman Port,IM,8,10108,65313,12/30/2020,8517120000,Cellular telephones,CN,CN,CN,CN,BH,BH,NMB,178.0,445.78,CIF,29835.16,1.26,79348.84,1342.31,1478.82,Released,2,7,2701,152,,,CR_HASH_248,CR_HASH_028,,2020-12-30,2020-12,851712000000,85,851712,False,Import,29835.16,79348.84,1.26,1342.31,1478.82,CN,CR_HASH_028,Cellular telephones
2020-2801-7-10109-1,2020-2801-7-10109,2020,2801,King Fahd Causeway,IM,7,10109,22604,8/18/2020,1006301000,Long-grain milled rice,CN,CN,DE,DE,BH,BH,KGM,4187.19,1.15,CIF,1810.54,4.17,4815.27,4187.19,4970.16,Released,4,3,2801,963,,,CR_HASH_066,CR_HASH_038,,2020-08-18,2020-08,100630100000,10,100630,False,Import,1810.54,4815.27,4.17,4187.19,4970.16,CN,CR_HASH_038,Long-grain milled rice
2020-2601-9-10110-1,2020-2601-9-10110,2020,2601,Dry Port - Hidd,IM,9,10110,29176,4/11/2020,8703221000,Passenger cars 1000-1500cc,CN,CN,IN,IN,BH,BH,NMB,53.0,13599.14,EXW,271003.66,3.07,720754.42,176.88,207.88,Released,4,9,2601,893,,,CR_HASH_193,CR_HASH_042,,2020-04-11,2020-04,870322100000,87,870322,False,Import,271003.66,720754.42,3.07,176.88,207.88,CN,CR_HASH_042,Passenger cars 1000-1500cc
2020-2501-2-10111-1,2020-2501-2-10111,2020,2501,Bahrain International Airport,IM,2,10111,60793,1/15/2020,9018390000,Medical syringes and needles,US,US,US,US,BH,BH,NMB,104.0,0.41,FOB,16.03,2.66,42.64,341.8,368.57,Released,8,5,2501,677,,,CR_HASH_044,CR_HASH_010,,2020-01-15,2020-01,901839000000,90,901839,False,Import,16.03,42.64,2.66,341.8,368.57,US,CR_HASH_010,Medical syringes and needles
2020-2701-2-10112-1,2020-2701-2-10112,2020,2701,Khalifa Bin Salman Port,EX,2,10112,18800,9/27/2020,3923301000,Plastic bottles for packaging,BH,BH,BH,BH,CN,CN,NMB,33.0,0.38,FOB,4.72,1.4,12.54,197.13,229.3,Released,2,2,2701,462,,,CR_HASH_103,,CR_HASH_048,2020-09-27,2020-09,392330100000,39,392330,True,Re-export,4.72,12.54,1.4,197.13,229.3,CN,CR_HASH_048,Plastic bottles for packaging
2020-2501-3-10113-1,2020-2501-3-10113,2020,2501,Bahrain International Airport,EX,3,10113,12124,6/18/2020,8517120000,Cellular telephones,BH,BH,BH,BH,CN,CN,NMB,159.0,1098.37,EXW,65664.95,2.31,174640.83,406.41,442.26,Pending,3,4,2501,861,,,CR_HASH_069,,CR_HASH_007,2020-06-18,2020-06,851712000000,85,851712,True,Re-export,65664.95,174640.83,2.31,406.41,442.26,CN,CR_HASH_007,Cellular telephones
2020-2601-3-10114-1,2020-2601-3-10114,2020,2601,Dry Port - Hidd,EX,3,10114,86353,8/19/2020,8471300000,Portable laptop computers,BH,BH,BH,BH,CN,CN,NMB,17.0,565.51,CIF,3614.74,0.73,9613.67,125.47,147.76,Released,8,8,2601,586,,,CR_HASH_041,,CR_HASH_013,2020-08-19,2020-08,847130000000,84,847130,True,Re-export,3614.74,9613.67,0.73,125.47,147.76,CN,CR_HASH_013,Portable laptop computers
2020-2501-6-10115-1,2020-2501-6-10115,2020,2501,Bahrain International Airport,EX,6,10115,26857,4/21/2020,8703221000,Passenger cars 1000-1500cc,BH,BH,BH,BH,JP,JP,NMB,152.0,7565.87,FOB,432404.6,3.85,1150012.24,906.35,1011.65,Released,8,2,2501,773,,,CR_HASH_015,,CR_HASH_043,2020-04-21,2020-04,870322100000,87,870322,True,Re-export,432404.6,1150012.24,3.85,906.35,1011.65,JP,CR_HASH_043,Passenger cars 1000-1500cc
2020-2601-4-10116-1,2020-2601-4-10116,2020,2601,Dry Port - Hidd,IM,4,10116,32205,8/15/2020,8517120000,Cellular telephones,AE,AE,AE,AE,BH,BH,NMB,197.0,653.16,EXW,48380.87,3.55,128672.52,1261.13,1496.93,Released,3,5,2601,816,,,CR_HASH_060,CR_HASH_040,,2020-08-15,2020-08,851712000000,85,851712,False,Import,48380.87,128672.52,3.55,1261.13,1496.93,AE,CR_HASH_040,Cellular telephones
2020-2601-8-10117-1,2020-2601-8-10117,2020,2601,Dry Port - Hidd,,8,10117,16393,3/10/2020,1006301000,Long-grain milled rice,TR,TR,BH,BH,MY,MY,KGM,3637.0,1.41,EXW,1928.19,0.92,5128.17,3637.0,4167.03,Released,4,6,2601,887,,,CR_HASH_165,CR_HASH_024,,2020-03-10,2020-03,100630100000,10,100630,False,,1928.19,5128.17,0.92,3637.0,4167.03,,CR_HASH_024,Long-grain milled rice
2020-2601-5-10118-1,2020-2601-5-10118,2020,2601,Dry Port - Hidd,EX,5,10118,64572,2/5/2020,8504400090,Static converters,BH,BH,BH,BH,US,US,NMB,120.0,245.6,CIF,11081.47,4.23,29472.0,753.17,828.89,Released,9,1,2601,509,,,CR_HASH_096,,CR_HASH_012,2020-02-05,2020-02,850440009000,85,850440,True,Re-export,11081.47,29472.0,4.23,753.17,828.89,US,CR_HASH_012,Static converters
2020-2801-7-10119-1,2020-2801-7-10119,2020,2801,King Fahd Causeway,IM,7,10119,14579,3/21/2020,2710192100,Gas oils for diesel engines,IN,IN,IN,IN,BH,BH,LTR,10164.3,0.35,FOB,1337.62,1.66,3557.5,8429.12,10045.59,Released,5,8,2801,300,,,CR_HASH_141,CR_HASH_043,,2020-03-21,2020-03,271019210000,27,271019,False,Import,1337.62,3557.5,1.66,8429.12,10045.59,IN,CR_HASH_043,Gas oils for diesel engines
2020-2701-8-10120-1,2020-2701-8-10120,2020,2701,Khalifa Bin Salman Port,EX,8,10120,49830,9/30/2020,102211000,"Live cattle, pure-bred breeding",BH,BH,BH,BH,CN,CN,NMB,43.0,1703.2,EXW,27537.34,3.36,73237.6,95.92,101.11,Released,7,9,2701,577,,,CR_HASH_085,,CR_HASH_047,2020-09-30,2020-09,102211000000,10,102211,True,Re-export,27537.34,73237.6,3.36,95.92,101.11,CN,CR_HASH_047,"Live cattle, pure-bred breeding"
2020-2601-2-10121-1,2020-2601-2-10121,2020,2601,Dry Port - Hidd,EX,2,10121,21564,2/7/2020,1006301000,Long-grain milled rice,BH,BH,BH,BH,IN,IN,KGM,3238.15,0.62,CIF,754.88,4.88,2007.65,3238.15,3569.85,Released,9,7,2601,928,,,CR_HASH_242,,CR_HASH_029,2020-02-07,2020-02,100630100000,10,100630,True,Re-export,754.88,2007.65,4.88,3238.15,3569.85,IN,CR_HASH_029,Long-grain milled rice
2020-2601-8-10122-1,2020-2601-8-10122,2020,2601,Dry Port - Hidd,IM,8,10122,76139,10/29/2020,8517120000,Cellular telephones,CN,CN,US,US,BH,BH,NMB,58.0,199.0,FOB,4339.79,3.98,11542.0,61.22,65.5,Released,6,4,2601,893,,,CR_HASH_132,CR_HASH_041,,2020-10-29,2020-10,851712000000,85,851712,False,Import,4339.79,11542.0,3.98,61.22,65.5,CN,CR_HASH_041,Cellular telephones
2020-2701-4-10123-1,2020-2701-4-10123,2020,2701,Khalifa Bin Salman Port,IM,4,10123,23817,4/22/2020,8703221000,Passenger cars 1000-1500cc,US,US,US,US,BH,BH,NMB,187.0,13947.86,EXW,980701.93,4.29,2608249.82,1210.69,1318.57,Released,7,3,2701,956,,,CR_HASH_178,CR_HASH_021,,2020-04-22,2020-04,870322100000,87,870322,False,Import,980701.93,2608249.82,4.29,1210.69,1318.57,US,CR_HASH_021,Passenger cars 1000-1500cc
2020-2701-8-10124-1,2020-2701-8-10124,2020,2701,Khalifa Bin Salman Port,IM,8,10124,32383,9/8/2020,9018390000,Medical syringes and needles,CN,CN,CN,CN,BH,BH,NMB,16.0,0.39,CIF,2.35,2.99,6.24,117.18,128.22,Released,6,5,2701,648,,,CR_HASH_246,CR_HASH_028,,2020-09-08,2020-09,901839000000,90,901839,False,Import,2.35,6.24,2.99,117.18,128.22,CN,CR_HASH_028,Medical syringes and needles
2020-2701-9-10125-1,2020-2701-9-10125,2020,2701,Khalifa Bin Salman Port,EX,9,10125,17803,2/26/2020,8517120000,Cellular telephones,BH,BH,BH,BH,CN,CN,NMB,66.0,842.23,EXW,20900.78,2.48,55587.18,254.19,282.5,Released,8,7,2701,793,,,CR_HASH_173,,CR_HASH_022,2020-02-26,2020-02,851712000000,85,851712,True,Re-export,20900.78,55587.18,2.48,254.19,282.5,CN,CR_HASH_022,Cellular telephones
2020-2801-8-10126-1,2020-2801-8-10126,2020,2801,King Fahd Causeway,IM,8,10126,99880,3/27/2020,1006301000,Long-grain milled rice,DE,DE,AE,AE,BH,BH,KGM,3826.07,0.92,EXW,1323.51,0.82,3519.98,3826.07,4320.78,Released,5,7,2801,532,,,CR_HASH_160,CR_HASH_030,,2020-03-27,2020-03,100630100000,10,100630,False,Import,1323.51,3519.98,0.82,3826.07,4320.78,DE,CR_HASH_030,Long-grain milled rice
2020-2801-4-10127-1,2020-2801-4-10127,2020,2801,King Fahd Causeway,IM,4,10127,68154,7/7/2020,1006301000,Long-grain milled rice,CN,CN,CN,CN,BH,BH,KGM,2394.77,1.46,FOB,1314.63,3.96,3496.36,2394.77,2548.7,Released,7,7,2801,128,,,CR_HASH_147,CR_HASH_001,,2020-07-07,2020-07,100630100000,10,100630,False,Import,1314.63,3496.36,3.96,2394.77,2548.7,CN,CR_HASH_001,Long-grain milled rice
2020-2701-9-10128-1,2020-2701-9-10128,2020,2701,Khalifa Bin Salman Port,IM,9,10128,30760,3/19/2020,8517120000,Cellular telephones,US,US,US,US,BH,BH,NMB,22.0,284.1,CIF,2350.08,2.75,6250.2,79.02,91.98,Pending,2,7,2701,542,,,CR_HASH_235,CR_HASH_008,,2020-03-19,2020-03,851712000000,85,851712,False,Import,2350.08,6250.2,2.75,79.02,91.98,US,CR_HASH_008,Cellular telephones
2020-2601-9-10129-1,2020-2601-9-10129,2020,2601,Dry Port - Hidd,IM,9,10129,40679,11/7/2020,9018390000,Medical syringes and needles,CN,CN,CN,CN,BH,BH,NMB,45.0,0.18,FOB,3.05,4.37,8.1,357.81,428.85,Released,9,3,2601,283,,,CR_HASH_028,CR_HASH_026,,2020-11-07,2020-11,901839000000,90,901839,False,Import,3.05,8.1,4.37,357.81,428.85,CN,CR_HASH_026,Medical syringes and needles
2020-2701-7-10130-1,2020-2701-7-10130,2020,2701,Khalifa Bin Salman Port,,7,10130,13397,5/18/2020,9018390000,Medical syringes and needles,DE,DE,BH,BH,AE,AE,NMB,45.0,0.25,CIF,4.23,2.96,11.25,328.31,384.05,Released,6,2,2701,554,,,CR_HASH_240,CR_HASH_014,,2020-05-18,2020-05,901839000000,90,901839,False,,4.23,11.25,2.96,328.31,384.05,,CR_HASH_014,Medical syringes and needles
2020-2701-4-10131-1,2020-2701-4-10131,2020,2701,Khalifa Bin Salman Port,IM,4,10131,15069,7/29/2020,1006301000,Long-grain milled rice,CN,CN,CN,CN,BH,BH,KGM,3770.95,0.77,CIF,1091.76,3.92,2903.63,3770.95,4440.59,Pending,5,2,2701,119,,,CR_HASH_246,CR_HASH_022,,2020-07-29,2020-07,100630100000,10,100630,False,Import,1091.76,2903.63,3.92,3770.95,4440.59,CN,CR_HASH_022,Long-grain milled rice
2020-2601-2-10132-1,2020-2601-2-10132,2020,2601,Dry Port - Hidd,IM,2,10132,23985,12/23/2020,8517120000,Cellular telephones,CN,CN,CN,CN,BH,BH,NMB,51.0,402.53,FOB,7718.92,2.5,20529.03,33.81,39.81,Released,7,4,2601,444,,,CR_HASH_164,CR_HASH_006,,2020-12-23,2020-12,851712000000,85,851712,False,Import,7718.92,20529.03,2.5,33.81,39.81,CN,CR_HASH_006,Cellular telephones
2020-2601-8-10133-1,2020-2601-8-10133,2020,2601,Dry Port - Hidd,IM,8,10133,22686,1/27/2020,6109100000,Cotton t-shirts,JP,JP,JP,JP,BH,BH,NMB,178.0,2.14,EXW,143.23,3.2,380.92,289.3,312.57,Pending,9,8,2601,544,,,CR_HASH_202,CR_HASH_033,,2020-01-27,2020-01,610910000000,61,610910,False,Import,143.23,380.92,3.2,289.3,312.57,JP,CR_HASH_033,Cotton t-shirts
2020-2601-9-10134-1,2020-2601-9-10134,2020,2601,Dry Port - Hidd,IM,9,10134,58934,7/23/2020,1006301000,Long-grain milled rice,US,US,US,US,BH,BH,KGM,1862.36,0.65,FOB,455.16,3.25,1210.53,1862.36,1960.63,Released,7,5,2601,828,,,CR_HASH_082,CR_HASH_022,,2020-07-23,2020-07,100630100000,10,100630,False,Import,455.16,1210.53,3.25,1862.36,1960.63,US,CR_HASH_022,Long-grain milled rice
2020-2701-1-10135-1,2020-2701-1-10135,2020,2701,Khalifa Bin Salman Port,IM,1,10135,25899,3/22/2020,8517120000,Cellular telephones,CN,CN,CN,CN,BH,BH,NMB,173.0,763.75,CIF,49680.41,4.67,132128.75,676.73,752.58,Held,4,2,2701,647,,,CR_HASH_119,CR_HASH_005,,2020-03-22,2020-03,851712000000,85,851712,False,Import,49680.41,132128.75,4.67,676.73,752.58,CN,CR_HASH_005,Cellular telephones
2020-2701-1-10136-1,2020-2701-1-10136,2020,2701,Khalifa Bin Salman Port,EX,1,10136,59528,12/6/2020,2710192100,Gas oils for diesel engines,BH,BH,BH,BH,DE,DE,LTR,19062.61,0.31,EXW,2221.94,4.32,5909.41,17750.73,21222.89,Released,1,6,2701,943,,,CR_HASH_231,,CR_HASH_010,2020-12-06,2020-12,271019210000,27,271019,True,Re-export,2221.94,5909.41,4.32,17750.73,21222.89,DE,CR_HASH_010,Gas oils for diesel engines
2020-2601-4-10137-1,2020-2601-4-10137,2020,2601,Dry Port - Hidd,EX,4,10137,75045,8/12/2020,6109100000,Cotton t-shirts,BH,BH,BH,BH,CN,CN,NMB,114.0,4.0,FOB,171.46,1.9,456.0,680.96,801.73,Pending,9,2,2601,759,,,CR_HASH_131,,CR_HASH_024,2020-08-12,2020-08,610910000000,61,610910,True,Re-export,171.46,456.0,1.9,680.96,801.73,CN,CR_HASH_024,Cotton t-shirts
2020-2601-9-10138-1,2020-2601-9-10138,2020,2601,Dry Port - Hidd,EX,9,10138,44037,1/9/2020,8517120000,Cellular telephones,BH,BH,BH,BH,SA,SA,NMB,76.0,610.31,CIF,17440.22,1.59,46383.56,160.69,189.44,Held,6,6,2601,529,,,CR_HASH_055,,CR_HASH_033,2020-01-09,2020-01,851712000000,85,851712,True,Re-export,17440.22,46383.56,1.59,160.69,189.44,SA,CR_HASH_033,Cellular telephones
2020-2501-3-10139-1,2020-2501-3-10139,2020,2501,Bahrain International Airport,IM,3,10139,52777,12/5/2020,8471300000,Portable laptop computers,MY,MY,MY,MY,BH,BH,NMB,138.0,791.75,EXW,41082.32,1.78,109261.5,420.63,446.16,Released,5,4,2501,122,,,CR_HASH_023,CR_HASH_021,,2020-12-05,2020-12,847130000000,84,847130,False,Import,41082.32,109261.5,1.78,420.63,446.16,MY,CR_HASH_021,Portable laptop computers
2020-2701-5-10140-1,2020-2701-5-10140,2020,2701,Khalifa Bin Salman Port,EX,5,10140,22747,11/5/2020,2710192100,Gas oils for diesel engines,BH,BH,BH,BH,CN,CN,LTR,9204.6,1.16,CIF,4014.68,3.59,10677.34,8532.84,9585.71,Released,2,1,2701,587,,,CR_HASH_210,,CR_HASH_014,2020-11-05,2020-11,271019210000,27,271019,True,Re-export,4014.68,10677.34,3.59,8532.84,9585.71,CN,CR_HASH_014,Gas oils for diesel engines
2020-2601-2-10141-1,2020-2601-2-10141,2020,2601,Dry Port - Hidd,IM,2,10141,78374,4/14/2020,102211000,"Live cattle, pure-bred breeding",CN,CN,CN,CN,BH,BH,NMB,88.0,1504.4,CIF,49777.59,0.56,132387.2,449.49,497.16,Released,3,4,2601,510,,,CR_HASH_082,CR_HASH_032,,2020-04-14,2020-04,102211000000,10,102211,False,Import,49777.59,132387.2,0.56,449.49,497.16,CN,CR_HASH_032,"Live cattle, pure-bred breeding"
2020-2601-7-10142-1,2020-2601-7-10142,2020,2601,Dry Port - Hidd,IM,7,10142,19025,4/28/2020,9018390000,Medical syringes and needles,CN,CN,CN,CN,BH,BH,NMB,2.0,0.29,CIF,0.22,4.74,0.58,6.17,6.87,Released,3,1,2601,980,,,CR_HASH_095,CR_HASH_037,,2020-04-28,2020-04,901839000000,90,901839,False,Import,0.22,0.58,4.74,6.17,6.87,CN,CR_HASH_037,Medical syringes and needles
2020-2501-7-10143-1,2020-2501-7-10143,2020,2501,Bahrain International Airport,IM,7,10143,23206,8/8/2020,3923301000,Plastic bottles for packaging,JP,JP,JP,JP,BH,BH,NMB,57.0,0.65,EXW,13.93,4.94,37.05,218.71,247.59,Released,2,1,2501,169,,,CR_HASH_011,CR_HASH_027,,2020-08-08,2020-08,392330100000,39,392330,False,Import,13.93,37.05,4.94,218.71,247.59,JP,CR_HASH_027,Plastic bottles for packaging
2020-2501-8-10144-1,2020-2501-8-10144,2020,2501,Bahrain International Airport,,8,10144,33922,6/14/2020,8703221000,Passenger cars 1000-1500cc,US,US,BH,BH,CN,CN,NMB,65.0,14595.97,EXW,356725.51,0.91,948738.05,57.71,68.78,Released,5,4,2501,107,,,CR_HASH_033,CR_HASH_049,,2020-06-14,2020-06,870322100000,87,870322,False,,356725.51,948738.05,0.91,57.71,68.78,,CR_HASH_049,Passenger cars 1000-1500cc
2020-2701-5-10145-1,2020-2701-5-10145,2020,2701,Khalifa Bin Salman Port,IM,5,10145,39627,12/6/2020,3923301000,Plastic bottles for packaging,IN,IN,IN,IN,BH,BH,NMB,194.0,0.28,FOB,20.42,4.89,54.32,503.65,593.46,Released,2,7,2701,370,,,CR_HASH_215,CR_HASH_020,,2020-12-06,2020-12,392330100000,39,392330,False,Import,20.42,54.32,4.89,503.65,593.46,IN,CR_HASH_020,Plastic bottles for packaging
2020-2501-4-10146-1,2020-2501-4-10146,2020,2501,Bahrain International Airport,IM,4,10146,51421,3/14/2020,2710192100,Gas oils for diesel engines,SA,SA,SA,SA,BH,BH,LTR,4403.58,0.91,FOB,1506.73,2.13,4007.26,3615.53,3985.5,Released,8,1,2501,614,,,CR_HASH_076,CR_HASH_036,,2020-03-14,2020-03,271019210000,27,271019,False,Import,1506.73,4007.26,2.13,3615.53,3985.5,SA,CR_HASH_036,Gas oils for diesel engines
2020-2501-1-10147-1,2020-2501-1-10147,2020,2501,Bahrain International Airport,IM,1,10147,82624,4/7/2020,3923301000,Plastic bottles for packaging,CN,CN,CN,CN,BH,BH,NMB,86.0,0.65,EXW,21.02,3.23,55.9,524.89,561.43,Pending,2,7,2501,473,,,CR_HASH_086,CR_HASH_015,,2020-04-07,2020-04,392330100000,39,392330,False,Import,21.02,55.9,3.23,524.89,561.43,CN,CR_HASH_015,Plastic bottles for packaging
2020-2701-9-10148-1,2020-2701-9-10148,2020,2701,Khalifa Bin Salman Port,IM,9,10148,93489,9/18/2020,1006301000,Long-grain milled rice,CN,CN,CN,CN,BH,BH,KGM,898.0,0.97,FOB,327.52,0.68,871.06,898.0,944.8,Released,9,1,2701,782,,,CR_HASH_086,CR_HASH_004,,2020-09-18,2020-09,100630100000,10,100630,False,Import,327.52,871.06,0.68,898.0,944.8,CN,CR_HASH_004,Long-grain milled rice
2020-2601-3-10149-1,2020-2601-3-10149,2020,2601,Dry Port - Hidd,IM,3,10149,64384,3/28/2020,9018390000,Medical syringes and needles,US,US,US,US,BH,BH,NMB,7.0,0.18,CIF,0.47,1.41,1.26,21.3,23.41,Released,7,6,2601,990,,,CR_HASH_082,CR_HASH_005,,2020-03-28,2020-03,901839000000,90,901839,False,Import,0.47,1.26,1.41,21.3,23.41,US,CR_HASH_005,Medical syringes and needles
2020-2801-1-10150-1,2020-2801-1-10150,2020,2801,King Fahd Causeway,EX,1,10150,49090,5/8/2020,8703221000,Passenger cars 1000-1500cc,BH,BH,BH,BH,SA,SA,NMB,159.0,11291.63,CIF,675058.81,4.13,1795369.17,1086.29,1286.52,Released,7,3,2801,161,,,CR_HASH_133,,CR_HASH_009,2020-05-08,2020-05,870322100000,87,870322,True,Re-export,675058.81,1795369.17,4.13,1086.29,1286.52,SA,CR_HASH_009,Passenger cars 1000-1500cc
2020-2601-1-10151-1,2020-2601-1-10151,2020,2601,Dry Port - Hidd,IM,1,10151,56746,12/6/2020,3923301000,Plastic bottles for packaging,SA,SA,SA,SA,BH,BH,NMB,198.0,0.64,EXW,47.65,0.94,126.72,1242.73,1453.85,Released,3,9,2601,472,,,CR_HASH_200,CR_HASH_030,,2020-12-06,2020-12,392330100000,39,392330,False,Import,47.65,126.72,0.94,1242.73,1453.85,SA,CR_HASH_030,Plastic bottles for packaging
2020-2501-6-10152-1,2020-2501-6-10152,2020,2501,Bahrain International Airport,IM,6,10152,78126,11/7/2020,1006301000,Long-grain milled rice,JP,JP,JP,JP,BH,BH,KGM,1399.55,0.83,CIF,436.77,2.76,1161.63,1399.55,1657.15,Released,4,5,2501,331,,,CR_HASH_229,CR_HASH_021,,2020-11-07,2020-11,100630100000,10,100630,False,Import,436.77,1161.63,2.76,1399.55,1657.15,JP,CR_HASH_021,Long-grain milled rice
2020-2701-1-10153-1,2020-2701-1-10153,2020,2701,Khalifa Bin Salman Port,IM,1,10153,97082,5/17/2020,8517120000,Cellular telephones,IN,IN,IN,IN,BH,BH,NMB,153.0,722.37,FOB,41556.5,1.14,110522.61,1189.31,1388.77,Held,9,5,2701,601,,,CR_HASH_088,CR_HASH_025,,2020-05-17,2020-05,851712000000,85,851712,False,Import,41556.5,110522.61,1.14,1189.31,1388.77,IN,CR_HASH_025,Cellular telephones
2020-2501-8-10154-1,2020-2501-8-10154,2020,2501,Bahrain International Airport,IM,8,10154,83430,3/3/2020,2710192100,Gas oils for diesel engines,AE,AE,AE,AE,BH,BH,LTR,5637.26,1.14,CIF,2416.36,2.81,6426.48,4294.29,4894.11,Released,3,3,2501,162,,,CR_HASH_146,CR_HASH_009,,2020-03-03,2020-03,271019210000,27,271019,False,Import,2416.36,6426.48,2.81,4294.29,4894.11,AE,CR_HASH_009,Gas oils for diesel engines
2020-2601-2-10155-1,2020-2601-2-10155,2020,2601,Dry Port - Hidd,IM,2,10155,99977,8/30/2020,2710192100,Gas oils for diesel engines,DE,DE,AE,AE,BH,BH,LTR,17947.21,0.47,EXW,3171.63,4.43,8435.19,14021.41,14941.53,Released,3,5,2601,793,,,CR_HASH_111,CR_HASH_036,,2020-08-30,2020-08,271019210000,27,271019,False,Import,3171.63,8435.19,4.43,14021.41,14941.53,DE,CR_HASH_036,Gas oils for diesel engines
2020-2801-1-10156-1,2020-2801-1-10156,2020,2801,King Fahd Causeway,EX,1,10156,37694,12/3/2020,9018390000,Medical syringes and needles,BH,BH,BH,BH,US,US,NMB,23.0,0.47,CIF,4.06,4.54,10.81,72.77,81.35,Held,3,5,2801,734,,,CR_HASH_184,,CR_HASH_021,2020-12-03,2020-12,901839000000,90,901839,True,Re-export,4.06,10.81,4.54,72.77,81.35,US,CR_HASH_021,Medical syringes and needles
2020-2501-6-10157-1,2020-2501-6-10157,2020,2501,Bahrain International Airport,EX,6,10157,88863,8/12/2020,8471300000,Portable laptop computers,BH,BH,BH,BH,CN,CN,NMB,24.0,37.04,FOB,334.25,1.94,888.96,182.97,212.66,Released,9,4,2501,881,,,CR_HASH_163,,CR_HASH_020,2020-08-12,2020-08,847130000000,84,847130,True,Re-export,334.25,888.96,1.94,182.97,212.66,CN,CR_HASH_020,Portable laptop computers
2020-2601-3-10158-1,2020-2601-3-10158,2020,2601,Dry Port - Hidd,IM,3,10158,32002,7/15/2020,9018390000,Medical syringes and needles,US,US,US,US,BH,BH,NMB,13.0,0.22,FOB,1.08,2.9,2.86,32.03,36.64,Pending,7,1,2601,440,,,CR_HASH_083,CR_HASH_020,,2020-07-15,2020-07,901839000000,90,901839,False,Import,1.08,2.86,2.9,32.03,36.64,US,CR_HASH_020,Medical syringes and needles
2020-2701-3-10159-1,2020-2701-3-10159,2020,2701,Khalifa Bin Salman Port,EX,3,10159,98803,4/16/2020,3923301000,Plastic bottles for packaging,BH,BH,BH,BH,CN,CN,NMB,60.0,0.74,EXW,16.69,0.92,44.4,223.09,257.61,Released,4,6,2701,127,,,CR_HASH_130,,CR_HASH_027,2020-04-16,2020-04,392330100000,39,392330,True,Re-export,16.69,44.4,0.92,223.09,257.61,CN,CR_HASH_027,Plastic bottles for packaging
2020-2701-7-10160-1,2020-2701-7-10160,2020,2701,Khalifa Bin Salman Port,EX,7,10160,57222,2/16/2020,8471300000,Portable laptop computers,BH,BH,BH,BH,AE,AE,NMB,102.0,620.23,EXW,23787.06,0.66,63263.46,519.52,604.3,Released,6,7,2701,294,,,CR_HASH_148,,CR_HASH_042,2020-02-16,2020-02,847130000000,84,847130,True,Re-export,23787.06,63263.46,0.66,519.52,604.3,AE,CR_HASH_042,Portable laptop computers
2020-2801-7-10161-1,2020-2801-7-10161,2020,2801,King Fahd Causeway,IM,7,10161,78778,2/27/2020,6109100000,Cotton t-shirts,SA,SA,SA,SA,BH,BH,NMB,98.0,4.45,CIF,163.97,1.82,436.1,117.78,139.36,Released,2,9,2801,248,,,CR_HASH_105,CR_HASH_035,,2020-02-27,2020-02,610910000000,61,610910,False,Import,163.97,436.1,1.82,117.78,139.36,SA,CR_HASH_035,Cotton t-shirts
2020-2701-6-10162-1,2020-2701-6-10162,2020,2701,Khalifa Bin Salman Port,IM,6,10162,38181,9/16/2020,102211000,"Live cattle, pure-bred breeding",SA,SA,SA,SA,BH,BH,NMB,62.0,1308.51,EXW,30503.99,2.62,81127.62,33.26,38.56,Released,5,8,2701,492,,,CR_HASH_247,CR_HASH_047,,2020-09-16,2020-09,102211000000,10,102211,False,Import,30503.99,81127.62,2.62,33.26,38.56,SA,CR_HASH_047,"Live cattle, pure-bred breeding"
2020-2601-8-10163-1,2020-2601-8-10163,2020,2601,Dry Port - Hidd,EX,8,10163,26263,2/3/2020,8703221000,Passenger cars 1000-1500cc,BH,BH,BH,BH,DE,DE,NMB,112.0,16963.36,EXW,714361.02,1.79,1899896.32,122.14,135.29,Released,3,2,2601,190,,,CR_HASH_108,,CR_HASH_001,2020-02-03,2020-02,870322100000,87,870322,True,Re-export,714361.02,1899896.32,1.79,122.14,135.29,DE,CR_HASH_001,Passenger cars 1000-1500cc
2020-2801-5-10164-1,2020-2801-5-10164,2020,2801,King Fahd Causeway,IM,5,10164,21008,10/6/2020,6109100000,Cotton t-shirts,US,US,US,US,BH,BH,NMB,183.0,2.42,CIF,166.52,3.08,442.86,452.1,541.57,Released,5,8,2801,621,,,CR_HASH_083,CR_HASH_011,,2020-10-06,2020-10,610910000000,61,610910,False,Import,166.52,442.86,3.08,452.1,541.57,US,CR_HASH_011,Cotton t-shirts
2020-2601-3-10165-1,2020-2601-3-10165,2020,2601,Dry Port - Hidd,EX,3,10165,16222,2/26/2020,9018390000,Medical syringes and needles,BH,BH,BH,BH,IN,IN,NMB,62.0,0.24,CIF,5.59,0.81,14.88,202.85,230.27,Released,5,7,2601,952,,,CR_HASH_035,,CR_HASH_033,2020-02-26,2020-02,901839000000,90,901839,True,Re-export,5.59,14.88,0.81,202.85,230.27,IN,CR_HASH_033,Medical syringes and needles
2020-2501-7-10166-1,2020-2501-7-10166,2020,2501,Bahrain International Airport,EX,7,10166,76148,4/15/2020,8471300000,Portable laptop computers,BH,BH,BH,BH,CN,CN,NMB,14.0,710.66,CIF,3740.91,2.97,9949.24,9.49,10.04,Released,4,3,2501,815,,,CR_HASH_136,,CR_HASH_042,2020-04-15,2020-04,847130000000,84,847130,True,Re-export,3740.91,9949.24,2.97,9.49,10.04,CN,CR_HASH_042,Portable laptop computers
2020-2601-1-10167-1,2020-2601-1-10167,2020,2601,Dry Port - Hidd,EX,1,10167,69868,11/20/2020,8703221000,Passenger cars 1000-1500cc,BH,BH,BH,BH,CN,CN,NMB,177.0,8002.59,EXW,532588.37,1.68,1416458.43,722.58,854.78,Released,8,4,2601,155,,,CR_HASH_247,,CR_HASH_006,2020-11-20,2020-11,870322100000,87,870322,True,Re-export,532588.37,1416458.43,1.68,722.58,854.78,CN,CR_HASH_006,Passenger cars 1000-1500cc
2020-2601-5-10168-1,2020-2601-5-10168,2020,2601,Dry Port - Hidd,IM,5,10168,50679,5/14/2020,102211000,"Live cattle, pure-bred breeding",CN,CN,US,US,BH,BH,NMB,92.0,1355.73,EXW,46897.41,4.31,124727.16,647.75,738.64,Released,3,4,2601,235,,,CR_HASH_144,CR_HASH_007,,2020-05-14,2020-05,102211000000,10,102211,False,Import,46897.41,124727.16,4.31,647.75,738.64,CN,CR_HASH_007,"Live cattle, pure-bred breeding"
2020-2501-2-10169-1,2020-2501-2-10169,2020,2501,Bahrain International Airport,IM,2,10169,42328,7/27/2020,8471300000,Portable laptop computers,SA,SA,SA,SA,BH,BH,NMB,59.0,791.67,FOB,17562.41,3.18,46708.53,291.52,339.16,Released,2,9,2501,973,,,CR_HASH_190,CR_HASH_042,,2020-07-27,2020-07,847130000000,84,847130,False,Import,17562.41,46708.53,3.18,291.52,339.16,SA,CR_HASH_042,Portable laptop computers
2020-2601-2-10170-1,2020-2601-2-10170,2020,2601,Dry Port - Hidd,IM,2,10170,60028,4/4/2020,8703221000,Passenger cars 1000-1500cc,IN,IN,SA,SA,BH,BH,NMB,25.0,16105.11,EXW,151388.03,1.98,402627.75,163.58,177.83,Released,5,9,2601,584,,,CR_HASH_223,CR_HASH_026,,2020-04-04,2020-04,870322100000,87,870322,False,Import,151388.03,402627.75,1.98,163.58,177.83,IN,CR_HASH_026,Passenger cars 1000-1500cc
2020-2801-9-10171-1,2020-2801-9-10171,2020,2801,King Fahd Causeway,IM,9,10171,93830,9/6/2020,1006301000,Long-grain milled rice,CN,CN,CN,CN,BH,BH,KGM,2733.44,0.94,EXW,966.11,1.39,2569.43,2733.44,2897.74,Released,7,7,2801,853,,,CR_HASH_104,CR_HASH_042,,2020-09-06,2020-09,100630100000,10,100630,False,Import,966.11,2569.43,1.39,2733.44,2897.74,CN,CR_HASH_042,Long-grain milled rice
2020-2501-9-10172-1,2020-2501-9-10172,2020,2501,Bahrain International Airport,EX,9,10172,89132,2/5/2020,3923301000,Plastic bottles for packaging,BH,BH,BH,BH,AE,AE,NMB,145.0,0.15,FOB,8.18,1.95,21.75,896.12,1052.25,Pending,7,2,2501,960,,,CR_HASH_223,,CR_HASH_036,2020-02-05,2020-02,392330100000,39,392330,True,Re-export,8.18,21.75,1.95,896.12,1052.25,AE,CR_HASH_036,Plastic bottles for packaging
2020-2701-2-10173-1,2020-2701-2-10173,2020,2701,Khalifa Bin Salman Port,,2,10173,85430,1/22/2020,6109100000,Cotton t-shirts,CN,CN,BH,BH,SA,SA,NMB,83.0,11.83,FOB,369.19,0.72,981.89,167.5,189.43,Released,4,8,2701,624,,,CR_HASH_085,CR_HASH_024,,2020-01-22,2020-01,610910000000,61,610910,False,,369.19,981.89,0.72,167.5,189.43,,CR_HASH_024,Cotton t-shirts
2020-2701-4-10174-1,2020-2701-4-10174,2020,2701,Khalifa Bin Salman Port,EX,4,10174,19107,10/4/2020,6109100000,Cotton t-shirts,BH,BH,BH,BH,AE,AE,NMB,124.0,10.34,CIF,482.09,2.87,1282.16,561.88,641.07,Released,9,8,2701,598,,,CR_HASH_180,,CR_HASH_039,2020-10-04,2020-10,610910000000,61,610910,True,Re-export,482.09,1282.16,2.87,561.88,641.07,AE,CR_HASH_039,Cotton t-shirts
2020-2601-1-10175-1,2020-2601-1-10175,2020,2601,Dry Port - Hidd,EX,1,10175,50162,9/5/2020,2710192100,Gas oils for diesel engines,BH,BH,BH,BH,AE,AE,LTR,4823.89,0.96,EXW,1741.23,3.75,4630.93,4188.45,4610.6,Held,4,5,2601,338,,,CR_HASH_148,,CR_HASH_036,2020-09-05,2020-09,271019210000,27,271019,True,Re-export,1741.23,4630.93,3.75,4188.45,4610.6,AE,CR_HASH_036,Gas oils for diesel engines
2020-2601-1-10176-1,2020-2601-1-10176,2020,2601,Dry Port - Hidd,IM,1,10176,13337,5/14/2020,8504400090,Static converters,JP,JP,JP,JP,BH,BH,NMB,29.0,72.47,EXW,790.21,2.23,2101.63,65.58,69.9,Held,7,8,2601,821,,,CR_HASH_057,CR_HASH_017,,2020-05-14,2020-05,850440009000,85,850440,False,Import,790.21,2101.63,2.23,65.58,69.9,JP,CR_HASH_017,Static converters
2020-2501-9-10177-1,2020-2501-9-10177,2020,2501,Bahrain International Airport,IM,9,10177,77202,7/28/2020,6109100000,Cotton t-shirts,JP,JP,DE,DE,BH,BH,NMB,180.0,7.23,EXW,489.33,2.74,1301.4,794.89,900.48,Released,1,6,2501,714,,,CR_HASH_160,CR_HASH_011,,2020-07-28,2020-07,610910000000,61,610910,False,Import,489.33,1301.4,2.74,794.89,900.48,JP,CR_HASH_011,Cotton t-shirts
2020-2801-5-10178-1,2020-2801-5-10178,2020,2801,King Fahd Causeway,EX,5,10178,51633,10/9/2020,9018390000,Medical syringes and needles,BH,BH,BH,BH,JP,JP,NMB,143.0,0.07,EXW,3.76,1.04,10.01,642.52,736.55,Released,3,1,2801,731,,,CR_HASH_070,,CR_HASH_044,2020-10-09,2020-10,901839000000,90,901839,True,Re-export,3.76,10.01,1.04,642.52,736.55,JP,CR_HASH_044,Medical syringes and needles
2020-2601-8-10179-1,2020-2601-8-10179,2020,2601,Dry Port - Hidd,IM,8,10179,92097,3/26/2020,2710192100,Gas oils for diesel engines,CN,CN,CN,CN,BH,BH,LTR,4920.62,0.79,FOB,1461.62,4.61,3887.29,4052.71,4635.99,Released,1,9,2601,951,,,CR_HASH_037,CR_HASH_015,,2020-03-26,2020-03,271019210000,27,271019,False,Import,1461.62,3887.29,4.61,4052.71,4635.99,CN,CR_HASH_015,Gas oils for diesel engines
2020-2601-6-10180-1,2020-2601-6-10180,2020,2601,Dry Port - Hidd,EX,6,10180,22895,10/30/2020,8703221000,Passenger cars 1000-1500cc,BH,BH,BH,BH,CN,CN,NMB,124.0,17784.25,FOB,829172.87,0.56,2205247.0,953.03,1084.4,Held,5,3,2601,555,,,CR_HASH_044,,CR_HASH_039,2020-10-30,2020-10,870322100000,87,870322,True,Re-export,829172.87,2205247.0,0.56,953.03,1084.4,CN,CR_HASH_039,Passenger cars 1000-1500cc
2020-2601-5-10181-1,2020-2601-5-10181,2020,2601,Dry Port - Hidd,IM,5,10181,31819,1/1/2020,2710192100,Gas oils for diesel engines,DE,DE,DE,DE,BH,BH,LTR,5371.61,0.77,FOB,1555.19,3.4,4136.14,4372.13,4783.52,Released,9,3,2601,356,,,CR_HASH_137,CR_HASH_027,,2020-01-01,2020-01,271019210000,27,271019,False,Import,1555.19,4136.14,3.4,4372.13,4783.52,DE,CR_HASH_027,Gas oils for diesel engines
2020-2701-9-10182-1,2020-2701-9-10182,2020,2701,Khalifa Bin Salman Port,IM,9,10182,64354,7/19/2020,8471300000,Portable laptop computers,AE,AE,AE,AE,BH,BH,NMB,48.0,451.42,CIF,8147.23,0.69,21668.16,292.82,330.15,Released,7,1,2701,512,,,CR_HASH_066,CR_HASH_034,,2020-07-19,2020-07,847130000000,84,847130,False,Import,8147.23,21668.16,0.69,292.82,330.15,AE,CR_HASH_034,Portable laptop computers
2020-2501-9-10183-1,2020-2501-9-10183,2020,2501,Bahrain International Airport,EX,9,10183,87306,8/27/2020,2710192100,Gas oils for diesel engines,BH,BH,BH,BH,AE,AE,LTR,11372.88,0.1,EXW,427.62,4.67,1137.29,9939.71,11475.48,Released,4,1,2501,358,,,CR_HASH_004,,CR_HASH_040,2020-08-27,2020-08,271019210000,27,271019,True,Re-export,427.62,1137.29,4.67,9939.71,11475.48,AE,CR_HASH_040,Gas oils for diesel engines
2020-2601-1-10184-1,2020-2601-1-10184,2020,2601,Dry Port - Hidd,IM,1,10184,80218,11/2/2020,8504400090,Static converters,US,US,SA,SA,BH,BH,NMB,39.0,30.86,FOB,452.53,1.06,1203.54,137.19,159.85,Held,3,7,2601,921,,,CR_HASH_159,CR_HASH_044,,2020-11-02,2020-11,850440009000,85,850440,False,Import,452.53,1203.54,1.06,137.19,159.85,US,CR_HASH_044,Static converters
2020-2501-4-10185-1,2020-2501-4-10185,2020,2501,Bahrain International Airport,IM,4,10185,19165,6/30/2020,1006301000,Long-grain milled rice,SA,SA,SA,SA,BH,BH,KGM,4718.27,7.25,CIF,12862.0,3.26,34207.46,4718.27,5487.44,Held,3,8,2501,698,,,CR_HASH_123,CR_HASH_002,,2020-06-30,2020-06,100630100000,10,100630,False,Import,12862.0,34207.46,3.26,4718.27,5487.44,SA,CR_HASH_002,Long-grain milled rice
2020-2601-3-10186-1,2020-2601-3-10186,2020,2601,Dry Port - Hidd,EX,3,10186,87478,1/19/2020,9018390000,Medical syringes and needles,BH,BH,BH,BH,CN,CN,NMB,184.0,0.27,FOB,18.68,4.56,49.68,774.08,835.71,Held,4,8,2601,917,,,CR_HASH_204,,CR_HASH_019,2020-01-19,2020-01,901839000000,90,901839,True,Re-export,18.68,49.68,4.56,774.08,835.71,CN,CR_HASH_019,Medical syringes and needles
2020-2601-3-10187-1,2020-2601-3-10187,2020,2601,Dry Port - Hidd,IM,3,10187,62989,12/17/2020,8703221000,Passenger cars 1000-1500cc,AE,AE,AE,AE,BH,BH,NMB,186.0,16424.26,FOB,1148647.05,4.49,3054912.36,495.53,538.24,Released,6,7,2601,568,,,CR_HASH_248,CR_HASH_005,,2020-12-17,2020-12,870322100000,87,870322,False,Import,1148647.05,3054912.36,4.49,495.53,538.24,AE,CR_HASH_005,Passenger cars 1000-1500cc
2020-2601-3-10188-1,2020-2601-3-10188,2020,2601,Dry Port - Hidd,IM,3,10188,36194,3/8/2020,1006301000,Long-grain milled rice,SA,SA,DE,DE,BH,BH,KGM,1125.46,1.31,EXW,554.36,3.78,1474.35,1125.46,1327.41,Held,9,8,2601,104,,,CR_HASH_144,CR_HASH_013,,2020-03-08,2020-03,100630100000,10,100630,False,Import,554.36,1474.35,3.78,1125.46,1327.41,SA,CR_HASH_013,Long-grain milled rice
2020-2501-8-10189-1,2020-2501-8-10189,2020,2501,Bahrain International Airport,EX,8,10189,46819,8/31/2020,8471300000,Portable laptop computers,BH,BH,BH,BH,SA,SA,NMB,198.0,423.11,FOB,31499.69,0.98,83775.78,771.51,917.36,Released,3,3,2501,855,,,CR_HASH_052,,CR_HASH_020,2020-08-31,2020-08,847130000000,84,847130,True,Re-export,31499.69,83775.78,0.98,771.51,917.36,SA,CR_HASH_020,Portable laptop computers
2020-2601-9-10190-1,2020-2601-9-10190,2020,2601,Dry Port - Hidd,EX,9,10190,37160,9/9/2020,2710192100,Gas oils for diesel engines,BH,BH,BH,BH,JP,JP,LTR,5296.63,0.74,FOB,1473.74,2.51,3919.51,4046.75,4598.01,Released,4,5,2601,524,,,CR_HASH_097,,CR_HASH_023,2020-09-09,2020-09,271019210000,27,271019,True,Re-export,1473.74,3919.51,2.51,4046.75,4598.01,JP,CR_HASH_023,Gas oils for diesel engines
2020-2701-3-10191-1,2020-2701-3-10191,2020,2701,Khalifa Bin Salman Port,EX,3,10191,23814,4/23/2020,8703221000,Passenger cars 1000-1500cc,BH,BH,BH,BH,US,US,NMB,25.0,21356.71,CIF,200753.07,1.78,533917.75,162.61,191.56,Released,8,7,2701,423,,,CR_HASH_118,,CR_HASH_014,2020-04-23,2020-04,870322100000,87,870322,True,Re-export,200753.07,533917.75,1.78,162.61,191.56,US,CR_HASH_014,Passenger cars 1000-1500cc
2020-2701-7-10192-1,2020-2701-7-10192,2020,2701,Khalifa Bin Salman Port,EX,7,10192,26120,3/28/2020,8517120000,Cellular telephones,BH,BH,BH,BH,US,US,NMB,51.0,662.26,CIF,12699.5,4.19,33775.26,360.47,431.86,Released,1,9,2701,453,,,CR_HASH_124,,CR_HASH_043,2020-03-28,2020-03,851712000000,85,851712,True,Re-export,12699.5,33775.26,4.19,360.47,431.86,US,CR_HASH_043,Cellular telephones
2020-2801-8-10193-1,2020-2801-8-10193,2020,2801,King Fahd Causeway,EX,8,10193,30695,12/8/2020,6109100000,Cotton t-shirts,BH,BH,BH,BH,SA,SA,NMB,134.0,7.04,FOB,354.7,3.39,943.36,537.75,636.63,Released,8,9,2801,166,,,CR_HASH_133,,CR_HASH_016,2020-12-08,2020-12,610910000000,61,610910,True,Re-export,354.7,943.36,3.39,537.75,636.63,SA,CR_HASH_016,Cotton t-shirts
2020-2601-3-10194-1,2020-2601-3-10194,2020,2601,Dry Port - Hidd,IM,3,10194,82669,3/31/2020,9018390000,Medical syringes and needles,AE,AE,AE,AE,BH,BH,NMB,28.0,0.44,CIF,4.63,2.35,12.32,130.86,147.46,Released,4,2,2601,328,,,CR_HASH_004,CR_HASH_046,,2020-03-31,2020-03,901839000000,90,901839,False,Import,4.63,12.32,2.35,130.86,147.46,AE,CR_HASH_046,Medical syringes and needles
2020-2801-8-10195-1,2020-2801-8-10195,2020,2801,King Fahd Causeway,IM,8,10195,51402,9/28/2020,2710192100,Gas oils for diesel engines,CN,CN,CN,CN,BH,BH,LTR,8172.41,1.1,EXW,3380.11,2.88,8989.65,6675.38,7281.55,Released,3,7,2801,183,,,CR_HASH_035,CR_HASH_030,,2020-09-28,2020-09,271019210000,27,271019,False,Import,3380.11,8989.65,2.88,6675.38,7281.55,CN,CR_HASH_030,Gas oils for diesel engines
2020-2801-1-10196-1,2020-2801-1-10196,2020,2801,King Fahd Causeway,IM,1,10196,12964,7/29/2020,2710192100,Gas oils for diesel engines,IN,IN,IN,IN,BH,BH,LTR,3912.07,0.99,EXW,1456.23,3.76,3872.95,3080.1,3463.74,Released,5,8,2801,197,,,CR_HASH_211,CR_HASH_049,,2020-07-29,2020-07,271019210000,27,271019,False,Import,1456.23,3872.95,3.76,3080.1,3463.74,IN,CR_HASH_049,Gas oils for diesel engines
2020-2701-8-10197-1,2020-2701-8-10197,2020,2701,Khalifa Bin Salman Port,EX,8,10197,92718,1/30/2020,1006301000,Long-grain milled rice,BH,BH,BH,BH,AE,AE,KGM,4361.45,1.17,FOB,1918.69,1.92,5102.9,4361.45,5006.59,Released,1,1,2701,631,,,CR_HASH_199,,CR_HASH_037,2020-01-30,2020-01,100630100000,10,100630,True,Re-export,1918.69,5102.9,1.92,4361.45,5006.59,AE,CR_HASH_037,Long-grain milled rice
2020-2701-5-10198-1,2020-2701-5-10198,2020,2701,Khalifa Bin Salman Port,,5,10198,77867,12/11/2020,8471300000,Portable laptop computers,CN,CN,BH,BH,AE,AE,NMB,135.0,696.73,FOB,35366.01,3.42,94058.55,966.02,1021.4,Released,5,5,2701,191,,,CR_HASH_200,CR_HASH_011,,2020-12-11,2020-12,847130000000,84,847130,False,,35366.01,94058.55,3.42,966.02,1021.4,,CR_HASH_011,Portable laptop computers
2020-2701-2-10199-1,2020-2701-2-10199,2020,2701,Khalifa Bin Salman Port,IM,2,10199,58524,4/5/2020,1006301000,Long-grain milled rice,CN,CN,CN,CN,BH,BH,KGM,606.28,1.1,FOB,250.76,2.23,666.91,606.28,699.06,Pending,5,8,2701,737,,,CR_HASH_030,CR_HASH_035,,2020-04-05,2020-04,100630100000,10,100630,False,Import,250.76,666.91,2.23,606.28,699.06,CN,CR_HASH_035,Long-grain milled rice
2020-2601-7-10200-1,2020-2601-7-10200,2020,2601,Dry Port - Hidd,IM,7,10200,10865,1/28/2020,102211000,"Live cattle, pure-bred breeding",AE,AE,AE,AE,BH,BH,NMB,197.0,2239.22,FOB,165863.5,0.78,441126.34,1102.44,1284.96,Released,6,6,2601,207,,,CR_HASH_084,CR_HASH_049,,2020-01-28,2020-01,102211000000,10,102211,False,Import,165863.5,441126.34,0.78,1102.44,1284.96,AE,CR_HASH_049,"Live cattle, pure-bred breeding"
2020-2501-6-10201-1,2020-2501-6-10201,2020,2501,Bahrain International Airport,IM,6,10201,60280,4/11/2020,2710192100,Gas oils for diesel engines,CN,CN,US,US,BH,BH,LTR,14755.08,0.47,FOB,2607.52,3.19,6934.89,11184.19,11790.86,Released,3,4,2501,197,,,CR_HASH_173,CR_HASH_024,,2020-04-11,2020-04,271019210000,27,271019,False,Import,2607.52,6934.89,3.19,11184.19,11790.86,CN,CR_HASH_024,Gas oils for diesel engines
2020-2801-3-10202-1,2020-2801-3-10202,2020,2801,King Fahd Causeway,,3,10202,83125,12/3/2020,6109100000,Cotton t-shirts,DE,DE,BH,BH,DE,DE,NMB,136.0,2.7,FOB,138.07,1.5,367.2,542.52,587.55,Released,8,5,2801,591,,,CR_HASH_185,CR_HASH_041,,2020-12-03,2020-12,610910000000,61,610910,False,,138.07,367.2,1.5,542.52,587.55,,CR_HASH_041,Cotton t-shirts
2020-2501-8-10203-1,2020-2501-8-10203,2020,2501,Bahrain International Airport,IM,8,10203,58950,6/18/2020,8504400090,Static converters,CN,CN,CN,CN,BH,BH,NMB,137.0,171.5,FOB,8834.31,1.6,23495.5,115.42,134.82,Released,2,4,2501,628,,,CR_HASH_095,CR_HASH_022,,2020-06-18,2020-06,850440009000,85,850440,False,Import,8834.31,23495.5,1.6,115.42,134.82,CN,CR_HASH_022,Static converters
2020-2501-6-10204-1,2020-2501-6-10204,2020,2501,Bahrain International Airport,IM,6,10204,51717,11/20/2020,8471300000,Portable laptop computers,US,US,JP,JP,BH,BH,NMB,16.0,394.71,FOB,2374.58,2.44,6315.36,46.5,54.11,Released,7,1,2501,511,,,CR_HASH_069,CR_HASH_047,,2020-11-20,2020-11,847130000000,84,847130,False,Import,2374.58,6315.36,2.44,46.5,54.11,US,CR_HASH_047,Portable laptop computers
2020-2601-7-10205-1,2020-2601-7-10205,2020,2601,Dry Port - Hidd,IM,7,10205,13259,12/24/2020,8703221000,Passenger cars 1000-1500cc,CN,CN,CN,CN,BH,BH,NMB,43.0,7085.0,EXW,114550.28,2.56,304655.0,201.11,239.24,Released,1,1,2601,489,,,CR_HASH_080,CR_HASH_011,,2020-12-24,2020-12,870322100000,87,870322,False,Import,114550.28,304655.0,2.56,201.11,239.24,CN,CR_HASH_011,Passenger cars 1000-1500cc
2020-2801-2-10206-1,2020-2801-2-10206,2020,2801,King Fahd Causeway,IM,2,10206,37799,4/1/2020,9018390000,Medical syringes and needles,AE,AE,AE,AE,BH,BH,NMB,44.0,0.17,CIF,2.81,2.97,7.48,75.42,80.25,Released,2,4,2801,121,,,CR_HASH_079,CR_HASH_027,,2020-04-01,2020-04,901839000000,90,901839,False,Import,2.81,7.48,2.97,75.42,80.25,AE,CR_HASH_027,Medical syringes and needles
2020-2801-4-10207-1,2020-2801-4-10207,2020,2801,King Fahd Causeway,,4,10207,45274,6/29/2020,8517120000,Cellular telephones,AE,AE,BH,BH,CN,CN,NMB,141.0,261.2,EXW,13847.78,1.42,36829.2,715.88,857.63,Held,6,6,2801,477,,,CR_HASH_183,CR_HASH_005,,2020-06-29,2020-06,851712000000,85,851712,False,,13847.78,36829.2,1.42,715.88,857.63,,CR_HASH_005,Cellular telephones
2020-2601-4-10208-1,2020-2601-4-10208,2020,2601,Dry Port - Hidd,IM,4,10208,65135,2/15/2020,3923301000,Plastic bottles for packaging,AE,AE,US,US,BH,BH,NMB,62.0,0.8,EXW,18.65,1.17,49.6,57.78,68.67,Released,5,2,2601,705,,,CR_HASH_098,CR_HASH_028,,2020-02-15,2020-02,392330100000,39,392330,False,Import,18.65,49.6,1.17,57.78,68.67,AE,CR_HASH_028,Plastic bottles for packaging
2020-2601-3-10209-1,2020-2601-3-10209,2020,2601,Dry Port - Hidd,IM,3,10209,64342,2/13/2020,8517120000,Cellular telephones,SA,SA,US,US,BH,BH,NMB,164.0,1039.83,CIF,64120.08,3.15,170532.12,91.2,97.96,Released,7,4,2601,628,,,CR_HASH_031,CR_HASH_034,,2020-02-13,2020-02,851712000000,85,851712,False,Import,64120.08,170532.12,3.15,91.2,97.96,SA,CR_HASH_034,Cellular telephones
2020-2601-4-10210-1,2020-2601-4-10210,2020,2601,Dry Port - Hidd,IM,4,10210,17729,6/22/2020,6109100000,Cotton t-shirts,JP,JP,JP,JP,BH,BH,NMB,103.0,4.7,EXW,182.02,0.55,484.1,415.96,456.82,Released,2,9,2601,849,,,CR_HASH_148,CR_HASH_035,,2020-06-22,2020-06,610910000000,61,610910,False,Import,182.02,484.1,0.55,415.96,456.82,JP,CR_HASH_035,Cotton t-shirts
2020-2501-8-10211-1,2020-2501-8-10211,2020,2501,Bahrain International Airport,IM,8,10211,23315,3/22/2020,3923301000,Plastic bottles for packaging,DE,DE,SA,SA,BH,BH,NMB,34.0,0.3,FOB,3.84,2.83,10.2,56.16,65.51,Pending,2,4,2501,718,,,CR_HASH_218,CR_HASH_010,,2020-03-22,2020-03,392330100000,39,392330,False,Import,3.84,10.2,2.83,56.16,65.51,DE,CR_HASH_010,Plastic bottles for packaging
2020-2701-1-10212-1,2020-2701-1-10212,2020,2701,Khalifa Bin Salman Port,,1,10212,40461,2/27/2020,2710192100,Gas oils for diesel engines,CN,CN,BH,BH,US,US,LTR,18323.39,1.02,CIF,7027.39,1.78,18689.86,15912.69,17322.12,Released,6,9,2701,264,,,CR_HASH_231,CR_HASH_027,,2020-02-27,2020-02,271019210000,27,271019,False,,7027.39,18689.86,1.78,15912.69,17322.12,,CR_HASH_027,Gas oils for diesel engines
2020-2601-2-10213-1,2020-2601-2-10213,2020,2601,Dry Port - Hidd,IM,2,10213,88758,4/3/2020,6109100000,Cotton t-shirts,IN,IN,IN,IN,BH,BH,NMB,51.0,14.1,CIF,270.38,1.75,719.1,297.08,343.85,Released,7,1,2601,745,,,CR_HASH_032,CR_HASH_030,,2020-04-03,2020-04,610910000000,61,610910,False,Import,270.38,719.1,1.75,297.08,343.85,IN,CR_HASH_030,Cotton t-shirts
2020-2501-1-10214-1,2020-2501-1-10214,2020,2501,Bahrain International Airport,IM,1,10214,92243,8/9/2020,8504400090,Static converters,CN,CN,CN,CN,BH,BH,NMB,49.0,43.36,FOB,798.86,3.03,2124.64,315.14,369.75,Released,5,8,2501,688,,,CR_HASH_035,CR_HASH_016,,2020-08-09,2020-08,850440009000,85,850440,False,Import,798.86,2124.64,3.03,315.14,369.75,CN,CR_HASH_016,Static converters
2020-2501-8-10215-1,2020-2501-8-10215,2020,2501,Bahrain International Airport,IM,8,10215,63098,2/18/2020,3923301000,Plastic bottles for packaging,CN,CN,CN,CN,BH,BH,NMB,150.0,0.68,FOB,38.35,0.86,102.0,170.04,198.29,Released,7,7,2501,332,,,CR_HASH_025,CR_HASH_033,,2020-02-18,2020-02,392330100000,39,392330,False,Import,38.35,102.0,0.86,170.04,198.29,CN,CR_HASH_033,Plastic bottles for packaging
2020-2601-9-10216-1,2020-2601-9-10216,2020,2601,Dry Port - Hidd,EX,9,10216,39354,4/17/2020,1006301000,Long-grain milled rice,BH,BH,BH,BH,JP,JP,KGM,3521.13,0.71,FOB,940.0,2.27,2500.0,3521.13,3745.55,Released,4,7,2601,632,,,CR_HASH_190,,CR_HASH_029,2020-04-17,2020-04,100630100000,10,100630,True,Re-export,940.0,2500.0,2.27,3521.13,3745.55,JP,CR_HASH_029,Long-grain milled rice
2020-2501-6-10217-1,2020-2501-6-10217,2020,2501,Bahrain International Airport,IM,6,10217,43525,6/22/2020,8517120000,Cellular telephones,IN,IN,IN,IN,BH,BH,NMB,63.0,255.42,CIF,6050.39,1.54,16091.46,210.1,245.5,Released,9,2,2501,734,,,CR_HASH_095,CR_HASH_004,,2020-06-22,2020-06,851712000000,85,851712,False,Import,6050.39,16091.46,1.54,210.1,245.5,IN,CR_HASH_004,Cellular telephones
2020-2701-9-10218-1,2020-2701-9-10218,2020,2701,Khalifa Bin Salman Port,IM,9,10218,25833,9/19/2020,8471300000,Portable laptop computers,JP,JP,US,US,BH,BH,NMB,61.0,563.1,FOB,12915.26,3.39,34349.1,235.18,273.38,Released,9,8,2701,323,,,CR_HASH_053,CR_HASH_048,,2020-09-19,2020-09,847130000000,84,847130,False,Import,12915.26,34349.1,3.39,235.18,273.38,JP,CR_HASH_048,Portable laptop computers
2020-2801-5-10219-1,2020-2801-5-10219,2020,2801,King Fahd Causeway,IM,5,10219,34290,3/16/2020,8471300000,Portable laptop computers,US,US,US,US,BH,BH,NMB,165.0,658.84,CIF,40874.43,2.49,108708.6,270.18,292.43,Released,2,3,2801,247,,,CR_HASH_162,CR_HASH_025,,2020-03-16,2020-03,847130000000,84,847130,False,Import,40874.43,108708.6,2.49,270.18,292.43,US,CR_HASH_025,Portable laptop computers
2020-2601-4-10220-1,2020-2601-4-10220,2020,2601,Dry Port - Hidd,IM,4,10220,58525,11/19/2020,8471300000,Portable laptop computers,SA,SA,SA,SA,BH,BH,NMB,89.0,416.31,EXW,13931.4,4.41,37051.59,55.35,66.12,Released,9,6,2601,403,,,CR_HASH_018,CR_HASH_040,,2020-11-19,2020-11,847130000000,84,847130,False,Import,13931.4,37051.59,4.41,55.35,66.12,SA,CR_HASH_040,Portable laptop computers
2020-2701-1-10221-1,2020-2701-1-10221,2020,2701,Khalifa Bin Salman Port,IM,1,10221,77102,1/3/2020,6109100000,Cotton t-shirts,JP,JP,IN,IN,BH,BH,NMB,154.0,4.89,FOB,283.15,4.64,753.06,442.3,478.03,Released,8,2,2701,923,,,CR_HASH_116,CR_HASH_023,,2020-01-03,2020-01,610910000000,61,610910,False,Import,283.15,753.06,4.64,442.3,478.03,JP,CR_HASH_023,Cotton t-shirts
2020-2801-4-10222-1,2020-2801-4-10222,2020,2801,King Fahd Causeway,IM,4,10222,27587,3/6/2020,3923301000,Plastic bottles for packaging,US,US,US,US,BH,BH,NMB,26.0,0.13,CIF,1.27,3.92,3.38,46.14,55.04,Pending,3,6,2801,153,,,CR_HASH_116,CR_HASH_011,,2020-03-06,2020-03,392330100000,39,392330,False,Import,1.27,3.38,3.92,46.14,55.04,US,CR_HASH_011,Plastic bottles for packaging
2020-2701-3-10223-1,2020-2701-3-10223,2020,2701,Khalifa Bin Salman Port,EX,3,10223,10420,9/4/2020,8504400090,Static converters,BH,BH,BH,BH,US,US,NMB,129.0,71.07,FOB,3447.18,3.35,9168.03,311.39,360.18,Released,2,7,2701,705,,,CR_HASH_149,,CR_HASH_033,2020-09-04,2020-09,850440009000,85,850440,True,Re-export,3447.18,9168.03,3.35,311.39,360.18,US,CR_HASH_033,Static converters
2020-2601-9-10224-1,2020-2601-9-10224,2020,2601,Dry Port - Hidd,IM,9,10224,21598,10/23/2020,102211000,"Live cattle, pure-bred breeding",US,US,US,US,BH,BH,NMB,130.0,1365.04,FOB,66723.16,4.75,177455.2,253.18,286.41,Released,2,4,2601,310,,,CR_HASH_041,CR_HASH_013,,2020-10-23,2020-10,102211000000,10,102211,False,Import,66723.16,177455.2,4.75,253.18,286.41,US,CR_HASH_013,"Live cattle, pure-bred breeding"
2020-2701-1-10225-1,2020-2701-1-10225,2020,2701,Khalifa Bin Salman Port,EX,1,10225,11449,11/25/2020,6109100000,Cotton t-shirts,BH,BH,BH,BH,IN,IN,NMB,9.0,11.38,CIF,38.51,1.28,102.42,8.34,9.73,Released,9,1,2701,157,,,CR_HASH_010,,CR_HASH_019,2020-11-25,2020-11,610910000000,61,610910,True,Re-export,38.51,102.42,1.28,8.34,9.73,IN,CR_HASH_019,Cotton t-shirts
2020-2801-4-10226-1,2020-2801-4-10226,2020,2801,King Fahd Causeway,EX,4,10226,41846,4/9/2020,6109100000,Cotton t-shirts,BH,BH,BH,BH,CN,CN,NMB,7.0,11.25,EXW,29.61,1.34,78.75,3.54,4.03,Released,5,3,2801,141,,,CR_HASH_184,,CR_HASH_015,2020-04-09,2020-04,610910000000,61,610910,True,Re-export,29.61,78.75,1.34,3.54,4.03,CN,CR_HASH_015,Cotton t-shirts
2020-2801-1-10227-1,2020-2801-1-10227,2020,2801,King Fahd Causeway,,1,10227,72157,1/26/2020,8504400090,Static converters,DE,DE,BH,BH,DE,DE,NMB,183.0,98.66,CIF,6788.6,1.35,18054.78,1072.73,1223.04,Released,5,1,2801,821,,,CR_HASH_036,CR_HASH_004,,2020-01-26,2020-01,850440009000,85,850440,False,,6788.6,18054.78,1.35,1072.73,1223.04,,CR_HASH_004,Static converters
2020-2601-9-10228-1,2020-2601-9-10228,2020,2601,Dry Port - Hidd,,9,10228,10392,8/9/2020,6109100000,Cotton t-shirts,SA,SA,BH,BH,AE,AE,NMB,134.0,11.24,CIF,566.32,4.72,1506.16,938.34,1036.59,Released,7,3,2601,832,,,CR_HASH_011,CR_HASH_035,,2020-08-09,2020-08,610910000000,61,610910,False,,566.32,1506.16,4.72,938.34,1036.59,,CR_HASH_035,Cotton t-shirts
2020-2801-2-10229-1,2020-2801-2-10229,2020,2801,King Fahd Causeway,EX,2,10229,64690,6/28/2020,8471300000,Portable laptop computers,BH,BH,BH,BH,IN,IN,NMB,12.0,202.35,CIF,913.0,2.99,2428.2,18.9,20.66,Released,7,2,2801,682,,,CR_HASH_073,,CR_HASH_010,2020-06-28,2020-06,847130000000,84,847130,True,Re-export,913.0,2428.2,2.99,18.9,20.66,IN,CR_HASH_010,Portable laptop computers
2020-2601-3-10230-1,2020-2601-3-10230,2020,2601,Dry Port - Hidd,EX,3,10230,68444,10/5/2020,8703221000,Passenger cars 1000-1500cc,BH,BH,BH,BH,SA,SA,NMB,116.0,8086.07,FOB,352682.03,2.38,937984.12,860.78,1022.18,Pending,1,1,2601,309,,,CR_HASH_024,,CR_HASH_037,2020-10-05,2020-10,870322100000,87,870322,True,Re-export,352682.03,937984.12,2.38,860.78,1022.18,SA,CR_HASH_037,Passenger cars 1000-1500cc
2020-2501-1-10231-1,2020-2501-1-10231,2020,2501,Bahrain International Airport,EX,1,10231,32861,1/23/2020,3923301000,Plastic bottles for packaging,BH,BH,BH,BH,IN,IN,NMB,19.0,0.35,FOB,2.5,0.56,6.65,93.61,100.35,Held,3,1,2501,397,,,CR_HASH_213,,CR_HASH_037,2020-01-23,2020-01,392330100000,39,392330,True,Re-export,2.5,6.65,0.56,93.61,100.35,IN,CR_HASH_037,Plastic bottles for packaging
2020-2601-5-10232-1,2020-2601-5-10232,2020,2601,Dry Port - Hidd,IM,5,10232,53515,11/1/2020,9018390000,Medical syringes and needles,IN,IN,IN,IN,BH,BH,NMB,7.0,0.36,CIF,0.95,1.0,2.52,13.73,15.75,Released,2,5,2601,429,,,CR_HASH_190,CR_HASH_017,,2020-11-01,2020-11,901839000000,90,901839,False,Import,0.95,2.52,1.0,13.73,15.75,IN,CR_HASH_017,Medical syringes and needles
2020-2701-2-10233-1,2020-2701-2-10233,2020,2701,Khalifa Bin Salman Port,IM,2,10233,80801,2/6/2020,8471300000,Portable laptop computers,US,US,US,US,BH,BH,NMB,27.0,770.17,CIF,7818.77,1.02,20794.59,195.4,221.67,Held,6,3,2701,410,,,CR_HASH_178,CR_HASH_046,,2020-02-06,2020-02,847130000000,84,847130,False,Import,7818.77,20794.59,1.02,195.4,221.67,US,CR_HASH_046,Portable laptop computers
2020-2801-6-10234-1,2020-2801-6-10234,2020,2801,King Fahd Causeway,IM,6,10234,19129,4/13/2020,9018390000,Medical syringes and needles,CN,CN,CN,CN,BH,BH,NMB,61.0,0.49,EXW,11.24,3.04,29.89,47.57,55.69,Released,2,1,2801,104,,,CR_HASH_118,CR_HASH_005,,2020-04-13,2020-04,901839000000,90,901839,False,Import,11.24,29.89,3.04,47.57,55.69,CN,CR_HASH_005,Medical syringes and needles
2020-2501-7-10235-1,2020-2501-7-10235,2020,2501,Bahrain International Airport,IM,7,10235,94444,1/30/2020,102211000,"Live cattle, pure-bred breeding",CN,CN,CN,CN,BH,BH,NMB,15.0,1611.04,EXW,9086.27,3.18,24165.6,93.38,111.38,Released,6,7,2501,738,,,CR_HASH_081,CR_HASH_007,,2020-01-30,2020-01,102211000000,10,102211,False,Import,9086.27,24165.6,3.18,93.38,111.38,CN,CR_HASH_007,"Live cattle, pure-bred breeding"
2020-2701-5-10236-1,2020-2701-5-10236,2020,2701,Khalifa Bin Salman Port,IM,5,10236,18480,7/27/2020,9018390000,Medical syringes and needles,CN,CN,CN,CN,BH,BH,NMB,36.0,0.29,CIF,3.93,3.37,10.44,27.07,29.54,Released,1,6,2701,222,,,CR_HASH_121,CR_HASH_006,,2020-07-27,2020-07,901839000000,90,901839,False,Import,3.93,10.44,3.37,27.07,29.54,CN,CR_HASH_006,Medical syringes and needles
2020-2501-1-10237-1,2020-2501-1-10237,2020,2501,Bahrain International Airport,EX,1,10237,43308,6/3/2020,8517120000,Cellular telephones,BH,BH,BH,BH,AE,AE,NMB,87.0,488.02,EXW,15964.11,2.74,42457.74,364.25,409.07,Held,5,2,2501,123,,,CR_HASH_003,,CR_HASH_048,2020-06-03,2020-06,851712000000,85,851712,True,Re-export,15964.11,42457.74,2.74,364.25,409.07,AE,CR_HASH_048,Cellular telephones
2020-2801-5-10238-1,2020-2801-5-10238,2020,2801,King Fahd Causeway,EX,5,10238,38860,2/19/2020,2710192100,Gas oils for diesel engines,BH,BH,BH,BH,CN,CN,LTR,5490.81,0.12,CIF,247.75,4.7,658.9,4186.07,4411.39,Held,9,5,2801,590,,,CR_HASH_118,,CR_HASH_030,2020-02-19,2020-02,271019210000,27,271019,True,Re-export,247.75,658.9,4.7,4186.07,4411.39,CN,CR_HASH_030,Gas oils for diesel engines
2020-2701-4-10239-1,2020-2701-4-10239,2020,2701,Khalifa Bin Salman Port,IM,4,10239,73690,10/14/2020,102211000,"Live cattle, pure-bred breeding",CN,CN,CN,CN,BH,BH,NMB,97.0,2053.68,CIF,74901.82,3.22,199206.96,57.57,64.2,Held,2,8,2701,937,,,CR_HASH_016,CR_HASH_040,,2020-10-14,2020-10,102211000000,10,102211,False,Import,74901.82,199206.96,3.22,57.57,64.2,CN,CR_HASH_040,"Live cattle, pure-bred breeding"
2020-2501-8-10240-1,2020-2501-8-10240,2020,2501,Bahrain International Airport,EX,8,10240,26861,5/28/2020,9018390000,Medical syringes and needles,BH,BH,BH,BH,CN,CN,NMB,101.0,0.15,FOB,5.7,2.86,15.15,70.35,76.43,Released,8,8,2501,362,,,CR_HASH_113,,CR_HASH_018,2020-05-28,2020-05,901839000000,90,901839,True,Re-export,5.7,15.15,2.86,70.35,76.43,CN,CR_HASH_018,Medical syringes and needles
2020-2701-2-10241-1,2020-2701-2-10241,2020,2701,Khalifa Bin Salman Port,IM,2,10241,39646,11/26/2020,2710192100,Gas oils for diesel engines,AE,AE,AE,AE,BH,BH,LTR,16524.57,0.44,FOB,2733.82,0.65,7270.81,15022.57,17102.35,Released,2,9,2701,134,,,CR_HASH_220,CR_HASH_038,,2020-11-26,2020-11,271019210000,27,271019,False,Import,2733.82,7270.81,0.65,15022.57,17102.35,AE,CR_HASH_038,Gas oils for diesel engines
2020-2601-2-10242-1,2020-2601-2-10242,2020,2601,Dry Port - Hidd,IM,2,10242,34753,1/9/2020,1006301000,Long-grain milled rice,SA,SA,SA,SA,BH,BH,KGM,1845.96,1.02,FOB,707.96,3.18,1882.88,1845.96,2026.33,Released,3,7,2601,396,,,CR_HASH_045,CR_HASH_017,,2020-01-09,2020-01,100630100000,10,100630,False,Import,707.96,1882.88,3.18,1845.96,2026.33,SA,CR_HASH_017,Long-grain milled rice
2020-2701-3-10243-1,2020-2701-3-10243,2020,2701,Khalifa Bin Salman Port,EX,3,10243,55651,8/2/2020,6109100000,Cotton t-shirts,BH,BH,BH,BH,CN,CN,NMB,80.0,7.73,EXW,232.52,0.55,618.4,553.1,594.29,Released,6,9,2701,573,,,CR_HASH_034,,CR_HASH_018,2020-08-02,2020-08,610910000000,61,610910,True,Re-export,232.52,618.4,0.55,553.1,594.29,CN,CR_HASH_018,Cotton t-shirts
2020-2601-9-10244-1,2020-2601-9-10244,2020,2601,Dry Port - Hidd,EX,9,10244,94494,6/15/2020,8471300000,Portable laptop computers,BH,BH,BH,BH,AE,AE,NMB,58.0,713.08,EXW,15550.85,2.48,41358.64,117.16,135.06,Released,3,8,2601,224,,,CR_HASH_241,,CR_HASH_027,2020-06-15,2020-06,847130000000,84,847130,True,Re-export,15550.85,41358.64,2.48,117.16,135.06,AE,CR_HASH_027,Portable laptop computers
2020-2701-3-10245-1,2020-2701-3-10245,2020,2701,Khalifa Bin Salman Port,EX,3,10245,68316,5/25/2020,3923301000,Plastic bottles for packaging,BH,BH,BH,BH,CN,CN,NMB,130.0,0.62,EXW,30.31,4.25,80.6,172.42,198.94,Released,4,5,2701,547,,,CR_HASH_008,,CR_HASH_024,2020-05-25,2020-05,392330100000,39,392330,True,Re-export,30.31,80.6,4.25,172.42,198.94,CN,CR_HASH_024,Plastic bottles for packaging
2020-2501-8-10246-1,2020-2501-8-10246,2020,2501,Bahrain International Airport,IM,8,10246,58455,11/28/2020,9018390000,Medical syringes and needles,AE,AE,AE,AE,BH,BH,NMB,162.0,0.28,CIF,17.06,1.85,45.36,881.5,943.29,Released,3,4,2501,657,,,CR_HASH_135,CR_HASH_026,,2020-11-28,2020-11,901839000000,90,901839,False,Import,17.06,45.36,1.85,881.5,943.29,AE,CR_HASH_026,Medical syringes and needles
2020-2801-7-10247-1,2020-2801-7-10247,2020,2801,King Fahd Causeway,IM,7,10247,17772,1/24/2020,8471300000,Portable laptop computers,SA,SA,SA,SA,BH,BH,NMB,13.0,709.5,EXW,3468.04,4.66,9223.5,21.53,24.31,Held,4,8,2801,753,,,CR_HASH_212,CR_HASH_034,,2020-01-24,2020-01,847130000000,84,847130,False,Import,3468.04,9223.5,4.66,21.53,24.31,SA,CR_HASH_034,Portable laptop computers
2020-2501-6-10248-1,2020-2501-6-10248,2020,2501,Bahrain International Airport,IM,6,10248,38400,7/24/2020,3923301000,Plastic bottles for packaging,AE,AE,AE,AE,BH,BH,NMB,196.0,0.27,CIF,19.9,1.35,52.92,571.84,601.04,Released,1,8,2501,427,,,CR_HASH_149,CR_HASH_030,,2020-07-24,2020-07,392330100000,39,392330,False,Import,19.9,52.92,1.35,571.84,601.04,AE,CR_HASH_030,Plastic bottles for packaging
2020-2801-2-10249-1,2020-2801-2-10249,2020,2801,King Fahd Causeway,IM,2,10249,24307,2/7/2020,2710192100,Gas oils for diesel engines,IN,IN,IN,IN,BH,BH,LTR,13741.95,0.98,EXW,5063.63,4.02,13467.11,11843.48,12437.42,Released,9,2,2801,911,,,CR_HASH_008,CR_HASH_002,,2020-02-07,2020-02,271019210000,27,271019,False,Import,5063.63,13467.11,4.02,11843.48,12437.42,IN,CR_HASH_002,Gas oils for diesel engines
2020-2501-1-10250-1,2020-2501-1-10250,2020,2501,Bahrain International Airport,IM,1,10250,53486,1/12/2020,8504400090,Static converters,CN,CN,SA,SA,BH,BH,NMB,52.0,203.7,CIF,3982.74,4.85,10592.4,335.28,383.21,Held,4,5,2501,501,,,CR_HASH_097,CR_HASH_015,,2020-01-12,2020-01,850440009000,85,850440,False,Import,3982.74,10592.4,4.85,335.28,383.21,CN,CR_HASH_015,Static converters
2020-2701-5-10251-1,2020-2701-5-10251,2020,2701,Khalifa Bin Salman Port,EX,5,10251,35522,10/17/2020,1006301000,Long-grain milled rice,BH,BH,BH,BH,JP,JP,KGM,2808.09,0.88,FOB,929.14,3.67,2471.12,2808.09,3341.11,Released,8,9,2701,606,,,CR_HASH_074,,CR_HASH_028,2020-10-17,2020-10,100630100000,10,100630,True,Re-export,929.14,2471.12,3.67,2808.09,3341.11,JP,CR_HASH_028,Long-grain milled rice
2020-2701-2-10252-1,2020-2701-2-10252,2020,2701,Khalifa Bin Salman Port,IM,2,10252,64901,7/19/2020,8504400090,Static converters,US,US,US,US,BH,BH,NMB,44.0,194.15,FOB,3212.02,4.17,8542.6,22.82,26.89,Released,3,7,2701,772,,,CR_HASH_169,CR_HASH_026,,2020-07-19,2020-07,850440009000,85,850440,False,Import,3212.02,8542.6,4.17,22.82,26.89,US,CR_HASH_026,Static converters
2020-2601-4-10253-1,2020-2601-4-10253,2020,2601,Dry Port - Hidd,IM,4,10253,54689,10/4/2020,1006301000,Long-grain milled rice,AE,AE,AE,AE,BH,BH,KGM,2128.74,1.03,FOB,824.42,3.57,2192.6,2128.74,2416.26,Held,5,3,2601,566,,,CR_HASH_213,CR_HASH_037,,2020-10-04,2020-10,100630100000,10,100630,False,Import,824.42,2192.6,3.57,2128.74,2416.26,AE,CR_HASH_037,Long-grain milled rice
2020-2701-7-10254-1,2020-2701-7-10254,2020,2701,Khalifa Bin Salman Port,EX,7,10254,82885,12/17/2020,8517120000,Cellular telephones,BH,BH,BH,BH,SA,SA,NMB,197.0,1168.39,EXW,86544.98,2.84,230172.83,998.93,1074.67,Released,8,8,2701,198,,,CR_HASH_018,,CR_HASH_027,2020-12-17,2020-12,851712000000,85,851712,True,Re-export,86544.98,230172.83,2.84,998.93,1074.67,SA,CR_HASH_027,Cellular telephones
2020-2601-8-10255-1,2020-2601-8-10255,2020,2601,Dry Port - Hidd,IM,8,10255,52612,8/6/2020,8703221000,Passenger cars 1000-1500cc,IN,IN,IN,IN,BH,BH,NMB,198.0,7171.73,CIF,533920.96,3.67,1420002.54,171.35,180.34,Released,3,8,2601,646,,,CR_HASH_108,CR_HASH_002,,2020-08-06,2020-08,870322100000,87,870322,False,Import,533920.96,1420002.54,3.67,171.35,180.34,IN,CR_HASH_002,Passenger cars 1000-1500cc
2020-2701-6-10256-1,2020-2701-6-10256,2020,2701,Khalifa Bin Salman Port,EX,6,10256,68795,3/24/2020,9018390000,Medical syringes and needles,BH,BH,BH,BH,AE,AE,NMB,31.0,0.19,FOB,2.21,2.66,5.89,221.47,240.03,Pending,9,2,2701,202,,,CR_HASH_035,,CR_HASH_017,2020-03-24,2020-03,901839000000,90,901839,True,Re-export,2.21,5.89,2.66,221.47,240.03,AE,CR_HASH_017,Medical syringes and needles
2020-2801-5-10257-1,2020-2801-5-10257,2020,2801,King Fahd Causeway,IM,5,10257,48528,3/30/2020,9018390000,Medical syringes and needles,CN,CN,SA,SA,BH,BH,NMB,129.0,0.2,FOB,9.7,3.7,25.8,546.59,649.83,Released,5,1,2801,913,,,CR_HASH_128,CR_HASH_031,,2020-03-30,2020-03,901839000000,90,901839,False,Import,9.7,25.8,3.7,546.59,649.83,CN,CR_HASH_031,Medical syringes and needles
2020-2501-3-10258-1,2020-2501-3-10258,2020,2501,Bahrain International Airport,IM,3,10258,37634,11/21/2020,3923301000,Plastic bottles for packaging,IN,IN,IN,IN,BH,BH,NMB,64.0,0.7,EXW,16.84,1.95,44.8,397.74,426.01,Released,6,4,2501,226,,,CR_HASH_203,CR_HASH_012,,2020-11-21,2020-11,392330100000,39,392330,False,Import,16.84,44.8,1.95,397.74,426.01,IN,CR_HASH_012,Plastic bottles for packaging
2020-2601-3-10259-1,2020-2601-3-10259,2020,2601,Dry Port - Hidd,EX,3,10259,90963,10/27/2020,8504400090,Static converters,BH,BH,BH,BH,IN,IN,NMB,149.0,231.1,EXW,12947.15,2.26,34433.9,523.4,606.29,Released,5,7,2601,800,,,CR_HASH_100,,CR_HASH_045,2020-10-27,2020-10,850440009000,85,850440,True,Re-export,12947.15,34433.9,2.26,523.4,606.29,IN,CR_HASH_045,Static converters
2020-2601-5-10260-1,2020-2601-5-10260,2020,2601,Dry Port - Hidd,IM,5,10260,31477,5/22/2020,9018390000,Medical syringes and needles,CN,CN,AE,AE,BH,BH,NMB,13.0,0.41,FOB,2.0,1.79,5.33,91.27,107.92,Released,2,1,2601,550,,,CR_HASH_078,CR_HASH_047,,2020-05-22,2020-05,901839000000,90,901839,False,Import,2.0,5.33,1.79,91.27,107.92,CN,CR_HASH_047,Medical syringes and needles
2020-2501-4-10261-1,2020-2501-4-10261,2020,2501,Bahrain International Airport,IM,4,10261,65351,12/27/2020,3923301000,Plastic bottles for packaging,CN,CN,CN,CN,BH,BH,NMB,154.0,0.2,CIF,11.58,3.21,30.8,834.73,917.47,Held,6,7,2501,496,,,CR_HASH_001,CR_HASH_026,,2020-12-27,2020-12,392330100000,39,392330,False,Import,11.58,30.8,3.21,834.73,917.47,CN,CR_HASH_026,Plastic bottles for packaging
2020-2601-2-10262-1,2020-2601-2-10262,2020,2601,Dry Port - Hidd,IM,2,10262,79805,5/13/2020,9018390000,Medical syringes and needles,CN,CN,CN,CN,BH,BH,NMB,64.0,0.48,EXW,11.55,3.53,30.72,433.05,498.12,Pending,6,2,2601,270,,,CR_HASH_085,CR_HASH_028,,2020-05-13,2020-05,901839000000,90,901839,False,Import,11.55,30.72,3.53,433.05,498.12,CN,CR_HASH_028,Medical syringes and needles
2020-2501-7-10263-1,2020-2501-7-10263,2020,2501,Bahrain International Airport,IM,7,10263,68073,3/15/2020,3923301000,Plastic bottles for packaging,CN,CN,IN,IN,BH,BH,NMB,103.0,0.39,CIF,15.1,0.64,40.17,218.86,256.22,Released,8,6,2501,258,,,CR_HASH_126,CR_HASH_027,,2020-03-15,2020-03,392330100000,39,392330,False,Import,15.1,40.17,0.64,218.86,256.22,CN,CR_HASH_027,Plastic bottles for packaging
2020-2501-7-10264-1,2020-2501-7-10264,2020,2501,Bahrain International Airport,IM,7,10264,28283,6/9/2020,8504400090,Static converters,IN,IN,IN,IN,BH,BH,NMB,56.0,115.65,EXW,2435.13,0.87,6476.4,116.28,127.49,Released,5,2,2501,899,,,CR_HASH_088,CR_HASH_027,,2020-06-09,2020-06,850440009000,85,850440,False,Import,2435.13,6476.4,0.87,116.28,127.49,IN,CR_HASH_027,Static converters
2020-2701-8-10265-1,2020-2701-8-10265,2020,2701,Khalifa Bin Salman Port,EX,8,10265,40568,6/1/2020,8703221000,Passenger cars 1000-1500cc,BH,BH,BH,BH,JP,JP,NMB,12.0,9253.49,CIF,41751.75,1.08,111041.88,67.15,72.93,Pending,4,1,2701,617,,,CR_HASH_063,,CR_HASH_021,2020-06-01,2020-06,870322100000,87,870322,True,Re-export,41751.75,111041.88,1.08,67.15,72.93,JP,CR_HASH_021,Passenger cars 1000-1500cc
2020-2601-8-10266-1,2020-2601-8-10266,2020,2601,Dry Port - Hidd,EX,8,10266,35034,11/19/2020,6109100000,Cotton t-shirts,BH,BH,BH,BH,JP,JP,NMB,148.0,6.5,EXW,361.71,3.82,962.0,431.46,490.02,Released,1,2,2601,990,,,CR_HASH_074,,CR_HASH_015,2020-11-19,2020-11,610910000000,61,610910,True,Re-export,361.71,962.0,3.82,431.46,490.02,JP,CR_HASH_015,Cotton t-shirts
2020-2701-5-10267-1,2020-2701-5-10267,2020,2701,Khalifa Bin Salman Port,IM,5,10267,66117,6/4/2020,8471300000,Portable laptop computers,DE,DE,DE,DE,BH,BH,NMB,37.0,211.46,CIF,2941.83,2.94,7824.02,124.34,131.28,Released,7,9,2701,480,,,CR_HASH_060,CR_HASH_030,,2020-06-04,2020-06,847130000000,84,847130,False,Import,2941.83,7824.02,2.94,124.34,131.28,DE,CR_HASH_030,Portable laptop computers
2020-2601-6-10268-1,2020-2601-6-10268,2020,2601,Dry Port - Hidd,EX,6,10268,15474,4/13/2020,8471300000,Portable laptop computers,BH,BH,BH,BH,CN,CN,NMB,97.0,429.52,CIF,15665.45,1.99,41663.44,466.13,537.28,Released,3,7,2601,833,,,CR_HASH_007,,CR_HASH_027,2020-04-13,2020-04,847130000000,84,847130,True,Re-export,15665.45,41663.44,1.99,466.13,537.28,CN,CR_HASH_027,Portable laptop computers
2020-2801-7-10269-1,2020-2801-7-10269,2020,2801,King Fahd Causeway,,7,10269,82161,6/9/2020,8504400090,Static converters,SA,SA,BH,BH,DE,DE,NMB,173.0,196.84,EXW,12804.05,2.64,34053.32,1166.5,1352.6,Pending,2,6,2801,609,,,CR_HASH_213,CR_HASH_021,,2020-06-09,2020-06,850440009000,85,850440,False,,12804.05,34053.32,2.64,1166.5,1352.6,,CR_HASH_021,Static converters
2020-2701-8-10270-1,2020-2701-8-10270,2020,2701,Khalifa Bin Salman Port,EX,8,10270,58978,7/7/2020,8517120000,Cellular telephones,BH,BH,BH,BH,DE,DE,NMB,86.0,1001.7,EXW,32390.97,4.58,86146.2,203.55,235.39,Released,6,6,2701,620,,,CR_HASH_026,,CR_HASH_038,2020-07-07,2020-07,851712000000,85,851712,True,Re-export,32390.97,86146.2,4.58,203.55,235.39,DE,CR_HASH_038,Cellular telephones
2020-2501-7-10271-1,2020-2501-7-10271,2020,2501,Bahrain International Airport,EX,7,10271,87083,11/26/2020,3923301000,Plastic bottles for packaging,BH,BH,BH,BH,US,US,NMB,44.0,0.61,EXW,10.09,0.91,26.84,91.69,98.87,Released,2,7,2501,282,,,CR_HASH_064,,CR_HASH_002,2020-11-26,2020-11,392330100000,39,392330,True,Re-export,10.09,26.84,0.91,91.69,98.87,US,CR_HASH_002,Plastic bottles for packaging
2020-2801-8-10272-1,2020-2801-8-10272,2020,2801,King Fahd Causeway,IM,8,10272,53301,4/1/2020,8504400090,Static converters,AE,AE,AE,AE,BH,BH,NMB,62.0,74.06,CIF,1726.49,1.75,4591.72,380.36,425.89,Released,9,3,2801,248,,,CR_HASH_093,CR_HASH_017,,2020-04-01,2020-04,850440009000,85,850440,False,Import,1726.49,4591.72,1.75,380.36,425.89,AE,CR_HASH_017,Static converters
2020-2801-5-10273-1,2020-2801-5-10273,2020,2801,King Fahd Causeway,IM,5,10273,69011,2/25/2020,2710192100,Gas oils for diesel engines,IN,IN,IN,IN,BH,BH,LTR,2223.61,0.52,EXW,434.76,4.83,1156.28,1817.57,2088.95,Released,7,6,2801,835,,,CR_HASH_073,CR_HASH_031,,2020-02-25,2020-02,271019210000,27,271019,False,Import,434.76,1156.28,4.83,1817.57,2088.95,IN,CR_HASH_031,Gas oils for diesel engines
2020-2801-4-10274-1,2020-2801-4-10274,2020,2801,King Fahd Causeway,EX,4,10274,35184,6/20/2020,1006301000,Long-grain milled rice,BH,BH,BH,BH,DE,DE,KGM,3551.85,0.49,EXW,654.39,1.52,1740.41,3551.85,3774.72,Released,5,7,2801,934,,,CR_HASH_123,,CR_HASH_041,2020-06-20,2020-06,100630100000,10,100630,True,Re-export,654.39,1740.41,1.52,3551.85,3774.72,DE,CR_HASH_041,Long-grain milled rice
2020-2801-5-10275-1,2020-2801-5-10275,2020,2801,King Fahd Causeway,IM,5,10275,68777,3/12/2020,8517120000,Cellular telephones,US,US,US,US,BH,BH,NMB,185.0,867.96,FOB,60375.3,4.0,160572.6,305.51,346.56,Released,6,4,2801,113,,,CR_HASH_087,CR_HASH_006,,2020-03-12,2020-03,851712000000,85,851712,False,Import,60375.3,160572.6,4.0,305.51,346.56,US,CR_HASH_006,Cellular telephones
2020-2501-1-10276-1,2020-2501-1-10276,2020,2501,Bahrain International Airport,IM,1,10276,33007,4/10/2020,102211000,"Live cattle, pure-bred breeding",CN,CN,CN,CN,BH,BH,NMB,42.0,1331.06,EXW,21020.1,3.05,55904.52,230.82,264.16,Held,2,8,2501,607,,,CR_HASH_154,CR_HASH_046,,2020-04-10,2020-04,102211000000,10,102211,False,Import,21020.1,55904.52,3.05,230.82,264.16,CN,CR_HASH_046,"Live cattle, pure-bred breeding"
2020-2501-7-10277-1,2020-2501-7-10277,2020,2501,Bahrain International Airport,IM,7,10277,58450,3/22/2020,1006301000,Long-grain milled rice,SA,SA,IN,IN,BH,BH,KGM,2012.27,0.87,FOB,658.25,3.75,1750.67,2012.27,2302.36,Released,4,5,2501,357,,,CR_HASH_192,CR_HASH_006,,2020-03-22,2020-03,100630100000,10,100630,False,Import,658.25,1750.67,3.75,2012.27,2302.36,SA,CR_HASH_006,Long-grain milled rice
2020-2501-3-10278-1,2020-2501-3-10278,2020,2501,Bahrain International Airport,IM,3,10278,74120,4/9/2020,9018390000,Medical syringes and needles,AE,AE,AE,AE,BH,BH,NMB,187.0,0.33,EXW,23.2,0.68,61.71,752.93,823.36,Released,8,4,2501,354,,,CR_HASH_020,CR_HASH_022,,2020-04-09,2020-04,901839000000,90,901839,False,Import,23.2,61.71,0.68,752.93,823.36,AE,CR_HASH_022,Medical syringes and needles
2020-2701-8-10279-1,2020-2701-8-10279,2020,2701,Khalifa Bin Salman Port,,8,10279,16592,5/10/2020,6109100000,Cotton t-shirts,AE,AE,BH,BH,IN,IN,NMB,103.0,9.91,CIF,383.79,2.41,1020.73,617.22,713.39,Released,3,9,2701,429,,,CR_HASH_129,CR_HASH_012,,2020-05-10,2020-05,610910000000,61,610910,False,,383.79,1020.73,2.41,617.22,713.39,,CR_HASH_012,Cotton t-shirts
2020-2601-4-10280-1,2020-2601-4-10280,2020,2601,Dry Port - Hidd,IM,4,10280,70831,11/5/2020,6109100000,Cotton t-shirts,SA,SA,SA,SA,BH,BH,NMB,53.0,12.46,CIF,248.3,4.77,660.38,213.31,224.88,Released,5,3,2601,349,,,CR_HASH_055,CR_HASH_044,,2020-11-05,2020-11,610910000000,61,610910,False,Import,248.3,660.38,4.77,213.31,224.88,SA,CR_HASH_044,Cotton t-shirts
2020-2501-3-10281-1,2020-2501-3-10281,2020,2501,Bahrain International Airport,IM,3,10281,28614,7/25/2020,8517120000,Cellular telephones,CN,CN,CN,CN,BH,BH,NMB,124.0,613.75,CIF,28615.48,4.79,76105.0,173.49,208.16,Released,1,8,2501,476,,,CR_HASH_160,CR_HASH_021,,2020-07-25,2020-07,851712000000,85,851712,False,Import,28615.48,76105.0,4.79,173.49,208.16,CN,CR_HASH_021,Cellular telephones
2020-2701-5-10282-1,2020-2701-5-10282,2020,2701,Khalifa Bin Salman Port,,5,10282,47940,5/10/2020,3923301000,Plastic bottles for packaging,CN,CN,BH,BH,IN,IN,NMB,94.0,0.42,CIF,14.84,1.14,39.48,742.76,874.53,Held,6,5,2701,563,,,CR_HASH_207,CR_HASH_046,,2020-05-10,2020-05,392330100000,39,392330,False,,14.84,39.48,1.14,742.76,874.53,,CR_HASH_046,Plastic bottles for packaging
2020-2701-8-10283-1,2020-2701-8-10283,2020,2701,Khalifa Bin Salman Port,IM,8,10283,73437,9/17/2020,3923301000,Plastic bottles for packaging,CN,CN,CN,CN,BH,BH,NMB,190.0,0.32,CIF,22.86,2.18,60.8,299.27,350.61,Released,5,7,2701,187,,,CR_HASH_155,CR_HASH_038,,2020-09-17,2020-09,392330100000,39,392330,False,Import,22.86,60.8,2.18,299.27,350.61,CN,CR_HASH_038,Plastic bottles for packaging
2020-2601-8-10284-1,2020-2601-8-10284,2020,2601,Dry Port - Hidd,IM,8,10284,56682,10/24/2020,8703221000,Passenger cars 1000-1500cc,US,US,US,US,BH,BH,NMB,109.0,21397.7,EXW,876963.34,3.47,2332349.3,378.16,414.36,Released,7,4,2601,539,,,CR_HASH_097,CR_HASH_020,,2020-10-24,2020-10,870322100000,87,870322,False,Import,876963.34,2332349.3,3.47,378.16,414.36,US,CR_HASH_020,Passenger cars 1000-1500cc
2020-2801-8-10285-1,2020-2801-8-10285,2020,2801,King Fahd Causeway,IM,8,10285,68688,3/20/2020,8517120000,Cellular telephones,AE,AE,AE,AE,BH,BH,NMB,69.0,1115.24,FOB,28933.79,3.14,76951.56,463.33,496.15,Released,5,7,2801,132,,,CR_HASH_024,CR_HASH_045,,2020-03-20,2020-03,851712000000,85,851712,False,Import,28933.79,76951.56,3.14,463.33,496.15,AE,CR_HASH_045,Cellular telephones
2020-2601-1-10286-1,2020-2601-1-10286,2020,2601,Dry Port - Hidd,IM,1,10286,64746,8/9/2020,102211000,"Live cattle, pure-bred breeding",CN,CN,CN,CN,BH,BH,NMB,90.0,1903.47,EXW,64413.42,4.47,171312.3,170.32,183.71,Released,3,2,2601,768,,,CR_HASH_086,CR_HASH_016,,2020-08-09,2020-08,102211000000,10,102211,False,Import,64413.42,171312.3,4.47,170.32,183.71,CN,CR_HASH_016,"Live cattle, pure-bred breeding"
2020-2801-8-10287-1,2020-2801-8-10287,2020,2801,King Fahd Causeway,,8,10287,99016,2/3/2020,9018390000,Medical syringes and needles,JP,JP,BH,BH,JP,JP,NMB,59.0,1.2,CIF,26.62,0.98,70.8,60.01,68.35,Pending,1,4,2801,404,,,CR_HASH_179,CR_HASH_010,,2020-02-03,2020-02,901839000000,90,901839,False,,26.62,70.8,0.98,60.01,68.35,,CR_HASH_010,Medical syringes and needles
2020-2701-2-10288-1,2020-2701-2-10288,2020,2701,Khalifa Bin Salman Port,IM,2,10288,66616,4/25/2020,8517120000,Cellular telephones,CN,CN,CN,CN,BH,BH,NMB,139.0,401.23,EXW,20969.88,1.15,55770.97,234.39,261.3,Pending,5,7,2701,277,,,CR_HASH_018,CR_HASH_008,,2020-04-25,2020-04,851712000000,85,851712,False,Import,20969.88,55770.97,1.15,234.39,261.3,CN,CR_HASH_008,Cellular telephones
2020-2501-6-10289-1,2020-2501-6-10289,2020,2501,Bahrain International Airport,IM,6,10289,31080,7/30/2020,102211000,"Live cattle, pure-bred breeding",SA,SA,SA,SA,BH,BH,NMB,181.0,1036.98,CIF,70572.71,0.82,187693.38,689.18,783.73,Released,4,2,2501,220,,,CR_HASH_014,CR_HASH_011,,2020-07-30,2020-07,102211000000,10,102211,False,Import,70572.71,187693.38,0.82,689.18,783.73,SA,CR_HASH_011,"Live cattle, pure-bred breeding"
2020-2501-9-10290-1,2020-2501-9-10290,2020,2501,Bahrain International Airport,IM,9,10290,18570,6/19/2020,1006301000,Long-grain milled rice,US,US,US,US,BH,BH,KGM,4900.15,0.87,EXW,1602.94,2.03,4263.13,4900.15,5155.54,Released,2,2,2501,680,,,CR_HASH_249,CR_HASH_033,,2020-06-19,2020-06,100630100000,10,100630,False,Import,1602.94,4263.13,2.03,4900.15,5155.54,US,CR_HASH_033,Long-grain milled rice
2020-2601-4-10291-1,2020-2601-4-10291,2020,2601,Dry Port - Hidd,IM,4,10291,35757,9/19/2020,3923301000,Plastic bottles for packaging,CN,CN,CN,CN,BH,BH,NMB,170.0,0.27,CIF,17.26,1.28,45.9,279.39,300.13,Released,9,5,2601,138,,,CR_HASH_061,CR_HASH_030,,2020-09-19,2020-09,392330100000,39,392330,False,Import,17.26,45.9,1.28,279.39,300.13,CN,CR_HASH_030,Plastic bottles for packaging
2020-2701-3-10292-1,2020-2701-3-10292,2020,2701,Khalifa Bin Salman Port,IM,3,10292,91212,6/4/2020,8703221000,Passenger cars 1000-1500cc,SA,SA,SA,SA,BH,BH,NMB,130.0,14055.43,EXW,687029.42,4.76,1827205.9,253.55,278.2,Released,4,6,2701,727,,,CR_HASH_063,CR_HASH_021,,2020-06-04,2020-06,870322100000,87,870322,False,Import,687029.42,1827205.9,4.76,253.55,278.2,SA,CR_HASH_021,Passenger cars 1000-1500cc
2020-2701-5-10293-1,2020-2701-5-10293,2020,2701,Khalifa Bin Salman Port,IM,5,10293,83892,8/30/2020,6109100000,Cotton t-shirts,AE,AE,AE,AE,BH,BH,NMB,181.0,8.64,EXW,588.0,2.2,1563.84,258.86,287.05,Released,8,9,2701,497,,,CR_HASH_164,CR_HASH_016,,2020-08-30,2020-08,610910000000,61,610910,False,Import,588.0,1563.84,2.2,258.86,287.05,AE,CR_HASH_016,Cotton t-shirts
2020-2801-7-10294-1,2020-2801-7-10294,2020,2801,King Fahd Causeway,IM,7,10294,95463,7/8/2020,8517120000,Cellular telephones,CN,CN,CN,CN,BH,BH,NMB,134.0,628.62,CIF,31672.39,2.96,84235.08,435.56,504.22,Released,5,5,2801,688,,,CR_HASH_231,CR_HASH_022,,2020-07-08,2020-07,851712000000,85,851712,False,Import,31672.39,84235.08,2.96,435.56,504.22,CN,CR_HASH_022,Cellular telephones
2020-2601-8-10295-1,2020-2601-8-10295,2020,2601,Dry Port - Hidd,IM,8,10295,20689,10/30/2020,8517120000,Cellular telephones,IN,IN,JP,JP,BH,BH,NMB,59.0,1148.76,CIF,25484.09,1.77,67776.84,100.99,114.92,Released,7,7,2601,834,,,CR_HASH_176,CR_HASH_011,,2020-10-30,2020-10,851712000000,85,851712,False,Import,25484.09,67776.84,1.77,100.99,114.92,IN,CR_HASH_011,Cellular telephones
2020-2801-2-10296-1,2020-2801-2-10296,2020,2801,King Fahd Causeway,IM,2,10296,15260,11/29/2020,8504400090,Static converters,CN,CN,CN,CN,BH,BH,NMB,79.0,172.37,CIF,5120.08,2.53,13617.23,280.41,321.74,Released,4,4,2801,346,,,CR_HASH_109,CR_HASH_029,,2020-11-29,2020-11,850440009000,85,850440,False,Import,5120.08,13617.23,2.53,280.41,321.74,CN,CR_HASH_029,Static converters
2020-2701-1-10297-1,2020-2701-1-10297,2020,2701,Khalifa Bin Salman Port,IM,1,10297,61732,4/17/2020,2710192100,Gas oils for diesel engines,AE,AE,AE,AE,BH,BH,LTR,11032.77,1.13,EXW,4687.6,1.34,12467.03,8667.64,9232.27,Released,2,2,2701,390,,,CR_HASH_186,CR_HASH_038,,2020-04-17,2020-04,271019210000,27,271019,False,Import,4687.6,12467.03,1.34,8667.64,9232.27,AE,CR_HASH_038,Gas oils for diesel engines
2020-2701-2-10298-1,2020-2701-2-10298,2020,2701,Khalifa Bin Salman Port,IM,2,10298,18593,3/19/2020,6109100000,Cotton t-shirts,SA,SA,SA,SA,BH,BH,NMB,67.0,13.77,EXW,346.89,3.78,922.59,187.18,222.02,Released,6,9,2701,539,,,CR_HASH_172,CR_HASH_034,,2020-03-19,2020-03,610910000000,61,610910,False,Import,346.89,922.59,3.78,187.18,222.02,SA,CR_HASH_034,Cotton t-shirts
2020-2601-3-10299-1,2020-2601-3-10299,2020,2601,Dry Port - Hidd,IM,3,10299,56926,7/8/2020,6109100000,Cotton t-shirts,SA,SA,SA,SA,BH,BH,NMB,165.0,12.02,FOB,745.72,4.78,1983.3,812.01,957.99,Released,8,6,2601,897,,,CR_HASH_240,CR_HASH_016,,2020-07-08,2020-07,610910000000,61,610910,False,Import,745.72,1983.3,4.78,812.01,957.99,SA,CR_HASH_016,Cotton t-shirts
2020-2601-4-10300-1,2020-2601-4-10300,2020,2601,Dry Port - Hidd,IM,4,10300,22733,5/28/2020,3923301000,Plastic bottles for packaging,IN,IN,US,US,BH,BH,NMB,122.0,0.46,FOB,21.1,2.79,56.12,729.99,835.12,Released,1,2,2601,552,,,CR_HASH_013,CR_HASH_021,,2020-05-28,2020-05,392330100000,39,392330,False,Import,21.1,56.12,2.79,729.99,835.12,IN,CR_HASH_021,Plastic bottles for packaging
2020-2801-7-10301-1,2020-2801-7-10301,2020,2801,King Fahd Causeway,IM,7,10301,12811,1/29/2020,8504400090,Static converters,CN,CN,CN,CN,BH,BH,NMB,35.0,115.91,CIF,1525.38,2.46,4056.85,142.03,154.57,Released,1,4,2801,986,,,CR_HASH_199,CR_HASH_003,,2020-01-29,2020-01,850440009000,85,850440,False,Import,1525.38,4056.85,2.46,142.03,154.57,CN,CR_HASH_003,Static converters
2020-2601-5-10302-1,2020-2601-5-10302,2020,2601,Dry Port - Hidd,IM,5,10302,57139,4/1/2020,2710192100,Gas oils for diesel engines,JP,JP,JP,JP,BH,BH,LTR,9742.7,0.82,FOB,3003.87,4.37,7989.01,8185.67,8849.58,Released,3,4,2601,247,,,CR_HASH_110,CR_HASH_033,,2020-04-01,2020-04,271019210000,27,271019,False,Import,3003.87,7989.01,4.37,8185.67,8849.58,JP,CR_HASH_033,Gas oils for diesel engines
2020-2501-3-10303-1,2020-2501-3-10303,2020,2501,Bahrain International Airport,IM,3,10303,81014,8/21/2020,8504400090,Static converters,US,US,US,US,BH,BH,NMB,4.0,118.91,CIF,178.84,3.25,475.64,31.87,34.87,Released,6,9,2501,939,,,CR_HASH_177,CR_HASH_035,,2020-08-21,2020-08,850440009000,85,850440,False,Import,178.84,475.64,3.25,31.87,34.87,US,CR_HASH_035,Static converters
2020-2701-9-10304-1,2020-2701-9-10304,2020,2701,Khalifa Bin Salman Port,EX,9,10304,92333,8/27/2020,8517120000,Cellular telephones,BH,BH,BH,BH,US,US,NMB,145.0,240.12,CIF,13091.34,0.81,34817.4,1071.69,1254.98,Pending,5,3,2701,172,,,CR_HASH_163,,CR_HASH_006,2020-08-27,2020-08,851712000000,85,851712,True,Re-export,13091.34,34817.4,0.81,1071.69,1254.98,US,CR_HASH_006,Cellular telephones
2020-2701-9-10305-1,2020-2701-9-10305,2020,2701,Khalifa Bin Salman Port,IM,9,10305,16353,5/30/2020,8703221000,Passenger cars 1000-1500cc,CN,CN,JP,JP,BH,BH,NMB,121.0,10595.92,EXW,482071.98,0.98,1282106.32,219.32,233.65,Released,6,1,2701,770,,,CR_HASH_170,CR_HASH_011,,2020-05-30,2020-05,870322100000,87,870322,False,Import,482071.98,1282106.32,0.98,219.32,233.65,CN,CR_HASH_011,Passenger cars 1000-1500cc
2020-2801-3-10306-1,2020-2801-3-10306,2020,2801,King Fahd Causeway,IM,3,10306,61078,12/1/2020,8517120000,Cellular telephones,SA,SA,SA,SA,BH,BH,NMB,136.0,593.69,CIF,30358.93,3.56,80741.84,526.34,561.62,Released,4,1,2801,272,,,CR_HASH_016,CR_HASH_028,,2020-12-01,2020-12,851712000000,85,851712,False,Import,30358.93,80741.84,3.56,526.34,561.62,SA,CR_HASH_028,Cellular telephones
2020-2601-7-10307-1,2020-2601-7-10307,2020,2601,Dry Port - Hidd,IM,7,10307,96718,12/23/2020,1006301000,Long-grain milled rice,CN,CN,US,US,BH,BH,KGM,169.06,0.77,FOB,48.95,1.65,130.18,169.06,192.81,Released,9,7,2601,129,,,CR_HASH_222,CR_HASH_009,,2020-12-23,2020-12,100630100000,10,100630,False,Import,48.95,130.18,1.65,169.06,192.81,CN,CR_HASH_009,Long-grain milled rice
2020-2701-4-10308-1,2020-2701-4-10308,2020,2701,Khalifa Bin Salman Port,IM,4,10308,84530,6/20/2020,8504400090,Static converters,IN,IN,IN,IN,BH,BH,NMB,141.0,339.05,CIF,17975.07,2.79,47806.05,763.49,891.34,Released,5,7,2701,478,,,CR_HASH_017,CR_HASH_049,,2020-06-20,2020-06,850440009000,85,850440,False,Import,17975.07,47806.05,2.79,763.49,891.34,IN,CR_HASH_049,Static converters
2020-2601-8-10309-1,2020-2601-8-10309,2020,2601,Dry Port - Hidd,IM,8,10309,16358,4/6/2020,2710192100,Gas oils for diesel engines,CN,CN,CN,CN,BH,BH,LTR,4317.55,1.02,EXW,1655.87,2.59,4403.9,3696.48,4350.49,Released,5,9,2601,933,,,CR_HASH_006,CR_HASH_034,,2020-04-06,2020-04,271019210000,27,271019,False,Import,1655.87,4403.9,2.59,3696.48,4350.49,CN,CR_HASH_034,Gas oils for diesel engines
2020-2701-9-10310-1,2020-2701-9-10310,2020,2701,Khalifa Bin Salman Port,EX,9,10310,59980,4/12/2020,8504400090,Static converters,BH,BH,BH,BH,SA,SA,NMB,177.0,92.29,EXW,6142.08,3.91,16335.33,767.94,855.05,Released,9,5,2701,530,,,CR_HASH_124,,CR_HASH_040,2020-04-12,2020-04,850440009000,85,850440,True,Re-export,6142.08,16335.33,3.91,767.94,855.05,SA,CR_HASH_040,Static converters
2020-2801-7-10311-1,2020-2801-7-10311,2020,2801,King Fahd Causeway,IM,7,10311,41982,2/16/2020,9018390000,Medical syringes and needles,IN,IN,IN,IN,BH,BH,NMB,19.0,0.07,CIF,0.5,1.08,1.33,109.25,114.83,Released,1,9,2801,939,,,CR_HASH_053,CR_HASH_048,,2020-02-16,2020-02,901839000000,90,901839,False,Import,0.5,1.33,1.08,109.25,114.83,IN,CR_HASH_048,Medical syringes and needles
2020-2801-9-10312-1,2020-2801-9-10312,2020,2801,King Fahd Causeway,IM,9,10312,46972,2/27/2020,3923301000,Plastic bottles for packaging,CN,CN,CN,CN,BH,BH,NMB,44.0,0.8,FOB,13.24,2.5,35.2,46.72,53.19,Released,6,9,2801,579,,,CR_HASH_129,CR_HASH_040,,2020-02-27,2020-02,392330100000,39,392330,False,Import,13.24,35.2,2.5,46.72,53.19,CN,CR_HASH_040,Plastic bottles for packaging
2020-2701-8-10313-1,2020-2701-8-10313,2020,2701,Khalifa Bin Salman Port,IM,8,10313,79497,4/19/2020,1006301000,Long-grain milled rice,CN,CN,CN,CN,BH,BH,KGM,3597.92,1.5,EXW,2029.23,3.32,5396.88,3597.92,4076.54,Released,5,8,2701,817,,,CR_HASH_045,CR_HASH_017,,2020-04-19,2020-04,100630100000,10,100630,False,Import,2029.23,5396.88,3.32,3597.92,4076.54,CN,CR_HASH_017,Long-grain milled rice
2020-2601-8-10314-1,2020-2601-8-10314,2020,2601,Dry Port - Hidd,IM,8,10314,59574,3/26/2020,9018390000,Medical syringes and needles,CN,CN,US,US,BH,BH,NMB,56.0,0.33,CIF,6.95,0.77,18.48,194.72,228.53,Released,8,2,2601,900,,,CR_HASH_213,CR_HASH_045,,2020-03-26,2020-03,901839000000,90,901839,False,Import,6.95,18.48,0.77,194.72,228.53,CN,CR_HASH_045,Medical syringes and needles
2020-2601-1-10315-1,2020-2601-1-10315,2020,2601,Dry Port - Hidd,EX,1,10315,12436,7/20/2020,8471300000,Portable laptop computers,BH,BH,BH,BH,CN,CN,NMB,148.0,696.04,EXW,38733.23,0.82,103013.92,1117.09,1184.28,Released,1,9,2601,122,,,CR_HASH_218,,CR_HASH_024,2020-07-20,2020-07,847130000000,84,847130,True,Re-export,38733.23,103013.92,0.82,1117.09,1184.28,CN,CR_HASH_024,Portable laptop computers
2020-2701-6-10316-1,2020-2701-6-10316,2020,2701,Khalifa Bin Salman Port,IM,6,10316,88944,10/18/2020,9018390000,Medical syringes and needles,CN,CN,CN,CN,BH,BH,NMB,179.0,0.11,EXW,7.4,4.25,19.69,1364.39,1589.38,Released,6,2,2701,998,,,CR_HASH_032,CR_HASH_023,,2020-10-18,2020-10,901839000000,90,901839,False,Import,7.4,19.69,4.25,1364.39,1589.38,CN,CR_HASH_023,Medical syringes and needles
2020-2701-6-10317-1,2020-2701-6-10317,2020,2701,Khalifa Bin Salman Port,EX,6,10317,73924,1/26/2020,8703221000,Passenger cars 1000-1500cc,BH,BH,BH,BH,DE,DE,NMB,11.0,22849.63,CIF,94506.07,2.94,251345.93,31.4,35.26,Pending,6,9,2701,979,,,CR_HASH_157,,CR_HASH_037,2020-01-26,2020-01,870322100000,87,870322,True,Re-export,94506.07,251345.93,2.94,31.4,35.26,DE,CR_HASH_037,Passenger cars 1000-1500cc
2020-2701-6-10318-1,2020-2701-6-10318,2020,2701,Khalifa Bin Salman Port,IM,6,10318,24906,12/29/2020,8517120000,Cellular telephones,US,US,US,US,BH,BH,NMB,77.0,747.65,EXW,21645.96,1.26,57569.05,107.12,120.7,Released,4,7,2701,756,,,CR_HASH_119,CR_HASH_005,,2020-12-29,2020-12,851712000000,85,851712,False,Import,21645.96,57569.05,1.26,107.12,120.7,US,CR_HASH_005,Cellular telephones
2020-2701-9-10319-1,2020-2701-9-10319,2020,2701,Khalifa Bin Salman Port,IM,9,10319,56341,3/12/2020,102211000,"Live cattle, pure-bred breeding",CN,CN,CN,CN,BH,BH,NMB,6.0,1687.4,CIF,3806.77,3.74,10124.4,40.89,48.55,Released,6,5,2701,280,,,CR_HASH_126,CR_HASH_015,,2020-03-12,2020-03,102211000000,10,102211,False,Import,3806.77,10124.4,3.74,40.89,48.55,CN,CR_HASH_015,"Live cattle, pure-bred breeding"
2020-2801-3-10320-1,2020-2801-3-10320,2020,2801,King Fahd Causeway,IM,3,10320,80092,2/14/2020,8703221000,Passenger cars 1000-1500cc,CN,CN,IN,IN,BH,BH,NMB,50.0,12186.78,EXW,229111.46,0.59,609339.0,83.88,97.87,Released,3,7,2801,521,,,CR_HASH_170,CR_HASH_040,,2020-02-14,2020-02,870322100000,87,870322,False,Import,229111.46,609339.0,0.59,83.88,97.87,CN,CR_HASH_040,Passenger cars 1000-1500cc
2020-2701-5-10321-1,2020-2701-5-10321,2020,2701,Khalifa Bin Salman Port,IM,5,10321,33131,11/27/2020,3923301000,Plastic bottles for packaging,US,US,US,US,BH,BH,NMB,95.0,0.71,EXW,25.36,2.91,67.45,576.52,618.37,Released,9,1,2701,360,,,CR_HASH_094,CR_HASH_031,,2020-11-27,2020-11,392330100000,39,392330,False,Import,25.36,67.45,2.91,576.52,618.37,US,CR_HASH_031,Plastic bottles for packaging
2020-2701-5-10322-1,2020-2701-5-10322,2020,2701,Khalifa Bin Salman Port,IM,5,10322,22429,1/1/2020,102211000,"Live cattle, pure-bred breeding",TH,TH,TH,TH,BH,BH,NMB,61.0,1106.53,CIF,25379.37,0.63,67498.33,204.01,219.93,Released,9,3,2701,823,,,CR_HASH_057,CR_HASH_028,,2020-01-01,2020-01,102211000000,10,102211,False,Import,25379.37,67498.33,0.63,204.01,219.93,TH,CR_HASH_028,"Live cattle, pure-bred breeding"
2020-2801-8-10323-1,2020-2801-8-10323,2020,2801,King Fahd Causeway,IM,8,10323,34767,11/26/2020,8517120000,Cellular telephones,IN,IN,IN,IN,BH,BH,NMB,75.0,733.42,CIF,20682.44,4.45,55006.5,204.22,223.68,Released,9,6,2801,198,,,CR_HASH_114,CR_HASH_003,,2020-11-26,2020-11,851712000000,85,851712,False,Import,20682.44,55006.5,4.45,204.22,223.68,IN,CR_HASH_003,Cellular telephones
2020-2601-7-10324-1,2020-2601-7-10324,2020,2601,Dry Port - Hidd,IM,7,10324,40084,11/27/2020,2710192100,Gas oils for diesel engines,IN,IN,IN,IN,BH,BH,LTR,10042.5,0.8,EXW,3020.78,3.13,8034.0,8858.39,10002.87,Released,3,1,2601,733,,,CR_HASH_163,CR_HASH_012,,2020-11-27,2020-11,271019210000,27,271019,False,Import,3020.78,8034.0,3.13,8858.39,10002.87,IN,CR_HASH_012,Gas oils for diesel engines
2020-2701-4-10325-1,2020-2701-4-10325,2020,2701,Khalifa Bin Salman Port,,4,10325,99269,10/28/2020,6109100000,Cotton t-shirts,CN,CN,BH,BH,DE,DE,NMB,83.0,6.25,EXW,195.05,4.58,518.75,144.54,166.04,Released,9,3,2701,117,,,CR_HASH_038,CR_HASH_049,,2020-10-28,2020-10,610910000000,61,610910,False,,195.05,518.75,4.58,144.54,166.04,,CR_HASH_049,Cotton t-shirts
2020-2501-1-10326-1,2020-2501-1-10326,2020,2501,Bahrain International Airport,IM,1,10326,81136,8/25/2020,3923301000,Plastic bottles for packaging,CN,CN,AE,AE,BH,BH,NMB,99.0,0.56,EXW,20.85,4.39,55.44,390.45,447.22,Released,6,3,2501,394,,,CR_HASH_242,CR_HASH_043,,2020-08-25,2020-08,392330100000,39,392330,False,Import,20.85,55.44,4.39,390.45,447.22,CN,CR_HASH_043,Plastic bottles for packaging
2020-2501-2-10327-1,2020-2501-2-10327,2020,2501,Bahrain International Airport,IM,2,10327,53102,10/10/2020,8504400090,Static converters,IN,IN,JP,JP,BH,BH,NMB,58.0,147.4,CIF,3214.5,4.35,8549.2,147.05,162.29,Released,1,7,2501,500,,,CR_HASH_027,CR_HASH_049,,2020-10-10,2020-10,850440009000,85,850440,False,Import,3214.5,8549.2,4.35,147.05,162.29,IN,CR_HASH_049,Static converters
2020-2701-5-10328-1,2020-2701-5-10328,2020,2701,Khalifa Bin Salman Port,IM,5,10328,77666,1/7/2020,8504400090,Static converters,US,US,US,US,BH,BH,NMB,123.0,131.29,FOB,6071.9,2.82,16148.67,234.67,273.03,Held,8,9,2701,209,,,CR_HASH_031,CR_HASH_016,,2020-01-07,2020-01,850440009000,85,850440,False,Import,6071.9,16148.67,2.82,234.67,273.03,US,CR_HASH_016,Static converters
2020-2501-3-10329-1,2020-2501-3-10329,2020,2501,Bahrain International Airport,EX,3,10329,93451,8/4/2020,2710192100,Gas oils for diesel engines,BH,BH,BH,BH,CN,CN,LTR,8908.69,0.57,EXW,1909.31,3.8,5077.95,6832.56,7598.28,Released,6,1,2501,751,,,CR_HASH_239,,CR_HASH_038,2020-08-04,2020-08,271019210000,27,271019,True,Re-export,1909.31,5077.95,3.8,6832.56,7598.28,CN,CR_HASH_038,Gas oils for diesel engines
2020-2701-8-10330-1,2020-2701-8-10330,2020,2701,Khalifa Bin Salman Port,IM,8,10330,69958,12/19/2020,102211000,"Live cattle, pure-bred breeding",SA,SA,SA,SA,BH,BH,NMB,198.0,2110.04,FOB,157088.26,1.14,417787.92,846.19,899.93,Held,1,4,2701,927,,,CR_HASH_138,CR_HASH_002,,2020-12-19,2020-12,102211000000,10,102211,False,Import,157088.26,417787.92,1.14,846.19,899.93,SA,CR_HASH_002,"Live cattle, pure-bred breeding"
2020-2501-1-10331-1,2020-2501-1-10331,2020,2501,Bahrain International Airport,IM,1,10331,35537,1/18/2020,1006301000,Long-grain milled rice,DE,DE,DE,DE,BH,BH,KGM,2518.01,0.79,CIF,747.95,3.57,1989.23,2518.01,2918.01,Released,3,1,2501,525,,,CR_HASH_247,CR_HASH_023,,2020-01-18,2020-01,100630100000,10,100630,False,Import,747.95,1989.23,3.57,2518.01,2918.01,DE,CR_HASH_023,Long-grain milled rice
2020-2601-3-10332-1,2020-2601-3-10332,2020,2601,Dry Port - Hidd,EX,3,10332,10860,9/4/2020,8517120000,Cellular telephones,BH,BH,BH,BH,CN,CN,NMB,149.0,946.73,CIF,53039.6,4.16,141062.77,860.93,1031.84,Released,2,6,2601,693,,,CR_HASH_249,,CR_HASH_012,2020-09-04,2020-09,851712000000,85,851712,True,Re-export,53039.6,141062.77,4.16,860.93,1031.84,CN,CR_HASH_012,Cellular telephones
2020-2801-2-10333-1,2020-2801-2-10333,2020,2801,King Fahd Causeway,IM,2,10333,27157,12/25/2020,8471300000,Portable laptop computers,JP,JP,JP,JP,BH,BH,NMB,127.0,524.32,CIF,25037.33,0.86,66588.64,410.4,483.16,Held,8,5,2801,630,,,CR_HASH_138,CR_HASH_042,,2020-12-25,2020-12,847130000000,84,847130,False,Import,25037.33,66588.64,0.86,410.4,483.16,JP,CR_HASH_042,Portable laptop computers
2020-2701-7-10334-1,2020-2701-7-10334,2020,2701,Khalifa Bin Salman Port,IM,7,10334,89518,1/28/2020,6109100000,Cotton t-shirts,JP,JP,CN,CN,BH,BH,NMB,158.0,13.05,EXW,775.27,2.74,2061.9,1160.59,1330.69,Released,9,7,2701,130,,,CR_HASH_126,CR_HASH_010,,2020-01-28,2020-01,610910000000,61,610910,False,Import,775.27,2061.9,2.74,1160.59,1330.69,JP,CR_HASH_010,Cotton t-shirts
2020-2601-2-10335-1,2020-2601-2-10335,2020,2601,Dry Port - Hidd,IM,2,10335,43031,3/15/2020,8517120000,Cellular telephones,US,US,US,US,BH,BH,NMB,195.0,578.07,FOB,42384.09,3.65,112723.65,1008.76,1198.86,Released,3,9,2601,870,,,CR_HASH_161,CR_HASH_049,,2020-03-15,2020-03,851712000000,85,851712,False,Import,42384.09,112723.65,3.65,1008.76,1198.86,US,CR_HASH_049,Cellular telephones
2020-2501-7-10336-1,2020-2501-7-10336,2020,2501,Bahrain International Airport,IM,7,10336,22242,11/23/2020,8517120000,Cellular telephones,SA,SA,SA,SA,BH,BH,NMB,21.0,1050.55,FOB,8295.14,2.51,22061.55,61.39,67.1,Released,6,5,2501,354,,,CR_HASH_243,CR_HASH_029,,2020-11-23,2020-11,851712000000,85,851712,False,Import,8295.14,22061.55,2.51,61.39,67.1,SA,CR_HASH_029,Cellular telephones
2020-2701-9-10337-1,2020-2701-9-10337,2020,2701,Khalifa Bin Salman Port,IM,9,10337,34563,3/19/2020,8504400090,Static converters,AE,AE,DE,DE,BH,BH,NMB,128.0,227.91,CIF,10968.85,1.97,29172.48,251.34,273.9,Released,5,3,2701,732,,,CR_HASH_083,CR_HASH_018,,2020-03-19,2020-03,850440009000,85,850440,False,Import,10968.85,29172.48,1.97,251.34,273.9,AE,CR_HASH_018,Static converters
2020-2801-1-10338-1,2020-2801-1-10338,2020,2801,King Fahd Causeway,IM,1,10338,41462,8/25/2020,9018390000,Medical syringes and needles,CN,CN,CN,CN,BH,BH,NMB,68.0,0.36,CIF,9.2,4.98,24.48,34.47,38.64,Released,9,2,2801,293,,,CR_HASH_109,CR_HASH_002,,2020-08-25,2020-08,901839000000,90,901839,False,Import,9.2,24.48,4.98,34.47,38.64,CN,CR_HASH_002,Medical syringes and needles
2020-2601-8-10339-1,2020-2601-8-10339,2020,2601,Dry Port - Hidd,IM,8,10339,19980,10/1/2020,1006301000,Long-grain milled rice,CN,CN,CN,CN,BH,BH,KGM,4237.63,1.28,CIF,2039.49,3.08,5424.17,4237.63,5002.58,Released,2,3,2601,716,,,CR_HASH_102,CR_HASH_044,,2020-10-01,2020-10,100630100000,10,100630,False,Import,2039.49,5424.17,3.08,4237.63,5002.58,CN,CR_HASH_044,Long-grain milled rice
2020-2801-4-10340-1,2020-2801-4-10340,2020,2801,King Fahd Causeway,IM,4,10340,71662,10/27/2020,1006301000,Long-grain milled rice,IN,IN,IN,IN,BH,BH,KGM,507.11,1.04,CIF,198.3,1.88,527.39,507.11,599.02,Pending,1,8,2801,352,,,CR_HASH_173,CR_HASH_014,,2020-10-27,2020-10,100630100000,10,100630,False,Import,198.3,527.39,1.88,507.11,599.02,IN,CR_HASH_014,Long-grain milled rice
2020-2701-7-10341-1,2020-2701-7-10341,2020,2701,Khalifa Bin Salman Port,IM,7,10341,39687,1/14/2020,8517120000,Cellular telephones,DE,DE,CN,CN,BH,BH,NMB,8.0,245.62,FOB,738.82,1.78,1964.96,49.6,57.56,Released,5,4,2701,870,,,CR_HASH_193,CR_HASH_049,,2020-01-14,2020-01,851712000000,85,851712,False,Import,738.82,1964.96,1.78,49.6,57.56,DE,CR_HASH_049,Cellular telephones
2020-2701-1-10342-1,2020-2701-1-10342,2020,2701,Khalifa Bin Salman Port,EX,1,10342,25144,10/10/2020,1006301000,Long-grain milled rice,BH,BH,BH,BH,US,US,KGM,1298.36,1.2,FOB,585.82,2.86,1558.03,1298.36,1493.49,Held,7,5,2701,978,,,CR_HASH_105,,CR_HASH_020,2020-10-10,2020-10,100630100000,10,100630,True,Re-export,585.82,1558.03,2.86,1298.36,1493.49,US,CR_HASH_020,Long-grain milled rice
2020-2601-7-10343-1,2020-2601-7-10343,2020,2601,Dry Port - Hidd,IM,7,10343,51620,12/24/2020,2710192100,Gas oils for diesel engines,CN,CN,CN,CN,BH,BH,LTR,7785.02,0.42,CIF,1229.41,3.25,3269.71,6099.34,6721.23,Released,9,4,2601,609,,,CR_HASH_118,CR_HASH_039,,2020-12-24,2020-12,271019210000,27,271019,False,Import,1229.41,3269.71,3.25,6099.34,6721.23,CN,CR_HASH_039,Gas oils for diesel engines
2020-2501-8-10344-1,2020-2501-8-10344,2020,2501,Bahrain International Airport,IM,8,10344,79071,1/24/2020,2710192100,Gas oils for diesel engines,US,US,US,US,BH,BH,LTR,12012.2,0.76,FOB,3432.61,4.12,9129.27,9651.4,11020.61,Released,3,1,2501,644,,,CR_HASH_193,CR_HASH_004,,2020-01-24,2020-01,271019210000,27,271019,False,Import,3432.61,9129.27,4.12,9651.4,11020.61,US,CR_HASH_004,Gas oils for diesel engines
2020-2601-2-10345-1,2020-2601-2-10345,2020,2601,Dry Port - Hidd,IM,2,10345,36309,10/10/2020,2710192100,Gas oils for diesel engines,JP,JP,JP,JP,BH,BH,LTR,18364.57,0.61,FOB,4212.1,1.44,11202.39,16277.62,17212.45,Released,3,5,2601,800,,,CR_HASH_087,CR_HASH_007,,2020-10-10,2020-10,271019210000,27,271019,False,Import,4212.1,11202.39,1.44,16277.62,17212.45,JP,CR_HASH_007,Gas oils for diesel engines
2020-2601-5-10346-1,2020-2601-5-10346,2020,2601,Dry Port - Hidd,IM,5,10346,53427,5/13/2020,8471300000,Portable laptop computers,CN,CN,DE,DE,BH,BH,NMB,45.0,438.07,EXW,7412.14,2.95,19713.15,201.31,222.37,Pending,5,4,2601,668,,,CR_HASH_049,CR_HASH_010,,2020-05-13,2020-05,847130000000,84,847130,False,Import,7412.14,19713.15,2.95,201.31,222.37,CN,CR_HASH_010,Portable laptop computers
2020-2601-1-10347-1,2020-2601-1-10347,2020,2601,Dry Port - Hidd,IM,1,10347,17651,12/28/2020,3923301000,Plastic bottles for packaging,JP,JP,JP,JP,BH,BH,NMB,186.0,0.45,FOB,31.47,1.46,83.7,704.58,768.61,Released,7,1,2601,679,,,CR_HASH_134,CR_HASH_033,,2020-12-28,2020-12,392330100000,39,392330,False,Import,31.47,83.7,1.46,704.58,768.61,JP,CR_HASH_033,Plastic bottles for packaging
2020-2601-6-10348-1,2020-2601-6-10348,2020,2601,Dry Port - Hidd,IM,6,10348,37775,4/5/2020,8471300000,Portable laptop computers,US,US,US,US,BH,BH,NMB,4.0,153.94,FOB,231.53,4.62,615.76,10.27,11.79,Pending,2,6,2601,457,,,CR_HASH_112,CR_HASH_028,,2020-04-05,2020-04,847130000000,84,847130,False,Import,231.53,615.76,4.62,10.27,11.79,US,CR_HASH_028,Portable laptop computers
2020-2801-8-10349-1,2020-2801-8-10349,2020,2801,King Fahd Causeway,IM,8,10349,55191,12/19/2020,8517120000,Cellular telephones,SA,SA,SA,SA,BH,BH,NMB,64.0,924.56,CIF,22248.61,1.32,59171.84,40.08,43.73,Pending,2,5,2801,530,,,CR_HASH_232,CR_HASH_047,,2020-12-19,2020-12,851712000000,85,851712,False,Import,22248.61,59171.84,1.32,40.08,43.73,SA,CR_HASH_047,Cellular telephones
2020-2801-6-10350-1,2020-2801-6-10350,2020,2801,King Fahd Causeway,IM,6,10350,51200,9/5/2020,8504400090,Static converters,US,US,SA,SA,BH,BH,NMB,113.0,75.92,FOB,3225.69,3.11,8578.96,674.91,750.02,Released,5,2,2801,712,,,CR_HASH_182,CR_HASH_030,,2020-09-05,2020-09,850440009000,85,850440,False,Import,3225.69,8578.96,3.11,674.91,750.02,US,CR_HASH_030,Static converters
2020-2701-4-10351-1,2020-2701-4-10351,2020,2701,Khalifa Bin Salman Port,IM,4,10351,34718,11/12/2020,3923301000,Plastic bottles for packaging,AE,AE,AE,AE,BH,BH,NMB,132.0,0.11,FOB,5.46,3.67,14.52,612.86,709.19,Released,9,4,2701,365,,,CR_HASH_107,CR_HASH_023,,2020-11-12,2020-11,392330100000,39,392330,False,Import,5.46,14.52,3.67,612.86,709.19,AE,CR_HASH_023,Plastic bottles for packaging
2020-2801-2-10352-1,2020-2801-2-10352,2020,2801,King Fahd Causeway,EX,2,10352,25860,5/27/2020,3923301000,Plastic bottles for packaging,BH,BH,BH,BH,AE,AE,NMB,83.0,0.65,CIF,20.29,4.22,53.95,227.86,262.57,Held,1,4,2801,109,,,CR_HASH_152,,CR_HASH_037,2020-05-27,2020-05,392330100000,39,392330,True,Re-export,20.29,53.95,4.22,227.86,262.57,AE,CR_HASH_037,Plastic bottles for packaging
2020-2501-8-10353-1,2020-2501-8-10353,2020,2501,Bahrain International Airport,IM,8,10353,69031,10/26/2020,8517120000,Cellular telephones,US,US,US,US,BH,BH,NMB,4.0,56.75,FOB,85.35,3.99,227.0,11.04,11.82,Released,1,2,2501,432,,,CR_HASH_219,CR_HASH_006,,2020-10-26,2020-10,851712000000,85,851712,False,Import,85.35,227.0,3.99,11.04,11.82,US,CR_HASH_006,Cellular telephones
2020-2501-8-10354-1,2020-2501-8-10354,2020,2501,Bahrain International Airport,IM,8,10354,89758,9/24/2020,2710192100,Gas oils for diesel engines,AE,AE,AE,AE,BH,BH,LTR,2191.54,1.15,CIF,947.62,3.99,2520.27,1765.82,1987.98,Released,8,6,2501,918,,,CR_HASH_032,CR_HASH_007,,2020-09-24,2020-09,271019210000,27,271019,False,Import,947.62,2520.27,3.99,1765.82,1987.98,AE,CR_HASH_007,Gas oils for diesel engines
2020-2701-3-10355-1,2020-2701-3-10355,2020,2701,Khalifa Bin Salman Port,IM,3,10355,59897,2/12/2020,2710192100,Gas oils for diesel engines,CN,CN,CN,CN,BH,BH,LTR,9129.29,0.87,EXW,2986.37,3.56,7942.48,7914.13,8926.32,Released,3,4,2701,899,,,CR_HASH_060,CR_HASH_015,,2020-02-12,2020-02,271019210000,27,271019,False,Import,2986.37,7942.48,3.56,7914.13,8926.32,CN,CR_HASH_015,Gas oils for diesel engines
2020-2701-2-10356-1,2020-2701-2-10356,2020,2701,Khalifa Bin Salman Port,IM,2,10356,99973,5/13/2020,3923301000,Plastic bottles for packaging,IN,IN,JP,JP,BH,BH,NMB,119.0,0.52,CIF,23.27,1.76,61.88,679.82,753.97,Released,5,4,2701,570,,,CR_HASH_028,CR_HASH_032,,2020-05-13,2020-05,392330100000,39,392330,False,Import,23.27,61.88,1.76,679.82,753.97,IN,CR_HASH_032,Plastic bottles for packaging
2020-2701-7-10357-1,2020-2701-7-10357,2020,2701,Khalifa Bin Salman Port,IM,7,10357,89053,4/8/2020,102211000,"Live cattle, pure-bred breeding",JP,JP,IN,IN,BH,BH,NMB,96.0,1175.49,CIF,42430.49,3.07,112847.04,255.71,275.4,Released,4,8,2701,560,,,CR_HASH_125,CR_HASH_044,,2020-04-08,2020-04,102211000000,10,102211,False,Import,42430.49,112847.04,3.07,255.71,275.4,JP,CR_HASH_044,"Live cattle, pure-bred breeding"
2020-2501-7-10358-1,2020-2501-7-10358,2020,2501,Bahrain International Airport,IM,7,10358,77393,2/14/2020,1006301000,Long-grain milled rice,JP,JP,JP,JP,BH,BH,KGM,690.83,4.55,CIF,1181.87,4.64,3143.28,690.83,809.82,Released,1,4,2501,989,,,CR_HASH_054,CR_HASH_019,,2020-02-14,2020-02,100630100000,10,100630,False,Import,1181.87,3143.28,4.64,690.83,809.82,JP,CR_HASH_019,Long-grain milled rice
2020-2701-2-10359-1,2020-2701-2-10359,2020,2701,Khalifa Bin Salman Port,IM,2,10359,57632,5/22/2020,8504400090,Static converters,US,US,US,US,BH,BH,NMB,55.0,223.55,EXW,4623.01,3.33,12295.25,227.55,263.39,Released,8,3,2701,325,,,CR_HASH_091,CR_HASH_015,,2020-05-22,2020-05,850440009000,85,850440,False,Import,4623.01,12295.25,3.33,227.55,263.39,US,CR_HASH_015,Static converters
2020-2701-6-10360-1,2020-2701-6-10360,2020,2701,Khalifa Bin Salman Port,IM,6,10360,94046,6/26/2020,8517120000,Cellular telephones,CN,CN,AE,AE,BH,BH,NMB,156.0,896.8,FOB,52602.7,4.1,139900.8,140.42,159.98,Released,6,5,2701,803,,,CR_HASH_157,CR_HASH_049,,2020-06-26,2020-06,851712000000,85,851712,False,Import,52602.7,139900.8,4.1,140.42,159.98,CN,CR_HASH_049,Cellular telephones
2020-2701-6-10361-1,2020-2701-6-10361,2020,2701,Khalifa Bin Salman Port,IM,6,10361,31868,10/19/2020,6109100000,Cotton t-shirts,DE,DE,DE,DE,BH,BH,NMB,116.0,11.64,CIF,507.69,3.72,1350.24,263.92,311.11,Released,3,2,2701,730,,,CR_HASH_057,CR_HASH_026,,2020-10-19,2020-10,610910000000,61,610910,False,Import,507.69,1350.24,3.72,263.92,311.11,DE,CR_HASH_026,Cotton t-shirts
2020-2501-5-10362-1,2020-2501-5-10362,2020,2501,Bahrain International Airport,IM,5,10362,82830,2/28/2020,8703221000,Passenger cars 1000-1500cc,US,US,US,US,BH,BH,NMB,49.0,9713.16,CIF,178955.26,1.93,475944.84,35.95,41.1,Released,8,9,2501,623,,,CR_HASH_143,CR_HASH_031,,2020-02-28,2020-02,870322100000,87,870322,False,Import,178955.26,475944.84,1.93,35.95,41.1,US,CR_HASH_031,Passenger cars 1000-1500cc
2020-2601-1-10363-1,2020-2601-1-10363,2020,2601,Dry Port - Hidd,EX,1,10363,81975,5/30/2020,1006301000,Long-grain milled rice,BH,BH,BH,BH,JP,JP,KGM,1120.57,1.29,CIF,543.52,1.88,1445.54,1120.57,1214.24,Released,3,6,2601,669,,,CR_HASH_162,,CR_HASH_016,2020-05-30,2020-05,100630100000,10,100630,True,Re-export,543.52,1445.54,1.88,1120.57,1214.24,JP,CR_HASH_016,Long-grain milled rice
2020-2501-2-10364-1,2020-2501-2-10364,2020,2501,Bahrain International Airport,EX,2,10364,30118,7/21/2020,3923301000,Plastic bottles for packaging,BH,BH,BH,BH,SA,SA,NMB,51.0,0.1,EXW,1.92,2.62,5.1,161.43,183.92,Released,9,4,2501,608,,,CR_HASH_026,,CR_HASH_016,2020-07-21,2020-07,392330100000,39,392330,True,Re-export,1.92,5.1,2.62,161.43,183.92,SA,CR_HASH_016,Plastic bottles for packaging
2020-2601-2-10365-1,2020-2601-2-10365,2020,2601,Dry Port - Hidd,IM,2,10365,83235,8/13/2020,8703221000,Passenger cars 1000-1500cc,CN,CN,CN,CN,BH,BH,NMB,132.0,20337.23,FOB,1009377.4,1.56,2684514.36,832.28,955.14,Released,5,1,2601,283,,,CR_HASH_210,CR_HASH_035,,2020-08-13,2020-08,870322100000,87,870322,False,Import,1009377.4,2684514.36,1.56,832.28,955.14,CN,CR_HASH_035,Passenger cars 1000-1500cc
2020-2701-7-10366-1,2020-2701-7-10366,2020,2701,Khalifa Bin Salman Port,IM,7,10366,89119,12/20/2020,8517120000,Cellular telephones,AE,AE,AE,AE,BH,BH,NMB,13.0,657.2,FOB,3212.39,3.36,8543.6,96.15,113.07,Released,3,6,2701,809,,,CR_HASH_073,CR_HASH_027,,2020-12-20,2020-12,851712000000,85,851712,False,Import,3212.39,8543.6,3.36,96.15,113.07,AE,CR_HASH_027,Cellular telephones
2020-2601-3-10367-1,2020-2601-3-10367,2020,2601,Dry Port - Hidd,IM,3,10367,43072,6/8/2020,8504400090,Static converters,IN,IN,IN,IN,BH,BH,NMB,118.0,35.62,EXW,1580.39,1.36,4203.16,523.44,597.9,Released,8,9,2601,785,,,CR_HASH_059,CR_HASH_010,,2020-06-08,2020-06,850440009000,85,850440,False,Import,1580.39,4203.16,1.36,523.44,597.9,IN,CR_HASH_010,Static converters
2020-2501-2-10368-1,2020-2501-2-10368,2020,2501,Bahrain International Airport,IM,2,10368,98221,2/17/2020,8517120000,Cellular telephones,DE,DE,DE,DE,BH,BH,NMB,35.0,537.75,EXW,7076.79,2.4,18821.25,235.54,252.94,Released,5,6,2501,793,,,CR_HASH_079,CR_HASH_032,,2020-02-17,2020-02,851712000000,85,851712,False,Import,7076.79,18821.25,2.4,235.54,252.94,DE,CR_HASH_032,Cellular telephones
2020-2701-8-10369-1,2020-2701-8-10369,2020,2701,Khalifa Bin Salman Port,IM,8,10369,49058,2/14/2020,8703221000,Passenger cars 1000-1500cc,AE,AE,AE,AE,BH,BH,NMB,55.0,15985.4,CIF,330578.07,4.65,879197.0,97.06,104.26,Released,5,9,2701,660,,,CR_HASH_226,CR_HASH_015,,2020-02-14,2020-02,870322100000,87,870322,False,Import,330578.07,879197.0,4.65,97.06,104.26,AE,CR_HASH_015,Passenger cars 1000-1500cc
2020-2601-4-10370-1,2020-2601-4-10370,2020,2601,Dry Port - Hidd,IM,4,10370,53917,1/16/2020,102211000,"Live cattle, pure-bred breeding",US,US,US,US,BH,BH,NMB,48.0,1300.35,FOB,23468.72,2.07,62416.8,378.35,409.94,Released,9,7,2601,856,,,CR_HASH_126,CR_HASH_020,,2020-01-16,2020-01,102211000000,10,102211,False,Import,23468.72,62416.8,2.07,378.35,409.94,US,CR_HASH_020,"Live cattle, pure-bred breeding"
2020-2601-6-10371-1,2020-2601-6-10371,2020,2601,Dry Port - Hidd,IM,6,10371,36142,3/4/2020,1006301000,Long-grain milled rice,IN,IN,IN,IN,BH,BH,KGM,352.74,1.43,EXW,189.66,3.91,504.42,352.74,419.97,Released,8,4,2601,505,,,CR_HASH_104,CR_HASH_041,,2020-03-04,2020-03,100630100000,10,100630,False,Import,189.66,504.42,3.91,352.74,419.97,IN,CR_HASH_041,Long-grain milled rice
2020-2501-9-10372-1,2020-2501-9-10372,2020,2501,Bahrain International Airport,IM,9,10372,65295,5/13/2020,8471300000,Portable laptop computers,IN,IN,US,US,BH,BH,NMB,111.0,598.1,EXW,24962.3,2.53,66389.1,300.72,316.78,Held,8,2,2501,839,,,CR_HASH_141,CR_HASH_043,,2020-05-13,2020-05,847130000000,84,847130,False,Import,24962.3,66389.1,2.53,300.72,316.78,IN,CR_HASH_043,Portable laptop computers
2020-2701-5-10373-1,2020-2701-5-10373,2020,2701,Khalifa Bin Salman Port,IM,5,10373,83164,4/15/2020,6109100000,Cotton t-shirts,TR,TR,JP,JP,BH,BH,NMB,167.0,4.23,EXW,265.61,0.74,706.41,229.67,273.07,Released,5,7,2701,659,,,CR_HASH_045,CR_HASH_030,,2020-04-15,2020-04,610910000000,61,610910,False,Import,265.61,706.41,0.74,229.67,273.07,TR,CR_HASH_030,Cotton t-shirts
2020-2601-1-10374-1,2020-2601-1-10374,2020,2601,Dry Port - Hidd,IM,1,10374,26203,7/23/2020,1006301000,Long-grain milled rice,US,US,US,US,BH,BH,KGM,2816.06,1.01,CIF,1069.43,1.29,2844.22,2816.06,3344.08,Released,2,3,2601,529,,,CR_HASH_127,CR_HASH_048,,2020-07-23,2020-07,100630100000,10,100630,False,Import,1069.43,2844.22,1.29,2816.06,3344.08,US,CR_HASH_048,Long-grain milled rice
2020-2801-9-10375-1,2020-2801-9-10375,2020,2801,King Fahd Causeway,IM,9,10375,93647,5/11/2020,8703221000,Passenger cars 1000-1500cc,IN,IN,IN,IN,BH,BH,NMB,105.0,5797.71,CIF,228893.59,4.26,608759.55,495.83,544.34,Released,1,9,2801,796,,,CR_HASH_014,CR_HASH_037,,2020-05-11,2020-05,870322100000,87,870322,False,Import,228893.59,608759.55,4.26,495.83,544.34,IN,CR_HASH_037,Passenger cars 1000-1500cc
2020-2701-9-10376-1,2020-2701-9-10376,2020,2701,Khalifa Bin Salman Port,IM,9,10376,57414,6/25/2020,8504400090,Static converters,US,US,US,US,BH,BH,NMB,56.0,174.86,FOB,3681.85,2.55,9792.16,54.36,57.11,Released,3,9,2701,991,,,CR_HASH_105,CR_HASH_016,,2020-06-25,2020-06,850440009000,85,850440,False,Import,3681.85,9792.16,2.55,54.36,57.11,US,CR_HASH_016,Static converters
2020-2801-5-10377-1,2020-2801-5-10377,2020,2801,King Fahd Causeway,EX,5,10377,39862,6/26/2020,8517120000,Cellular telephones,BH,BH,BH,BH,US,US,NMB,173.0,813.73,FOB,52931.51,3.32,140775.29,1054.8,1127.18,Released,7,8,2801,948,,,CR_HASH_104,,CR_HASH_044,2020-06-26,2020-06,851712000000,85,851712,True,Re-export,52931.51,140775.29,3.32,1054.8,1127.18,US,CR_HASH_044,Cellular telephones
2020-2701-2-10378-1,2020-2701-2-10378,2020,2701,Khalifa Bin Salman Port,IM,2,10378,32003,1/18/2020,9018390000,Medical syringes and needles,AE,AE,AE,AE,BH,BH,NMB,10.0,0.14,EXW,0.53,0.74,1.4,54.34,60.19,Released,8,3,2701,120,,,CR_HASH_147,CR_HASH_001,,2020-01-18,2020-01,901839000000,90,901839,False,Import,0.53,1.4,0.74,54.34,60.19,AE,CR_HASH_001,Medical syringes and needles
2020-2701-5-10379-1,2020-2701-5-10379,2020,2701,Khalifa Bin Salman Port,EX,5,10379,97678,9/23/2020,9018390000,Medical syringes and needles,BH,BH,BH,BH,CN,CN,NMB,63.0,0.32,EXW,7.58,2.05,20.16,350.4,414.19,Released,7,7,2701,287,,,CR_HASH_143,,CR_HASH_006,2020-09-23,2020-09,901839000000,90,901839,True,Re-export,7.58,20.16,2.05,350.4,414.19,CN,CR_HASH_006,Medical syringes and needles
2020-2801-3-10380-1,2020-2801-3-10380,2020,2801,King Fahd Causeway,IM,3,10380,76951,7/17/2020,6109100000,Cotton t-shirts,CN,CN,CN,CN,BH,BH,NMB,35.0,4.21,CIF,55.4,2.53,147.35,31.17,37.08,Held,3,2,2801,965,,,CR_HASH_039,CR_HASH_004,,2020-07-17,2020-07,610910000000,61,610910,False,Import,55.4,147.35,2.53,31.17,37.08,CN,CR_HASH_004,Cotton t-shirts
2020-2801-3-10381-1,2020-2801-3-10381,2020,2801,King Fahd Causeway,IM,3,10381,88645,10/5/2020,1006301000,Long-grain milled rice,CN,CN,CN,CN,BH,BH,KGM,2298.78,0.81,CIF,700.12,0.96,1862.01,2298.78,2449.02,Released,5,8,2801,497,,,CR_HASH_086,CR_HASH_028,,2020-10-05,2020-10,100630100000,10,100630,False,Import,700.12,1862.01,0.96,2298.78,2449.02,CN,CR_HASH_028,Long-grain milled rice
2020-2501-1-10382-1,2020-2501-1-10382,2020,2501,Bahrain International Airport,EX,1,10382,74122,12/8/2020,8471300000,Portable laptop computers,BH,BH,BH,BH,JP,JP,NMB,71.0,303.33,FOB,8097.7,1.33,21536.43,251.67,279.54,Released,4,1,2501,733,,,CR_HASH_049,,CR_HASH_038,2020-12-08,2020-12,847130000000,84,847130,True,Re-export,8097.7,21536.43,1.33,251.67,279.54,JP,CR_HASH_038,Portable laptop computers
2020-2701-6-10383-1,2020-2701-6-10383,2020,2701,Khalifa Bin Salman Port,IM,6,10383,59498,6/9/2020,102211000,"Live cattle, pure-bred breeding",CN,CN,CN,CN,BH,BH,NMB,28.0,1298.56,CIF,13671.24,4.2,36359.68,151.14,170.25,Released,5,6,2701,155,,,CR_HASH_104,CR_HASH_010,,2020-06-09,2020-06,102211000000,10,102211,False,Import,13671.24,36359.68,4.2,151.14,170.25,CN,CR_HASH_010,"Live cattle, pure-bred breeding"
2020-2601-1-10384-1,2020-2601-1-10384,2020,2601,Dry Port - Hidd,IM,1,10384,62655,5/22/2020,9018390000,Medical syringes and needles,US,US,US,US,BH,BH,NMB,89.0,0.44,FOB,14.72,4.49,39.16,174.0,199.69,Released,8,4,2601,330,,,CR_HASH_188,CR_HASH_017,,2020-05-22,2020-05,901839000000,90,901839,False,Import,14.72,39.16,4.49,174.0,199.69,US,CR_HASH_017,Medical syringes and needles
2020-2701-3-10385-1,2020-2701-3-10385,2020,2701,Khalifa Bin Salman Port,IM,3,10385,78081,1/19/2020,9018390000,Medical syringes and needles,DE,DE,IN,IN,BH,BH,NMB,174.0,0.05,EXW,3.27,3.74,8.7,1208.92,1338.61,Released,7,2,2701,609,,,CR_HASH_206,CR_HASH_049,,2020-01-19,2020-01,901839000000,90,901839,False,Import,3.27,8.7,3.74,1208.92,1338.61,DE,CR_HASH_049,Medical syringes and needles
2020-2801-9-10386-1,2020-2801-9-10386,2020,2801,King Fahd Causeway,IM,9,10386,76587,9/24/2020,2710192100,Gas oils for diesel engines,CN,CN,AE,AE,BH,BH,LTR,19730.15,0.64,CIF,4747.86,2.52,12627.3,16986.97,18618.9,Released,8,4,2801,700,,,CR_HASH_126,CR_HASH_030,,2020-09-24,2020-09,271019210000,27,271019,False,Import,4747.86,12627.3,2.52,16986.97,18618.9,CN,CR_HASH_030,Gas oils for diesel engines
2020-2801-9-10387-1,2020-2801-9-10387,2020,2801,King Fahd Causeway,IM,9,10387,40189,12/10/2020,8703221000,Passenger cars 1000-1500cc,CN,CN,CN,CN,BH,BH,NMB,57.0,9828.2,CIF,210637.98,3.35,560207.4,290.71,336.9,Released,1,9,2801,626,,,CR_HASH_247,CR_HASH_026,,2020-12-10,2020-12,870322100000,87,870322,False,Import,210637.98,560207.4,3.35,290.71,336.9,CN,CR_HASH_026,Passenger cars 1000-1500cc
2020-2801-2-10388-1,2020-2801-2-10388,2020,2801,King Fahd Causeway,IM,2,10388,17078,4/17/2020,3923301000,Plastic bottles for packaging,US,US,US,US,BH,BH,NMB,57.0,0.4,EXW,8.57,2.33,22.8,176.0,195.26,Released,3,5,2801,177,,,CR_HASH_135,CR_HASH_002,,2020-04-17,2020-04,392330100000,39,392330,False,Import,8.57,22.8,2.33,176.0,195.26,US,CR_HASH_002,Plastic bottles for packaging
2020-2701-8-10389-1,2020-2701-8-10389,2020,2701,Khalifa Bin Salman Port,IM,8,10389,33573,10/17/2020,9018390000,Medical syringes and needles,AE,AE,CN,CN,BH,BH,NMB,70.0,0.12,EXW,3.16,1.61,8.4,264.83,291.73,Released,2,4,2701,421,,,CR_HASH_146,CR_HASH_038,,2020-10-17,2020-10,901839000000,90,901839,False,Import,3.16,8.4,1.61,264.83,291.73,AE,CR_HASH_038,Medical syringes and needles
2020-2801-3-10390-1,2020-2801-3-10390,2020,2801,King Fahd Causeway,IM,3,10390,36830,4/12/2020,6109100000,Cotton t-shirts,US,US,US,US,BH,BH,NMB,144.0,12.78,FOB,691.96,3.76,1840.32,1010.25,1149.02,Released,7,7,2801,214,,,CR_HASH_166,CR_HASH_042,,2020-04-12,2020-04,610910000000,61,610910,False,Import,691.96,1840.32,3.76,1010.25,1149.02,US,CR_HASH_042,Cotton t-shirts
2020-2801-2-10391-1,2020-2801-2-10391,2020,2801,King Fahd Causeway,EX,2,10391,66506,8/31/2020,1006301000,Long-grain milled rice,BH,BH,BH,BH,TR,TR,KGM,3790.47,1.12,FOB,1596.24,2.38,4245.33,3790.47,4494.18,Released,4,3,2801,836,,,CR_HASH_074,,CR_HASH_046,2020-08-31,2020-08,100630100000,10,100630,True,Re-export,1596.24,4245.33,2.38,3790.47,4494.18,TR,CR_HASH_046,Long-grain milled rice
2020-2701-1-10392-1,2020-2701-1-10392,2020,2701,Khalifa Bin Salman Port,EX,1,10392,84539,6/1/2020,8471300000,Portable laptop computers,BH,BH,BH,BH,DE,DE,NMB,169.0,735.12,CIF,46712.47,1.15,124235.28,626.8,731.86,Released,5,9,2701,840,,,CR_HASH_036,,CR_HASH_003,2020-06-01,2020-06,847130000000,84,847130,True,Re-export,46712.47,124235.28,1.15,626.8,731.86,DE,CR_HASH_003,Portable laptop computers
2020-2701-6-10393-1,2020-2701-6-10393,2020,2701,Khalifa Bin Salman Port,IM,6,10393,91204,1/12/2020,8471300000,Portable laptop computers,SA,SA,SA,SA,BH,BH,NMB,130.0,593.16,EXW,28993.66,1.35,77110.8,873.31,945.68,Released,3,1,2701,800,,,CR_HASH_202,CR_HASH_035,,2020-01-12,2020-01,847130000000,84,847130,False,Import,28993.66,77110.8,1.35,873.31,945.68,SA,CR_HASH_035,Portable laptop computers
2020-2501-2-10394-1,2020-2501-2-10394,2020,2501,Bahrain International Airport,IM,2,10394,37818,8/30/2020,8517120000,Cellular telephones,US,US,SA,SA,BH,BH,NMB,81.0,1123.2,CIF,34208.18,1.97,90979.2,322.2,359.27,Released,7,1,2501,136,,,CR_HASH_154,CR_HASH_021,,2020-08-30,2020-08,851712000000,85,851712,False,Import,34208.18,90979.2,1.97,322.2,359.27,US,CR_HASH_021,Cellular telephones
2020-2701-3-10395-1,2020-2701-3-10395,2020,2701,Khalifa Bin Salman Port,IM,3,10395,83629,7/8/2020,102211000,"Live cattle, pure-bred breeding",SA,SA,SA,SA,BH,BH,NMB,125.0,1049.12,EXW,49308.64,3.99,131140.0,215.7,233.81,Released,7,3,2701,633,,,CR_HASH_096,CR_HASH_025,,2020-07-08,2020-07,102211000000,10,102211,False,Import,49308.64,131140.0,3.99,215.7,233.81,SA,CR_HASH_025,"Live cattle, pure-bred breeding"
2020-2701-7-10396-1,2020-2701-7-10396,2020,2701,Khalifa Bin Salman Port,,7,10396,80689,3/10/2020,102211000,"Live cattle, pure-bred breeding",MY,MY,BH,BH,TH,TH,NMB,94.0,853.17,CIF,30154.44,4.7,80197.98,318.28,357.56,Released,2,6,2701,930,,,CR_HASH_088,CR_HASH_038,,2020-03-10,2020-03,102211000000,10,102211,False,,30154.44,80197.98,4.7,318.28,357.56,,CR_HASH_038,"Live cattle, pure-bred breeding"
2020-2601-8-10397-1,2020-2601-8-10397,2020,2601,Dry Port - Hidd,IM,8,10397,55605,12/13/2020,6109100000,Cotton t-shirts,US,US,US,US,BH,BH,NMB,185.0,9.81,EXW,682.38,1.42,1814.85,684.87,794.28,Released,9,7,2601,239,,,CR_HASH_067,CR_HASH_005,,2020-12-13,2020-12,610910000000,61,610910,False,Import,682.38,1814.85,1.42,684.87,794.28,US,CR_HASH_005,Cotton t-shirts
2020-2501-4-10398-1,2020-2501-4-10398,2020,2501,Bahrain International Airport,,4,10398,69744,1/28/2020,9018390000,Medical syringes and needles,CN,CN,BH,BH,JP,JP,NMB,32.0,0.38,FOB,4.57,0.53,12.16,214.4,236.44,Released,6,5,2501,772,,,CR_HASH_184,CR_HASH_027,,2020-01-28,2020-01,901839000000,90,901839,False,,4.57,12.16,0.53,214.4,236.44,,CR_HASH_027,Medical syringes and needles
2020-2501-9-10399-1,2020-2501-9-10399,2020,2501,Bahrain International Airport,IM,9,10399,19559,11/23/2020,3923301000,Plastic bottles for packaging,CN,CN,CN,CN,BH,BH,NMB,123.0,0.22,EXW,10.17,0.75,27.06,693.7,739.9,Released,3,8,2501,228,,,CR_HASH_133,CR_HASH_003,,2020-11-23,2020-11,392330100000,39,392330,False,Import,10.17,27.06,0.75,693.7,739.9,CN,CR_HASH_003,Plastic bottles for packaging
2020-2601-2-10400-1,2020-2601-2-10400,2020,2601,Dry Port - Hidd,IM,2,10400,28863,10/18/2020,3923301000,Plastic bottles for packaging,CN,CN,JP,JP,BH,BH,NMB,104.0,0.17,CIF,6.65,3.08,17.68,584.66,625.14,Released,6,9,2601,782,,,CR_HASH_052,CR_HASH_046,,2020-10-18,2020-10,392330100000,39,392330,False,Import,6.65,17.68,3.08,584.66,625.14,CN,CR_HASH_046,Plastic bottles for packaging
2020-2501-1-10401-1,2020-2501-1-10401,2020,2501,Bahrain International Airport,EX,1,10401,77128,1/10/2020,2710192100,Gas oils for diesel engines,BH,BH,BH,BH,JP,JP,LTR,7640.05,1.1,FOB,3159.93,3.48,8404.06,5948.82,6613.99,Released,8,3,2501,853,,,CR_HASH_088,,CR_HASH_031,2020-01-10,2020-01,271019210000,27,271019,True,Re-export,3159.93,8404.06,3.48,5948.82,6613.99,JP,CR_HASH_031,Gas oils for diesel engines
2020-2601-8-10402-1,2020-2601-8-10402,2020,2601,Dry Port - Hidd,IM,8,10402,66343,4/28/2020,2710192100,Gas oils for diesel engines,CN,CN,CN,CN,BH,BH,LTR,19304.32,0.58,FOB,4209.89,2.13,11196.51,16435.03,17534.66,Held,1,2,2601,528,,,CR_HASH_063,CR_HASH_023,,2020-04-28,2020-04,271019210000,27,271019,False,Import,4209.89,11196.51,2.13,16435.03,17534.66,CN,CR_HASH_023,Gas oils for diesel engines
2020-2801-8-10403-1,2020-2801-8-10403,2020,2801,King Fahd Causeway,IM,8,10403,53447,5/26/2020,8517120000,Cellular telephones,US,US,US,US,BH,BH,NMB,118.0,211.26,CIF,9373.18,1.16,24928.68,156.49,187.34,Released,6,6,2801,498,,,CR_HASH_155,CR_HASH_009,,2020-05-26,2020-05,851712000000,85,851712,False,Import,9373.18,24928.68,1.16,156.49,187.34,US,CR_HASH_009,Cellular telephones
2020-2501-2-10404-1,2020-2501-2-10404,2020,2501,Bahrain International Airport,EX,2,10404,89503,4/14/2020,1006301000,Long-grain milled rice,BH,BH,BH,BH,US,US,KGM,3400.26,0.71,EXW,907.73,2.04,2414.18,3400.26,3671.35,Released,8,8,2501,566,,,CR_HASH_033,,CR_HASH_047,2020-04-14,2020-04,100630100000,10,100630,True,Re-export,907.73,2414.18,2.04,3400.26,3671.35,US,CR_HASH_047,Long-grain milled rice
2020-2601-4-10405-1,2020-2601-4-10405,2020,2601,Dry Port - Hidd,IM,4,10405,63858,11/2/2020,9018390000,Medical syringes and needles,US,US,US,US,BH,BH,NMB,75.0,0.18,FOB,5.08,2.98,13.5,578.52,655.14,Released,6,3,2601,149,,,CR_HASH_188,CR_HASH_001,,2020-11-02,2020-11,901839000000,90,901839,False,Import,5.08,13.5,2.98,578.52,655.14,US,CR_HASH_001,Medical syringes and needles
2020-2701-6-10406-1,2020-2701-6-10406,2020,2701,Khalifa Bin Salman Port,IM,6,10406,88316,12/21/2020,8504400090,Static converters,CN,CN,CN,CN,BH,BH,NMB,134.0,130.05,CIF,6552.44,2.0,17426.7,243.98,280.41,Released,7,3,2701,234,,,CR_HASH_071,CR_HASH_044,,2020-12-21,2020-12,850440009000,85,850440,False,Import,6552.44,17426.7,2.0,243.98,280.41,CN,CR_HASH_044,Static converters
2020-2801-3-10407-1,2020-2801-3-10407,2020,2801,King Fahd Causeway,EX,3,10407,61181,4/4/2020,2710192100,Gas oils for diesel engines,BH,BH,BH,BH,CN,CN,LTR,2473.39,0.46,EXW,427.8,1.17,1137.76,2182.65,2342.91,Held,1,7,2801,550,,,CR_HASH_184,,CR_HASH_010,2020-04-04,2020-04,271019210000,27,271019,True,Re-export,427.8,1137.76,1.17,2182.65,2342.91,CN,CR_HASH_010,Gas oils for diesel engines
2020-2801-8-10408-1,2020-2801-8-10408,2020,2801,King Fahd Causeway,EX,8,10408,63503,5/6/2020,2710192100,Gas oils for diesel engines,BH,BH,BH,BH,IN,IN,LTR,2999.16,1.18,CIF,1330.67,3.73,3539.01,2700.53,3118.4,Released,7,5,2801,954,,,CR_HASH_136,,CR_HASH_019,2020-05-06,2020-05,271019210000,27,271019,True,Re-export,1330.67,3539.01,3.73,2700.53,3118.4,IN,CR_HASH_019,Gas oils for diesel engines
2020-2701-1-10409-1,2020-2701-1-10409,2020,2701,Khalifa Bin Salman Port,IM,1,10409,67023,3/17/2020,102211000,"Live cattle, pure-bred breeding",IN,IN,IN,IN,BH,BH,NMB,115.0,1843.31,EXW,79704.72,2.36,211980.65,65.64,74.53,Pending,2,6,2701,550,,,CR_HASH_122,CR_HASH_012,,2020-03-17,2020-03,102211000000,10,102211,False,Import,79704.72,211980.65,2.36,65.64,74.53,IN,CR_HASH_012,"Live cattle, pure-bred breeding"
2020-2801-5-10410-1,2020-2801-5-10410,2020,2801,King Fahd Causeway,IM,5,10410,48623,6/22/2020,1006301000,Long-grain milled rice,AE,AE,AE,AE,BH,BH,KGM,4496.69,1.4,CIF,2367.06,0.71,6295.37,4496.69,5124.84,Released,5,7,2801,804,,,CR_HASH_017,CR_HASH_027,,2020-06-22,2020-06,100630100000,10,100630,False,Import,2367.06,6295.37,0.71,4496.69,5124.84,AE,CR_HASH_027,Long-grain milled rice
2020-2801-6-10411-1,2020-2801-6-10411,2020,2801,King Fahd Causeway,EX,6,10411,49861,4/15/2020,1006301000,Long-grain milled rice,BH,BH,BH,BH,AE,AE,KGM,1211.52,0.88,CIF,400.87,3.39,1066.14,1211.52,1284.59,Released,2,6,2801,932,,,CR_HASH_157,,CR_HASH_031,2020-04-15,2020-04,100630100000,10,100630,True,Re-export,400.87,1066.14,3.39,1211.52,1284.59,AE,CR_HASH_031,Long-grain milled rice
2020-2801-6-10412-1,2020-2801-6-10412,2020,2801,King Fahd Causeway,IM,6,10412,87152,1/4/2020,2710192100,Gas oils for diesel engines,EG,EG,EG,EG,BH,BH,LTR,15490.24,0.35,CIF,2038.51,3.51,5421.58,12174.62,13551.69,Released,3,1,2801,739,,,CR_HASH_038,CR_HASH_004,,2020-01-04,2020-01,271019210000,27,271019,False,Import,2038.51,5421.58,3.51,12174.62,13551.69,EG,CR_HASH_004,Gas oils for diesel engines
2020-2501-2-10413-1,2020-2501-2-10413,2020,2501,Bahrain International Airport,EX,2,10413,62236,6/28/2020,8703221000,Passenger cars 1000-1500cc,BH,BH,BH,BH,US,US,NMB,34.0,20939.43,EXW,267689.67,2.46,711940.62,175.79,190.58,Released,3,2,2501,985,,,CR_HASH_098,,CR_HASH_038,2020-06-28,2020-06,870322100000,87,870322,True,Re-export,267689.67,711940.62,2.46,175.79,190.58,US,CR_HASH_038,Passenger cars 1000-1500cc
2020-2501-5-10414-1,2020-2501-5-10414,2020,2501,Bahrain International Airport,IM,5,10414,47667,11/19/2020,8504400090,Static converters,CN,CN,JP,JP,BH,BH,NMB,118.0,546.4,FOB,24242.68,2.88,64475.2,176.94,205.61,Released,2,2,2501,140,,,CR_HASH_200,CR_HASH_037,,2020-11-19,2020-11,850440009000,85,850440,False,Import,24242.68,64475.2,2.88,176.94,205.61,CN,CR_HASH_037,Static converters
2020-2801-7-10415-1,2020-2801-7-10415,2020,2801,King Fahd Causeway,EX,7,10415,66711,3/17/2020,3923301000,Plastic bottles for packaging,BH,BH,BH,BH,IN,IN,NMB,52.0,0.72,FOB,14.08,2.82,37.44,265.92,313.87,Released,9,6,2801,248,,,CR_HASH_171,,CR_HASH_018,2020-03-17,2020-03,392330100000,39,392330,True,Re-export,14.08,37.44,2.82,265.92,313.87,IN,CR_HASH_018,Plastic bottles for packaging
2020-2701-3-10416-1,2020-2701-3-10416,2020,2701,Khalifa Bin Salman Port,IM,3,10416,16285,12/27/2020,8504400090,Static converters,CN,CN,CN,CN,BH,BH,NMB,77.0,220.87,FOB,6394.63,3.96,17006.99,281.38,296.09,Released,1,9,2701,326,,,CR_HASH_093,CR_HASH_038,,2020-12-27,2020-12,850440009000,85,850440,False,Import,6394.63,17006.99,3.96,281.38,296.09,CN,CR_HASH_038,Static converters
2020-2501-1-10417-1,2020-2501-1-10417,2020,2501,Bahrain International Airport,EX,1,10417,63229,7/18/2020,102211000,"Live cattle, pure-bred breeding",BH,BH,BH,BH,CN,CN,NMB,107.0,2254.53,CIF,90704.25,4.21,241234.71,152.92,181.23,Released,1,8,2501,156,,,CR_HASH_167,,CR_HASH_042,2020-07-18,2020-07,102211000000,10,102211,True,Re-export,90704.25,241234.71,4.21,152.92,181.23,CN,CR_HASH_042,"Live cattle, pure-bred breeding"
2020-2801-6-10418-1,2020-2801-6-10418,2020,2801,King Fahd Causeway,EX,6,10418,59543,12/17/2020,8703221000,Passenger cars 1000-1500cc,BH,BH,BH,BH,CN,CN,NMB,18.0,23077.24,CIF,156186.76,3.59,415390.32,92.17,107.46,Pending,6,1,2801,461,,,CR_HASH_104,,CR_HASH_044,2020-12-17,2020-12,870322100000,87,870322,True,Re-export,156186.76,415390.32,3.59,92.17,107.46,CN,CR_HASH_044,Passenger cars 1000-1500cc
2020-2701-8-10419-1,2020-2701-8-10419,2020,2701,Khalifa Bin Salman Port,IM,8,10419,82039,3/13/2020,102211000,"Live cattle, pure-bred breeding",EG,EG,EG,EG,BH,BH,NMB,199.0,967.18,EXW,72368.28,3.43,192468.82,201.83,238.83,Held,9,3,2701,471,,,CR_HASH_191,CR_HASH_049,,2020-03-13,2020-03,102211000000,10,102211,False,Import,72368.28,192468.82,3.43,201.83,238.83,EG,CR_HASH_049,"Live cattle, pure-bred breeding"
2020-2601-3-10420-1,2020-2601-3-10420,2020,2601,Dry Port - Hidd,EX,3,10420,96686,11/27/2020,8517120000,Cellular telephones,BH,BH,BH,BH,JP,JP,NMB,55.0,1075.04,EXW,22231.83,4.61,59127.2,91.81,109.52,Released,4,3,2601,746,,,CR_HASH_227,,CR_HASH_031,2020-11-27,2020-11,851712000000,85,851712,True,Re-export,22231.83,59127.2,4.61,91.81,109.52,JP,CR_HASH_031,Cellular telephones
2020-2701-8-10421-1,2020-2701-8-10421,2020,2701,Khalifa Bin Salman Port,IM,8,10421,78207,1/11/2020,8504400090,Static converters,CN,CN,DE,DE,BH,BH,NMB,62.0,179.61,FOB,4187.07,3.92,11135.82,481.42,575.35,Released,7,2,2701,177,,,CR_HASH_058,CR_HASH_002,,2020-01-11,2020-01,850440009000,85,850440,False,Import,4187.07,11135.82,3.92,481.42,575.35,CN,CR_HASH_002,Static converters
2020-2701-3-10422-1,2020-2701-3-10422,2020,2701,Khalifa Bin Salman Port,IM,3,10422,71596,4/28/2020,8517120000,Cellular telephones,CN,CN,SA,SA,BH,BH,NMB,150.0,1818.25,FOB,102549.3,2.11,272737.5,912.73,1085.94,Held,6,6,2701,416,,,CR_HASH_205,CR_HASH_024,,2020-04-28,2020-04,851712000000,85,851712,False,Import,102549.3,272737.5,2.11,912.73,1085.94,CN,CR_HASH_024,Cellular telephones
2020-2701-8-10423-1,2020-2701-8-10423,2020,2701,Khalifa Bin Salman Port,IM,8,10423,75152,10/31/2020,9018390000,Medical syringes and needles,CN,CN,CN,CN,BH,BH,NMB,32.0,0.16,EXW,1.93,4.98,5.12,185.88,210.48,Released,8,9,2701,264,,,CR_HASH_219,CR_HASH_018,,2020-10-31,2020-10,901839000000,90,901839,False,Import,1.93,5.12,4.98,185.88,210.48,CN,CR_HASH_018,Medical syringes and needles
2020-2501-8-10424-1,2020-2501-8-10424,2020,2501,Bahrain International Airport,EX,8,10424,20465,6/19/2020,8703221000,Passenger cars 1000-1500cc,BH,BH,BH,BH,IN,IN,NMB,49.0,19751.32,EXW,363898.32,1.1,967814.68,322.83,361.39,Released,2,9,2501,793,,,CR_HASH_189,,CR_HASH_041,2020-06-19,2020-06,870322100000,87,870322,True,Re-export,363898.32,967814.68,1.1,322.83,361.39,IN,CR_HASH_041,Passenger cars 1000-1500cc
2020-2701-6-10425-1,2020-2701-6-10425,2020,2701,Khalifa Bin Salman Port,IM,6,10425,55787,2/7/2020,8703221000,Passenger cars 1000-1500cc,US,US,US,US,BH,BH,NMB,121.0,18191.81,FOB,827654.59,3.67,2201209.01,750.45,851.5,Released,7,8,2701,430,,,CR_HASH_226,CR_HASH_031,,2020-02-07,2020-02,870322100000,87,870322,False,Import,827654.59,2201209.01,3.67,750.45,851.5,US,CR_HASH_031,Passenger cars 1000-1500cc
2020-2601-7-10426-1,2020-2601-7-10426,2020,2601,Dry Port - Hidd,EX,7,10426,47695,1/23/2020,9018390000,Medical syringes and needles,BH,BH,BH,BH,SA,SA,NMB,103.0,0.08,CIF,3.1,2.08,8.24,456.0,533.1,Released,4,5,2601,725,,,CR_HASH_062,,CR_HASH_015,2020-01-23,2020-01,901839000000,90,901839,True,Re-export,3.1,8.24,2.08,456.0,533.1,SA,CR_HASH_015,Medical syringes and needles
2020-2801-5-10427-1,2020-2801-5-10427,2020,2801,King Fahd Causeway,IM,5,10427,70383,4/20/2020,8504400090,Static converters,SA,SA,SA,SA,BH,BH,NMB,23.0,110.57,EXW,956.21,2.0,2543.11,102.13,119.37,Released,4,6,2801,658,,,CR_HASH_044,CR_HASH_020,,2020-04-20,2020-04,850440009000,85,850440,False,Import,956.21,2543.11,2.0,102.13,119.37,SA,CR_HASH_020,Static converters
2020-2501-1-10428-1,2020-2501-1-10428,2020,2501,Bahrain International Airport,IM,1,10428,23538,7/20/2020,3923301000,Plastic bottles for packaging,CN,CN,CN,CN,BH,BH,NMB,174.0,0.46,FOB,30.1,4.5,80.04,521.34,568.58,Released,9,8,2501,297,,,CR_HASH_161,CR_HASH_028,,2020-07-20,2020-07,392330100000,39,392330,False,Import,30.1,80.04,4.5,521.34,568.58,CN,CR_HASH_028,Plastic bottles for packaging
2020-2501-9-10429-1,2020-2501-9-10429,2020,2501,Bahrain International Airport,IM,9,10429,59899,9/15/2020,8504400090,Static converters,DE,DE,SA,SA,BH,BH,NMB,136.0,219.99,EXW,11249.41,3.21,29918.64,661.04,745.03,Released,6,1,2501,358,,,CR_HASH_205,CR_HASH_022,,2020-09-15,2020-09,850440009000,85,850440,False,Import,11249.41,29918.64,3.21,661.04,745.03,DE,CR_HASH_022,Static converters
2020-2701-7-10430-1,2020-2701-7-10430,2020,2701,Khalifa Bin Salman Port,EX,7,10430,60210,8/24/2020,3923301000,Plastic bottles for packaging,BH,BH,BH,BH,SA,SA,NMB,134.0,0.33,CIF,16.63,1.04,44.22,195.94,211.47,Released,2,1,2701,248,,,CR_HASH_152,,CR_HASH_032,2020-08-24,2020-08,392330100000,39,392330,True,Re-export,16.63,44.22,1.04,195.94,211.47,SA,CR_HASH_032,Plastic bottles for packaging
2020-2601-5-10431-1,2020-2601-5-10431,2020,2601,Dry Port - Hidd,IM,5,10431,54324,2/10/2020,6109100000,Cotton t-shirts,US,US,US,US,BH,BH,NMB,88.0,56.3,FOB,1862.85,1.67,4954.4,562.24,671.3,Released,5,2,2601,766,,,CR_HASH_044,CR_HASH_018,,2020-02-10,2020-02,610910000000,61,610910,False,Import,1862.85,4954.4,1.67,562.24,671.3,US,CR_HASH_018,Cotton t-shirts
2020-2801-1-10432-1,2020-2801-1-10432,2020,2801,King Fahd Causeway,IM,1,10432,50278,11/4/2020,8517120000,Cellular telephones,IN,IN,IN,IN,BH,BH,NMB,193.0,747.37,FOB,54235.15,0.78,144242.41,1221.43,1303.87,Released,8,5,2801,124,,,CR_HASH_036,CR_HASH_042,,2020-11-04,2020-11,851712000000,85,851712,False,Import,54235.15,144242.41,0.78,1221.43,1303.87,IN,CR_HASH_042,Cellular telephones
2020-2501-8-10433-1,2020-2501-8-10433,2020,2501,Bahrain International Airport,IM,8,10433,19431,9/14/2020,8504400090,Static converters,AE,AE,AE,AE,BH,BH,NMB,165.0,223.91,FOB,13891.38,1.73,36945.15,247.93,296.07,Released,6,3,2501,601,,,CR_HASH_116,CR_HASH_028,,2020-09-14,2020-09,850440009000,85,850440,False,Import,13891.38,36945.15,1.73,247.93,296.07,AE,CR_HASH_028,Static converters
2020-2701-8-10434-1,2020-2701-8-10434,2020,2701,Khalifa Bin Salman Port,IM,8,10434,52940,8/5/2020,9018390000,Medical syringes and needles,US,US,US,US,BH,BH,NMB,155.0,0.44,CIF,25.64,4.19,68.2,945.72,1035.9,Released,8,6,2701,888,,,CR_HASH_078,CR_HASH_028,,2020-08-05,2020-08,901839000000,90,901839,False,Import,25.64,68.2,4.19,945.72,1035.9,US,CR_HASH_028,Medical syringes and needles
2020-2501-2-10435-1,2020-2501-2-10435,2020,2501,Bahrain International Airport,IM,2,10435,69003,4/1/2020,3923301000,Plastic bottles for packaging,CN,CN,CN,CN,BH,BH,NMB,128.0,0.32,EXW,15.4,3.62,40.96,294.22,326.31,Held,6,6,2501,818,,,CR_HASH_062,CR_HASH_032,,2020-04-01,2020-04,392330100000,39,392330,False,Import,15.4,40.96,3.62,294.22,326.31,CN,CR_HASH_032,Plastic bottles for packaging
2020-2601-8-10436-1,2020-2601-8-10436,2020,2601,Dry Port - Hidd,IM,8,10436,55617,2/24/2020,9018390000,Medical syringes and needles,SA,SA,SA,SA,BH,BH,NMB,8.0,0.17,FOB,0.51,0.71,1.36,43.12,47.52,Released,4,2,2601,676,,,CR_HASH_060,CR_HASH_023,,2020-02-24,2020-02,901839000000,90,901839,False,Import,0.51,1.36,0.71,43.12,47.52,SA,CR_HASH_023,Medical syringes and needles
2020-2701-1-10437-1,2020-2701-1-10437,2020,2701,Khalifa Bin Salman Port,IM,1,10437,31658,10/20/2020,8471300000,Portable laptop computers,CN,CN,CN,CN,BH,BH,NMB,84.0,350.76,CIF,11078.4,1.79,29463.84,237.55,274.17,Released,4,6,2701,645,,,CR_HASH_167,CR_HASH_011,,2020-10-20,2020-10,847130000000,84,847130,False,Import,11078.4,29463.84,1.79,237.55,274.17,CN,CR_HASH_011,Portable laptop computers
2020-2601-4-10438-1,2020-2601-4-10438,2020,2601,Dry Port - Hidd,,4,10438,11200,10/19/2020,2710192100,Gas oils for diesel engines,CN,CN,BH,BH,CN,CN,LTR,10941.19,1.2,FOB,4936.67,2.75,13129.43,9859.54,10862.68,Released,5,3,2601,843,,,CR_HASH_208,CR_HASH_008,,2020-10-19,2020-10,271019210000,27,271019,False,,4936.67,13129.43,2.75,9859.54,10862.68,,CR_HASH_008,Gas oils for diesel engines
2020-2601-6-10439-1,2020-2601-6-10439,2020,2601,Dry Port - Hidd,IM,6,10439,96703,8/12/2020,6109100000,Cotton t-shirts,DE,DE,DE,DE,BH,BH,NMB,136.0,2.56,FOB,130.91,3.07,348.16,178.4,205.73,Pending,1,4,2601,787,,,CR_HASH_092,CR_HASH_034,,2020-08-12,2020-08,610910000000,61,610910,False,Import,130.91,348.16,3.07,178.4,205.73,DE,CR_HASH_034,Cotton t-shirts
2020-2801-8-10440-1,2020-2801-8-10440,2020,2801,King Fahd Causeway,IM,8,10440,65525,7/31/2020,8471300000,Portable laptop computers,CN,CN,CN,CN,BH,BH,NMB,172.0,682.25,FOB,44122.47,4.34,117347.0,287.79,304.81,Released,8,1,2801,870,,,CR_HASH_036,CR_HASH_025,,2020-07-31,2020-07,847130000000,84,847130,False,Import,44122.47,117347.0,4.34,287.79,304.81,CN,CR_HASH_025,Portable laptop computers
2020-2801-9-10441-1,2020-2801-9-10441,2020,2801,King Fahd Causeway,IM,9,10441,95388,5/21/2020,8504400090,Static converters,CN,CN,CN,CN,BH,BH,NMB,184.0,167.74,FOB,11604.92,4.52,30864.16,1228.14,1426.58,Pending,7,2,2801,678,,,CR_HASH_003,CR_HASH_035,,2020-05-21,2020-05,850440009000,85,850440,False,Import,11604.92,30864.16,4.52,1228.14,1426.58,CN,CR_HASH_035,Static converters
2020-2501-8-10442-1,2020-2501-8-10442,2020,2501,Bahrain International Airport,IM,8,10442,34842,11/17/2020,8517120000,Cellular telephones,JP,JP,JP,JP,BH,BH,NMB,174.0,266.85,CIF,17458.39,4.97,46431.9,568.05,635.31,Released,8,5,2501,920,,,CR_HASH_065,CR_HASH_007,,2020-11-17,2020-11,851712000000,85,851712,False,Import,17458.39,46431.9,4.97,568.05,635.31,JP,CR_HASH_007,Cellular telephones
2020-2601-7-10443-1,2020-2601-7-10443,2020,2601,Dry Port - Hidd,IM,7,10443,61537,3/4/2020,102211000,"Live cattle, pure-bred breeding",IN,IN,AE,AE,BH,BH,NMB,164.0,1570.64,CIF,96851.94,1.7,257584.96,732.29,811.55,Released,5,7,2601,488,,,CR_HASH_206,CR_HASH_020,,2020-03-04,2020-03,102211000000,10,102211,False,Import,96851.94,257584.96,1.7,732.29,811.55,IN,CR_HASH_020,"Live cattle, pure-bred breeding"
2020-2701-1-10444-1,2020-2701-1-10444,2020,2701,Khalifa Bin Salman Port,IM,1,10444,67159,2/25/2020,9018390000,Medical syringes and needles,CN,CN,CN,CN,BH,BH,NMB,154.0,0.06,EXW,3.47,1.2,9.24,1010.45,1195.38,Released,9,4,2701,845,,,CR_HASH_057,CR_HASH_037,,2020-02-25,2020-02,901839000000,90,901839,False,Import,3.47,9.24,1.2,1010.45,1195.38,CN,CR_HASH_037,Medical syringes and needles
2020-2801-8-10445-1,2020-2801-8-10445,2020,2801,King Fahd Causeway,IM,8,10445,82977,5/1/2020,2710192100,Gas oils for diesel engines,JP,JP,JP,JP,BH,BH,LTR,4910.82,2.8,CIF,5170.11,3.32,13750.3,3695.73,3981.96,Released,6,4,2801,899,,,CR_HASH_122,CR_HASH_006,,2020-05-01,2020-05,271019210000,27,271019,False,Import,5170.11,13750.3,3.32,3695.73,3981.96,JP,CR_HASH_006,Gas oils for diesel engines
2020-2501-8-10446-1,2020-2501-8-10446,2020,2501,Bahrain International Airport,IM,8,10446,86551,1/26/2020,8471300000,Portable laptop computers,CN,CN,CN,CN,BH,BH,NMB,39.0,171.49,FOB,2514.73,3.78,6688.11,253.61,284.99,Released,1,1,2501,204,,,CR_HASH_028,CR_HASH_012,,2020-01-26,2020-01,847130000000,84,847130,False,Import,2514.73,6688.11,3.78,253.61,284.99,CN,CR_HASH_012,Portable laptop computers
2020-2701-2-10447-1,2020-2701-2-10447,2020,2701,Khalifa Bin Salman Port,IM,2,10447,27798,1/19/2020,6109100000,Cotton t-shirts,AE,AE,AE,AE,BH,BH,NMB,36.0,6.87,FOB,92.99,4.26,247.32,55.69,63.09,Held,7,4,2701,893,,,CR_HASH_243,CR_HASH_037,,2020-01-19,2020-01,610910000000,61,610910,False,Import,92.99,247.32,4.26,55.69,63.09,AE,CR_HASH_037,Cotton t-shirts
2020-2501-9-10448-1,2020-2501-9-10448,2020,2501,Bahrain International Airport,IM,9,10448,16642,12/19/2020,8471300000,Portable laptop computers,CN,CN,CN,CN,BH,BH,NMB,26.0,389.01,EXW,3802.96,2.24,10114.26,63.93,76.26,Released,2,5,2501,875,,,CR_HASH_140,CR_HASH_021,,2020-12-19,2020-12,847130000000,84,847130,False,Import,3802.96,10114.26,2.24,63.93,76.26,CN,CR_HASH_021,Portable laptop computers
2020-2501-3-10449-1,2020-2501-3-10449,2020,2501,Bahrain International Airport,IM,3,10449,58131,6/18/2020,8471300000,Portable laptop computers,CN,CN,CN,CN,BH,BH,NMB,100.0,596.48,CIF,22427.65,1.79,59648.0,233.74,245.62,Released,3,6,2501,379,,,CR_HASH_091,CR_HASH_047,,2020-06-18,2020-06,847130000000,84,847130,False,Import,22427.65,59648.0,1.79,233.74,245.62,CN,CR_HASH_047,Portable laptop computers
2020-2601-3-10450-1,2020-2601-3-10450,2020,2601,Dry Port - Hidd,,3,10450,24103,9/22/2020,102211000,"Live cattle, pure-bred breeding",EG,EG,BH,BH,TR,TR,NMB,66.0,1219.75,EXW,30269.32,3.38,80503.5,253.29,273.15,Released,3,6,2601,719,,,CR_HASH_046,CR_HASH_037,,2020-09-22,2020-09,102211000000,10,102211,False,,30269.32,80503.5,3.38,253.29,273.15,,CR_HASH_037,"Live cattle, pure-bred breeding"
2020-2601-7-10451-1,2020-2601-7-10451,2020,2601,Dry Port - Hidd,EX,7,10451,85925,8/25/2020,8504400090,Static converters,BH,BH,BH,BH,IN,IN,NMB,65.0,232.05,FOB,5671.3,0.94,15083.25,383.97,423.81,Released,5,5,2601,138,,,CR_HASH_233,,CR_HASH_014,2020-08-25,2020-08,850440009000,85,850440,True,Re-export,5671.3,15083.25,0.94,383.97,423.81,IN,CR_HASH_014,Static converters
2020-2501-3-10452-1,2020-2501-3-10452,2020,2501,Bahrain International Airport,IM,3,10452,97276,4/8/2020,3923301000,Plastic bottles for packaging,AE,AE,IN,IN,BH,BH,NMB,31.0,0.49,FOB,5.71,3.64,15.19,167.18,190.65,Released,9,4,2501,481,,,CR_HASH_184,CR_HASH_023,,2020-04-08,2020-04,392330100000,39,392330,False,Import,5.71,15.19,3.64,167.18,190.65,AE,CR_HASH_023,Plastic bottles for packaging
2020-2601-8-10453-1,2020-2601-8-10453,2020,2601,Dry Port - Hidd,EX,8,10453,12038,7/24/2020,1006301000,Long-grain milled rice,BH,BH,BH,BH,US,US,KGM,2185.17,1.49,CIF,1224.22,2.88,3255.9,2185.17,2416.2,Released,8,6,2601,693,,,CR_HASH_248,,CR_HASH_022,2020-07-24,2020-07,100630100000,10,100630,True,Re-export,1224.22,3255.9,2.88,2185.17,2416.2,US,CR_HASH_022,Long-grain milled rice
2020-2501-1-10454-1,2020-2501-1-10454,2020,2501,Bahrain International Airport,IM,1,10454,79255,9/7/2020,8504400090,Static converters,AE,AE,JP,JP,BH,BH,NMB,5.0,87.76,CIF,164.99,2.37,438.8,7.6,8.2,Released,8,6,2501,233,,,CR_HASH_134,CR_HASH_024,,2020-09-07,2020-09,850440009000,85,850440,False,Import,164.99,438.8,2.37,7.6,8.2,AE,CR_HASH_024,Static converters
2020-2601-9-10455-1,2020-2601-9-10455,2020,2601,Dry Port - Hidd,IM,9,10455,17118,12/24/2020,3923301000,Plastic bottles for packaging,EG,EG,EG,EG,BH,BH,NMB,11.0,0.45,CIF,1.86,0.64,4.95,17.64,20.31,Released,8,5,2601,129,,,CR_HASH_097,CR_HASH_020,,2020-12-24,2020-12,392330100000,39,392330,False,Import,1.86,4.95,0.64,17.64,20.31,EG,CR_HASH_020,Plastic bottles for packaging
2020-2701-4-10456-1,2020-2701-4-10456,2020,2701,Khalifa Bin Salman Port,IM,4,10456,92277,6/28/2020,2710192100,Gas oils for diesel engines,AE,AE,AE,AE,BH,BH,LTR,12174.41,0.52,CIF,2380.34,3.04,6330.69,9606.81,10715.95,Released,2,6,2701,558,,,CR_HASH_101,CR_HASH_022,,2020-06-28,2020-06,271019210000,27,271019,False,Import,2380.34,6330.69,3.04,9606.81,10715.95,AE,CR_HASH_022,Gas oils for diesel engines
2020-2501-8-10457-1,2020-2501-8-10457,2020,2501,Bahrain International Airport,IM,8,10457,49457,8/26/2020,1006301000,Long-grain milled rice,JP,JP,JP,JP,BH,BH,KGM,1626.84,0.9,FOB,550.52,0.84,1464.16,1626.84,1907.92,Released,4,8,2501,701,,,CR_HASH_205,CR_HASH_012,,2020-08-26,2020-08,100630100000,10,100630,False,Import,550.52,1464.16,0.84,1626.84,1907.92,JP,CR_HASH_012,Long-grain milled rice
2020-2801-5-10458-1,2020-2801-5-10458,2020,2801,King Fahd Causeway,IM,5,10458,96715,2/1/2020,8703221000,Passenger cars 1000-1500cc,IN,IN,IN,IN,BH,BH,NMB,193.0,8545.34,FOB,620118.23,2.2,1649250.62,228.47,272.02,Released,2,8,2801,265,,,CR_HASH_160,CR_HASH_031,,2020-02-01,2020-02,870322100000,87,870322,False,Import,620118.23,1649250.62,2.2,228.47,272.02,IN,CR_HASH_031,Passenger cars 1000-1500cc
2020-2601-4-10459-1,2020-2601-4-10459,2020,2601,Dry Port - Hidd,EX,4,10459,89641,3/15/2020,2710192100,Gas oils for diesel engines,BH,BH,BH,BH,CN,CN,LTR,18297.65,1.13,FOB,7774.3,0.74,20676.34,15487.84,16832.17,Released,5,7,2601,747,,,CR_HASH_089,,CR_HASH_005,2020-03-15,2020-03,271019210000,27,271019,True,Re-export,7774.3,20676.34,0.74,15487.84,16832.17,CN,CR_HASH_005,Gas oils for diesel engines
2020-2601-8-10460-1,2020-2601-8-10460,2020,2601,Dry Port - Hidd,IM,8,10460,16245,6/14/2020,8517120000,Cellular telephones,CN,CN,CN,CN,BH,BH,NMB,15.0,4905.9,CIF,27669.28,3.77,73588.5,32.4,36.91,Released,2,6,2601,690,,,CR_HASH_205,CR_HASH_002,,2020-06-14,2020-06,851712000000,85,851712,False,Import,27669.28,73588.5,3.77,32.4,36.91,CN,CR_HASH_002,Cellular telephones
2020-2701-4-10461-1,2020-2701-4-10461,2020,2701,Khalifa Bin Salman Port,IM,4,10461,34192,3/11/2020,8471300000,Portable laptop computers,CN,CN,JP,JP,BH,BH,NMB,78.0,324.47,FOB,9516.06,4.51,25308.66,367.03,413.17,Released,7,9,2701,934,,,CR_HASH_053,CR_HASH_048,,2020-03-11,2020-03,847130000000,84,847130,False,Import,9516.06,25308.66,4.51,367.03,413.17,CN,CR_HASH_048,Portable laptop computers
2020-2801-9-10462-1,2020-2801-9-10462,2020,2801,King Fahd Causeway,EX,9,10462,28397,11/9/2020,3923301000,Plastic bottles for packaging,BH,BH,BH,BH,AE,AE,NMB,128.0,0.66,EXW,31.76,2.85,84.48,331.71,396.32,Released,6,2,2801,404,,,CR_HASH_033,,CR_HASH_041,2020-11-09,2020-11,392330100000,39,392330,True,Re-export,31.76,84.48,2.85,331.71,396.32,AE,CR_HASH_041,Plastic bottles for packaging
2020-2801-1-10463-1,2020-2801-1-10463,2020,2801,King Fahd Causeway,IM,1,10463,22503,9/21/2020,8471300000,Portable laptop computers,SA,SA,SA,SA,BH,BH,NMB,138.0,701.6,EXW,36404.62,2.78,96820.8,944.56,1126.68,Released,5,4,2801,735,,,CR_HASH_221,CR_HASH_008,,2020-09-21,2020-09,847130000000,84,847130,False,Import,36404.62,96820.8,2.78,944.56,1126.68,SA,CR_HASH_008,Portable laptop computers
2020-2601-6-10464-1,2020-2601-6-10464,2020,2601,Dry Port - Hidd,EX,6,10464,86487,11/18/2020,6109100000,Cotton t-shirts,BH,BH,BH,BH,TH,TH,NMB,197.0,6.92,EXW,512.58,3.11,1363.24,260.88,297.31,Released,4,1,2601,324,,,CR_HASH_094,,CR_HASH_010,2020-11-18,2020-11,610910000000,61,610910,True,Re-export,512.58,1363.24,3.11,260.88,297.31,TH,CR_HASH_010,Cotton t-shirts
2020-2601-1-10465-1,2020-2601-1-10465,2020,2601,Dry Port - Hidd,EX,1,10465,23582,6/13/2020,3923301000,Plastic bottles for packaging,BH,BH,BH,BH,US,US,NMB,54.0,0.43,FOB,8.73,4.43,23.22,200.11,220.23,Released,9,9,2601,183,,,CR_HASH_127,,CR_HASH_023,2020-06-13,2020-06,392330100000,39,392330,True,Re-export,8.73,23.22,4.43,200.11,220.23,US,CR_HASH_023,Plastic bottles for packaging
2020-2601-5-10466-1,2020-2601-5-10466,2020,2601,Dry Port - Hidd,EX,5,10466,79527,11/18/2020,1006301000,Long-grain milled rice,BH,BH,BH,BH,US,US,KGM,3225.83,1.45,FOB,1758.72,3.93,4677.45,3225.83,3720.42,Pending,4,4,2601,802,,,CR_HASH_071,,CR_HASH_045,2020-11-18,2020-11,100630100000,10,100630,True,Re-export,1758.72,4677.45,3.93,3225.83,3720.42,US,CR_HASH_045,Long-grain milled rice
2020-2801-5-10467-1,2020-2801-5-10467,2020,2801,King Fahd Causeway,IM,5,10467,88227,4/10/2020,2710192100,Gas oils for diesel engines,US,US,US,US,BH,BH,LTR,18883.91,0.76,EXW,5396.27,2.45,14351.77,16127.05,17245.58,Released,3,2,2801,445,,,CR_HASH_082,CR_HASH_047,,2020-04-10,2020-04,271019210000,27,271019,False,Import,5396.27,14351.77,2.45,16127.05,17245.58,US,CR_HASH_047,Gas oils for diesel engines
2020-2501-7-10468-1,2020-2501-7-10468,2020,2501,Bahrain International Airport,EX,7,10468,36647,7/21/2020,1006301000,Long-grain milled rice,BH,BH,BH,BH,CN,CN,KGM,352.88,1.47,EXW,195.04,1.81,518.73,352.88,381.35,Held,8,5,2501,561,,,CR_HASH_220,,CR_HASH_018,2020-07-21,2020-07,100630100000,10,100630,True,Re-export,195.04,518.73,1.81,352.88,381.35,CN,CR_HASH_018,Long-grain milled rice
2020-2501-8-10469-1,2020-2501-8-10469,2020,2501,Bahrain International Airport,EX,8,10469,28147,9/15/2020,2710192100,Gas oils for diesel engines,BH,BH,BH,BH,CN,CN,LTR,15185.63,0.46,FOB,2626.51,3.32,6985.39,11779.12,14092.97,Released,9,3,2501,277,,,CR_HASH_164,,CR_HASH_020,2020-09-15,2020-09,271019210000,27,271019,True,Re-export,2626.51,6985.39,3.32,11779.12,14092.97,CN,CR_HASH_020,Gas oils for diesel engines
2020-2601-6-10470-1,2020-2601-6-10470,2020,2601,Dry Port - Hidd,IM,6,10470,17407,2/18/2020,8471300000,Portable laptop computers,TH,TH,SA,SA,BH,BH,NMB,152.0,665.58,FOB,38039.23,1.38,101168.16,259.64,280.71,Released,7,6,2601,965,,,CR_HASH_027,CR_HASH_001,,2020-02-18,2020-02,847130000000,84,847130,False,Import,38039.23,101168.16,1.38,259.64,280.71,TH,CR_HASH_001,Portable laptop computers
2020-2501-5-10471-1,2020-2501-5-10471,2020,2501,Bahrain International Airport,EX,5,10471,24173,2/10/2020,6109100000,Cotton t-shirts,BH,BH,BH,BH,US,US,NMB,26.0,2.23,CIF,21.8,1.41,57.98,197.62,223.34,Released,2,8,2501,652,,,CR_HASH_053,,CR_HASH_046,2020-02-10,2020-02,610910000000,61,610910,True,Re-export,21.8,57.98,1.41,197.62,223.34,US,CR_HASH_046,Cotton t-shirts
2020-2501-4-10472-1,2020-2501-4-10472,2020,2501,Bahrain International Airport,EX,4,10472,21664,9/9/2020,6109100000,Cotton t-shirts,BH,BH,BH,BH,CN,CN,NMB,106.0,10.7,FOB,426.46,1.11,1134.2,70.9,75.66,Pending,4,6,2501,497,,,CR_HASH_058,,CR_HASH_020,2020-09-09,2020-09,610910000000,61,610910,True,Re-export,426.46,1134.2,1.11,70.9,75.66,CN,CR_HASH_020,Cotton t-shirts
2020-2501-6-10473-1,2020-2501-6-10473,2020,2501,Bahrain International Airport,IM,6,10473,66453,4/25/2020,3923301000,Plastic bottles for packaging,US,US,IN,IN,BH,BH,NMB,104.0,0.37,EXW,14.47,4.16,38.48,500.51,562.69,Held,3,1,2501,237,,,CR_HASH_175,CR_HASH_045,,2020-04-25,2020-04,392330100000,39,392330,False,Import,14.47,38.48,4.16,500.51,562.69,US,CR_HASH_045,Plastic bottles for packaging
2020-2701-5-10474-1,2020-2701-5-10474,2020,2701,Khalifa Bin Salman Port,IM,5,10474,98664,4/1/2020,1006301000,Long-grain milled rice,CN,CN,CN,CN,BH,BH,KGM,3450.19,1.24,EXW,1608.62,2.62,4278.24,3450.19,3764.27,Released,7,8,2701,558,,,CR_HASH_066,CR_HASH_033,,2020-04-01,2020-04,100630100000,10,100630,False,Import,1608.62,4278.24,2.62,3450.19,3764.27,CN,CR_HASH_033,Long-grain milled rice
2020-2701-9-10475-1,2020-2701-9-10475,2020,2701,Khalifa Bin Salman Port,IM,9,10475,80469,2/3/2020,102211000,"Live cattle, pure-bred breeding",AE,AE,JP,JP,BH,BH,NMB,32.0,10078.55,EXW,121265.11,2.31,322513.6,75.89,88.06,Released,6,7,2701,991,,,CR_HASH_154,CR_HASH_047,,2020-02-03,2020-02,102211000000,10,102211,False,Import,121265.11,322513.6,2.31,75.89,88.06,AE,CR_HASH_047,"Live cattle, pure-bred breeding"
2020-2701-6-10476-1,2020-2701-6-10476,2020,2701,Khalifa Bin Salman Port,IM,6,10476,88164,9/6/2020,8517120000,Cellular telephones,CN,CN,CN,CN,BH,BH,NMB,2.0,969.35,EXW,728.95,4.88,1938.7,12.36,13.84,Released,7,8,2701,917,,,CR_HASH_012,CR_HASH_049,,2020-09-06,2020-09,851712000000,85,851712,False,Import,728.95,1938.7,4.88,12.36,13.84,CN,CR_HASH_049,Cellular telephones
2020-2501-6-10477-1,2020-2501-6-10477,2020,2501,Bahrain International Airport,EX,6,10477,86308,4/3/2020,1006301000,Long-grain milled rice,BH,BH,BH,BH,IN,IN,KGM,4956.42,0.69,CIF,1285.89,2.49,3419.93,4956.42,5323.54,Released,3,5,2501,265,,,CR_HASH_006,,CR_HASH_016,2020-04-03,2020-04,100630100000,10,100630,True,Re-export,1285.89,3419.93,2.49,4956.42,5323.54,IN,CR_HASH_016,Long-grain milled rice
2020-2501-6-10478-1,2020-2501-6-10478,2020,2501,Bahrain International Airport,IM,6,10478,62987,5/16/2020,6109100000,Cotton t-shirts,JP,JP,US,US,BH,BH,NMB,183.0,6.25,EXW,430.05,4.04,1143.75,1385.48,1464.45,Released,1,2,2501,801,,,CR_HASH_011,CR_HASH_034,,2020-05-16,2020-05,610910000000,61,610910,False,Import,430.05,1143.75,4.04,1385.48,1464.45,JP,CR_HASH_034,Cotton t-shirts
2020-2501-7-10479-1,2020-2501-7-10479,2020,2501,Bahrain International Airport,EX,7,10479,31713,3/6/2020,102211000,"Live cattle, pure-bred breeding",BH,BH,BH,BH,SA,SA,NMB,30.0,159.81,FOB,1802.66,0.7,4794.3,62.39,68.35,Pending,2,1,2501,407,,,CR_HASH_017,,CR_HASH_048,2020-03-06,2020-03,102211000000,10,102211,True,Re-export,1802.66,4794.3,0.7,62.39,68.35,SA,CR_HASH_048,"Live cattle, pure-bred breeding"
2020-2801-2-10480-1,2020-2801-2-10480,2020,2801,King Fahd Causeway,IM,2,10480,25447,2/22/2020,2710192100,Gas oils for diesel engines,CN,CN,AE,AE,BH,BH,LTR,1014.72,0.76,FOB,289.97,3.14,771.19,771.32,861.8,Released,1,5,2801,932,,,CR_HASH_176,CR_HASH_025,,2020-02-22,2020-02,271019210000,27,271019,False,Import,289.97,771.19,3.14,771.32,861.8,CN,CR_HASH_025,Gas oils for diesel engines
2020-2601-9-10481-1,2020-2601-9-10481,2020,2601,Dry Port - Hidd,IM,9,10481,35197,9/28/2020,8517120000,Cellular telephones,CN,CN,DE,DE,BH,BH,NMB,50.0,1115.29,CIF,20967.45,1.58,55764.5,234.82,271.98,Held,1,8,2601,932,,,CR_HASH_009,CR_HASH_047,,2020-09-28,2020-09,851712000000,85,851712,False,Import,20967.45,55764.5,1.58,234.82,271.98,CN,CR_HASH_047,Cellular telephones
2020-2801-2-10482-1,2020-2801-2-10482,2020,2801,King Fahd Causeway,IM,2,10482,57608,1/29/2020,8517120000,Cellular telephones,JP,JP,JP,JP,BH,BH,NMB,76.0,1039.46,EXW,29703.61,2.47,78998.96,295.93,326.38,Pending,7,7,2801,617,,,CR_HASH_028,CR_HASH_006,,2020-01-29,2020-01,851712000000,85,851712,False,Import,29703.61,78998.96,2.47,295.93,326.38,JP,CR_HASH_006,Cellular telephones
2020-2701-6-10483-1,2020-2701-6-10483,2020,2701,Khalifa Bin Salman Port,IM,6,10483,49920,10/6/2020,6109100000,Cotton t-shirts,AE,AE,AE,AE,BH,BH,NMB,150.0,11.09,EXW,625.48,4.86,1663.5,562.26,643.06,Released,1,9,2701,416,,,CR_HASH_224,CR_HASH_010,,2020-10-06,2020-10,610910000000,61,610910,False,Import,625.48,1663.5,4.86,562.26,643.06,AE,CR_HASH_010,Cotton t-shirts
2020-2801-6-10484-1,2020-2801-6-10484,2020,2801,King Fahd Causeway,IM,6,10484,70722,10/27/2020,6109100000,Cotton t-shirts,CN,CN,CN,CN,BH,BH,NMB,150.0,4.31,CIF,243.08,3.62,646.5,1162.58,1371.35,Released,4,3,2801,822,,,CR_HASH_082,CR_HASH_026,,2020-10-27,2020-10,610910000000,61,610910,False,Import,243.08,646.5,3.62,1162.58,1371.35,CN,CR_HASH_026,Cotton t-shirts
2020-2801-7-10485-1,2020-2801-7-10485,2020,2801,King Fahd Causeway,IM,7,10485,84197,12/27/2020,2710192100,Gas oils for diesel engines,US,US,US,US,BH,BH,LTR,5265.86,0.54,EXW,1069.18,0.98,2843.56,4069.87,4439.23,Released,8,1,2801,298,,,CR_HASH_095,CR_HASH_008,,2020-12-27,2020-12,271019210000,27,271019,False,Import,1069.18,2843.56,0.98,4069.87,4439.23,US,CR_HASH_008,Gas oils for diesel engines
2020-2501-3-10486-1,2020-2501-3-10486,2020,2501,Bahrain International Airport,IM,3,10486,94651,7/18/2020,8471300000,Portable laptop computers,CN,CN,JP,JP,BH,BH,NMB,100.0,316.8,CIF,11911.68,1.7,31680.0,144.04,160.14,Released,8,4,2501,345,,,CR_HASH_046,CR_HASH_042,,2020-07-18,2020-07,847130000000,84,847130,False,Import,11911.68,31680.0,1.7,144.04,160.14,CN,CR_HASH_042,Portable laptop computers
2020-2501-1-10487-1,2020-2501-1-10487,2020,2501,Bahrain International Airport,IM,1,10487,64784,4/1/2020,1006301000,Long-grain milled rice,AE,AE,AE,AE,BH,BH,KGM,161.42,1.4,CIF,84.97,4.46,225.99,161.42,186.44,Released,6,3,2501,812,,,CR_HASH_165,CR_HASH_034,,2020-04-01,2020-04,100630100000,10,100630,False,Import,84.97,225.99,4.46,161.42,186.44,AE,CR_HASH_034,Long-grain milled rice
2020-2601-5-10488-1,2020-2601-5-10488,2020,2601,Dry Port - Hidd,IM,5,10488,18406,6/14/2020,8517120000,Cellular telephones,CN,CN,IN,IN,BH,BH,NMB,185.0,973.27,CIF,67700.66,0.82,180054.95,378.46,416.63,Released,1,9,2601,924,,,CR_HASH_184,CR_HASH_031,,2020-06-14,2020-06,851712000000,85,851712,False,Import,67700.66,180054.95,0.82,378.46,416.63,CN,CR_HASH_031,Cellular telephones
2020-2601-7-10489-1,2020-2601-7-10489,2020,2601,Dry Port - Hidd,IM,7,10489,80923,3/4/2020,6109100000,Cotton t-shirts,AE,AE,AE,AE,BH,BH,NMB,116.0,10.7,CIF,466.69,2.0,1241.2,579.81,692.19,Released,7,8,2601,393,,,CR_HASH_247,CR_HASH_027,,2020-03-04,2020-03,610910000000,61,610910,False,Import,466.69,1241.2,2.0,579.81,692.19,AE,CR_HASH_027,Cotton t-shirts
2020-2801-8-10490-1,2020-2801-8-10490,2020,2801,King Fahd Causeway,EX,8,10490,32066,2/19/2020,3923301000,Plastic bottles for packaging,BH,BH,BH,BH,US,US,NMB,51.0,0.6,CIF,11.51,2.8,30.6,99.05,116.55,Released,4,6,2801,714,,,CR_HASH_003,,CR_HASH_019,2020-02-19,2020-02,392330100000,39,392330,True,Re-export,11.51,30.6,2.8,99.05,116.55,US,CR_HASH_019,Plastic bottles for packaging
2020-2501-4-10491-1,2020-2501-4-10491,2020,2501,Bahrain International Airport,IM,4,10491,30041,1/16/2020,1006301000,Long-grain milled rice,SA,SA,SA,SA,BH,BH,KGM,4469.34,0.44,CIF,739.41,4.74,1966.51,4469.34,5245.54,Released,8,8,2501,417,,,CR_HASH_148,CR_HASH_027,,2020-01-16,2020-01,100630100000,10,100630,False,Import,739.41,1966.51,4.74,4469.34,5245.54,SA,CR_HASH_027,Long-grain milled rice
2020-2601-5-10492-1,2020-2601-5-10492,2020,2601,Dry Port - Hidd,EX,5,10492,53222,7/23/2020,8703221000,Passenger cars 1000-1500cc,BH,BH,BH,BH,IN,IN,NMB,90.0,6175.79,CIF,208988.73,3.75,555821.1,352.97,385.41,Released,6,9,2601,310,,,CR_HASH_181,,CR_HASH_017,2020-07-23,2020-07,870322100000,87,870322,True,Re-export,208988.73,555821.1,3.75,352.97,385.41,IN,CR_HASH_017,Passenger cars 1000-1500cc
2020-2701-5-10493-1,2020-2701-5-10493,2020,2701,Khalifa Bin Salman Port,IM,5,10493,23924,4/19/2020,3923301000,Plastic bottles for packaging,CN,CN,CN,CN,BH,BH,NMB,12.0,0.42,FOB,1.9,1.9,5.04,60.54,65.0,Held,1,6,2701,134,,,CR_HASH_031,CR_HASH_008,,2020-04-19,2020-04,392330100000,39,392330,False,Import,1.9,5.04,1.9,60.54,65.0,CN,CR_HASH_008,Plastic bottles for packaging
2020-2601-8-10494-1,2020-2601-8-10494,2020,2601,Dry Port - Hidd,IM,8,10494,39163,8/17/2020,6109100000,Cotton t-shirts,US,US,US,US,BH,BH,NMB,148.0,12.93,FOB,719.53,2.25,1913.64,494.72,550.5,Released,1,3,2601,347,,,CR_HASH_018,CR_HASH_007,,2020-08-17,2020-08,610910000000,61,610910,False,Import,719.53,1913.64,2.25,494.72,550.5,US,CR_HASH_007,Cotton t-shirts
2020-2801-1-10495-1,2020-2801-1-10495,2020,2801,King Fahd Causeway,EX,1,10495,11327,2/22/2020,8703221000,Passenger cars 1000-1500cc,BH,BH,BH,BH,IN,IN,NMB,133.0,15853.76,EXW,792814.83,4.07,2108550.08,164.54,196.88,Released,4,3,2801,360,,,CR_HASH_201,,CR_HASH_007,2020-02-22,2020-02,870322100000,87,870322,True,Re-export,792814.83,2108550.08,4.07,164.54,196.88,IN,CR_HASH_007,Passenger cars 1000-1500cc
2020-2501-4-10496-1,2020-2501-4-10496,2020,2501,Bahrain International Airport,IM,4,10496,11514,8/7/2020,2710192100,Gas oils for diesel engines,AE,AE,AE,AE,BH,BH,LTR,665.0,0.39,FOB,97.52,4.0,259.35,559.33,645.35,Released,6,9,2501,531,,,CR_HASH_016,CR_HASH_010,,2020-08-07,2020-08,271019210000,27,271019,False,Import,97.52,259.35,4.0,559.33,645.35,AE,CR_HASH_010,Gas oils for diesel engines
2020-2801-1-10497-1,2020-2801-1-10497,2020,2801,King Fahd Causeway,IM,1,10497,38552,6/9/2020,2710192100,Gas oils for diesel engines,CN,CN,CN,CN,BH,BH,LTR,17760.82,0.67,EXW,4474.31,4.24,11899.75,16552.62,19063.37,Released,4,5,2801,537,,,CR_HASH_199,CR_HASH_033,,2020-06-09,2020-06,271019210000,27,271019,False,Import,4474.31,11899.75,4.24,16552.62,19063.37,CN,CR_HASH_033,Gas oils for diesel engines
2020-2601-4-10498-1,2020-2601-4-10498,2020,2601,Dry Port - Hidd,IM,4,10498,28171,10/27/2020,8471300000,Portable laptop computers,DE,DE,DE,DE,BH,BH,NMB,70.0,528.94,FOB,13921.7,3.75,37025.8,237.22,263.13,Released,4,1,2601,445,,,CR_HASH_014,CR_HASH_027,,2020-10-27,2020-10,847130000000,84,847130,False,Import,13921.7,37025.8,3.75,237.22,263.13,DE,CR_HASH_027,Portable laptop computers
2020-2701-3-10499-1,2020-2701-3-10499,2020,2701,Khalifa Bin Salman Port,IM,3,10499,16738,7/31/2020,8471300000,Portable laptop computers,SA,SA,IN,IN,BH,BH,NMB,115.0,478.23,EXW,20678.67,3.12,54996.45,787.4,871.04,Released,6,2,2701,599,,,CR_HASH_197,CR_HASH_017,,2020-07-31,2020-07,847130000000,84,847130,False,Import,20678.67,54996.45,3.12,787.4,871.04,SA,CR_HASH_017,Portable laptop computers
2020-2801-9-10500-1,2020-2801-9-10500,2020,2801,King Fahd Causeway,IM,9,10500,79553,7/4/2020,8517120000,Cellular telephones,SA,SA,SA,SA,BH,BH,NMB,23.0,273.91,EXW,2368.77,4.78,6299.93,76.98,91.05,Released,7,4,2801,867,,,CR_HASH_139,CR_HASH_014,,2020-07-04,2020-07,851712000000,85,851712,False,Import,2368.77,6299.93,4.78,76.98,91.05,SA,CR_HASH_014,Cellular telephones
2020-2801-2-10501-1,2020-2801-2-10501,2020,2801,King Fahd Causeway,IM,2,10501,12253,10/15/2020,6109100000,Cotton t-shirts,AE,AE,AE,AE,BH,BH,NMB,57.0,6.4,EXW,137.16,3.46,364.8,299.61,323.13,Pending,9,3,2801,540,,,CR_HASH_031,CR_HASH_007,,2020-10-15,2020-10,610910000000,61,610910,False,Import,137.16,364.8,3.46,299.61,323.13,AE,CR_HASH_007,Cotton t-shirts
2020-2501-7-10502-1,2020-2501-7-10502,2020,2501,Bahrain International Airport,EX,7,10502,65655,6/18/2020,8703221000,Passenger cars 1000-1500cc,BH,BH,BH,BH,AE,AE,NMB,74.0,5299.51,CIF,147453.57,4.88,392163.74,450.3,506.18,Released,3,4,2501,922,,,CR_HASH_140,,CR_HASH_029,2020-06-18,2020-06,870322100000,87,870322,True,Re-export,147453.57,392163.74,4.88,450.3,506.18,AE,CR_HASH_029,Passenger cars 1000-1500cc
2020-2601-1-10503-1,2020-2601-1-10503,2020,2601,Dry Port - Hidd,EX,1,10503,33005,2/29/2020,102211000,"Live cattle, pure-bred breeding",BH,BH,BH,BH,SA,SA,NMB,127.0,2471.75,FOB,118031.01,0.86,313912.25,1007.04,1166.58,Released,2,1,2601,475,,,CR_HASH_035,,CR_HASH_017,2020-02-29,2020-02,102211000000,10,102211,True,Re-export,118031.01,313912.25,0.86,1007.04,1166.58,SA,CR_HASH_017,"Live cattle, pure-bred breeding"
2020-2501-4-10504-1,2020-2501-4-10504,2020,2501,Bahrain International Airport,EX,4,10504,31003,7/31/2020,3923301000,Plastic bottles for packaging,BH,BH,BH,BH,US,US,NMB,70.0,0.36,CIF,9.48,1.47,25.2,108.24,119.12,Released,2,2,2501,398,,,CR_HASH_248,,CR_HASH_039,2020-07-31,2020-07,392330100000,39,392330,True,Re-export,9.48,25.2,1.47,108.24,119.12,US,CR_HASH_039,Plastic bottles for packaging
2020-2801-9-10505-1,2020-2801-9-10505,2020,2801,King Fahd Causeway,IM,9,10505,71286,3/20/2020,2710192100,Gas oils for diesel engines,AE,AE,AE,AE,BH,BH,LTR,6832.75,0.78,FOB,2003.91,2.47,5329.55,6010.87,6819.46,Released,2,4,2801,227,,,CR_HASH_022,CR_HASH_026,,2020-03-20,2020-03,271019210000,27,271019,False,Import,2003.91,5329.55,2.47,6010.87,6819.46,AE,CR_HASH_026,Gas oils for diesel engines
2020-2601-5-10506-1,2020-2601-5-10506,2020,2601,Dry Port - Hidd,IM,5,10506,75514,3/23/2020,3923301000,Plastic bottles for packaging,DE,DE,CN,CN,BH,BH,NMB,6.0,0.33,EXW,0.74,4.81,1.98,32.35,35.9,Held,4,7,2601,337,,,CR_HASH_024,CR_HASH_040,,2020-03-23,2020-03,392330100000,39,392330,False,Import,0.74,1.98,4.81,32.35,35.9,DE,CR_HASH_040,Plastic bottles for packaging
2020-2701-4-10507-1,2020-2701-4-10507,2020,2701,Khalifa Bin Salman Port,IM,4,10507,11246,10/18/2020,6109100000,Cotton t-shirts,CN,CN,CN,CN,BH,BH,NMB,56.0,6.18,EXW,130.13,4.76,346.08,80.04,95.16,Released,4,4,2701,801,,,CR_HASH_155,CR_HASH_029,,2020-10-18,2020-10,610910000000,61,610910,False,Import,130.13,346.08,4.76,80.04,95.16,CN,CR_HASH_029,Cotton t-shirts
2020-2701-7-10508-1,2020-2701-7-10508,2020,2701,Khalifa Bin Salman Port,EX,7,10508,49283,7/11/2020,9018390000,Medical syringes and needles,BH,BH,BH,BH,SA,SA,NMB,64.0,0.26,EXW,6.26,3.21,16.64,420.06,503.27,Released,6,4,2701,765,,,CR_HASH_165,,CR_HASH_019,2020-07-11,2020-07,901839000000,90,901839,True,Re-export,6.26,16.64,3.21,420.06,503.27,SA,CR_HASH_019,Medical syringes and needles
2020-2701-8-10509-1,2020-2701-8-10509,2020,2701,Khalifa Bin Salman Port,IM,8,10509,59531,1/27/2020,9018390000,Medical syringes and needles,AE,AE,AE,AE,BH,BH,NMB,184.0,0.34,FOB,23.52,1.26,62.56,1183.58,1317.35,Released,3,5,2701,920,,,CR_HASH_116,CR_HASH_025,,2020-01-27,2020-01,901839000000,90,901839,False,Import,23.52,62.56,1.26,1183.58,1317.35,AE,CR_HASH_025,Medical syringes and needles
2020-2601-1-10510-1,2020-2601-1-10510,2020,2601,Dry Port - Hidd,IM,1,10510,60711,2/9/2020,3923301000,Plastic bottles for packaging,SA,SA,SA,SA,BH,BH,NMB,140.0,0.61,FOB,32.11,1.72,85.4,812.09,963.0,Released,3,7,2601,944,,,CR_HASH_061,CR_HASH_044,,2020-02-09,2020-02,392330100000,39,392330,False,Import,32.11,85.4,1.72,812.09,963.0,SA,CR_HASH_044,Plastic bottles for packaging
2020-2701-5-10511-1,2020-2701-5-10511,2020,2701,Khalifa Bin Salman Port,EX,5,10511,98505,6/29/2020,102211000,"Live cattle, pure-bred breeding",BH,BH,BH,BH,SA,SA,NMB,119.0,1450.47,FOB,64899.83,4.85,172605.93,697.01,806.65,Released,2,8,2701,668,,,CR_HASH_209,,CR_HASH_044,2020-06-29,2020-06,102211000000,10,102211,True,Re-export,64899.83,172605.93,4.85,697.01,806.65,SA,CR_HASH_044,"Live cattle, pure-bred breeding"
2020-2701-1-10512-1,2020-2701-1-10512,2020,2701,Khalifa Bin Salman Port,IM,1,10512,49327,6/5/2020,1006301000,Long-grain milled rice,JP,JP,JP,JP,BH,BH,KGM,1512.22,1.01,FOB,574.28,0.93,1527.34,1512.22,1627.69,Pending,6,3,2701,583,,,CR_HASH_195,CR_HASH_029,,2020-06-05,2020-06,100630100000,10,100630,False,Import,574.28,1527.34,0.93,1512.22,1627.69,JP,CR_HASH_029,Long-grain milled rice
2020-2501-5-10513-1,2020-2501-5-10513,2020,2501,Bahrain International Airport,IM,5,10513,88409,11/7/2020,8703221000,Passenger cars 1000-1500cc,CN,CN,SA,SA,BH,BH,NMB,162.0,20472.25,CIF,1247005.69,4.04,3316504.5,762.88,804.13,Released,7,6,2501,970,,,CR_HASH_176,CR_HASH_041,,2020-11-07,2020-11,870322100000,87,870322,False,Import,1247005.69,3316504.5,4.04,762.88,804.13,CN,CR_HASH_041,Passenger cars 1000-1500cc
2020-2801-6-10514-1,2020-2801-6-10514,2020,2801,King Fahd Causeway,IM,6,10514,21514,1/16/2020,102211000,"Live cattle, pure-bred breeding",AE,AE,AE,AE,BH,BH,NMB,78.0,1338.65,CIF,39259.93,4.58,104414.7,42.03,44.5,Released,3,5,2801,795,,,CR_HASH_191,CR_HASH_046,,2020-01-16,2020-01,102211000000,10,102211,False,Import,39259.93,104414.7,4.58,42.03,44.5,AE,CR_HASH_046,"Live cattle, pure-bred breeding"
2020-2501-8-10515-1,2020-2501-8-10515,2020,2501,Bahrain International Airport,EX,8,10515,27045,10/18/2020,9018390000,Medical syringes and needles,BH,BH,BH,BH,SA,SA,NMB,147.0,0.23,FOB,12.71,4.51,33.81,892.82,1058.2,Released,5,8,2501,829,,,CR_HASH_129,,CR_HASH_030,2020-10-18,2020-10,901839000000,90,901839,True,Re-export,12.71,33.81,4.51,892.82,1058.2,SA,CR_HASH_030,Medical syringes and needles
2020-2501-3-10516-1,2020-2501-3-10516,2020,2501,Bahrain International Airport,,3,10516,55779,2/13/2020,8471300000,Portable laptop computers,CN,CN,BH,BH,SA,SA,NMB,115.0,197.85,FOB,8555.03,0.62,22752.75,676.9,735.46,Released,1,1,2501,597,,,CR_HASH_205,CR_HASH_048,,2020-02-13,2020-02,847130000000,84,847130,False,,8555.03,22752.75,0.62,676.9,735.46,,CR_HASH_048,Portable laptop computers
2020-2801-5-10517-1,2020-2801-5-10517,2020,2801,King Fahd Causeway,IM,5,10517,90971,7/5/2020,3923301000,Plastic bottles for packaging,AE,AE,AE,AE,BH,BH,NMB,161.0,2.2,EXW,133.18,1.53,354.2,383.66,438.07,Released,3,2,2801,509,,,CR_HASH_084,CR_HASH_049,,2020-07-05,2020-07,392330100000,39,392330,False,Import,133.18,354.2,1.53,383.66,438.07,AE,CR_HASH_049,Plastic bottles for packaging
2020-2701-2-10518-1,2020-2701-2-10518,2020,2701,Khalifa Bin Salman Port,EX,2,10518,46422,2/15/2020,8703221000,Passenger cars 1000-1500cc,BH,BH,BH,BH,JP,JP,NMB,125.0,7053.89,CIF,331532.83,1.54,881736.25,931.18,1069.95,Released,9,9,2701,965,,,CR_HASH_005,,CR_HASH_010,2020-02-15,2020-02,870322100000,87,870322,True,Re-export,331532.83,881736.25,1.54,931.18,1069.95,JP,CR_HASH_010,Passenger cars 1000-1500cc
2020-2601-3-10519-1,2020-2601-3-10519,2020,2601,Dry Port - Hidd,,3,10519,44453,2/26/2020,2710192100,Gas oils for diesel engines,CN,CN,BH,BH,SA,SA,LTR,10445.21,0.56,CIF,2199.34,1.13,5849.32,8730.88,9331.21,Held,9,6,2601,375,,,CR_HASH_092,CR_HASH_004,,2020-02-26,2020-02,271019210000,27,271019,False,,2199.34,5849.32,1.13,8730.88,9331.21,,CR_HASH_004,Gas oils for diesel engines
2020-2601-2-10520-1,2020-2601-2-10520,2020,2601,Dry Port - Hidd,IM,2,10520,73701,5/28/2020,9018390000,Medical syringes and needles,US,US,DE,DE,BH,BH,NMB,3.0,0.17,CIF,0.19,1.48,0.51,22.82,25.42,Released,6,3,2601,458,,,CR_HASH_180,CR_HASH_001,,2020-05-28,2020-05,901839000000,90,901839,False,Import,0.19,0.51,1.48,22.82,25.42,US,CR_HASH_001,Medical syringes and needles
2020-2501-8-10521-1,2020-2501-8-10521,2020,2501,Bahrain International Airport,IM,8,10521,94463,7/12/2020,2710192100,Gas oils for diesel engines,DE,DE,SA,SA,BH,BH,LTR,4940.96,1.19,FOB,2210.78,3.91,5879.74,4534.71,5302.15,Released,7,2,2501,344,,,CR_HASH_220,CR_HASH_011,,2020-07-12,2020-07,271019210000,27,271019,False,Import,2210.78,5879.74,3.91,4534.71,5302.15,DE,CR_HASH_011,Gas oils for diesel engines
2020-2501-9-10522-1,2020-2501-9-10522,2020,2501,Bahrain International Airport,EX,9,10522,35628,2/12/2020,2710192100,Gas oils for diesel engines,BH,BH,BH,BH,SA,SA,LTR,9856.97,0.82,FOB,3039.1,1.56,8082.72,8725.69,9506.84,Released,1,8,2501,405,,,CR_HASH_154,,CR_HASH_024,2020-02-12,2020-02,271019210000,27,271019,True,Re-export,3039.1,8082.72,1.56,8725.69,9506.84,SA,CR_HASH_024,Gas oils for diesel engines
2020-2601-8-10523-1,2020-2601-8-10523,2020,2601,Dry Port - Hidd,IM,8,10523,93834,10/22/2020,8703221000,Passenger cars 1000-1500cc,TH,TH,TH,TH,BH,BH,NMB,170.0,10410.39,EXW,665432.13,3.13,1769766.3,809.44,890.89,Released,7,1,2601,577,,,CR_HASH_110,CR_HASH_008,,2020-10-22,2020-10,870322100000,87,870322,False,Import,665432.13,1769766.3,3.13,809.44,890.89,TH,CR_HASH_008,Passenger cars 1000-1500cc
2020-2801-6-10524-1,2020-2801-6-10524,2020,2801,King Fahd Causeway,IM,6,10524,88158,10/11/2020,9018390000,Medical syringes and needles,SA,SA,SA,SA,BH,BH,NMB,117.0,0.36,CIF,15.84,4.99,42.12,64.45,76.91,Released,8,3,2801,820,,,CR_HASH_096,CR_HASH_029,,2020-10-11,2020-10,901839000000,90,901839,False,Import,15.84,42.12,4.99,64.45,76.91,SA,CR_HASH_029,Medical syringes and needles
2020-2801-8-10525-1,2020-2801-8-10525,2020,2801,King Fahd Causeway,IM,8,10525,22237,6/16/2020,1006301000,Long-grain milled rice,US,US,US,US,BH,BH,KGM,2307.65,1.13,FOB,980.47,3.7,2607.64,2307.65,2657.3,Released,8,2,2801,641,,,CR_HASH_076,CR_HASH_028,,2020-06-16,2020-06,100630100000,10,100630,False,Import,980.47,2607.64,3.7,2307.65,2657.3,US,CR_HASH_028,Long-grain milled rice
2020-2601-7-10526-1,2020-2601-7-10526,2020,2601,Dry Port - Hidd,EX,7,10526,37615,6/3/2020,102211000,"Live cattle, pure-bred breeding",BH,BH,BH,BH,SA,SA,NMB,153.0,961.3,FOB,55301.67,3.01,147078.9,465.84,542.5,Released,7,1,2601,998,,,CR_HASH_088,,CR_HASH_036,2020-06-03,2020-06,102211000000,10,102211,True,Re-export,55301.67,147078.9,3.01,465.84,542.5,SA,CR_HASH_036,"Live cattle, pure-bred breeding"
2020-2701-9-10527-1,2020-2701-9-10527,2020,2701,Khalifa Bin Salman Port,,9,10527,25559,11/3/2020,9018390000,Medical syringes and needles,CN,CN,BH,BH,JP,JP,NMB,29.0,0.44,FOB,4.8,4.09,12.76,50.49,57.46,Released,9,1,2701,475,,,CR_HASH_088,CR_HASH_023,,2020-11-03,2020-11,901839000000,90,901839,False,,4.8,12.76,4.09,50.49,57.46,,CR_HASH_023,Medical syringes and needles
2020-2701-6-10528-1,2020-2701-6-10528,2020,2701,Khalifa Bin Salman Port,IM,6,10528,10515,5/4/2020,8517120000,Cellular telephones,AE,AE,AE,AE,BH,BH,NMB,98.0,123.99,FOB,4568.78,4.88,12151.02,526.37,580.99,Released,9,9,2701,627,,,CR_HASH_134,CR_HASH_007,,2020-05-04,2020-05,851712000000,85,851712,False,Import,4568.78,12151.02,4.88,526.37,580.99,AE,CR_HASH_007,Cellular telephones
2020-2601-3-10529-1,2020-2601-3-10529,2020,2601,Dry Port - Hidd,IM,3,10529,60707,4/28/2020,9018390000,Medical syringes and needles,CN,CN,CN,CN,BH,BH,NMB,87.0,0.36,FOB,11.78,2.87,31.32,213.53,234.61,Released,3,7,2601,597,,,CR_HASH_076,CR_HASH_008,,2020-04-28,2020-04,901839000000,90,901839,False,Import,11.78,31.32,2.87,213.53,234.61,CN,CR_HASH_008,Medical syringes and needles
2020-2601-4-10530-1,2020-2601-4-10530,2020,2601,Dry Port - Hidd,EX,4,10530,40951,1/25/2020,8504400090,Static converters,BH,BH,BH,BH,SA,SA,NMB,62.0,58.75,EXW,1369.58,4.92,3642.5,353.04,390.51,Released,8,6,2601,997,,,CR_HASH_239,,CR_HASH_018,2020-01-25,2020-01,850440009000,85,850440,True,Re-export,1369.58,3642.5,4.92,353.04,390.51,SA,CR_HASH_018,Static converters
2020-2701-5-10531-1,2020-2701-5-10531,2020,2701,Khalifa Bin Salman Port,IM,5,10531,16143,5/27/2020,8471300000,Portable laptop computers,AE,AE,DE,DE,BH,BH,NMB,9.0,262.87,EXW,889.55,3.72,2365.83,45.1,52.87,Released,9,3,2701,268,,,CR_HASH_165,CR_HASH_043,,2020-05-27,2020-05,847130000000,84,847130,False,Import,889.55,2365.83,3.72,45.1,52.87,AE,CR_HASH_043,Portable laptop computers
2020-2601-2-10532-1,2020-2601-2-10532,2020,2601,Dry Port - Hidd,EX,2,10532,38735,3/12/2020,1006301000,Long-grain milled rice,BH,BH,BH,BH,CN,CN,KGM,2666.53,0.55,EXW,551.44,4.95,1466.59,2666.53,2810.61,Released,9,3,2601,186,,,CR_HASH_050,,CR_HASH_012,2020-03-12,2020-03,100630100000,10,100630,True,Re-export,551.44,1466.59,4.95,2666.53,2810.61,CN,CR_HASH_012,Long-grain milled rice
2020-2801-2-10533-1,2020-2801-2-10533,2020,2801,King Fahd Causeway,EX,2,10533,95786,3/22/2020,6109100000,Cotton t-shirts,BH,BH,BH,BH,US,US,NMB,75.0,9.88,FOB,278.62,1.8,741.0,389.61,437.26,Released,7,7,2801,837,,,CR_HASH_094,,CR_HASH_042,2020-03-22,2020-03,610910000000,61,610910,True,Re-export,278.62,741.0,1.8,389.61,437.26,US,CR_HASH_042,Cotton t-shirts
2020-2601-7-10534-1,2020-2601-7-10534,2020,2601,Dry Port - Hidd,EX,7,10534,86806,1/11/2020,3923301000,Plastic bottles for packaging,BH,BH,BH,BH,AE,AE,NMB,29.0,0.24,FOB,2.62,2.92,6.96,130.82,147.45,Released,6,1,2601,384,,,CR_HASH_219,,CR_HASH_015,2020-01-11,2020-01,392330100000,39,392330,True,Re-export,2.62,6.96,2.92,130.82,147.45,AE,CR_HASH_015,Plastic bottles for packaging
2020-2601-9-10535-1,2020-2601-9-10535,2020,2601,Dry Port - Hidd,EX,9,10535,23833,6/13/2020,9018390000,Medical syringes and needles,BH,BH,BH,BH,IN,IN,NMB,142.0,0.07,CIF,3.74,1.94,9.94,653.22,688.08,Released,6,4,2601,920,,,CR_HASH_189,,CR_HASH_028,2020-06-13,2020-06,901839000000,90,901839,True,Re-export,3.74,9.94,1.94,653.22,688.08,IN,CR_HASH_028,Medical syringes and needles
2020-2601-3-10536-1,2020-2601-3-10536,2020,2601,Dry Port - Hidd,IM,3,10536,52858,9/6/2020,9018390000,Medical syringes and needles,SA,SA,DE,DE,BH,BH,NMB,118.0,0.06,EXW,2.66,3.73,7.08,406.29,466.63,Released,1,7,2601,242,,,CR_HASH_134,CR_HASH_030,,2020-09-06,2020-09,901839000000,90,901839,False,Import,2.66,7.08,3.73,406.29,466.63,SA,CR_HASH_030,Medical syringes and needles
2020-2501-2-10537-1,2020-2501-2-10537,2020,2501,Bahrain International Airport,IM,2,10537,84602,10/8/2020,3923301000,Plastic bottles for packaging,AE,AE,AE,AE,BH,BH,NMB,36.0,0.66,EXW,8.93,3.41,23.76,117.46,128.04,Released,6,9,2501,676,,,CR_HASH_228,CR_HASH_007,,2020-10-08,2020-10,392330100000,39,392330,False,Import,8.93,23.76,3.41,117.46,128.04,AE,CR_HASH_007,Plastic bottles for packaging
2020-2501-1-10538-1,2020-2501-1-10538,2020,2501,Bahrain International Airport,IM,1,10538,16533,9/8/2020,6109100000,Cotton t-shirts,SA,SA,DE,DE,BH,BH,NMB,181.0,10.36,EXW,705.06,1.07,1875.16,811.77,907.45,Released,2,4,2501,307,,,CR_HASH_119,CR_HASH_002,,2020-09-08,2020-09,610910000000,61,610910,False,Import,705.06,1875.16,1.07,811.77,907.45,SA,CR_HASH_002,Cotton t-shirts
2020-2701-3-10539-1,2020-2701-3-10539,2020,2701,Khalifa Bin Salman Port,IM,3,10539,14273,5/21/2020,8517120000,Cellular telephones,CN,CN,CN,CN,BH,BH,NMB,81.0,779.81,EXW,23749.89,2.27,63164.61,319.09,350.7,Released,9,9,2701,834,,,CR_HASH_242,CR_HASH_010,,2020-05-21,2020-05,851712000000,85,851712,False,Import,23749.89,63164.61,2.27,319.09,350.7,CN,CR_HASH_010,Cellular telephones
2020-2701-4-10540-1,2020-2701-4-10540,2020,2701,Khalifa Bin Salman Port,IM,4,10540,60676,9/24/2020,8517120000,Cellular telephones,US,US,US,US,BH,BH,NMB,193.0,571.63,FOB,41482.05,4.56,110324.59,1378.46,1522.06,Released,6,9,2701,538,,,CR_HASH_072,CR_HASH_033,,2020-09-24,2020-09,851712000000,85,851712,False,Import,41482.05,110324.59,4.56,1378.46,1522.06,US,CR_HASH_033,Cellular telephones
2020-2501-7-10541-1,2020-2501-7-10541,2020,2501,Bahrain International Airport,EX,7,10541,40582,1/12/2020,3923301000,Plastic bottles for packaging,BH,BH,BH,BH,CN,CN,NMB,26.0,0.3,EXW,2.93,1.69,7.8,74.24,83.93,Released,3,2,2501,173,,,CR_HASH_137,,CR_HASH_001,2020-01-12,2020-01,392330100000,39,392330,True,Re-export,2.93,7.8,1.69,74.24,83.93,CN,CR_HASH_001,Plastic bottles for packaging
2020-2701-2-10542-1,2020-2701-2-10542,2020,2701,Khalifa Bin Salman Port,IM,2,10542,61531,1/14/2020,8703221000,Passenger cars 1000-1500cc,US,US,US,US,BH,BH,NMB,190.0,16508.06,FOB,1179335.81,3.97,3136531.4,296.29,323.38,Released,9,4,2701,840,,,CR_HASH_083,CR_HASH_033,,2020-01-14,2020-01,870322100000,87,870322,False,Import,1179335.81,3136531.4,3.97,296.29,323.38,US,CR_HASH_033,Passenger cars 1000-1500cc
2020-2501-2-10543-1,2020-2501-2-10543,2020,2501,Bahrain International Airport,EX,2,10543,58260,6/2/2020,8471300000,Portable laptop computers,BH,BH,BH,BH,JP,JP,NMB,191.0,659.29,CIF,47347.57,2.97,125924.39,522.69,614.71,Held,6,2,2501,156,,,CR_HASH_043,,CR_HASH_043,2020-06-02,2020-06,847130000000,84,847130,True,Re-export,47347.57,125924.39,2.97,522.69,614.71,JP,CR_HASH_043,Portable laptop computers
2020-2801-9-10544-1,2020-2801-9-10544,2020,2801,King Fahd Causeway,IM,9,10544,81067,1/29/2020,1006301000,Long-grain milled rice,JP,JP,JP,JP,BH,BH,KGM,1817.55,0.79,FOB,539.88,1.08,1435.86,1817.55,1940.89,Released,5,1,2801,548,,,CR_HASH_107,CR_HASH_012,,2020-01-29,2020-01,100630100000,10,100630,False,Import,539.88,1435.86,1.08,1817.55,1940.89,JP,CR_HASH_012,Long-grain milled rice
2020-2801-3-10545-1,2020-2801-3-10545,2020,2801,King Fahd Causeway,EX,3,10545,64332,3/23/2020,102211000,"Live cattle, pure-bred breeding",BH,BH,BH,BH,IN,IN,NMB,3.0,1167.35,EXW,1316.77,3.96,3502.05,21.71,24.07,Pending,5,4,2801,329,,,CR_HASH_162,,CR_HASH_016,2020-03-23,2020-03,102211000000,10,102211,True,Re-export,1316.77,3502.05,3.96,21.71,24.07,IN,CR_HASH_016,"Live cattle, pure-bred breeding"
2020-2601-7-10546-1,2020-2601-7-10546,2020,2601,Dry Port - Hidd,,7,10546,36603,3/2/2020,8703221000,Passenger cars 1000-1500cc,AE,AE,BH,BH,SA,SA,NMB,45.0,5273.57,EXW,89228.8,0.93,237310.65,221.34,239.43,Released,6,6,2601,691,,,CR_HASH_202,CR_HASH_038,,2020-03-02,2020-03,870322100000,87,870322,False,,89228.8,237310.65,0.93,221.34,239.43,,CR_HASH_038,Passenger cars 1000-1500cc
2020-2801-5-10547-1,2020-2801-5-10547,2020,2801,King Fahd Causeway,IM,5,10547,77386,5/16/2020,102211000,"Live cattle, pure-bred breeding",CN,CN,CN,CN,BH,BH,NMB,23.0,1584.52,FOB,13702.93,4.97,36443.96,60.27,67.77,Released,5,2,2801,378,,,CR_HASH_219,CR_HASH_008,,2020-05-16,2020-05,102211000000,10,102211,False,Import,13702.93,36443.96,4.97,60.27,67.77,CN,CR_HASH_008,"Live cattle, pure-bred breeding"
2020-2801-9-10548-1,2020-2801-9-10548,2020,2801,King Fahd Causeway,EX,9,10548,52821,8/7/2020,3923301000,Plastic bottles for packaging,BH,BH,BH,BH,CN,CN,NMB,166.0,0.55,FOB,34.33,1.51,91.3,95.03,105.97,Released,9,4,2801,891,,,CR_HASH_249,,CR_HASH_005,2020-08-07,2020-08,392330100000,39,392330,True,Re-export,34.33,91.3,1.51,95.03,105.97,CN,CR_HASH_005,Plastic bottles for packaging
2020-2801-8-10549-1,2020-2801-8-10549,2020,2801,King Fahd Causeway,EX,8,10549,54022,9/25/2020,8504400090,Static converters,BH,BH,BH,BH,AE,AE,NMB,146.0,40.64,FOB,2230.97,1.91,5933.44,477.52,535.25,Released,3,4,2801,192,,,CR_HASH_039,,CR_HASH_017,2020-09-25,2020-09,850440009000,85,850440,True,Re-export,2230.97,5933.44,1.91,477.52,535.25,AE,CR_HASH_017,Static converters
2020-2701-9-10550-1,2020-2701-9-10550,2020,2701,Khalifa Bin Salman Port,EX,9,10550,76651,8/8/2020,102211000,"Live cattle, pure-bred breeding",BH,BH,BH,BH,CN,CN,NMB,108.0,2042.98,CIF,82961.33,4.58,220641.84,583.03,654.34,Released,9,4,2701,103,,,CR_HASH_044,,CR_HASH_029,2020-08-08,2020-08,102211000000,10,102211,True,Re-export,82961.33,220641.84,4.58,583.03,654.34,CN,CR_HASH_029,"Live cattle, pure-bred breeding"
2020-2501-1-10551-1,2020-2501-1-10551,2020,2501,Bahrain International Airport,IM,1,10551,56923,9/6/2020,8517120000,Cellular telephones,IN,IN,IN,IN,BH,BH,NMB,186.0,757.89,CIF,53003.8,1.74,140967.54,735.9,815.45,Released,4,4,2501,429,,,CR_HASH_195,CR_HASH_022,,2020-09-06,2020-09,851712000000,85,851712,False,Import,53003.8,140967.54,1.74,735.9,815.45,IN,CR_HASH_022,Cellular telephones
2020-2701-5-10552-1,2020-2701-5-10552,2020,2701,Khalifa Bin Salman Port,IM,5,10552,21427,11/28/2020,102211000,"Live cattle, pure-bred breeding",CN,CN,JP,JP,BH,BH,NMB,183.0,1735.22,CIF,119397.02,4.76,317545.26,454.28,478.33,Released,9,3,2701,785,,,CR_HASH_117,CR_HASH_008,,2020-11-28,2020-11,102211000000,10,102211,False,Import,119397.02,317545.26,4.76,454.28,478.33,CN,CR_HASH_008,"Live cattle, pure-bred breeding"
2020-2501-1-10553-1,2020-2501-1-10553,2020,2501,Bahrain International Airport,IM,1,10553,26940,2/2/2020,9018390000,Medical syringes and needles,SA,SA,SA,SA,BH,BH,NMB,134.0,0.2,FOB,10.08,2.9,26.8,571.05,662.34,Released,6,7,2501,425,,,CR_HASH_186,CR_HASH_029,,2020-02-02,2020-02,901839000000,90,901839,False,Import,10.08,26.8,2.9,571.05,662.34,SA,CR_HASH_029,Medical syringes and needles
2020-2701-8-10554-1,2020-2701-8-10554,2020,2701,Khalifa Bin Salman Port,IM,8,10554,14290,12/18/2020,8504400090,Static converters,AE,AE,AE,AE,BH,BH,NMB,124.0,158.4,EXW,7385.24,3.53,19641.6,711.42,823.43,Pending,4,6,2701,117,,,CR_HASH_194,CR_HASH_026,,2020-12-18,2020-12,850440009000,85,850440,False,Import,7385.24,19641.6,3.53,711.42,823.43,AE,CR_HASH_026,Static converters
2020-2501-5-10555-1,2020-2501-5-10555,2020,2501,Bahrain International Airport,IM,5,10555,19981,11/19/2020,2710192100,Gas oils for diesel engines,CN,CN,IN,IN,BH,BH,LTR,9511.05,0.45,EXW,1609.27,2.26,4279.97,7861.72,8458.07,Released,7,1,2501,331,,,CR_HASH_193,CR_HASH_035,,2020-11-19,2020-11,271019210000,27,271019,False,Import,1609.27,4279.97,2.26,7861.72,8458.07,CN,CR_HASH_035,Gas oils for diesel engines
2020-2701-9-10556-1,2020-2701-9-10556,2020,2701,Khalifa Bin Salman Port,IM,9,10556,59570,5/2/2020,6109100000,Cotton t-shirts,CN,CN,IN,IN,BH,BH,NMB,101.0,12.69,EXW,481.92,2.89,1281.69,541.67,648.06,Released,3,1,2701,355,,,CR_HASH_096,CR_HASH_024,,2020-05-02,2020-05,610910000000,61,610910,False,Import,481.92,1281.69,2.89,541.67,648.06,CN,CR_HASH_024,Cotton t-shirts
2020-2701-1-10557-1,2020-2701-1-10557,2020,2701,Khalifa Bin Salman Port,IM,1,10557,33222,2/11/2020,2710192100,Gas oils for diesel engines,SA,SA,DE,DE,BH,BH,LTR,13589.97,0.57,EXW,2912.6,4.61,7746.28,11005.54,12086.66,Released,3,2,2701,208,,,CR_HASH_155,CR_HASH_042,,2020-02-11,2020-02,271019210000,27,271019,False,Import,2912.6,7746.28,4.61,11005.54,12086.66,SA,CR_HASH_042,Gas oils for diesel engines
2020-2601-1-10558-1,2020-2601-1-10558,2020,2601,Dry Port - Hidd,IM,1,10558,29333,1/20/2020,102211000,"Live cattle, pure-bred breeding",JP,JP,DE,DE,BH,BH,NMB,196.0,862.28,FOB,63546.59,0.54,169006.88,1053.69,1256.51,Pending,9,5,2601,911,,,CR_HASH_152,CR_HASH_004,,2020-01-20,2020-01,102211000000,10,102211,False,Import,63546.59,169006.88,0.54,1053.69,1256.51,JP,CR_HASH_004,"Live cattle, pure-bred breeding"
2020-2501-7-10559-1,2020-2501-7-10559,2020,2501,Bahrain International Airport,EX,7,10559,43964,8/27/2020,8471300000,Portable laptop computers,BH,BH,BH,BH,CN,CN,NMB,163.0,318.05,CIF,19492.65,4.99,51842.15,1048.07,1187.64,Released,7,6,2501,390,,,CR_HASH_092,,CR_HASH_048,2020-08-27,2020-08,847130000000,84,847130,True,Re-export,19492.65,51842.15,4.99,1048.07,1187.64,CN,CR_HASH_048,Portable laptop computers
2020-2501-4-10560-1,2020-2501-4-10560,2020,2501,Bahrain International Airport,EX,4,10560,56278,6/9/2020,6109100000,Cotton t-shirts,BH,BH,BH,BH,AE,AE,NMB,181.0,12.68,FOB,862.95,3.2,2295.08,1295.9,1418.87,Released,9,1,2501,985,,,CR_HASH_130,,CR_HASH_035,2020-06-09,2020-06,610910000000,61,610910,True,Re-export,862.95,2295.08,3.2,1295.9,1418.87,AE,CR_HASH_035,Cotton t-shirts
2020-2701-4-10561-1,2020-2701-4-10561,2020,2701,Khalifa Bin Salman Port,EX,4,10561,79150,1/13/2020,8703221000,Passenger cars 1000-1500cc,BH,BH,BH,BH,CN,CN,NMB,87.0,24712.71,CIF,808402.17,3.51,2150005.77,254.02,300.88,Released,4,4,2701,348,,,CR_HASH_224,,CR_HASH_021,2020-01-13,2020-01,870322100000,87,870322,True,Re-export,808402.17,2150005.77,3.51,254.02,300.88,CN,CR_HASH_021,Passenger cars 1000-1500cc
2020-2801-8-10562-1,2020-2801-8-10562,2020,2801,King Fahd Causeway,EX,8,10562,22425,5/27/2020,2710192100,Gas oils for diesel engines,BH,BH,BH,BH,US,US,LTR,13854.22,0.95,EXW,4948.73,0.75,13161.51,12446.32,13267.45,Released,2,9,2801,582,,,CR_HASH_074,,CR_HASH_034,2020-05-27,2020-05,271019210000,27,271019,True,Re-export,4948.73,13161.51,0.75,12446.32,13267.45,US,CR_HASH_034,Gas oils for diesel engines
2020-2801-1-10563-1,2020-2801-1-10563,2020,2801,King Fahd Causeway,EX,1,10563,54722,11/26/2020,2710192100,Gas oils for diesel engines,BH,BH,BH,BH,AE,AE,LTR,10423.05,0.93,EXW,3644.73,3.08,9693.44,8059.78,8465.89,Pending,5,4,2801,179,,,CR_HASH_209,,CR_HASH_035,2020-11-26,2020-11,271019210000,27,271019,True,Re-export,3644.73,9693.44,3.08,8059.78,8465.89,AE,CR_HASH_035,Gas oils for diesel engines
2020-2701-9-10564-1,2020-2701-9-10564,2020,2701,Khalifa Bin Salman Port,EX,9,10564,97422,1/12/2020,8471300000,Portable laptop computers,BH,BH,BH,BH,CN,CN,NMB,66.0,608.11,EXW,15090.86,4.19,40135.26,64.57,71.53,Held,3,4,2701,574,,,CR_HASH_244,,CR_HASH_016,2020-01-12,2020-01,847130000000,84,847130,True,Re-export,15090.86,40135.26,4.19,64.57,71.53,CN,CR_HASH_016,Portable laptop computers
2020-2501-5-10565-1,2020-2501-5-10565,2020,2501,Bahrain International Airport,EX,5,10565,99232,12/23/2020,102211000,"Live cattle, pure-bred breeding",BH,BH,BH,BH,CN,CN,NMB,42.0,2148.78,EXW,33933.53,4.71,90248.76,194.58,216.65,Released,5,2,2501,644,,,CR_HASH_190,,CR_HASH_009,2020-12-23,2020-12,102211000000,10,102211,True,Re-export,33933.53,90248.76,4.71,194.58,216.65,CN,CR_HASH_009,"Live cattle, pure-bred breeding"
2020-2801-7-10566-1,2020-2801-7-10566,2020,2801,King Fahd Causeway,,7,10566,41365,6/14/2020,1006301000,Long-grain milled rice,CN,CN,BH,BH,AE,AE,KGM,3199.29,0.96,FOB,1154.82,2.88,3071.32,3199.29,3808.12,Released,3,6,2801,966,,,CR_HASH_152,CR_HASH_020,,2020-06-14,2020-06,100630100000,10,100630,False,,1154.82,3071.32,2.88,3199.29,3808.12,,CR_HASH_020,Long-grain milled rice
2020-2801-5-10567-1,2020-2801-5-10567,2020,2801,King Fahd Causeway,IM,5,10567,70589,3/16/2020,3923301000,Plastic bottles for packaging,IN,IN,IN,IN,BH,BH,NMB,77.0,0.57,FOB,16.5,2.16,43.89,520.37,585.2,Released,1,1,2801,174,,,CR_HASH_249,CR_HASH_017,,2020-03-16,2020-03,392330100000,39,392330,False,Import,16.5,43.89,2.16,520.37,585.2,IN,CR_HASH_017,Plastic bottles for packaging
2020-2701-4-10568-1,2020-2701-4-10568,2020,2701,Khalifa Bin Salman Port,IM,4,10568,57541,6/4/2020,3923301000,Plastic bottles for packaging,US,US,US,US,BH,BH,NMB,45.0,0.27,EXW,4.57,3.39,12.15,217.46,233.55,Released,1,4,2701,792,,,CR_HASH_028,CR_HASH_003,,2020-06-04,2020-06,392330100000,39,392330,False,Import,4.57,12.15,3.39,217.46,233.55,US,CR_HASH_003,Plastic bottles for packaging
2020-2501-2-10569-1,2020-2501-2-10569,2020,2501,Bahrain International Airport,EX,2,10569,29012,7/5/2020,6109100000,Cotton t-shirts,BH,BH,BH,BH,US,US,NMB,93.0,6.85,CIF,239.53,0.7,637.05,590.09,657.3,Released,5,3,2501,846,,,CR_HASH_066,,CR_HASH_012,2020-07-05,2020-07,610910000000,61,610910,True,Re-export,239.53,637.05,0.7,590.09,657.3,US,CR_HASH_012,Cotton t-shirts
2020-2801-5-10570-1,2020-2801-5-10570,2020,2801,King Fahd Causeway,IM,5,10570,33935,10/2/2020,1006301000,Long-grain milled rice,US,US,DE,DE,BH,BH,KGM,1060.99,1.35,EXW,538.56,1.18,1432.34,1060.99,1132.8,Released,8,6,2801,866,,,CR_HASH_098,CR_HASH_019,,2020-10-02,2020-10,100630100000,10,100630,False,Import,538.56,1432.34,1.18,1060.99,1132.8,US,CR_HASH_019,Long-grain milled rice
2020-2501-4-10571-1,2020-2501-4-10571,2020,2501,Bahrain International Airport,IM,4,10571,80465,6/9/2020,6109100000,Cotton t-shirts,SA,SA,SA,SA,BH,BH,NMB,48.0,12.7,FOB,229.21,4.17,609.6,57.07,63.69,Released,9,2,2501,807,,,CR_HASH_136,CR_HASH_025,,2020-06-09,2020-06,610910000000,61,610910,False,Import,229.21,609.6,4.17,57.07,63.69,SA,CR_HASH_025,Cotton t-shirts
2020-2701-1-10572-1,2020-2701-1-10572,2020,2701,Khalifa Bin Salman Port,EX,1,10572,86385,9/12/2020,8703221000,Passenger cars 1000-1500cc,BH,BH,BH,BH,IN,IN,NMB,171.0,10756.61,EXW,691607.0,4.59,1839380.31,428.21,507.61,Released,6,2,2701,576,,,CR_HASH_161,,CR_HASH_029,2020-09-12,2020-09,870322100000,87,870322,True,Re-export,691607.0,1839380.31,4.59,428.21,507.61,IN,CR_HASH_029,Passenger cars 1000-1500cc
2020-2601-4-10573-1,2020-2601-4-10573,2020,2601,Dry Port - Hidd,IM,4,10573,75479,1/11/2020,1006301000,Long-grain milled rice,CN,CN,CN,CN,BH,BH,KGM,1822.07,1.44,CIF,986.54,4.9,2623.78,1822.07,1914.23,Released,9,7,2601,496,,,CR_HASH_141,CR_HASH_042,,2020-01-11,2020-01,100630100000,10,100630,False,Import,986.54,2623.78,4.9,1822.07,1914.23,CN,CR_HASH_042,Long-grain milled rice
2020-2501-1-10574-1,2020-2501-1-10574,2020,2501,Bahrain International Airport,EX,1,10574,57388,1/20/2020,8504400090,Static converters,BH,BH,BH,BH,US,US,NMB,18.0,239.58,EXW,1621.48,3.93,4312.44,36.07,42.6,Released,3,4,2501,553,,,CR_HASH_166,,CR_HASH_010,2020-01-20,2020-01,850440009000,85,850440,True,Re-export,1621.48,4312.44,3.93,36.07,42.6,US,CR_HASH_010,Static converters
2020-2501-3-10575-1,2020-2501-3-10575,2020,2501,Bahrain International Airport,EX,3,10575,86898,12/1/2020,2710192100,Gas oils for diesel engines,BH,BH,BH,BH,AE,AE,LTR,19320.12,0.92,CIF,6683.22,2.36,17774.51,15413.75,17832.66,Held,6,2,2501,761,,,CR_HASH_006,,CR_HASH_025,2020-12-01,2020-12,271019210000,27,271019,True,Re-export,6683.22,17774.51,2.36,15413.75,17832.66,AE,CR_HASH_025,Gas oils for diesel engines
2020-2501-8-10576-1,2020-2501-8-10576,2020,2501,Bahrain International Airport,IM,8,10576,71747,1/21/2020,9018390000,Medical syringes and needles,IN,IN,IN,IN,BH,BH,NMB,10.0,0.17,FOB,0.64,2.03,1.7,41.25,44.69,Released,3,9,2501,973,,,CR_HASH_095,CR_HASH_037,,2020-01-21,2020-01,901839000000,90,901839,False,Import,0.64,1.7,2.03,41.25,44.69,IN,CR_HASH_037,Medical syringes and needles
2020-2801-2-10577-1,2020-2801-2-10577,2020,2801,King Fahd Causeway,IM,2,10577,71277,1/12/2020,9018390000,Medical syringes and needles,AE,AE,AE,AE,BH,BH,NMB,118.0,0.37,FOB,16.42,3.42,43.66,549.37,631.17,Released,6,9,2801,385,,,CR_HASH_091,CR_HASH_048,,2020-01-12,2020-01,901839000000,90,901839,False,Import,16.42,43.66,3.42,549.37,631.17,AE,CR_HASH_048,Medical syringes and needles
2020-2601-6-10578-1,2020-2601-6-10578,2020,2601,Dry Port - Hidd,IM,6,10578,18110,6/7/2020,3923301000,Plastic bottles for packaging,IN,IN,IN,IN,BH,BH,NMB,122.0,0.65,FOB,29.82,3.22,79.3,945.95,1090.58,Released,4,4,2601,329,,,CR_HASH_052,CR_HASH_018,,2020-06-07,2020-06,392330100000,39,392330,False,Import,29.82,79.3,3.22,945.95,1090.58,IN,CR_HASH_018,Plastic bottles for packaging
2020-2601-7-10579-1,2020-2601-7-10579,2020,2601,Dry Port - Hidd,IM,7,10579,55646,4/5/2020,2710192100,Gas oils for diesel engines,CN,CN,CN,CN,BH,BH,LTR,6880.51,1.09,EXW,2819.91,1.47,7499.76,5307.72,5793.37,Released,1,7,2601,330,,,CR_HASH_185,CR_HASH_006,,2020-04-05,2020-04,271019210000,27,271019,False,Import,2819.91,7499.76,1.47,5307.72,5793.37,CN,CR_HASH_006,Gas oils for diesel engines
2020-2701-8-10580-1,2020-2701-8-10580,2020,2701,Khalifa Bin Salman Port,IM,8,10580,77720,7/19/2020,8517120000,Cellular telephones,IN,IN,IN,IN,BH,BH,NMB,116.0,631.79,FOB,27556.15,0.68,73287.64,268.74,316.1,Released,2,9,2701,549,,,CR_HASH_012,CR_HASH_037,,2020-07-19,2020-07,851712000000,85,851712,False,Import,27556.15,73287.64,0.68,268.74,316.1,IN,CR_HASH_037,Cellular telephones
2020-2701-7-10581-1,2020-2701-7-10581,2020,2701,Khalifa Bin Salman Port,IM,7,10581,86125,2/3/2020,1006301000,Long-grain milled rice,SA,SA,SA,SA,BH,BH,KGM,184.74,0.6,CIF,41.68,2.94,110.84,184.74,195.18,Pending,2,1,2701,682,,,CR_HASH_249,CR_HASH_013,,2020-02-03,2020-02,100630100000,10,100630,False,Import,41.68,110.84,2.94,184.74,195.18,SA,CR_HASH_013,Long-grain milled rice
2020-2801-1-10582-1,2020-2801-1-10582,2020,2801,King Fahd Causeway,IM,1,10582,36822,1/19/2020,3923301000,Plastic bottles for packaging,US,US,US,US,BH,BH,NMB,107.0,0.29,FOB,11.67,3.68,31.03,101.49,112.04,Released,5,6,2801,170,,,CR_HASH_237,CR_HASH_039,,2020-01-19,2020-01,392330100000,39,392330,False,Import,11.67,31.03,3.68,101.49,112.04,US,CR_HASH_039,Plastic bottles for packaging
2020-2601-9-10583-1,2020-2601-9-10583,2020,2601,Dry Port - Hidd,EX,9,10583,96257,7/14/2020,1006301000,Long-grain milled rice,BH,BH,BH,BH,AE,AE,KGM,833.48,0.82,EXW,256.98,2.12,683.45,833.48,884.41,Released,7,6,2601,816,,,CR_HASH_026,,CR_HASH_038,2020-07-14,2020-07,100630100000,10,100630,True,Re-export,256.98,683.45,2.12,833.48,884.41,AE,CR_HASH_038,Long-grain milled rice
2020-2601-6-10584-1,2020-2601-6-10584,2020,2601,Dry Port - Hidd,IM,6,10584,72667,12/11/2020,8703221000,Passenger cars 1000-1500cc,IN,IN,IN,IN,BH,BH,NMB,190.0,8751.82,FOB,625230.02,4.43,1662845.8,611.1,731.92,Pending,9,8,2601,981,,,CR_HASH_039,CR_HASH_007,,2020-12-11,2020-12,870322100000,87,870322,False,Import,625230.02,1662845.8,4.43,611.1,731.92,IN,CR_HASH_007,Passenger cars 1000-1500cc
2020-2801-5-10585-1,2020-2801-5-10585,2020,2801,King Fahd Causeway,EX,5,10585,86098,9/20/2020,8471300000,Portable laptop computers,BH,BH,BH,BH,US,US,NMB,163.0,428.31,CIF,26250.26,1.33,69814.53,1076.21,1222.99,Released,7,4,2801,297,,,CR_HASH_232,,CR_HASH_004,2020-09-20,2020-09,847130000000,84,847130,True,Re-export,26250.26,69814.53,1.33,1076.21,1222.99,US,CR_HASH_004,Portable laptop computers
2020-2501-7-10586-1,2020-2501-7-10586,2020,2501,Bahrain International Airport,IM,7,10586,13914,1/2/2020,8504400090,Static converters,CN,CN,CN,CN,BH,BH,NMB,59.0,152.61,CIF,3385.5,3.3,9003.99,164.76,178.3,Pending,2,7,2501,426,,,CR_HASH_193,CR_HASH_012,,2020-01-02,2020-01,850440009000,85,850440,False,Import,3385.5,9003.99,3.3,164.76,178.3,CN,CR_HASH_012,Static converters
2020-2701-2-10587-1,2020-2701-2-10587,2020,2701,Khalifa Bin Salman Port,EX,2,10587,68975,1/27/2020,8703221000,Passenger cars 1000-1500cc,BH,BH,BH,BH,US,US,NMB,101.0,10018.14,EXW,380448.88,4.49,1011832.14,267.88,317.61,Released,1,1,2701,641,,,CR_HASH_149,,CR_HASH_048,2020-01-27,2020-01,870322100000,87,870322,True,Re-export,380448.88,1011832.14,4.49,267.88,317.61,US,CR_HASH_048,Passenger cars 1000-1500cc
2020-2801-7-10588-1,2020-2801-7-10588,2020,2801,King Fahd Causeway,EX,7,10588,73913,11/2/2020,2710192100,Gas oils for diesel engines,BH,BH,BH,BH,CN,CN,LTR,5498.85,0.39,FOB,806.35,4.16,2144.55,4409.46,5087.04,Released,7,5,2801,618,,,CR_HASH_090,,CR_HASH_044,2020-11-02,2020-11,271019210000,27,271019,True,Re-export,806.35,2144.55,4.16,4409.46,5087.04,CN,CR_HASH_044,Gas oils for diesel engines
2020-2801-1-10589-1,2020-2801-1-10589,2020,2801,King Fahd Causeway,IM,1,10589,47434,11/6/2020,2710192100,Gas oils for diesel engines,CN,CN,CN,CN,BH,BH,LTR,12921.31,0.44,EXW,2137.7,2.5,5685.38,12015.6,14128.33,Released,4,2,2801,905,,,CR_HASH_128,CR_HASH_047,,2020-11-06,2020-11,271019210000,27,271019,False,Import,2137.7,5685.38,2.5,12015.6,14128.33,CN,CR_HASH_047,Gas oils for diesel engines
2020-2801-4-10590-1,2020-2801-4-10590,2020,2801,King Fahd Causeway,EX,4,10590,60505,6/14/2020,3923301000,Plastic bottles for packaging,BH,BH,BH,BH,JP,JP,NMB,120.0,0.24,EXW,10.83,0.92,28.8,659.52,777.31,Pending,4,8,2801,570,,,CR_HASH_192,,CR_HASH_010,2020-06-14,2020-06,392330100000,39,392330,True,Re-export,10.83,28.8,0.92,659.52,777.31,JP,CR_HASH_010,Plastic bottles for packaging
2020-2501-4-10591-1,2020-2501-4-10591,2020,2501,Bahrain International Airport,,4,10591,82107,1/21/2020,2710192100,Gas oils for diesel engines,AE,AE,BH,BH,CN,CN,LTR,9843.13,0.05,EXW,185.05,3.66,492.16,9149.64,9988.74,Released,5,2,2501,832,,,CR_HASH_100,CR_HASH_002,,2020-01-21,2020-01,271019210000,27,271019,False,,185.05,492.16,3.66,9149.64,9988.74,,CR_HASH_002,Gas oils for diesel engines
2020-2801-2-10592-1,2020-2801-2-10592,2020,2801,King Fahd Causeway,EX,2,10592,78752,5/28/2020,8703221000,Passenger cars 1000-1500cc,BH,BH,BH,BH,US,US,NMB,62.0,19394.24,CIF,452118.52,1.99,1202442.88,32.05,34.81,Released,6,6,2801,689,,,CR_HASH_241,,CR_HASH_026,2020-05-28,2020-05,870322100000,87,870322,True,Re-export,452118.52,1202442.88,1.99,32.05,34.81,US,CR_HASH_026,Passenger cars 1000-1500cc
2020-2701-3-10593-1,2020-2701-3-10593,2020,2701,Khalifa Bin Salman Port,IM,3,10593,72175,3/12/2020,102211000,"Live cattle, pure-bred breeding",DE,DE,IN,IN,BH,BH,NMB,189.0,1502.41,FOB,106767.26,3.04,283955.49,1458.3,1660.65,Held,3,5,2701,100,,,CR_HASH_005,CR_HASH_029,,2020-03-12,2020-03,102211000000,10,102211,False,Import,106767.26,283955.49,3.04,1458.3,1660.65,DE,CR_HASH_029,"Live cattle, pure-bred breeding"
2020-2801-7-10594-1,2020-2801-7-10594,2020,2801,King Fahd Causeway,EX,7,10594,89540,9/14/2020,1006301000,Long-grain milled rice,BH,BH,BH,BH,CN,CN,KGM,2511.23,0.49,FOB,462.67,4.69,1230.5,2511.23,2791.47,Released,2,7,2801,742,,,CR_HASH_149,,CR_HASH_042,2020-09-14,2020-09,100630100000,10,100630,True,Re-export,462.67,1230.5,4.69,2511.23,2791.47,CN,CR_HASH_042,Long-grain milled rice
2020-2801-3-10595-1,2020-2801-3-10595,2020,2801,King Fahd Causeway,EX,3,10595,62978,3/26/2020,8703221000,Passenger cars 1000-1500cc,BH,BH,BH,BH,JP,JP,NMB,99.0,12864.53,CIF,478869.26,1.87,1273588.47,571.52,680.33,Released,9,7,2801,610,,,CR_HASH_173,,CR_HASH_001,2020-03-26,2020-03,870322100000,87,870322,True,Re-export,478869.26,1273588.47,1.87,571.52,680.33,JP,CR_HASH_001,Passenger cars 1000-1500cc
2020-2501-6-10596-1,2020-2501-6-10596,2020,2501,Bahrain International Airport,EX,6,10596,86879,11/18/2020,8517120000,Cellular telephones,BH,BH,BH,BH,JP,JP,NMB,47.0,3492.6,CIF,61721.23,4.91,164152.2,78.7,84.14,Released,4,2,2501,579,,,CR_HASH_111,,CR_HASH_021,2020-11-18,2020-11,851712000000,85,851712,True,Re-export,61721.23,164152.2,4.91,78.7,84.14,JP,CR_HASH_021,Cellular telephones
2020-2501-4-10597-1,2020-2501-4-10597,2020,2501,Bahrain International Airport,IM,4,10597,65373,12/22/2020,1006301000,Long-grain milled rice,CN,CN,IN,IN,BH,BH,KGM,4925.0,0.94,CIF,1740.69,3.1,4629.5,4925.0,5326.75,Released,7,2,2501,584,,,CR_HASH_247,CR_HASH_034,,2020-12-22,2020-12,100630100000,10,100630,False,Import,1740.69,4629.5,3.1,4925.0,5326.75,CN,CR_HASH_034,Long-grain milled rice
2020-2801-9-10598-1,2020-2801-9-10598,2020,2801,King Fahd Causeway,IM,9,10598,11074,10/26/2020,102211000,"Live cattle, pure-bred breeding",US,US,US,US,BH,BH,NMB,35.0,1586.61,EXW,20879.79,0.85,55531.35,86.94,104.2,Held,5,4,2801,506,,,CR_HASH_110,CR_HASH_003,,2020-10-26,2020-10,102211000000,10,102211,False,Import,20879.79,55531.35,0.85,86.94,104.2,US,CR_HASH_003,"Live cattle, pure-bred breeding"
2020-2801-8-10599-1,2020-2801-8-10599,2020,2801,King Fahd Causeway,EX,8,10599,85589,3/23/2020,8517120000,Cellular telephones,BH,BH,BH,BH,SA,SA,NMB,147.0,923.59,CIF,51048.67,3.21,135767.73,102.31,111.41,Released,6,3,2801,685,,,CR_HASH_045,,CR_HASH_047,2020-03-23,2020-03,851712000000,85,851712,True,Re-export,51048.67,135767.73,3.21,102.31,111.41,SA,CR_HASH_047,Cellular telephones
2020-2801-9-10600-1,2020-2801-9-10600,2020,2801,King Fahd Causeway,EX,9,10600,43383,4/5/2020,8517120000,Cellular telephones,BH,BH,BH,BH,AE,AE,NMB,145.0,239.55,FOB,13060.27,3.1,34734.75,435.03,482.7,Pending,7,8,2801,275,,,CR_HASH_084,,CR_HASH_036,2020-04-05,2020-04,851712000000,85,851712,True,Re-export,13060.27,34734.75,3.1,435.03,482.7,AE,CR_HASH_036,Cellular telephones
2020-2801-1-10601-1,2020-2801-1-10601,2020,2801,King Fahd Causeway,IM,1,10601,82720,12/9/2020,2710192100,Gas oils for diesel engines,US,US,US,US,BH,BH,LTR,8677.81,0.93,CIF,3034.46,2.39,8070.36,8075.27,9448.41,Released,5,1,2801,139,,,CR_HASH_048,CR_HASH_041,,2020-12-09,2020-12,271019210000,27,271019,False,Import,3034.46,8070.36,2.39,8075.27,9448.41,US,CR_HASH_041,Gas oils for diesel engines
2020-2801-3-10602-1,2020-2801-3-10602,2020,2801,King Fahd Causeway,IM,3,10602,22440,6/8/2020,2710192100,Gas oils for diesel engines,US,US,US,US,BH,BH,LTR,6010.62,0.53,EXW,1197.8,0.92,3185.63,5209.48,5669.77,Released,5,2,2801,567,,,CR_HASH_245,CR_HASH_011,,2020-06-08,2020-06,271019210000,27,271019,False,Import,1197.8,3185.63,0.92,5209.48,5669.77,US,CR_HASH_011,Gas oils for diesel engines
2020-2701-5-10603-1,2020-2701-5-10603,2020,2701,Khalifa Bin Salman Port,EX,5,10603,45235,9/7/2020,9018390000,Medical syringes and needles,BH,BH,BH,BH,CN,CN,NMB,45.0,0.49,FOB,8.29,1.55,22.05,103.9,114.47,Released,3,3,2701,925,,,CR_HASH_156,,CR_HASH_034,2020-09-07,2020-09,901839000000,90,901839,True,Re-export,8.29,22.05,1.55,103.9,114.47,CN,CR_HASH_034,Medical syringes and needles
2020-2601-7-10604-1,2020-2601-7-10604,2020,2601,Dry Port - Hidd,IM,7,10604,16795,5/19/2020,8504400090,Static converters,US,US,IN,IN,BH,BH,NMB,137.0,244.75,EXW,12607.56,3.31,33530.75,677.07,765.73,Held,3,6,2601,772,,,CR_HASH_172,CR_HASH_010,,2020-05-19,2020-05,850440009000,85,850440,False,Import,12607.56,33530.75,3.31,677.07,765.73,US,CR_HASH_010,Static converters
2020-2601-4-10605-1,2020-2601-4-10605,2020,2601,Dry Port - Hidd,IM,4,10605,54712,7/16/2020,9018390000,Medical syringes and needles,CN,CN,CN,CN,BH,BH,NMB,51.0,0.39,FOB,7.48,4.11,19.89,380.69,421.08,Released,7,9,2601,864,,,CR_HASH_167,CR_HASH_021,,2020-07-16,2020-07,901839000000,90,901839,False,Import,7.48,19.89,4.11,380.69,421.08,CN,CR_HASH_021,Medical syringes and needles
2020-2501-6-10606-1,2020-2501-6-10606,2020,2501,Bahrain International Airport,IM,6,10606,98280,1/17/2020,3923301000,Plastic bottles for packaging,CN,CN,CN,CN,BH,BH,NMB,168.0,0.46,EXW,29.06,3.17,77.28,339.41,357.5,Released,9,3,2501,993,,,CR_HASH_226,CR_HASH_008,,2020-01-17,2020-01,392330100000,39,392330,False,Import,29.06,77.28,3.17,339.41,357.5,CN,CR_HASH_008,Plastic bottles for packaging
2020-2701-4-10607-1,2020-2701-4-10607,2020,2701,Khalifa Bin Salman Port,,4,10607,31339,5/15/2020,6109100000,Cotton t-shirts,US,US,BH,BH,CN,CN,NMB,67.0,10.29,CIF,259.23,4.33,689.43,369.07,421.13,Released,2,6,2701,211,,,CR_HASH_243,CR_HASH_012,,2020-05-15,2020-05,610910000000,61,610910,False,,259.23,689.43,4.33,369.07,421.13,,CR_HASH_012,Cotton t-shirts
2020-2801-8-10608-1,2020-2801-8-10608,2020,2801,King Fahd Causeway,IM,8,10608,11979,5/31/2020,3923301000,Plastic bottles for packaging,JP,JP,JP,JP,BH,BH,NMB,62.0,0.65,EXW,15.15,3.45,40.3,94.96,109.65,Released,3,5,2801,287,,,CR_HASH_039,CR_HASH_008,,2020-05-31,2020-05,392330100000,39,392330,False,Import,15.15,40.3,3.45,94.96,109.65,JP,CR_HASH_008,Plastic bottles for packaging
2020-2801-3-10609-1,2020-2801-3-10609,2020,2801,King Fahd Causeway,EX,3,10609,15322,8/12/2020,6109100000,Cotton t-shirts,BH,BH,BH,BH,AE,AE,NMB,183.0,3.43,CIF,236.01,4.98,627.69,1008.91,1115.79,Pending,3,4,2801,125,,,CR_HASH_223,,CR_HASH_044,2020-08-12,2020-08,610910000000,61,610910,True,Re-export,236.01,627.69,4.98,1008.91,1115.79,AE,CR_HASH_044,Cotton t-shirts
2020-2601-2-10610-1,2020-2601-2-10610,2020,2601,Dry Port - Hidd,IM,2,10610,85001,12/11/2020,1006301000,Long-grain milled rice,US,US,US,US,BH,BH,KGM,458.25,0.83,CIF,143.01,1.4,380.35,458.25,531.38,Released,5,7,2601,642,,,CR_HASH_039,CR_HASH_030,,2020-12-11,2020-12,100630100000,10,100630,False,Import,143.01,380.35,1.4,458.25,531.38,US,CR_HASH_030,Long-grain milled rice
2020-2701-7-10611-1,2020-2701-7-10611,2020,2701,Khalifa Bin Salman Port,IM,7,10611,27514,4/1/2020,8471300000,Portable laptop computers,IN,IN,DE,DE,BH,BH,NMB,113.0,388.36,FOB,16500.64,2.07,43884.68,873.95,1040.1,Released,8,5,2701,447,,,CR_HASH_166,CR_HASH_048,,2020-04-01,2020-04,847130000000,84,847130,False,Import,16500.64,43884.68,2.07,873.95,1040.1,IN,CR_HASH_048,Portable laptop computers
2020-2601-9-10612-1,2020-2601-9-10612,2020,2601,Dry Port - Hidd,IM,9,10612,15812,2/27/2020,8504400090,Static converters,US,US,US,US,BH,BH,NMB,145.0,88.72,FOB,4837.01,2.27,12864.4,1079.2,1185.19,Released,5,6,2601,195,,,CR_HASH_130,CR_HASH_024,,2020-02-27,2020-02,850440009000,85,850440,False,Import,4837.01,12864.4,2.27,1079.2,1185.19,US,CR_HASH_024,Static converters
2020-2501-2-10613-1,2020-2501-2-10613,2020,2501,Bahrain International Airport,IM,2,10613,71932,8/20/2020,1006301000,Long-grain milled rice,SA,SA,CN,CN,BH,BH,KGM,4583.2,0.78,EXW,1344.16,3.53,3574.9,4583.2,4818.28,Released,1,3,2501,943,,,CR_HASH_115,CR_HASH_023,,2020-08-20,2020-08,100630100000,10,100630,False,Import,1344.16,3574.9,3.53,4583.2,4818.28,SA,CR_HASH_023,Long-grain milled rice
2020-2501-4-10614-1,2020-2501-4-10614,2020,2501,Bahrain International Airport,IM,4,10614,43366,1/1/2020,3923301000,Plastic bottles for packaging,US,US,JP,JP,BH,BH,NMB,141.0,0.38,CIF,20.15,4.53,53.58,802.03,922.42,Pending,3,3,2501,390,,,CR_HASH_030,CR_HASH_032,,2020-01-01,2020-01,392330100000,39,392330,False,Import,20.15,53.58,4.53,802.03,922.42,US,CR_HASH_032,Plastic bottles for packaging
2020-2501-3-10615-1,2020-2501-3-10615,2020,2501,Bahrain International Airport,EX,3,10615,12676,1/12/2020,3923301000,Plastic bottles for packaging,BH,BH,BH,BH,JP,JP,NMB,41.0,0.48,FOB,7.4,0.79,19.68,114.54,127.63,Released,9,5,2501,879,,,CR_HASH_242,,CR_HASH_002,2020-01-12,2020-01,392330100000,39,392330,True,Re-export,7.4,19.68,0.79,114.54,127.63,JP,CR_HASH_002,Plastic bottles for packaging
2020-2501-8-10616-1,2020-2501-8-10616,2020,2501,Bahrain International Airport,IM,8,10616,29143,10/4/2020,6109100000,Cotton t-shirts,CN,CN,CN,CN,BH,BH,NMB,3.0,12.42,CIF,14.01,4.23,37.26,3.31,3.77,Released,4,1,2501,185,,,CR_HASH_142,CR_HASH_009,,2020-10-04,2020-10,610910000000,61,610910,False,Import,14.01,37.26,4.23,3.31,3.77,CN,CR_HASH_009,Cotton t-shirts
2020-2601-7-10617-1,2020-2601-7-10617,2020,2601,Dry Port - Hidd,IM,7,10617,22678,5/26/2020,1006301000,Long-grain milled rice,IN,IN,IN,IN,BH,BH,KGM,2875.97,1.14,CIF,1232.76,0.73,3278.61,2875.97,3290.25,Released,7,9,2601,468,,,CR_HASH_041,CR_HASH_037,,2020-05-26,2020-05,100630100000,10,100630,False,Import,1232.76,3278.61,0.73,2875.97,3290.25,IN,CR_HASH_037,Long-grain milled rice
2020-2701-8-10618-1,2020-2701-8-10618,2020,2701,Khalifa Bin Salman Port,EX,8,10618,82351,11/19/2020,8504400090,Static converters,BH,BH,BH,BH,SA,SA,NMB,40.0,145.6,CIF,2189.82,4.55,5824.0,54.66,64.74,Released,5,4,2701,435,,,CR_HASH_007,,CR_HASH_008,2020-11-19,2020-11,850440009000,85,850440,True,Re-export,2189.82,5824.0,4.55,54.66,64.74,SA,CR_HASH_008,Static converters
2020-2701-9-10619-1,2020-2701-9-10619,2020,2701,Khalifa Bin Salman Port,IM,9,10619,46473,5/19/2020,3923301000,Plastic bottles for packaging,CN,CN,CN,CN,BH,BH,NMB,173.0,0.63,CIF,40.98,3.09,108.99,798.51,863.1,Released,2,7,2701,272,,,CR_HASH_030,CR_HASH_044,,2020-05-19,2020-05,392330100000,39,392330,False,Import,40.98,108.99,3.09,798.51,863.1,CN,CR_HASH_044,Plastic bottles for packaging
2020-2601-4-10620-1,2020-2601-4-10620,2020,2601,Dry Port - Hidd,IM,4,10620,62445,11/2/2020,2710192100,Gas oils for diesel engines,US,US,US,US,BH,BH,LTR,10185.5,0.08,FOB,306.38,3.05,814.84,8425.15,10076.51,Released,1,7,2601,202,,,CR_HASH_106,CR_HASH_016,,2020-11-02,2020-11,271019210000,27,271019,False,Import,306.38,814.84,3.05,8425.15,10076.51,US,CR_HASH_016,Gas oils for diesel engines
2020-2601-5-10621-1,2020-2601-5-10621,2020,2601,Dry Port - Hidd,IM,5,10621,25250,6/8/2020,8471300000,Portable laptop computers,AE,AE,DE,DE,BH,BH,NMB,140.0,189.56,EXW,9978.44,4.25,26538.4,905.54,1019.25,Released,7,9,2601,977,,,CR_HASH_245,CR_HASH_031,,2020-06-08,2020-06,847130000000,84,847130,False,Import,9978.44,26538.4,4.25,905.54,1019.25,AE,CR_HASH_031,Portable laptop computers
2020-2601-2-10622-1,2020-2601-2-10622,2020,2601,Dry Port - Hidd,EX,2,10622,36972,10/29/2020,102211000,"Live cattle, pure-bred breeding",BH,BH,BH,BH,SA,SA,NMB,142.0,2296.26,CIF,122601.91,4.22,326068.92,603.67,691.53,Released,9,9,2601,870,,,CR_HASH_159,,CR_HASH_015,2020-10-29,2020-10,102211000000,10,102211,True,Re-export,122601.91,326068.92,4.22,603.67,691.53,SA,CR_HASH_015,"Live cattle, pure-bred breeding"
2020-2601-1-10623-1,2020-2601-1-10623,2020,2601,Dry Port - Hidd,EX,1,10623,81102,3/6/2020,8471300000,Portable laptop computers,BH,BH,BH,BH,DE,DE,NMB,46.0,697.84,FOB,12069.84,4.84,32100.64,141.22,159.96,Released,6,6,2601,258,,,CR_HASH_070,,CR_HASH_026,2020-03-06,2020-03,847130000000,84,847130,True,Re-export,12069.84,32100.64,4.84,141.22,159.96,DE,CR_HASH_026,Portable laptop computers
2020-2501-1-10624-1,2020-2501-1-10624,2020,2501,Bahrain International Airport,EX,1,10624,94376,1/3/2020,1006301000,Long-grain milled rice,BH,BH,BH,BH,US,US,KGM,3261.88,1.24,CIF,1520.82,3.94,4044.73,3261.88,3815.72,Released,7,3,2501,108,,,CR_HASH_220,,CR_HASH_021,2020-01-03,2020-01,100630100000,10,100630,True,Re-export,1520.82,4044.73,3.94,3261.88,3815.72,US,CR_HASH_021,Long-grain milled rice
2020-2601-4-10625-1,2020-2601-4-10625,2020,2601,Dry Port - Hidd,IM,4,10625,97094,4/27/2020,3923301000,Plastic bottles for packaging,SA,SA,SA,SA,BH,BH,NMB,172.0,0.12,CIF,7.76,4.88,20.64,1108.01,1319.96,Released,2,5,2601,170,,,CR_HASH_148,CR_HASH_005,,2020-04-27,2020-04,392330100000,39,392330,False,Import,7.76,20.64,4.88,1108.01,1319.96,SA,CR_HASH_005,Plastic bottles for packaging
2020-2801-3-10626-1,2020-2801-3-10626,2020,2801,King Fahd Causeway,EX,3,10626,68791,4/25/2020,9018390000,Medical syringes and needles,BH,BH,BH,BH,SA,SA,NMB,109.0,0.3,FOB,12.3,2.25,32.7,592.74,697.39,Released,1,5,2801,718,,,CR_HASH_164,,CR_HASH_011,2020-04-25,2020-04,901839000000,90,901839,True,Re-export,12.3,32.7,2.25,592.74,697.39,SA,CR_HASH_011,Medical syringes and needles
2020-2801-4-10627-1,2020-2801-4-10627,2020,2801,King Fahd Causeway,IM,4,10627,35227,7/10/2020,2710192100,Gas oils for diesel engines,CN,CN,CN,CN,BH,BH,LTR,16136.5,0.67,EXW,4065.11,0.59,10811.45,14663.5,16384.91,Held,8,2,2801,616,,,CR_HASH_112,CR_HASH_003,,2020-07-10,2020-07,271019210000,27,271019,False,Import,4065.11,10811.45,0.59,14663.5,16384.91,CN,CR_HASH_003,Gas oils for diesel engines
2020-2801-5-10628-1,2020-2801-5-10628,2020,2801,King Fahd Causeway,IM,5,10628,46377,10/29/2020,2710192100,Gas oils for diesel engines,IN,IN,IN,IN,BH,BH,LTR,16844.43,1.15,CIF,7283.53,3.22,19371.09,13330.77,15860.35,Held,6,5,2801,111,,,CR_HASH_193,CR_HASH_044,,2020-10-29,2020-10,271019210000,27,271019,False,Import,7283.53,19371.09,3.22,13330.77,15860.35,IN,CR_HASH_044,Gas oils for diesel engines
2020-2501-9-10629-1,2020-2501-9-10629,2020,2501,Bahrain International Airport,IM,9,10629,35940,2/28/2020,8471300000,Portable laptop computers,IN,IN,IN,IN,BH,BH,NMB,111.0,153.96,FOB,6425.67,1.58,17089.56,553.95,638.24,Released,9,5,2501,873,,,CR_HASH_086,CR_HASH_014,,2020-02-28,2020-02,847130000000,84,847130,False,Import,6425.67,17089.56,1.58,553.95,638.24,IN,CR_HASH_014,Portable laptop computers
2020-2601-3-10630-1,2020-2601-3-10630,2020,2601,Dry Port - Hidd,IM,3,10630,52784,4/30/2020,8703221000,Passenger cars 1000-1500cc,AE,AE,SA,SA,BH,BH,NMB,156.0,24200.47,FOB,1419502.77,2.15,3775273.32,268.49,304.08,Released,9,5,2601,473,,,CR_HASH_007,CR_HASH_006,,2020-04-30,2020-04,870322100000,87,870322,False,Import,1419502.77,3775273.32,2.15,268.49,304.08,AE,CR_HASH_006,Passenger cars 1000-1500cc
2020-2501-1-10631-1,2020-2501-1-10631,2020,2501,Bahrain International Airport,EX,1,10631,27719,5/12/2020,9018390000,Medical syringes and needles,BH,BH,BH,BH,CN,CN,NMB,8.0,0.36,EXW,1.08,3.83,2.88,42.52,44.89,Pending,6,3,2501,830,,,CR_HASH_205,,CR_HASH_045,2020-05-12,2020-05,901839000000,90,901839,True,Re-export,1.08,2.88,3.83,42.52,44.89,CN,CR_HASH_045,Medical syringes and needles
2020-2501-9-10632-1,2020-2501-9-10632,2020,2501,Bahrain International Airport,IM,9,10632,87414,2/10/2020,8504400090,Static converters,CN,CN,CN,CN,BH,BH,NMB,23.0,86.56,EXW,748.57,2.98,1990.88,179.55,197.74,Pending,7,7,2501,694,,,CR_HASH_132,CR_HASH_025,,2020-02-10,2020-02,850440009000,85,850440,False,Import,748.57,1990.88,2.98,179.55,197.74,CN,CR_HASH_025,Static converters
2020-2701-4-10633-1,2020-2701-4-10633,2020,2701,Khalifa Bin Salman Port,EX,4,10633,52452,5/2/2020,6109100000,Cotton t-shirts,BH,BH,BH,BH,TR,TR,NMB,51.0,11.23,CIF,215.35,4.44,572.73,81.19,93.5,Held,3,4,2701,319,,,CR_HASH_218,,CR_HASH_037,2020-05-02,2020-05,610910000000,61,610910,True,Re-export,215.35,572.73,4.44,81.19,93.5,TR,CR_HASH_037,Cotton t-shirts
2020-2801-2-10634-1,2020-2801-2-10634,2020,2801,King Fahd Causeway,EX,2,10634,66510,12/15/2020,102211000,"Live cattle, pure-bred breeding",BH,BH,BH,BH,US,US,NMB,110.0,1425.47,EXW,58957.44,4.11,156801.7,627.8,733.96,Pending,5,4,2801,496,,,CR_HASH_104,,CR_HASH_018,2020-12-15,2020-12,102211000000,10,102211,True,Re-export,58957.44,156801.7,4.11,627.8,733.96,US,CR_HASH_018,"Live cattle, pure-bred breeding"
2020-2501-5-10635-1,2020-2501-5-10635,2020,2501,Bahrain International Airport,IM,5,10635,57706,12/13/2020,6109100000,Cotton t-shirts,CN,CN,CN,CN,BH,BH,NMB,5.0,5.38,EXW,10.11,2.13,26.9,16.06,18.15,Released,2,3,2501,493,,,CR_HASH_075,CR_HASH_001,,2020-12-13,2020-12,610910000000,61,610910,False,Import,10.11,26.9,2.13,16.06,18.15,CN,CR_HASH_001,Cotton t-shirts
2020-2601-9-10636-1,2020-2601-9-10636,2020,2601,Dry Port - Hidd,IM,9,10636,68448,8/4/2020,6109100000,Cotton t-shirts,SA,SA,US,US,BH,BH,NMB,5.0,2.57,FOB,4.83,2.35,12.85,31.48,36.17,Released,8,5,2601,785,,,CR_HASH_020,CR_HASH_041,,2020-08-04,2020-08,610910000000,61,610910,False,Import,4.83,12.85,2.35,31.48,36.17,SA,CR_HASH_041,Cotton t-shirts
2020-2501-3-10637-1,2020-2501-3-10637,2020,2501,Bahrain International Airport,IM,3,10637,75632,1/19/2020,2710192100,Gas oils for diesel engines,SA,SA,SA,SA,BH,BH,LTR,13412.75,0.68,EXW,3429.37,0.81,9120.67,10495.13,11263.13,Released,6,2,2501,959,,,CR_HASH_246,CR_HASH_010,,2020-01-19,2020-01,271019210000,27,271019,False,Import,3429.37,9120.67,0.81,10495.13,11263.13,SA,CR_HASH_010,Gas oils for diesel engines
2020-2801-6-10638-1,2020-2801-6-10638,2020,2801,King Fahd Causeway,EX,6,10638,40877,8/19/2020,2710192100,Gas oils for diesel engines,BH,BH,BH,BH,AE,AE,LTR,3971.76,0.95,EXW,1418.71,1.86,3773.17,3134.62,3610.87,Released,6,9,2801,329,,,CR_HASH_171,,CR_HASH_034,2020-08-19,2020-08,271019210000,27,271019,True,Re-export,1418.71,3773.17,1.86,3134.62,3610.87,AE,CR_HASH_034,Gas oils for diesel engines
2020-2801-8-10639-1,2020-2801-8-10639,2020,2801,King Fahd Causeway,IM,8,10639,10996,5/30/2020,102211000,"Live cattle, pure-bred breeding",AE,AE,AE,AE,BH,BH,NMB,102.0,1678.86,FOB,64387.64,0.57,171243.72,417.24,454.39,Released,3,5,2801,989,,,CR_HASH_186,CR_HASH_020,,2020-05-30,2020-05,102211000000,10,102211,False,Import,64387.64,171243.72,0.57,417.24,454.39,AE,CR_HASH_020,"Live cattle, pure-bred breeding"
2020-2501-2-10640-1,2020-2501-2-10640,2020,2501,Bahrain International Airport,EX,2,10640,64269,3/20/2020,2710192100,Gas oils for diesel engines,BH,BH,BH,BH,CN,CN,LTR,6767.72,0.64,EXW,1628.58,4.91,4331.34,5698.78,6534.96,Released,2,2,2501,409,,,CR_HASH_075,,CR_HASH_016,2020-03-20,2020-03,271019210000,27,271019,True,Re-export,1628.58,4331.34,4.91,5698.78,6534.96,CN,CR_HASH_016,Gas oils for diesel engines
2020-2501-2-10641-1,2020-2501-2-10641,2020,2501,Bahrain International Airport,IM,2,10641,16830,4/19/2020,8517120000,Cellular telephones,CN,CN,CN,CN,BH,BH,NMB,131.0,720.21,FOB,35474.66,2.56,94347.51,1040.27,1236.41,Released,5,7,2501,364,,,CR_HASH_123,CR_HASH_042,,2020-04-19,2020-04,851712000000,85,851712,False,Import,35474.66,94347.51,2.56,1040.27,1236.41,CN,CR_HASH_042,Cellular telephones
2020-2501-9-10642-1,2020-2501-9-10642,2020,2501,Bahrain International Airport,,9,10642,70503,8/6/2020,8471300000,Portable laptop computers,CN,CN,BH,BH,AE,AE,NMB,14.0,377.24,EXW,1985.79,3.62,5281.36,83.54,97.46,Released,2,2,2501,442,,,CR_HASH_032,CR_HASH_012,,2020-08-06,2020-08,847130000000,84,847130,False,,1985.79,5281.36,3.62,83.54,97.46,,CR_HASH_012,Portable laptop computers
2020-2701-7-10643-1,2020-2701-7-10643,2020,2701,Khalifa Bin Salman Port,EX,7,10643,55538,8/10/2020,2710192100,Gas oils for diesel engines,BH,BH,BH,BH,CN,CN,LTR,5301.59,0.04,FOB,79.73,0.55,212.06,4010.05,4706.92,Released,7,1,2701,194,,,CR_HASH_216,,CR_HASH_039,2020-08-10,2020-08,271019210000,27,271019,True,Re-export,79.73,212.06,0.55,4010.05,4706.92,CN,CR_HASH_039,Gas oils for diesel engines
2020-2701-5-10644-1,2020-2701-5-10644,2020,2701,Khalifa Bin Salman Port,IM,5,10644,40722,10/17/2020,102211000,"Live cattle, pure-bred breeding",CN,CN,CN,CN,BH,BH,NMB,30.0,1409.46,FOB,15898.71,2.39,42283.8,138.64,149.94,Released,2,6,2701,134,,,CR_HASH_175,CR_HASH_017,,2020-10-17,2020-10,102211000000,10,102211,False,Import,15898.71,42283.8,2.39,138.64,149.94,CN,CR_HASH_017,"Live cattle, pure-bred breeding"
2020-2501-2-10645-1,2020-2501-2-10645,2020,2501,Bahrain International Airport,EX,2,10645,62558,8/8/2020,2710192100,Gas oils for diesel engines,BH,BH,BH,BH,SA,SA,LTR,14516.64,0.42,CIF,2292.47,2.89,6096.99,10898.93,11487.6,Pending,1,5,2501,821,,,CR_HASH_093,,CR_HASH_010,2020-08-08,2020-08,271019210000,27,271019,True,Re-export,2292.47,6096.99,2.89,10898.93,11487.6,SA,CR_HASH_010,Gas oils for diesel engines
2020-2601-8-10646-1,2020-2601-8-10646,2020,2601,Dry Port - Hidd,EX,8,10646,42691,4/16/2020,8504400090,Static converters,BH,BH,BH,BH,DE,DE,NMB,59.0,141.49,CIF,3138.81,2.89,8347.91,188.45,201.43,Released,6,4,2601,768,,,CR_HASH_187,,CR_HASH_047,2020-04-16,2020-04,850440009000,85,850440,True,Re-export,3138.81,8347.91,2.89,188.45,201.43,DE,CR_HASH_047,Static converters
2020-2801-7-10647-1,2020-2801-7-10647,2020,2801,King Fahd Causeway,IM,7,10647,75808,6/24/2020,8471300000,Portable laptop computers,IN,IN,IN,IN,BH,BH,NMB,55.0,499.36,EXW,10326.76,3.05,27464.8,31.01,35.63,Released,4,7,2801,723,,,CR_HASH_167,CR_HASH_009,,2020-06-24,2020-06,847130000000,84,847130,False,Import,10326.76,27464.8,3.05,31.01,35.63,IN,CR_HASH_009,Portable laptop computers
2020-2801-1-10648-1,2020-2801-1-10648,2020,2801,King Fahd Causeway,IM,1,10648,54238,10/12/2020,8504400090,Static converters,IN,IN,SA,SA,BH,BH,NMB,158.0,188.99,CIF,11227.52,2.27,29860.42,241.69,262.4,Released,2,9,2801,635,,,CR_HASH_051,CR_HASH_014,,2020-10-12,2020-10,850440009000,85,850440,False,Import,11227.52,29860.42,2.27,241.69,262.4,IN,CR_HASH_014,Static converters
2020-2501-8-10649-1,2020-2501-8-10649,2020,2501,Bahrain International Airport,IM,8,10649,34185,1/6/2020,102211000,"Live cattle, pure-bred breeding",IN,IN,IN,IN,BH,BH,NMB,31.0,1477.53,EXW,17222.09,3.56,45803.43,146.88,155.97,Released,7,1,2501,707,,,CR_HASH_237,CR_HASH_006,,2020-01-06,2020-01,102211000000,10,102211,False,Import,17222.09,45803.43,3.56,146.88,155.97,IN,CR_HASH_006,"Live cattle, pure-bred breeding"
2020-2501-5-10650-1,2020-2501-5-10650,2020,2501,Bahrain International Airport,IM,5,10650,53063,1/25/2020,1006301000,Long-grain milled rice,AE,AE,AE,AE,BH,BH,KGM,4010.59,1.35,EXW,2035.78,1.54,5414.3,4010.59,4787.61,Released,6,1,2501,692,,,CR_HASH_034,CR_HASH_013,,2020-01-25,2020-01,100630100000,10,100630,False,Import,2035.78,5414.3,1.54,4010.59,4787.61,AE,CR_HASH_013,Long-grain milled rice
2020-2601-8-10651-1,2020-2601-8-10651,2020,2601,Dry Port - Hidd,IM,8,10651,64022,6/4/2020,9018390000,Medical syringes and needles,SA,SA,SA,SA,BH,BH,NMB,160.0,0.43,CIF,25.87,2.34,68.8,791.15,887.36,Released,2,2,2601,954,,,CR_HASH_221,CR_HASH_029,,2020-06-04,2020-06,901839000000,90,901839,False,Import,25.87,68.8,2.34,791.15,887.36,SA,CR_HASH_029,Medical syringes and needles
2020-2701-2-10652-1,2020-2701-2-10652,2020,2701,Khalifa Bin Salman Port,IM,2,10652,99298,4/12/2020,3923301000,Plastic bottles for packaging,CN,CN,US,US,BH,BH,NMB,43.0,0.65,FOB,10.51,4.83,27.95,305.44,358.42,Released,6,9,2701,417,,,CR_HASH_227,CR_HASH_019,,2020-04-12,2020-04,392330100000,39,392330,False,Import,10.51,27.95,4.83,305.44,358.42,CN,CR_HASH_019,Plastic bottles for packaging
2020-2701-8-10653-1,2020-2701-8-10653,2020,2701,Khalifa Bin Salman Port,EX,8,10653,99301,4/24/2020,8703221000,Passenger cars 1000-1500cc,BH,BH,BH,BH,US,US,NMB,158.0,20515.98,EXW,1218813.34,4.44,3241524.84,553.07,633.82,Released,7,5,2701,960,,,CR_HASH_188,,CR_HASH_037,2020-04-24,2020-04,870322100000,87,870322,True,Re-export,1218813.34,3241524.84,4.44,553.07,633.82,US,CR_HASH_037,Passenger cars 1000-1500cc
2020-2501-7-10654-1,2020-2501-7-10654,2020,2501,Bahrain International Airport,IM,7,10654,75807,7/3/2020,3923301000,Plastic bottles for packaging,AE,AE,AE,AE,BH,BH,NMB,4.0,0.49,EXW,0.74,3.62,1.96,4.45,5.11,Released,1,2,2501,455,,,CR_HASH_016,CR_HASH_014,,2020-07-03,2020-07,392330100000,39,392330,False,Import,0.74,1.96,3.62,4.45,5.11,AE,CR_HASH_014,Plastic bottles for packaging
2020-2601-2-10655-1,2020-2601-2-10655,2020,2601,Dry Port - Hidd,IM,2,10655,27285,2/20/2020,9018390000,Medical syringes and needles,IN,IN,IN,IN,BH,BH,NMB,120.0,2.0,CIF,90.24,1.11,240.0,777.59,930.37,Released,6,4,2601,591,,,CR_HASH_069,CR_HASH_020,,2020-02-20,2020-02,901839000000,90,901839,False,Import,90.24,240.0,1.11,777.59,930.37,IN,CR_HASH_020,Medical syringes and needles
2020-2501-3-10656-1,2020-2501-3-10656,2020,2501,Bahrain International Airport,IM,3,10656,16079,8/9/2020,9018390000,Medical syringes and needles,CN,CN,CN,CN,BH,BH,NMB,3.0,0.8,FOB,0.9,0.91,2.4,20.7,23.59,Released,8,4,2501,522,,,CR_HASH_239,CR_HASH_002,,2020-08-09,2020-08,901839000000,90,901839,False,Import,0.9,2.4,0.91,20.7,23.59,CN,CR_HASH_002,Medical syringes and needles
2020-2601-6-10657-1,2020-2601-6-10657,2020,2601,Dry Port - Hidd,IM,6,10657,64288,5/27/2020,8504400090,Static converters,IN,IN,IN,IN,BH,BH,NMB,110.0,222.45,CIF,9200.53,2.71,24469.5,306.04,361.72,Released,7,3,2601,942,,,CR_HASH_012,CR_HASH_034,,2020-05-27,2020-05,850440009000,85,850440,False,Import,9200.53,24469.5,2.71,306.04,361.72,IN,CR_HASH_034,Static converters
2020-2701-2-10658-1,2020-2701-2-10658,2020,2701,Khalifa Bin Salman Port,IM,2,10658,73352,10/20/2020,8471300000,Portable laptop computers,AE,AE,SA,SA,BH,BH,NMB,30.0,249.43,EXW,2813.57,1.6,7482.9,23.11,26.98,Released,4,5,2701,207,,,CR_HASH_021,CR_HASH_035,,2020-10-20,2020-10,847130000000,84,847130,False,Import,2813.57,7482.9,1.6,23.11,26.98,AE,CR_HASH_035,Portable laptop computers
2020-2501-6-10659-1,2020-2501-6-10659,2020,2501,Bahrain International Airport,IM,6,10659,46613,7/26/2020,2710192100,Gas oils for diesel engines,JP,JP,IN,IN,BH,BH,LTR,6729.01,0.46,CIF,1163.85,2.49,3095.34,6322.1,6864.78,Held,7,3,2501,864,,,CR_HASH_086,CR_HASH_045,,2020-07-26,2020-07,271019210000,27,271019,False,Import,1163.85,3095.34,2.49,6322.1,6864.78,JP,CR_HASH_045,Gas oils for diesel engines
2020-2601-5-10660-1,2020-2601-5-10660,2020,2601,Dry Port - Hidd,IM,5,10660,69990,5/14/2020,102211000,"Live cattle, pure-bred breeding",DE,DE,US,US,BH,BH,NMB,124.0,1489.53,EXW,69447.85,0.53,184701.72,868.8,1009.64,Released,4,7,2601,495,,,CR_HASH_119,CR_HASH_021,,2020-05-14,2020-05,102211000000,10,102211,False,Import,69447.85,184701.72,0.53,868.8,1009.64,DE,CR_HASH_021,"Live cattle, pure-bred breeding"
2020-2601-3-10661-1,2020-2601-3-10661,2020,2601,Dry Port - Hidd,IM,3,10661,82856,8/14/2020,8504400090,Static converters,AE,AE,AE,AE,BH,BH,NMB,144.0,113.6,FOB,6150.76,1.48,16358.4,224.66,268.3,Pending,8,1,2601,632,,,CR_HASH_240,CR_HASH_031,,2020-08-14,2020-08,850440009000,85,850440,False,Import,6150.76,16358.4,1.48,224.66,268.3,AE,CR_HASH_031,Static converters
2020-2601-9-10662-1,2020-2601-9-10662,2020,2601,Dry Port - Hidd,IM,9,10662,50376,6/9/2020,6109100000,Cotton t-shirts,SA,SA,SA,SA,BH,BH,NMB,28.0,3.52,FOB,37.06,1.83,98.56,25.19,29.18,Released,1,5,2601,528,,,CR_HASH_174,CR_HASH_019,,2020-06-09,2020-06,610910000000,61,610910,False,Import,37.06,98.56,1.83,25.19,29.18,SA,CR_HASH_019,Cotton t-shirts
2020-2501-9-10663-1,2020-2501-9-10663,2020,2501,Bahrain International Airport,EX,9,10663,98118,4/30/2020,6109100000,Cotton t-shirts,BH,BH,BH,BH,SA,SA,NMB,95.0,6.84,FOB,244.32,3.68,649.8,49.24,56.27,Released,6,6,2501,431,,,CR_HASH_103,,CR_HASH_012,2020-04-30,2020-04,610910000000,61,610910,True,Re-export,244.32,649.8,3.68,49.24,56.27,SA,CR_HASH_012,Cotton t-shirts
2020-2501-9-10664-1,2020-2501-9-10664,2020,2501,Bahrain International Airport,IM,9,10664,36830,2/25/2020,8703221000,Passenger cars 1000-1500cc,IN,IN,IN,IN,BH,BH,NMB,83.0,23258.56,EXW,725853.14,0.64,1930460.48,556.58,589.13,Released,2,9,2501,748,,,CR_HASH_080,CR_HASH_007,,2020-02-25,2020-02,870322100000,87,870322,False,Import,725853.14,1930460.48,0.64,556.58,589.13,IN,CR_HASH_007,Passenger cars 1000-1500cc
2020-2601-6-10665-1,2020-2601-6-10665,2020,2601,Dry Port - Hidd,IM,6,10665,16366,9/19/2020,8504400090,Static converters,IN,IN,IN,IN,BH,BH,NMB,106.0,155.3,CIF,6189.64,2.24,16461.8,648.12,707.84,Released,8,9,2601,262,,,CR_HASH_226,CR_HASH_048,,2020-09-19,2020-09,850440009000,85,850440,False,Import,6189.64,16461.8,2.24,648.12,707.84,IN,CR_HASH_048,Static converters
2020-2501-8-10666-1,2020-2501-8-10666,2020,2501,Bahrain International Airport,EX,8,10666,22908,10/30/2020,2710192100,Gas oils for diesel engines,BH,BH,BH,BH,US,US,LTR,8849.8,1.14,CIF,3793.38,2.7,10088.77,8359.48,9582.82,Released,1,6,2501,107,,,CR_HASH_182,,CR_HASH_043,2020-10-30,2020-10,271019210000,27,271019,True,Re-export,3793.38,10088.77,2.7,8359.48,9582.82,US,CR_HASH_043,Gas oils for diesel engines
2020-2701-8-10667-1,2020-2701-8-10667,2020,2701,Khalifa Bin Salman Port,IM,8,10667,97678,10/17/2020,8517120000,Cellular telephones,US,US,US,US,BH,BH,NMB,174.0,865.61,CIF,56631.67,3.43,150616.14,1248.1,1366.53,Held,1,4,2701,660,,,CR_HASH_137,CR_HASH_011,,2020-10-17,2020-10,851712000000,85,851712,False,Import,56631.67,150616.14,3.43,1248.1,1366.53,US,CR_HASH_011,Cellular telephones
2020-2801-8-10668-1,2020-2801-8-10668,2020,2801,King Fahd Causeway,EX,8,10668,12694,9/17/2020,8703221000,Passenger cars 1000-1500cc,BH,BH,BH,BH,US,US,NMB,61.0,24856.6,EXW,570110.98,0.6,1516252.6,361.19,407.64,Released,1,4,2801,402,,,CR_HASH_054,,CR_HASH_038,2020-09-17,2020-09,870322100000,87,870322,True,Re-export,570110.98,1516252.6,0.6,361.19,407.64,US,CR_HASH_038,Passenger cars 1000-1500cc
2020-2801-5-10669-1,2020-2801-5-10669,2020,2801,King Fahd Causeway,IM,5,10669,29387,7/9/2020,2710192100,Gas oils for diesel engines,JP,JP,JP,JP,BH,BH,LTR,17806.49,3.6,CIF,24102.86,2.14,64103.36,14638.66,15468.1,Released,6,1,2801,376,,,CR_HASH_227,CR_HASH_006,,2020-07-09,2020-07,271019210000,27,271019,False,Import,24102.86,64103.36,2.14,14638.66,15468.1,JP,CR_HASH_006,Gas oils for diesel engines
2020-2501-5-10670-1,2020-2501-5-10670,2020,2501,Bahrain International Airport,IM,5,10670,85258,1/2/2020,102211000,"Live cattle, pure-bred breeding",CN,CN,CN,CN,BH,BH,NMB,18.0,2486.86,FOB,16831.07,3.36,44763.48,133.15,155.52,Pending,2,9,2501,273,,,CR_HASH_102,CR_HASH_014,,2020-01-02,2020-01,102211000000,10,102211,False,Import,16831.07,44763.48,3.36,133.15,155.52,CN,CR_HASH_014,"Live cattle, pure-bred breeding"
2020-2601-8-10671-1,2020-2601-8-10671,2020,2601,Dry Port - Hidd,IM,8,10671,74265,1/13/2020,3923301000,Plastic bottles for packaging,IN,IN,IN,IN,BH,BH,NMB,171.0,0.07,EXW,4.5,2.06,11.97,859.01,948.17,Released,2,1,2601,389,,,CR_HASH_083,CR_HASH_030,,2020-01-13,2020-01,392330100000,39,392330,False,Import,4.5,11.97,2.06,859.01,948.17,IN,CR_HASH_030,Plastic bottles for packaging
2020-2701-2-10672-1,2020-2701-2-10672,2020,2701,Khalifa Bin Salman Port,EX,2,10672,52003,9/5/2020,6109100000,Cotton t-shirts,BH,BH,BH,BH,SA,SA,NMB,39.0,3.64,FOB,53.38,1.03,141.96,28.42,31.27,Released,9,2,2701,893,,,CR_HASH_185,,CR_HASH_039,2020-09-05,2020-09,610910000000,61,610910,True,Re-export,53.38,141.96,1.03,28.42,31.27,SA,CR_HASH_039,Cotton t-shirts
2020-2501-1-10673-1,2020-2501-1-10673,2020,2501,Bahrain International Airport,IM,1,10673,17502,1/9/2020,8703221000,Passenger cars 1000-1500cc,US,US,US,US,BH,BH,NMB,53.0,21399.41,CIF,426447.44,3.2,1134168.73,241.75,258.61,Held,5,2,2501,448,,,CR_HASH_237,CR_HASH_011,,2020-01-09,2020-01,870322100000,87,870322,False,Import,426447.44,1134168.73,3.2,241.75,258.61,US,CR_HASH_011,Passenger cars 1000-1500cc
2020-2701-3-10674-1,2020-2701-3-10674,2020,2701,Khalifa Bin Salman Port,IM,3,10674,50417,3/14/2020,3923301000,Plastic bottles for packaging,SA,SA,SA,SA,BH,BH,NMB,76.0,0.46,CIF,13.14,2.22,34.96,453.57,489.96,Held,7,9,2701,110,,,CR_HASH_079,CR_HASH_026,,2020-03-14,2020-03,392330100000,39,392330,False,Import,13.14,34.96,2.22,453.57,489.96,SA,CR_HASH_026,Plastic bottles for packaging
2020-2701-5-10675-1,2020-2701-5-10675,2020,2701,Khalifa Bin Salman Port,EX,5,10675,64053,5/13/2020,8504400090,Static converters,BH,BH,BH,BH,CN,CN,NMB,95.0,125.41,FOB,4479.65,4.82,11913.95,451.96,516.5,Released,8,9,2701,413,,,CR_HASH_204,,CR_HASH_042,2020-05-13,2020-05,850440009000,85,850440,True,Re-export,4479.65,11913.95,4.82,451.96,516.5,CN,CR_HASH_042,Static converters
2020-2801-5-10676-1,2020-2801-5-10676,2020,2801,King Fahd Causeway,IM,5,10676,62857,2/22/2020,3923301000,Plastic bottles for packaging,AE,AE,AE,AE,BH,BH,NMB,139.0,0.53,CIF,27.7,3.63,73.67,834.89,929.21,Released,1,5,2801,828,,,CR_HASH_065,CR_HASH_006,,2020-02-22,2020-02,392330100000,39,392330,False,Import,27.7,73.67,3.63,834.89,929.21,AE,CR_HASH_006,Plastic bottles for packaging
2020-2801-3-10677-1,2020-2801-3-10677,2020,2801,King Fahd Causeway,EX,3,10677,51638,8/16/2020,3923301000,Plastic bottles for packaging,BH,BH,BH,BH,CN,CN,NMB,30.0,0.4,CIF,4.51,2.53,12.0,167.06,176.66,Released,4,2,2801,201,,,CR_HASH_246,,CR_HASH_036,2020-08-16,2020-08,392330100000,39,392330,True,Re-export,4.51,12.0,2.53,167.06,176.66,CN,CR_HASH_036,Plastic bottles for packaging
2020-2601-4-10678-1,2020-2601-4-10678,2020,2601,Dry Port - Hidd,IM,4,10678,14193,2/16/2020,2710192100,Gas oils for diesel engines,JP,JP,JP,JP,BH,BH,LTR,10681.06,1.18,CIF,4738.97,4.4,12603.65,8240.53,8937.04,Released,7,9,2601,619,,,CR_HASH_053,CR_HASH_020,,2020-02-16,2020-02,271019210000,27,271019,False,Import,4738.97,12603.65,4.4,8240.53,8937.04,JP,CR_HASH_020,Gas oils for diesel engines
2020-2601-2-10679-1,2020-2601-2-10679,2020,2601,Dry Port - Hidd,IM,2,10679,46156,5/22/2020,2710192100,Gas oils for diesel engines,US,US,US,US,BH,BH,LTR,12437.75,0.41,EXW,1917.4,4.99,5099.48,11012.63,11604.18,Released,5,1,2601,545,,,CR_HASH_066,CR_HASH_008,,2020-05-22,2020-05,271019210000,27,271019,False,Import,1917.4,5099.48,4.99,11012.63,11604.18,US,CR_HASH_008,Gas oils for diesel engines
2020-2801-4-10680-1,2020-2801-4-10680,2020,2801,King Fahd Causeway,IM,4,10680,44594,7/30/2020,8471300000,Portable laptop computers,DE,DE,AE,AE,BH,BH,NMB,91.0,214.89,EXW,7352.68,3.47,19554.99,717.79,834.01,Released,5,2,2801,362,,,CR_HASH_194,CR_HASH_030,,2020-07-30,2020-07,847130000000,84,847130,False,Import,7352.68,19554.99,3.47,717.79,834.01,DE,CR_HASH_030,Portable laptop computers
2020-2701-6-10681-1,2020-2701-6-10681,2020,2701,Khalifa Bin Salman Port,IM,6,10681,50224,12/9/2020,102211000,"Live cattle, pure-bred breeding",SA,SA,JP,JP,BH,BH,NMB,141.0,1048.43,CIF,55583.56,0.63,147828.63,242.37,289.48,Released,7,8,2701,970,,,CR_HASH_125,CR_HASH_037,,2020-12-09,2020-12,102211000000,10,102211,False,Import,55583.56,147828.63,0.63,242.37,289.48,SA,CR_HASH_037,"Live cattle, pure-bred breeding"
2020-2801-4-10682-1,2020-2801-4-10682,2020,2801,King Fahd Causeway,EX,4,10682,81622,8/17/2020,102211000,"Live cattle, pure-bred breeding",BH,BH,BH,BH,US,US,NMB,49.0,2066.73,EXW,38077.43,4.92,101269.77,74.07,78.99,Pending,9,1,2801,804,,,CR_HASH_028,,CR_HASH_001,2020-08-17,2020-08,102211000000,10,102211,True,Re-export,38077.43,101269.77,4.92,74.07,78.99,US,CR_HASH_001,"Live cattle, pure-bred breeding"
2020-2501-2-10683-1,2020-2501-2-10683,2020,2501,Bahrain International Airport,EX,2,10683,79755,9/21/2020,3923301000,Plastic bottles for packaging,BH,BH,BH,BH,CN,CN,NMB,176.0,0.33,EXW,21.84,2.26,58.08,1178.02,1413.15,Released,9,1,2501,676,,,CR_HASH_082,,CR_HASH_001,2020-09-21,2020-09,392330100000,39,392330,True,Re-export,21.84,58.08,2.26,1178.02,1413.15,CN,CR_HASH_001,Plastic bottles for packaging
2020-2801-6-10684-1,2020-2801-6-10684,2020,2801,King Fahd Causeway,IM,6,10684,90849,10/17/2020,8504400090,Static converters,US,US,US,US,BH,BH,NMB,181.0,55.51,FOB,3777.79,0.63,10047.31,1159.86,1385.05,Released,3,9,2801,436,,,CR_HASH_002,CR_HASH_015,,2020-10-17,2020-10,850440009000,85,850440,False,Import,3777.79,10047.31,0.63,1159.86,1385.05,US,CR_HASH_015,Static converters
2020-2701-5-10685-1,2020-2701-5-10685,2020,2701,Khalifa Bin Salman Port,EX,5,10685,90868,3/10/2020,1006301000,Long-grain milled rice,BH,BH,BH,BH,CN,CN,KGM,1885.93,1.09,EXW,772.93,4.21,2055.66,1885.93,2077.22,Released,2,4,2701,584,,,CR_HASH_146,,CR_HASH_035,2020-03-10,2020-03,100630100000,10,100630,True,Re-export,772.93,2055.66,4.21,1885.93,2077.22,CN,CR_HASH_035,Long-grain milled rice
2020-2801-3-10686-1,2020-2801-3-10686,2020,2801,King Fahd Causeway,IM,3,10686,86759,3/15/2020,2710192100,Gas oils for diesel engines,SA,SA,AE,AE,BH,BH,LTR,8882.72,1.19,FOB,3974.49,4.43,10570.44,7931.3,8886.71,Pending,3,1,2801,752,,,CR_HASH_038,CR_HASH_036,,2020-03-15,2020-03,271019210000,27,271019,False,Import,3974.49,10570.44,4.43,7931.3,8886.71,SA,CR_HASH_036,Gas oils for diesel engines
2020-2801-9-10687-1,2020-2801-9-10687,2020,2801,King Fahd Causeway,IM,9,10687,30592,10/4/2020,8517120000,Cellular telephones,IN,IN,IN,IN,BH,BH,NMB,124.0,760.96,EXW,35479.0,2.64,94359.04,353.56,420.34,Released,2,2,2801,538,,,CR_HASH_139,CR_HASH_047,,2020-10-04,2020-10,851712000000,85,851712,False,Import,35479.0,94359.04,2.64,353.56,420.34,IN,CR_HASH_047,Cellular telephones
2020-2501-6-10688-1,2020-2501-6-10688,2020,2501,Bahrain International Airport,IM,6,10688,57866,3/10/2020,9018390000,Medical syringes and needles,US,US,SA,SA,BH,BH,NMB,14.0,0.23,FOB,1.21,0.96,3.22,80.86,85.9,Released,9,2,2501,686,,,CR_HASH_055,CR_HASH_008,,2020-03-10,2020-03,901839000000,90,901839,False,Import,1.21,3.22,0.96,80.86,85.9,US,CR_HASH_008,Medical syringes and needles
2020-2501-3-10689-1,2020-2501-3-10689,2020,2501,Bahrain International Airport,IM,3,10689,40829,7/5/2020,8504400090,Static converters,CN,CN,CN,CN,BH,BH,NMB,173.0,83.87,EXW,5455.58,1.52,14509.51,1181.34,1404.86,Released,7,6,2501,194,,,CR_HASH_092,CR_HASH_028,,2020-07-05,2020-07,850440009000,85,850440,False,Import,5455.58,14509.51,1.52,1181.34,1404.86,CN,CR_HASH_028,Static converters
2020-2801-6-10690-1,2020-2801-6-10690,2020,2801,King Fahd Causeway,IM,6,10690,49097,4/2/2020,8504400090,Static converters,DE,DE,IN,IN,BH,BH,NMB,35.0,237.07,CIF,3119.84,3.55,8297.45,42.57,49.43,Pending,5,7,2801,576,,,CR_HASH_036,CR_HASH_014,,2020-04-02,2020-04,850440009000,85,850440,False,Import,3119.84,8297.45,3.55,42.57,49.43,DE,CR_HASH_014,Static converters
2020-2701-9-10691-1,2020-2701-9-10691,2020,2701,Khalifa Bin Salman Port,IM,9,10691,84543,6/19/2020,8471300000,Portable laptop computers,CN,CN,CN,CN,BH,BH,NMB,103.0,540.76,FOB,20942.55,2.97,55698.28,524.93,602.88,Released,1,6,2701,680,,,CR_HASH_013,CR_HASH_008,,2020-06-19,2020-06,847130000000,84,847130,False,Import,20942.55,55698.28,2.97,524.93,602.88,CN,CR_HASH_008,Portable laptop computers
2020-2501-1-10692-1,2020-2501-1-10692,2020,2501,Bahrain International Airport,IM,1,10692,76097,4/24/2020,9018390000,Medical syringes and needles,AE,AE,AE,AE,BH,BH,NMB,1.0,0.43,CIF,0.16,4.0,0.43,3.5,4.11,Released,5,7,2501,411,,,CR_HASH_244,CR_HASH_035,,2020-04-24,2020-04,901839000000,90,901839,False,Import,0.16,0.43,4.0,3.5,4.11,AE,CR_HASH_035,Medical syringes and needles
2020-2701-3-10693-1,2020-2701-3-10693,2020,2701,Khalifa Bin Salman Port,IM,3,10693,66755,9/6/2020,6109100000,Cotton t-shirts,AE,AE,AE,AE,BH,BH,NMB,34.0,14.78,FOB,188.95,3.93,502.52,88.23,98.56,Released,1,3,2701,455,,,CR_HASH_078,CR_HASH_002,,2020-09-06,2020-09,610910000000,61,610910,False,Import,188.95,502.52,3.93,88.23,98.56,AE,CR_HASH_002,Cotton t-shirts
2020-2601-8-10694-1,2020-2601-8-10694,2020,2601,Dry Port - Hidd,EX,8,10694,87426,9/13/2020,3923301000,Plastic bottles for packaging,BH,BH,BH,BH,CN,CN,NMB,153.0,0.64,CIF,36.82,4.99,97.92,876.53,1047.72,Released,2,2,2601,401,,,CR_HASH_135,,CR_HASH_029,2020-09-13,2020-09,392330100000,39,392330,True,Re-export,36.82,97.92,4.99,876.53,1047.72,CN,CR_HASH_029,Plastic bottles for packaging
2020-2501-8-10695-1,2020-2501-8-10695,2020,2501,Bahrain International Airport,EX,8,10695,40263,2/17/2020,1006301000,Long-grain milled rice,BH,BH,BH,BH,US,US,KGM,2152.49,4.7,EXW,3803.88,1.58,10116.7,2152.49,2426.27,Pending,1,4,2501,665,,,CR_HASH_217,,CR_HASH_044,2020-02-17,2020-02,100630100000,10,100630,True,Re-export,3803.88,10116.7,1.58,2152.49,2426.27,US,CR_HASH_044,Long-grain milled rice
2020-2801-3-10696-1,2020-2801-3-10696,2020,2801,King Fahd Causeway,EX,3,10696,70115,5/31/2020,8703221000,Passenger cars 1000-1500cc,BH,BH,BH,BH,AE,AE,NMB,25.0,19827.1,CIF,186374.74,3.48,495677.5,174.38,203.61,Released,4,5,2801,686,,,CR_HASH_053,,CR_HASH_047,2020-05-31,2020-05,870322100000,87,870322,True,Re-export,186374.74,495677.5,3.48,174.38,203.61,AE,CR_HASH_047,Passenger cars 1000-1500cc
2020-2801-7-10697-1,2020-2801-7-10697,2020,2801,King Fahd Causeway,EX,7,10697,32204,6/18/2020,2710192100,Gas oils for diesel engines,BH,BH,BH,BH,AE,AE,LTR,10054.62,0.41,FOB,1550.02,4.37,4122.39,8229.2,9080.5,Pending,8,6,2801,823,,,CR_HASH_153,,CR_HASH_003,2020-06-18,2020-06,271019210000,27,271019,True,Re-export,1550.02,4122.39,4.37,8229.2,9080.5,AE,CR_HASH_003,Gas oils for diesel engines
2020-2601-7-10698-1,2020-2601-7-10698,2020,2601,Dry Port - Hidd,IM,7,10698,59265,5/27/2020,6109100000,Cotton t-shirts,CN,CN,CN,CN,BH,BH,NMB,106.0,1.47,CIF,58.59,2.48,155.82,214.61,244.79,Released,7,4,2601,849,,,CR_HASH_237,CR_HASH_039,,2020-05-27,2020-05,610910000000,61,610910,False,Import,58.59,155.82,2.48,214.61,244.79,CN,CR_HASH_039,Cotton t-shirts
2020-2601-7-10699-1,2020-2601-7-10699,2020,2601,Dry Port - Hidd,EX,7,10699,56596,4/8/2020,102211000,"Live cattle, pure-bred breeding",BH,BH,BH,BH,AE,AE,NMB,152.0,1572.68,FOB,89881.81,3.03,239047.36,394.54,458.91,Released,2,9,2601,570,,,CR_HASH_146,,CR_HASH_014,2020-04-08,2020-04,102211000000,10,102211,True,Re-export,89881.81,239047.36,3.03,394.54,458.91,AE,CR_HASH_014,"Live cattle, pure-bred breeding"
2020-2601-3-10700-1,2020-2601-3-10700,2020,2601,Dry Port - Hidd,IM,3,10700,32553,9/15/2020,1006301000,Long-grain milled rice,CN,CN,CN,CN,BH,BH,KGM,1484.77,1.0,FOB,558.27,3.5,1484.77,1484.77,1768.85,Held,1,5,2601,159,,,CR_HASH_178,CR_HASH_017,,2020-09-15,2020-09,100630100000,10,100630,False,Import,558.27,1484.77,3.5,1484.77,1768.85,CN,CR_HASH_017,Long-grain milled rice
2020-2701-2-10701-1,2020-2701-2-10701,2020,2701,Khalifa Bin Salman Port,,2,10701,97810,2/20/2020,8471300000,Portable laptop computers,JP,JP,BH,BH,AE,AE,NMB,36.0,531.42,CIF,7193.3,1.41,19131.12,91.91,98.67,Released,8,6,2701,933,,,CR_HASH_007,CR_HASH_019,,2020-02-20,2020-02,847130000000,84,847130,False,,7193.3,19131.12,1.41,91.91,98.67,,CR_HASH_019,Portable laptop computers
2020-2701-3-10702-1,2020-2701-3-10702,2020,2701,Khalifa Bin Salman Port,IM,3,10702,67371,7/22/2020,8703221000,Passenger cars 1000-1500cc,CN,CN,CN,CN,BH,BH,NMB,134.0,6940.14,CIF,349672.01,3.74,929978.76,1046.89,1185.17,Pending,9,5,2701,421,,,CR_HASH_222,CR_HASH_037,,2020-07-22,2020-07,870322100000,87,870322,False,Import,349672.01,929978.76,3.74,1046.89,1185.17,CN,CR_HASH_037,Passenger cars 1000-1500cc
2020-2801-2-10703-1,2020-2801-2-10703,2020,2801,King Fahd Causeway,IM,2,10703,23640,12/12/2020,6109100000,Cotton t-shirts,AE,AE,JP,JP,BH,BH,NMB,120.0,5.28,EXW,238.23,3.16,633.6,874.21,969.94,Released,1,2,2801,244,,,CR_HASH_107,CR_HASH_047,,2020-12-12,2020-12,610910000000,61,610910,False,Import,238.23,633.6,3.16,874.21,969.94,AE,CR_HASH_047,Cotton t-shirts
2020-2501-6-10704-1,2020-2501-6-10704,2020,2501,Bahrain International Airport,EX,6,10704,62140,10/11/2020,8517120000,Cellular telephones,BH,BH,BH,BH,AE,AE,NMB,153.0,333.38,EXW,19178.68,3.07,51007.14,800.74,865.6,Released,7,2,2501,515,,,CR_HASH_244,,CR_HASH_046,2020-10-11,2020-10,851712000000,85,851712,True,Re-export,19178.68,51007.14,3.07,800.74,865.6,AE,CR_HASH_046,Cellular telephones
2020-2501-1-10705-1,2020-2501-1-10705,2020,2501,Bahrain International Airport,IM,1,10705,38458,9/21/2020,8517120000,Cellular telephones,IN,IN,IN,IN,BH,BH,NMB,118.0,579.89,CIF,25728.56,1.12,68427.02,884.69,1046.31,Held,9,8,2501,664,,,CR_HASH_102,CR_HASH_018,,2020-09-21,2020-09,851712000000,85,851712,False,Import,25728.56,68427.02,1.12,884.69,1046.31,IN,CR_HASH_018,Cellular telephones
2020-2501-8-10706-1,2020-2501-8-10706,2020,2501,Bahrain International Airport,IM,8,10706,54808,11/9/2020,8703221000,Passenger cars 1000-1500cc,CN,CN,CN,CN,BH,BH,NMB,191.0,16475.01,EXW,1183169.32,2.72,3146726.91,471.27,533.11,Released,9,8,2501,419,,,CR_HASH_001,CR_HASH_032,,2020-11-09,2020-11,870322100000,87,870322,False,Import,1183169.32,3146726.91,2.72,471.27,533.11,CN,CR_HASH_032,Passenger cars 1000-1500cc
2020-2801-3-10707-1,2020-2801-3-10707,2020,2801,King Fahd Causeway,,3,10707,13490,6/17/2020,102211000,"Live cattle, pure-bred breeding",DE,DE,BH,BH,IN,IN,NMB,49.0,950.64,CIF,17514.59,3.54,46581.36,187.01,211.06,Held,7,4,2801,572,,,CR_HASH_007,CR_HASH_030,,2020-06-17,2020-06,102211000000,10,102211,False,,17514.59,46581.36,3.54,187.01,211.06,,CR_HASH_030,"Live cattle, pure-bred breeding"
2020-2501-9-10708-1,2020-2501-9-10708,2020,2501,Bahrain International Airport,IM,9,10708,56938,7/6/2020,3923301000,Plastic bottles for packaging,CN,CN,CN,CN,BH,BH,NMB,48.0,0.54,FOB,9.75,3.54,25.92,154.81,177.4,Released,2,2,2501,579,,,CR_HASH_029,CR_HASH_009,,2020-07-06,2020-07,392330100000,39,392330,False,Import,9.75,25.92,3.54,154.81,177.4,CN,CR_HASH_009,Plastic bottles for packaging
2020-2601-6-10709-1,2020-2601-6-10709,2020,2601,Dry Port - Hidd,IM,6,10709,45797,1/21/2020,9018390000,Medical syringes and needles,IN,IN,IN,IN,BH,BH,NMB,130.0,0.3,FOB,14.66,3.73,39.0,681.5,727.88,Released,1,1,2601,599,,,CR_HASH_006,CR_HASH_033,,2020-01-21,2020-01,901839000000,90,901839,False,Import,14.66,39.0,3.73,681.5,727.88,IN,CR_HASH_033,Medical syringes and needles
2020-2501-2-10710-1,2020-2501-2-10710,2020,2501,Bahrain International Airport,EX,2,10710,82871,8/8/2020,6109100000,Cotton t-shirts,BH,BH,BH,BH,CN,CN,NMB,91.0,2.96,FOB,101.28,1.97,269.36,198.74,233.26,Held,2,5,2501,901,,,CR_HASH_030,,CR_HASH_049,2020-08-08,2020-08,610910000000,61,610910,True,Re-export,101.28,269.36,1.97,198.74,233.26,CN,CR_HASH_049,Cotton t-shirts
2020-2801-2-10711-1,2020-2801-2-10711,2020,2801,King Fahd Causeway,EX,2,10711,82988,10/10/2020,8504400090,Static converters,BH,BH,BH,BH,AE,AE,NMB,145.0,51.45,FOB,2805.05,3.77,7460.25,608.97,683.7,Released,5,2,2801,575,,,CR_HASH_058,,CR_HASH_009,2020-10-10,2020-10,850440009000,85,850440,True,Re-export,2805.05,7460.25,3.77,608.97,683.7,AE,CR_HASH_009,Static converters
2020-2501-3-10712-1,2020-2501-3-10712,2020,2501,Bahrain International Airport,EX,3,10712,42976,10/2/2020,6109100000,Cotton t-shirts,BH,BH,BH,BH,AE,AE,NMB,196.0,0.44,FOB,32.43,3.63,86.24,874.21,1046.61,Pending,8,6,2501,483,,,CR_HASH_098,,CR_HASH_010,2020-10-02,2020-10,610910000000,61,610910,True,Re-export,32.43,86.24,3.63,874.21,1046.61,AE,CR_HASH_010,Cotton t-shirts
2020-2601-1-10713-1,2020-2601-1-10713,2020,2601,Dry Port - Hidd,IM,1,10713,89961,3/26/2020,8517120000,Cellular telephones,AE,AE,AE,AE,BH,BH,NMB,88.0,111.19,EXW,3679.05,4.03,9784.72,154.85,179.61,Released,7,9,2601,302,,,CR_HASH_098,CR_HASH_047,,2020-03-26,2020-03,851712000000,85,851712,False,Import,3679.05,9784.72,4.03,154.85,179.61,AE,CR_HASH_047,Cellular telephones
2020-2601-3-10714-1,2020-2601-3-10714,2020,2601,Dry Port - Hidd,,3,10714,99959,1/6/2020,3923301000,Plastic bottles for packaging,CN,CN,BH,BH,IN,IN,NMB,89.0,3.25,FOB,108.76,4.14,289.25,259.23,297.26,Released,6,8,2601,365,,,CR_HASH_079,CR_HASH_002,,2020-01-06,2020-01,392330100000,39,392330,False,,108.76,289.25,4.14,259.23,297.26,,CR_HASH_002,Plastic bottles for packaging
2020-2701-2-10715-1,2020-2701-2-10715,2020,2701,Khalifa Bin Salman Port,EX,2,10715,28018,10/30/2020,8517120000,Cellular telephones,BH,BH,BH,BH,US,US,NMB,176.0,211.01,CIF,13963.8,4.32,37137.76,653.81,735.6,Released,9,8,2701,370,,,CR_HASH_223,,CR_HASH_012,2020-10-30,2020-10,851712000000,85,851712,True,Re-export,13963.8,37137.76,4.32,653.81,735.6,US,CR_HASH_012,Cellular telephones
2020-2701-7-10716-1,2020-2701-7-10716,2020,2701,Khalifa Bin Salman Port,IM,7,10716,33757,2/29/2020,8471300000,Portable laptop computers,CN,CN,SA,SA,BH,BH,NMB,171.0,3414.25,FOB,219522.62,0.84,583836.75,548.45,638.36,Held,8,7,2701,339,,,CR_HASH_099,CR_HASH_029,,2020-02-29,2020-02,847130000000,84,847130,False,Import,219522.62,583836.75,0.84,548.45,638.36,CN,CR_HASH_029,Portable laptop computers
2020-2801-9-10717-1,2020-2801-9-10717,2020,2801,King Fahd Causeway,,9,10717,24582,12/19/2020,2710192100,Gas oils for diesel engines,JP,JP,BH,BH,DE,DE,LTR,17479.87,0.55,FOB,3614.84,3.65,9613.93,14978.05,16630.3,Released,4,2,2801,465,,,CR_HASH_139,CR_HASH_006,,2020-12-19,2020-12,271019210000,27,271019,False,,3614.84,9613.93,3.65,14978.05,16630.3,,CR_HASH_006,Gas oils for diesel engines
2020-2701-3-10718-1,2020-2701-3-10718,2020,2701,Khalifa Bin Salman Port,IM,3,10718,15178,7/17/2020,8471300000,Portable laptop computers,CN,CN,DE,DE,BH,BH,NMB,187.0,338.44,FOB,23796.39,1.34,63288.28,1304.15,1388.0,Released,7,7,2701,152,,,CR_HASH_002,CR_HASH_008,,2020-07-17,2020-07,847130000000,84,847130,False,Import,23796.39,63288.28,1.34,1304.15,1388.0,CN,CR_HASH_008,Portable laptop computers
2020-2701-4-10719-1,2020-2701-4-10719,2020,2701,Khalifa Bin Salman Port,IM,4,10719,55016,11/26/2020,2710192100,Gas oils for diesel engines,CN,CN,CN,CN,BH,BH,LTR,9566.46,0.68,CIF,2445.95,1.07,6505.19,7395.42,8849.98,Released,7,6,2701,930,,,CR_HASH_002,CR_HASH_014,,2020-11-26,2020-11,271019210000,27,271019,False,Import,2445.95,6505.19,1.07,7395.42,8849.98,CN,CR_HASH_014,Gas oils for diesel engines
2020-2801-4-10720-1,2020-2801-4-10720,2020,2801,King Fahd Causeway,EX,4,10720,31579,9/13/2020,6109100000,Cotton t-shirts,BH,BH,BH,BH,TR,TR,NMB,116.0,7.25,CIF,316.22,0.89,841.0,752.71,790.54,Released,8,1,2801,107,,,CR_HASH_163,,CR_HASH_024,2020-09-13,2020-09,610910000000,61,610910,True,Re-export,316.22,841.0,0.89,752.71,790.54,TR,CR_HASH_024,Cotton t-shirts
2020-2701-8-10721-1,2020-2701-8-10721,2020,2701,Khalifa Bin Salman Port,IM,8,10721,94588,1/23/2020,3923301000,Plastic bottles for packaging,IN,IN,IN,IN,BH,BH,NMB,6.0,0.36,EXW,0.81,2.2,2.16,14.28,16.29,Released,8,9,2701,452,,,CR_HASH_121,CR_HASH_037,,2020-01-23,2020-01,392330100000,39,392330,False,Import,0.81,2.16,2.2,14.28,16.29,IN,CR_HASH_037,Plastic bottles for packaging
2020-2501-1-10722-1,2020-2501-1-10722,2020,2501,Bahrain International Airport,IM,1,10722,61857,3/5/2020,6109100000,Cotton t-shirts,MY,MY,MY,MY,BH,BH,NMB,118.0,2.32,EXW,102.93,4.12,273.76,510.73,565.67,Released,1,8,2501,317,,,CR_HASH_155,CR_HASH_007,,2020-03-05,2020-03,610910000000,61,610910,False,Import,102.93,273.76,4.12,510.73,565.67,MY,CR_HASH_007,Cotton t-shirts
2020-2801-9-10723-1,2020-2801-9-10723,2020,2801,King Fahd Causeway,EX,9,10723,64357,8/31/2020,1006301000,Long-grain milled rice,BH,BH,BH,BH,US,US,KGM,752.91,1.45,FOB,410.49,3.87,1091.72,752.91,792.84,Released,1,5,2801,872,,,CR_HASH_209,,CR_HASH_044,2020-08-31,2020-08,100630100000,10,100630,True,Re-export,410.49,1091.72,3.87,752.91,792.84,US,CR_HASH_044,Long-grain milled rice
2020-2701-3-10724-1,2020-2701-3-10724,2020,2701,Khalifa Bin Salman Port,EX,3,10724,96456,1/28/2020,8703221000,Passenger cars 1000-1500cc,BH,BH,BH,BH,CN,CN,NMB,176.0,5753.79,FOB,380762.81,3.62,1012667.04,685.48,774.35,Released,1,8,2701,436,,,CR_HASH_243,,CR_HASH_013,2020-01-28,2020-01,870322100000,87,870322,True,Re-export,380762.81,1012667.04,3.62,685.48,774.35,CN,CR_HASH_013,Passenger cars 1000-1500cc
2020-2701-1-10725-1,2020-2701-1-10725,2020,2701,Khalifa Bin Salman Port,IM,1,10725,26293,7/26/2020,8504400090,Static converters,CN,CN,CN,CN,BH,BH,NMB,73.0,201.09,EXW,5519.52,3.47,14679.57,416.1,487.74,Released,7,3,2701,205,,,CR_HASH_136,CR_HASH_020,,2020-07-26,2020-07,850440009000,85,850440,False,Import,5519.52,14679.57,3.47,416.1,487.74,CN,CR_HASH_020,Static converters
2020-2501-6-10726-1,2020-2501-6-10726,2020,2501,Bahrain International Airport,EX,6,10726,13163,7/8/2020,1006301000,Long-grain milled rice,BH,BH,BH,BH,CN,CN,KGM,1940.26,0.64,EXW,466.91,1.36,1241.77,1940.26,2072.44,Released,2,6,2501,822,,,CR_HASH_054,,CR_HASH_015,2020-07-08,2020-07,100630100000,10,100630,True,Re-export,466.91,1241.77,1.36,1940.26,2072.44,CN,CR_HASH_015,Long-grain milled rice
2020-2501-3-10727-1,2020-2501-3-10727,2020,2501,Bahrain International Airport,IM,3,10727,55188,1/7/2020,3923301000,Plastic bottles for packaging,AE,AE,AE,AE,BH,BH,NMB,12.0,0.38,EXW,1.71,0.75,4.56,71.82,77.83,Released,4,3,2501,790,,,CR_HASH_049,CR_HASH_043,,2020-01-07,2020-01,392330100000,39,392330,False,Import,1.71,4.56,0.75,71.82,77.83,AE,CR_HASH_043,Plastic bottles for packaging
2020-2601-4-10728-1,2020-2601-4-10728,2020,2601,Dry Port - Hidd,,4,10728,89581,10/15/2020,2710192100,Gas oils for diesel engines,CN,CN,BH,BH,US,US,LTR,12777.27,0.35,EXW,1681.49,4.6,4472.04,9596.56,10651.54,Held,7,5,2601,726,,,CR_HASH_007,CR_HASH_005,,2020-10-15,2020-10,271019210000,27,271019,False,,1681.49,4472.04,4.6,9596.56,10651.54,,CR_HASH_005,Gas oils for diesel engines
2020-2501-4-10729-1,2020-2501-4-10729,2020,2501,Bahrain International Airport,IM,4,10729,95901,6/13/2020,1006301000,Long-grain milled rice,AE,AE,CN,CN,BH,BH,KGM,4556.65,0.95,EXW,1627.64,4.32,4328.82,4556.65,4937.91,Released,1,6,2501,253,,,CR_HASH_173,CR_HASH_035,,2020-06-13,2020-06,100630100000,10,100630,False,Import,1627.64,4328.82,4.32,4556.65,4937.91,AE,CR_HASH_035,Long-grain milled rice
2020-2601-1-10730-1,2020-2601-1-10730,2020,2601,Dry Port - Hidd,IM,1,10730,85132,6/1/2020,9018390000,Medical syringes and needles,CN,CN,CN,CN,BH,BH,NMB,102.0,0.32,FOB,12.27,2.2,32.64,211.7,239.85,Released,1,1,2601,775,,,CR_HASH_241,CR_HASH_049,,2020-06-01,2020-06,901839000000,90,901839,False,Import,12.27,32.64,2.2,211.7,239.85,CN,CR_HASH_049,Medical syringes and needles
2020-2601-7-10731-1,2020-2601-7-10731,2020,2601,Dry Port - Hidd,IM,7,10731,19609,4/2/2020,6109100000,Cotton t-shirts,CN,CN,CN,CN,BH,BH,NMB,72.0,4.06,CIF,109.91,2.75,292.32,366.82,413.69,Released,1,4,2601,932,,,CR_HASH_042,CR_HASH_025,,2020-04-02,2020-04,610910000000,61,610910,False,Import,109.91,292.32,2.75,366.82,413.69,CN,CR_HASH_025,Cotton t-shirts
2020-2501-9-10732-1,2020-2501-9-10732,2020,2501,Bahrain International Airport,IM,9,10732,33215,9/16/2020,1006301000,Long-grain milled rice,JP,JP,JP,JP,BH,BH,KGM,102.8,1.26,CIF,48.7,1.41,129.53,102.8,120.6,Released,4,2,2501,844,,,CR_HASH_090,CR_HASH_033,,2020-09-16,2020-09,100630100000,10,100630,False,Import,48.7,129.53,1.41,102.8,120.6,JP,CR_HASH_033,Long-grain milled rice
2020-2801-5-10733-1,2020-2801-5-10733,2020,2801,King Fahd Causeway,IM,5,10733,77347,9/3/2020,8517120000,Cellular telephones,AE,AE,AE,AE,BH,BH,NMB,56.0,361.24,FOB,7606.27,0.68,20229.44,122.66,144.73,Released,1,9,2801,239,,,CR_HASH_089,CR_HASH_012,,2020-09-03,2020-09,851712000000,85,851712,False,Import,7606.27,20229.44,0.68,122.66,144.73,AE,CR_HASH_012,Cellular telephones
2020-2801-5-10734-1,2020-2801-5-10734,2020,2801,King Fahd Causeway,IM,5,10734,18418,7/29/2020,8471300000,Portable laptop computers,IN,IN,IN,IN,BH,BH,NMB,3.0,733.48,CIF,827.37,1.41,2200.44,19.43,22.42,Released,7,9,2801,550,,,CR_HASH_082,CR_HASH_046,,2020-07-29,2020-07,847130000000,84,847130,False,Import,827.37,2200.44,1.41,19.43,22.42,IN,CR_HASH_046,Portable laptop computers
2020-2701-1-10735-1,2020-2701-1-10735,2020,2701,Khalifa Bin Salman Port,IM,1,10735,32742,8/15/2020,8504400090,Static converters,IN,IN,IN,IN,BH,BH,NMB,5.0,203.29,EXW,382.19,1.87,1016.45,26.28,31.1,Released,4,6,2701,362,,,CR_HASH_137,CR_HASH_012,,2020-08-15,2020-08,850440009000,85,850440,False,Import,382.19,1016.45,1.87,26.28,31.1,IN,CR_HASH_012,Static converters
2020-2601-1-10736-1,2020-2601-1-10736,2020,2601,Dry Port - Hidd,IM,1,10736,72896,5/31/2020,8504400090,Static converters,AE,AE,AE,AE,BH,BH,NMB,178.0,75.03,CIF,5021.61,4.07,13355.34,216.78,259.22,Released,5,7,2601,167,,,CR_HASH_182,CR_HASH_033,,2020-05-31,2020-05,850440009000,85,850440,False,Import,5021.61,13355.34,4.07,216.78,259.22,AE,CR_HASH_033,Static converters
2020-2701-4-10737-1,2020-2701-4-10737,2020,2701,Khalifa Bin Salman Port,IM,4,10737,65681,10/19/2020,1006301000,Long-grain milled rice,CN,CN,CN,CN,BH,BH,KGM,1104.11,1.37,EXW,568.75,1.53,1512.63,1104.11,1286.42,Released,8,3,2701,615,,,CR_HASH_095,CR_HASH_035,,2020-10-19,2020-10,100630100000,10,100630,False,Import,568.75,1512.63,1.53,1104.11,1286.42,CN,CR_HASH_035,Long-grain milled rice
2020-2601-2-10738-1,2020-2601-2-10738,2020,2601,Dry Port - Hidd,IM,2,10738,53781,5/26/2020,8471300000,Portable laptop computers,AE,AE,AE,AE,BH,BH,NMB,150.0,306.7,CIF,17297.88,2.64,46005.0,1193.64,1399.12,Released,2,7,2601,290,,,CR_HASH_204,CR_HASH_041,,2020-05-26,2020-05,847130000000,84,847130,False,Import,17297.88,46005.0,2.64,1193.64,1399.12,AE,CR_HASH_041,Portable laptop computers
2020-2501-5-10739-1,2020-2501-5-10739,2020,2501,Bahrain International Airport,IM,5,10739,65833,2/19/2020,8517120000,Cellular telephones,CN,CN,IN,IN,BH,BH,NMB,67.0,3028.1,EXW,76283.9,2.9,202882.7,38.56,42.65,Released,8,7,2501,701,,,CR_HASH_004,CR_HASH_033,,2020-02-19,2020-02,851712000000,85,851712,False,Import,76283.9,202882.7,2.9,38.56,42.65,CN,CR_HASH_033,Cellular telephones
2020-2801-9-10740-1,2020-2801-9-10740,2020,2801,King Fahd Causeway,IM,9,10740,11074,2/4/2020,8703221000,Passenger cars 1000-1500cc,SA,SA,CN,CN,BH,BH,NMB,68.0,17848.31,FOB,456345.59,3.19,1213685.08,98.19,107.24,Pending,9,6,2801,778,,,CR_HASH_027,CR_HASH_034,,2020-02-04,2020-02,870322100000,87,870322,False,Import,456345.59,1213685.08,3.19,98.19,107.24,SA,CR_HASH_034,Passenger cars 1000-1500cc
2020-2701-8-10741-1,2020-2701-8-10741,2020,2701,Khalifa Bin Salman Port,IM,8,10741,96494,12/16/2020,8703221000,Passenger cars 1000-1500cc,CN,CN,CN,CN,BH,BH,NMB,163.0,11790.05,FOB,722588.58,1.89,1921778.15,533.22,571.08,Released,2,2,2701,435,,,CR_HASH_097,CR_HASH_018,,2020-12-16,2020-12,870322100000,87,870322,False,Import,722588.58,1921778.15,1.89,533.22,571.08,CN,CR_HASH_018,Passenger cars 1000-1500cc
2020-2601-1-10742-1,2020-2601-1-10742,2020,2601,Dry Port - Hidd,IM,1,10742,26296,5/10/2020,8504400090,Static converters,US,US,US,US,BH,BH,NMB,43.0,74.59,FOB,1205.97,3.76,3207.37,149.14,178.51,Released,1,5,2601,119,,,CR_HASH_178,CR_HASH_014,,2020-05-10,2020-05,850440009000,85,850440,False,Import,1205.97,3207.37,3.76,149.14,178.51,US,CR_HASH_014,Static converters
2020-2501-2-10743-1,2020-2501-2-10743,2020,2501,Bahrain International Airport,EX,2,10743,35627,1/17/2020,2710192100,Gas oils for diesel engines,BH,BH,BH,BH,CN,CN,LTR,2511.72,0.87,EXW,821.64,4.98,2185.2,2248.03,2417.72,Released,6,2,2501,100,,,CR_HASH_233,,CR_HASH_046,2020-01-17,2020-01,271019210000,27,271019,True,Re-export,821.64,2185.2,4.98,2248.03,2417.72,CN,CR_HASH_046,Gas oils for diesel engines
2020-2501-9-10744-1,2020-2501-9-10744,2020,2501,Bahrain International Airport,EX,9,10744,69134,2/17/2020,8517120000,Cellular telephones,BH,BH,BH,BH,AE,AE,NMB,33.0,1067.21,EXW,13241.94,4.74,35217.93,202.46,234.63,Released,9,9,2501,659,,,CR_HASH_225,,CR_HASH_006,2020-02-17,2020-02,851712000000,85,851712,True,Re-export,13241.94,35217.93,4.74,202.46,234.63,AE,CR_HASH_006,Cellular telephones
2020-2701-3-10745-1,2020-2701-3-10745,2020,2701,Khalifa Bin Salman Port,IM,3,10745,48547,9/14/2020,8703221000,Passenger cars 1000-1500cc,SA,SA,SA,SA,BH,BH,NMB,192.0,14989.39,EXW,1082114.04,3.67,2877962.88,774.65,887.32,Pending,5,1,2701,670,,,CR_HASH_004,CR_HASH_017,,2020-09-14,2020-09,870322100000,87,870322,False,Import,1082114.04,2877962.88,3.67,774.65,887.32,SA,CR_HASH_017,Passenger cars 1000-1500cc
2020-2601-7-10746-1,2020-2601-7-10746,2020,2601,Dry Port - Hidd,IM,7,10746,18451,1/9/2020,9018390000,Medical syringes and needles,CN,CN,CN,CN,BH,BH,NMB,83.0,0.43,FOB,13.42,4.16,35.69,499.7,597.52,Released,1,3,2601,614,,,CR_HASH_199,CR_HASH_044,,2020-01-09,2020-01,901839000000,90,901839,False,Import,13.42,35.69,4.16,499.7,597.52,CN,CR_HASH_044,Medical syringes and needles
2020-2801-1-10747-1,2020-2801-1-10747,2020,2801,King Fahd Causeway,IM,1,10747,77100,8/22/2020,2710192100,Gas oils for diesel engines,AE,AE,SA,SA,BH,BH,LTR,19221.96,0.5,CIF,3613.73,1.29,9610.98,17492.6,18811.19,Released,1,7,2801,653,,,CR_HASH_078,CR_HASH_034,,2020-08-22,2020-08,271019210000,27,271019,False,Import,3613.73,9610.98,1.29,17492.6,18811.19,AE,CR_HASH_034,Gas oils for diesel engines
2020-2601-5-10748-1,2020-2601-5-10748,2020,2601,Dry Port - Hidd,,5,10748,24624,9/18/2020,3923301000,Plastic bottles for packaging,SA,SA,BH,BH,SA,SA,NMB,45.0,0.19,CIF,3.21,3.5,8.55,257.73,302.68,Released,8,1,2601,255,,,CR_HASH_202,CR_HASH_036,,2020-09-18,2020-09,392330100000,39,392330,False,,3.21,8.55,3.5,257.73,302.68,,CR_HASH_036,Plastic bottles for packaging
2020-2701-6-10749-1,2020-2701-6-10749,2020,2701,Khalifa Bin Salman Port,IM,6,10749,47973,2/24/2020,8517120000,Cellular telephones,DE,DE,DE,DE,BH,BH,NMB,173.0,826.46,EXW,53759.57,4.13,142977.58,388.25,464.44,Held,6,1,2701,355,,,CR_HASH_191,CR_HASH_038,,2020-02-24,2020-02,851712000000,85,851712,False,Import,53759.57,142977.58,4.13,388.25,464.44,DE,CR_HASH_038,Cellular telephones
2020-2601-2-10750-1,2020-2601-2-10750,2020,2601,Dry Port - Hidd,IM,2,10750,49244,10/8/2020,3923301000,Plastic bottles for packaging,CN,CN,CN,CN,BH,BH,NMB,98.0,0.35,FOB,12.9,2.94,34.3,681.59,716.74,Pending,3,5,2601,497,,,CR_HASH_215,CR_HASH_001,,2020-10-08,2020-10,392330100000,39,392330,False,Import,12.9,34.3,2.94,681.59,716.74,CN,CR_HASH_001,Plastic bottles for packaging
2020-2501-1-10751-1,2020-2501-1-10751,2020,2501,Bahrain International Airport,IM,1,10751,35533,4/24/2020,8703221000,Passenger cars 1000-1500cc,CN,CN,CN,CN,BH,BH,NMB,45.0,6809.17,FOB,115211.16,4.46,306412.65,26.22,31.27,Released,1,5,2501,534,,,CR_HASH_167,CR_HASH_007,,2020-04-24,2020-04,870322100000,87,870322,False,Import,115211.16,306412.65,4.46,26.22,31.27,CN,CR_HASH_007,Passenger cars 1000-1500cc
2020-2801-3-10752-1,2020-2801-3-10752,2020,2801,King Fahd Causeway,EX,3,10752,84284,8/21/2020,8703221000,Passenger cars 1000-1500cc,BH,BH,BH,BH,US,US,NMB,53.0,19710.19,EXW,392784.67,1.12,1044640.07,44.9,47.2,Released,7,5,2801,286,,,CR_HASH_053,,CR_HASH_019,2020-08-21,2020-08,870322100000,87,870322,True,Re-export,392784.67,1044640.07,1.12,44.9,47.2,US,CR_HASH_019,Passenger cars 1000-1500cc
2020-2801-1-10753-1,2020-2801-1-10753,2020,2801,King Fahd Causeway,EX,1,10753,49885,12/3/2020,8471300000,Portable laptop computers,BH,BH,BH,BH,US,US,NMB,12.0,421.08,FOB,1899.91,2.03,5052.96,86.78,91.69,Released,5,1,2801,810,,,CR_HASH_039,,CR_HASH_017,2020-12-03,2020-12,847130000000,84,847130,True,Re-export,1899.91,5052.96,2.03,86.78,91.69,US,CR_HASH_017,Portable laptop computers
2020-2601-9-10754-1,2020-2601-9-10754,2020,2601,Dry Port - Hidd,IM,9,10754,84374,6/1/2020,8504400090,Static converters,AE,AE,AE,AE,BH,BH,NMB,28.0,153.36,EXW,1614.57,1.16,4294.08,214.23,254.06,Held,4,5,2601,961,,,CR_HASH_037,CR_HASH_023,,2020-06-01,2020-06,850440009000,85,850440,False,Import,1614.57,4294.08,1.16,214.23,254.06,AE,CR_HASH_023,Static converters
2020-2801-8-10755-1,2020-2801-8-10755,2020,2801,King Fahd Causeway,EX,8,10755,63213,4/26/2020,3923301000,Plastic bottles for packaging,BH,BH,BH,BH,CN,CN,NMB,38.0,0.25,EXW,3.57,3.24,9.5,227.72,248.26,Held,2,3,2801,144,,,CR_HASH_148,,CR_HASH_033,2020-04-26,2020-04,392330100000,39,392330,True,Re-export,3.57,9.5,3.24,227.72,248.26,CN,CR_HASH_033,Plastic bottles for packaging
2020-2501-7-10756-1,2020-2501-7-10756,2020,2501,Bahrain International Airport,IM,7,10756,80885,5/17/2020,8471300000,Portable laptop computers,CN,CN,IN,IN,BH,BH,NMB,138.0,376.34,CIF,19527.53,4.64,51934.92,191.98,210.36,Released,1,4,2501,713,,,CR_HASH_045,CR_HASH_024,,2020-05-17,2020-05,847130000000,84,847130,False,Import,19527.53,51934.92,4.64,191.98,210.36,CN,CR_HASH_024,Portable laptop computers
2020-2701-1-10757-1,2020-2701-1-10757,2020,2701,Khalifa Bin Salman Port,IM,1,10757,28500,12/30/2020,9018390000,Medical syringes and needles,US,US,US,US,BH,BH,NMB,156.0,0.4,EXW,23.46,2.11,62.4,743.06,837.23,Released,7,1,2701,543,,,CR_HASH_163,CR_HASH_021,,2020-12-30,2020-12,901839000000,90,901839,False,Import,23.46,62.4,2.11,743.06,837.23,US,CR_HASH_021,Medical syringes and needles
2020-2801-1-10758-1,2020-2801-1-10758,2020,2801,King Fahd Causeway,IM,1,10758,33199,6/1/2020,8471300000,Portable laptop computers,SA,SA,SA,SA,BH,BH,NMB,113.0,607.62,EXW,25816.56,3.48,68661.06,106.88,123.42,Held,7,7,2801,764,,,CR_HASH_107,CR_HASH_040,,2020-06-01,2020-06,847130000000,84,847130,False,Import,25816.56,68661.06,3.48,106.88,123.42,SA,CR_HASH_040,Portable laptop computers
2020-2701-8-10759-1,2020-2701-8-10759,2020,2701,Khalifa Bin Salman Port,IM,8,10759,71426,6/12/2020,8504400090,Static converters,AE,AE,CN,CN,BH,BH,NMB,121.0,219.6,CIF,9990.92,4.19,26571.6,364.25,397.49,Released,2,5,2701,423,,,CR_HASH_221,CR_HASH_039,,2020-06-12,2020-06,850440009000,85,850440,False,Import,9990.92,26571.6,4.19,364.25,397.49,AE,CR_HASH_039,Static converters
2020-2601-9-10760-1,2020-2601-9-10760,2020,2601,Dry Port - Hidd,IM,9,10760,66347,9/16/2020,102211000,"Live cattle, pure-bred breeding",US,US,CN,CN,BH,BH,NMB,72.0,1200.37,EXW,32496.42,4.06,86426.64,61.58,68.25,Released,9,7,2601,918,,,CR_HASH_202,CR_HASH_002,,2020-09-16,2020-09,102211000000,10,102211,False,Import,32496.42,86426.64,4.06,61.58,68.25,US,CR_HASH_002,"Live cattle, pure-bred breeding"
2020-2601-4-10761-1,2020-2601-4-10761,2020,2601,Dry Port - Hidd,IM,4,10761,12001,11/24/2020,6109100000,Cotton t-shirts,US,US,AE,AE,BH,BH,NMB,35.0,13.55,CIF,178.32,1.85,474.25,237.14,283.37,Released,4,1,2601,525,,,CR_HASH_029,CR_HASH_004,,2020-11-24,2020-11,610910000000,61,610910,False,Import,178.32,474.25,1.85,237.14,283.37,US,CR_HASH_004,Cotton t-shirts
2020-2601-5-10762-1,2020-2601-5-10762,2020,2601,Dry Port - Hidd,EX,5,10762,22091,3/26/2020,8504400090,Static converters,BH,BH,BH,BH,AE,AE,NMB,117.0,183.23,CIF,8060.65,2.61,21437.91,369.27,398.14,Released,4,1,2601,847,,,CR_HASH_056,,CR_HASH_015,2020-03-26,2020-03,850440009000,85,850440,True,Re-export,8060.65,21437.91,2.61,369.27,398.14,AE,CR_HASH_015,Static converters
2020-2701-7-10763-1,2020-2701-7-10763,2020,2701,Khalifa Bin Salman Port,IM,7,10763,21320,12/26/2020,102211000,"Live cattle, pure-bred breeding",US,US,AE,AE,BH,BH,NMB,168.0,1544.92,CIF,97589.51,3.89,259546.56,1207.56,1358.33,Released,5,8,2701,875,,,CR_HASH_222,CR_HASH_026,,2020-12-26,2020-12,102211000000,10,102211,False,Import,97589.51,259546.56,3.89,1207.56,1358.33,US,CR_HASH_026,"Live cattle, pure-bred breeding"
2020-2801-1-10764-1,2020-2801-1-10764,2020,2801,King Fahd Causeway,IM,1,10764,64985,5/7/2020,1006301000,Long-grain milled rice,DE,DE,DE,DE,BH,BH,KGM,3723.54,0.87,EXW,1218.04,4.41,3239.48,3723.54,4229.74,Released,4,6,2801,221,,,CR_HASH_166,CR_HASH_020,,2020-05-07,2020-05,100630100000,10,100630,False,Import,1218.04,3239.48,4.41,3723.54,4229.74,DE,CR_HASH_020,Long-grain milled rice
2020-2601-2-10765-1,2020-2601-2-10765,2020,2601,Dry Port - Hidd,IM,2,10765,42639,7/4/2020,102211000,"Live cattle, pure-bred breeding",US,US,US,US,BH,BH,NMB,140.0,1024.58,FOB,53933.89,2.79,143441.2,1119.01,1294.53,Released,9,2,2601,475,,,CR_HASH_020,CR_HASH_042,,2020-07-04,2020-07,102211000000,10,102211,False,Import,53933.89,143441.2,2.79,1119.01,1294.53,US,CR_HASH_042,"Live cattle, pure-bred breeding"
2020-2801-7-10766-1,2020-2801-7-10766,2020,2801,King Fahd Causeway,IM,7,10766,89972,11/25/2020,8703221000,Passenger cars 1000-1500cc,CN,CN,CN,CN,BH,BH,NMB,174.0,16608.37,EXW,1086586.0,4.3,2889856.38,339.05,374.87,Released,7,6,2801,643,,,CR_HASH_056,CR_HASH_010,,2020-11-25,2020-11,870322100000,87,870322,False,Import,1086586.0,2889856.38,4.3,339.05,374.87,CN,CR_HASH_010,Passenger cars 1000-1500cc
2020-2601-2-10767-1,2020-2601-2-10767,2020,2601,Dry Port - Hidd,EX,2,10767,79027,1/3/2020,6109100000,Cotton t-shirts,BH,BH,BH,BH,US,US,NMB,186.0,9.85,CIF,688.87,4.79,1832.1,1092.6,1273.76,Released,4,9,2601,853,,,CR_HASH_118,,CR_HASH_048,2020-01-03,2020-01,610910000000,61,610910,True,Re-export,688.87,1832.1,4.79,1092.6,1273.76,US,CR_HASH_048,Cotton t-shirts
2020-2701-1-10768-1,2020-2701-1-10768,2020,2701,Khalifa Bin Salman Port,IM,1,10768,71224,6/20/2020,8703221000,Passenger cars 1000-1500cc,US,US,US,US,BH,BH,NMB,133.0,21569.45,EXW,1078645.06,3.47,2868736.85,807.16,904.62,Released,2,7,2701,905,,,CR_HASH_090,CR_HASH_027,,2020-06-20,2020-06,870322100000,87,870322,False,Import,1078645.06,2868736.85,3.47,807.16,904.62,US,CR_HASH_027,Passenger cars 1000-1500cc
2020-2601-8-10769-1,2020-2601-8-10769,2020,2601,Dry Port - Hidd,EX,8,10769,12296,9/16/2020,8703221000,Passenger cars 1000-1500cc,BH,BH,BH,BH,CN,CN,NMB,108.0,8865.56,FOB,360012.66,4.94,957480.48,231.35,270.41,Released,3,8,2601,117,,,CR_HASH_091,,CR_HASH_022,2020-09-16,2020-09,870322100000,87,870322,True,Re-export,360012.66,957480.48,4.94,231.35,270.41,CN,CR_HASH_022,Passenger cars 1000-1500cc
2020-2501-1-10770-1,2020-2501-1-10770,2020,2501,Bahrain International Airport,IM,1,10770,65286,7/20/2020,102211000,"Live cattle, pure-bred breeding",CN,CN,CN,CN,BH,BH,NMB,59.0,2118.9,EXW,47005.68,4.18,125015.1,36.12,41.62,Released,4,7,2501,159,,,CR_HASH_181,CR_HASH_025,,2020-07-20,2020-07,102211000000,10,102211,False,Import,47005.68,125015.1,4.18,36.12,41.62,CN,CR_HASH_025,"Live cattle, pure-bred breeding"
2020-2501-6-10771-1,2020-2501-6-10771,2020,2501,Bahrain International Airport,IM,6,10771,63309,4/22/2020,9018390000,Medical syringes and needles,EG,EG,IN,IN,BH,BH,NMB,120.0,0.11,FOB,4.96,0.74,13.2,578.66,656.88,Released,4,6,2501,909,,,CR_HASH_169,CR_HASH_032,,2020-04-22,2020-04,901839000000,90,901839,False,Import,4.96,13.2,0.74,578.66,656.88,EG,CR_HASH_032,Medical syringes and needles
2020-2801-6-10772-1,2020-2801-6-10772,2020,2801,King Fahd Causeway,IM,6,10772,68246,9/13/2020,3923301000,Plastic bottles for packaging,CN,CN,CN,CN,BH,BH,NMB,187.0,2.25,FOB,158.2,2.78,420.75,1190.3,1369.77,Released,7,1,2801,246,,,CR_HASH_039,CR_HASH_049,,2020-09-13,2020-09,392330100000,39,392330,False,Import,158.2,420.75,2.78,1190.3,1369.77,CN,CR_HASH_049,Plastic bottles for packaging
2020-2701-5-10773-1,2020-2701-5-10773,2020,2701,Khalifa Bin Salman Port,IM,5,10773,48142,2/17/2020,2710192100,Gas oils for diesel engines,CN,CN,CN,CN,BH,BH,LTR,19330.56,0.72,FOB,5233.17,3.27,13918.0,15160.98,16346.14,Released,4,5,2701,517,,,CR_HASH_078,CR_HASH_003,,2020-02-17,2020-02,271019210000,27,271019,False,Import,5233.17,13918.0,3.27,15160.98,16346.14,CN,CR_HASH_003,Gas oils for diesel engines
2020-2701-8-10774-1,2020-2701-8-10774,2020,2701,Khalifa Bin Salman Port,IM,8,10774,99662,2/10/2020,1006301000,Long-grain milled rice,CN,CN,CN,CN,BH,BH,KGM,3093.09,0.4,CIF,465.2,4.61,1237.24,3093.09,3385.88,Released,5,9,2701,952,,,CR_HASH_107,CR_HASH_026,,2020-02-10,2020-02,100630100000,10,100630,False,Import,465.2,1237.24,4.61,3093.09,3385.88,CN,CR_HASH_026,Long-grain milled rice
2020-2501-3-10775-1,2020-2501-3-10775,2020,2501,Bahrain International Airport,IM,3,10775,92612,6/3/2020,8703221000,Passenger cars 1000-1500cc,AE,AE,AE,AE,BH,BH,NMB,76.0,24786.78,CIF,708307.03,2.64,1883795.28,521.27,553.89,Released,9,3,2501,810,,,CR_HASH_057,CR_HASH_003,,2020-06-03,2020-06,870322100000,87,870322,False,Import,708307.03,1883795.28,2.64,521.27,553.89,AE,CR_HASH_003,Passenger cars 1000-1500cc
2020-2501-1-10776-1,2020-2501-1-10776,2020,2501,Bahrain International Airport,IM,1,10776,11457,4/16/2020,2710192100,Gas oils for diesel engines,TR,TR,TR,TR,BH,BH,LTR,15714.69,0.77,FOB,4549.72,1.63,12100.31,14844.81,17060.72,Released,5,8,2501,186,,,CR_HASH_099,CR_HASH_007,,2020-04-16,2020-04,271019210000,27,271019,False,Import,4549.72,12100.31,1.63,14844.81,17060.72,TR,CR_HASH_007,Gas oils for diesel engines
2020-2801-2-10777-1,2020-2801-2-10777,2020,2801,King Fahd Causeway,IM,2,10777,50273,5/20/2020,2710192100,Gas oils for diesel engines,SA,SA,SA,SA,BH,BH,LTR,5476.36,0.05,FOB,102.96,1.39,273.82,4542.83,4815.49,Held,9,2,2801,975,,,CR_HASH_123,CR_HASH_024,,2020-05-20,2020-05,271019210000,27,271019,False,Import,102.96,273.82,1.39,4542.83,4815.49,SA,CR_HASH_024,Gas oils for diesel engines
2020-2501-4-10778-1,2020-2501-4-10778,2020,2501,Bahrain International Airport,IM,4,10778,32789,4/5/2020,8504400090,Static converters,CN,CN,CN,CN,BH,BH,NMB,169.0,87.52,EXW,5561.37,4.78,14790.88,1343.75,1539.21,Released,6,4,2501,830,,,CR_HASH_161,CR_HASH_048,,2020-04-05,2020-04,850440009000,85,850440,False,Import,5561.37,14790.88,4.78,1343.75,1539.21,CN,CR_HASH_048,Static converters
2020-2801-8-10779-1,2020-2801-8-10779,2020,2801,King Fahd Causeway,EX,8,10779,65489,11/25/2020,2710192100,Gas oils for diesel engines,BH,BH,BH,BH,US,US,LTR,14072.18,0.89,EXW,4709.11,3.9,12524.24,10701.15,11510.75,Released,4,6,2801,922,,,CR_HASH_086,,CR_HASH_039,2020-11-25,2020-11,271019210000,27,271019,True,Re-export,4709.11,12524.24,3.9,10701.15,11510.75,US,CR_HASH_039,Gas oils for diesel engines
2020-2601-1-10780-1,2020-2601-1-10780,2020,2601,Dry Port - Hidd,EX,1,10780,72910,2/1/2020,8703221000,Passenger cars 1000-1500cc,BH,BH,BH,BH,CN,CN,NMB,156.0,15987.53,CIF,937764.56,3.44,2494054.68,554.69,658.9,Released,6,5,2601,955,,,CR_HASH_117,,CR_HASH_009,2020-02-01,2020-02,870322100000,87,870322,True,Re-export,937764.56,2494054.68,3.44,554.69,658.9,CN,CR_HASH_009,Passenger cars 1000-1500cc
2020-2801-6-10781-1,2020-2801-6-10781,2020,2801,King Fahd Causeway,EX,6,10781,19851,4/15/2020,8504400090,Static converters,BH,BH,BH,BH,US,US,NMB,34.0,135.69,EXW,1734.66,3.63,4613.46,262.35,301.14,Released,9,1,2801,842,,,CR_HASH_005,,CR_HASH_006,2020-04-15,2020-04,850440009000,85,850440,True,Re-export,1734.66,4613.46,3.63,262.35,301.14,US,CR_HASH_006,Static converters
2020-2601-7-10782-1,2020-2601-7-10782,2020,2601,Dry Port - Hidd,EX,7,10782,32367,5/6/2020,102211000,"Live cattle, pure-bred breeding",BH,BH,BH,BH,IN,IN,NMB,32.0,1392.18,FOB,16750.71,1.22,44549.76,140.44,167.62,Pending,7,7,2601,318,,,CR_HASH_130,,CR_HASH_046,2020-05-06,2020-05,102211000000,10,102211,True,Re-export,16750.71,44549.76,1.22,140.44,167.62,IN,CR_HASH_046,"Live cattle, pure-bred breeding"
2020-2801-3-10783-1,2020-2801-3-10783,2020,2801,King Fahd Causeway,IM,3,10783,79227,10/26/2020,8703221000,Passenger cars 1000-1500cc,JP,JP,JP,JP,BH,BH,NMB,13.0,16127.67,FOB,78832.05,2.27,209659.71,97.0,102.31,Pending,5,1,2801,925,,,CR_HASH_099,CR_HASH_008,,2020-10-26,2020-10,870322100000,87,870322,False,Import,78832.05,209659.71,2.27,97.0,102.31,JP,CR_HASH_008,Passenger cars 1000-1500cc
2020-2501-8-10784-1,2020-2501-8-10784,2020,2501,Bahrain International Airport,IM,8,10784,84828,10/21/2020,1006301000,Long-grain milled rice,AE,AE,AE,AE,BH,BH,KGM,2641.11,1.29,EXW,1281.04,4.7,3407.03,2641.11,2842.26,Released,5,6,2501,561,,,CR_HASH_084,CR_HASH_036,,2020-10-21,2020-10,100630100000,10,100630,False,Import,1281.04,3407.03,4.7,2641.11,2842.26,AE,CR_HASH_036,Long-grain milled rice
2020-2701-4-10785-1,2020-2701-4-10785,2020,2701,Khalifa Bin Salman Port,EX,4,10785,79898,7/7/2020,2710192100,Gas oils for diesel engines,BH,BH,BH,BH,US,US,LTR,16450.34,0.91,EXW,5628.65,2.79,14969.81,13197.9,14029.76,Released,7,5,2701,255,,,CR_HASH_100,,CR_HASH_011,2020-07-07,2020-07,271019210000,27,271019,True,Re-export,5628.65,14969.81,2.79,13197.9,14029.76,US,CR_HASH_011,Gas oils for diesel engines
2020-2601-7-10786-1,2020-2601-7-10786,2020,2601,Dry Port - Hidd,IM,7,10786,44280,6/6/2020,8517120000,Cellular telephones,AE,AE,AE,AE,BH,BH,NMB,122.0,1169.26,EXW,53636.29,2.55,142649.72,800.25,914.24,Held,3,3,2601,524,,,CR_HASH_246,CR_HASH_021,,2020-06-06,2020-06,851712000000,85,851712,False,Import,53636.29,142649.72,2.55,800.25,914.24,AE,CR_HASH_021,Cellular telephones
2020-2501-3-10787-1,2020-2501-3-10787,2020,2501,Bahrain International Airport,EX,3,10787,43602,1/28/2020,9018390000,Medical syringes and needles,BH,BH,BH,BH,IN,IN,NMB,45.0,0.39,EXW,6.6,4.77,17.55,168.25,179.66,Pending,9,7,2501,633,,,CR_HASH_183,,CR_HASH_025,2020-01-28,2020-01,901839000000,90,901839,True,Re-export,6.6,17.55,4.77,168.25,179.66,IN,CR_HASH_025,Medical syringes and needles
2020-2801-2-10788-1,2020-2801-2-10788,2020,2801,King Fahd Causeway,IM,2,10788,91874,3/15/2020,8517120000,Cellular telephones,US,US,US,US,BH,BH,NMB,176.0,256.11,FOB,16948.34,2.48,45075.36,982.14,1172.61,Released,9,5,2801,619,,,CR_HASH_003,CR_HASH_039,,2020-03-15,2020-03,851712000000,85,851712,False,Import,16948.34,45075.36,2.48,982.14,1172.61,US,CR_HASH_039,Cellular telephones
2020-2601-2-10789-1,2020-2601-2-10789,2020,2601,Dry Port - Hidd,EX,2,10789,99093,12/27/2020,6109100000,Cotton t-shirts,BH,BH,BH,BH,AE,AE,NMB,138.0,2.83,CIF,146.84,3.36,390.54,239.65,262.35,Released,4,1,2601,704,,,CR_HASH_060,,CR_HASH_039,2020-12-27,2020-12,610910000000,61,610910,True,Re-export,146.84,390.54,3.36,239.65,262.35,AE,CR_HASH_039,Cotton t-shirts
2020-2501-9-10790-1,2020-2501-9-10790,2020,2501,Bahrain International Airport,EX,9,10790,26992,12/20/2020,9018390000,Medical syringes and needles,BH,BH,BH,BH,IN,IN,NMB,110.0,0.19,CIF,7.86,2.74,20.9,703.55,841.84,Released,8,3,2501,338,,,CR_HASH_139,,CR_HASH_032,2020-12-20,2020-12,901839000000,90,901839,True,Re-export,7.86,20.9,2.74,703.55,841.84,IN,CR_HASH_032,Medical syringes and needles
2020-2501-5-10791-1,2020-2501-5-10791,2020,2501,Bahrain International Airport,IM,5,10791,51039,1/4/2020,8504400090,Static converters,US,US,US,US,BH,BH,NMB,66.0,209.65,CIF,5202.67,1.09,13836.9,378.44,440.47,Released,4,7,2501,597,,,CR_HASH_111,CR_HASH_036,,2020-01-04,2020-01,850440009000,85,850440,False,Import,5202.67,13836.9,1.09,378.44,440.47,US,CR_HASH_036,Static converters
2020-2501-8-10792-1,2020-2501-8-10792,2020,2501,Bahrain International Airport,IM,8,10792,81603,12/29/2020,1006301000,Long-grain milled rice,CN,CN,CN,CN,BH,BH,KGM,3153.3,0.72,EXW,853.66,3.91,2270.38,3153.3,3403.64,Released,5,9,2501,269,,,CR_HASH_056,CR_HASH_034,,2020-12-29,2020-12,100630100000,10,100630,False,Import,853.66,2270.38,3.91,3153.3,3403.64,CN,CR_HASH_034,Long-grain milled rice
2020-2501-5-10793-1,2020-2501-5-10793,2020,2501,Bahrain International Airport,IM,5,10793,57749,7/29/2020,8471300000,Portable laptop computers,US,US,SA,SA,BH,BH,NMB,150.0,213.11,CIF,12019.4,4.43,31966.5,1029.3,1188.51,Held,7,5,2501,365,,,CR_HASH_203,CR_HASH_028,,2020-07-29,2020-07,847130000000,84,847130,False,Import,12019.4,31966.5,4.43,1029.3,1188.51,US,CR_HASH_028,Portable laptop computers
2020-2701-8-10794-1,2020-2701-8-10794,2020,2701,Khalifa Bin Salman Port,IM,8,10794,20415,12/26/2020,8703221000,Passenger cars 1000-1500cc,IN,IN,IN,IN,BH,BH,NMB,102.0,6385.75,EXW,244906.28,3.94,651346.5,410.4,468.15,Released,4,3,2701,227,,,CR_HASH_099,CR_HASH_044,,2020-12-26,2020-12,870322100000,87,870322,False,Import,244906.28,651346.5,3.94,410.4,468.15,IN,CR_HASH_044,Passenger cars 1000-1500cc
2020-2701-7-10795-1,2020-2701-7-10795,2020,2701,Khalifa Bin Salman Port,IM,7,10795,54775,5/4/2020,8517120000,Cellular telephones,AE,AE,AE,AE,BH,BH,NMB,3.0,1178.75,EXW,1329.63,3.27,3536.25,20.18,22.51,Released,7,3,2701,205,,,CR_HASH_140,CR_HASH_023,,2020-05-04,2020-05,851712000000,85,851712,False,Import,1329.63,3536.25,3.27,20.18,22.51,AE,CR_HASH_023,Cellular telephones
2020-2701-7-10796-1,2020-2701-7-10796,2020,2701,Khalifa Bin Salman Port,IM,7,10796,11769,7/4/2020,8471300000,Portable laptop computers,CN,CN,CN,CN,BH,BH,NMB,4.0,516.55,EXW,776.89,3.25,2066.2,7.08,8.48,Released,7,2,2701,906,,,CR_HASH_166,CR_HASH_049,,2020-07-04,2020-07,847130000000,84,847130,False,Import,776.89,2066.2,3.25,7.08,8.48,CN,CR_HASH_049,Portable laptop computers
2020-2701-6-10797-1,2020-2701-6-10797,2020,2701,Khalifa Bin Salman Port,IM,6,10797,44056,6/24/2020,8471300000,Portable laptop computers,US,US,US,US,BH,BH,NMB,62.0,789.99,FOB,18416.25,4.05,48979.38,212.57,246.2,Pending,6,1,2701,560,,,CR_HASH_177,CR_HASH_033,,2020-06-24,2020-06,847130000000,84,847130,False,Import,18416.25,48979.38,4.05,212.57,246.2,US,CR_HASH_033,Portable laptop computers
2020-2801-7-10798-1,2020-2801-7-10798,2020,2801,King Fahd Causeway,EX,7,10798,99861,10/26/2020,3923301000,Plastic bottles for packaging,BH,BH,BH,BH,US,US,NMB,103.0,2.25,EXW,87.14,1.3,231.75,174.68,191.61,Held,6,5,2801,518,,,CR_HASH_061,,CR_HASH_013,2020-10-26,2020-10,392330100000,39,392330,True,Re-export,87.14,231.75,1.3,174.68,191.61,US,CR_HASH_013,Plastic bottles for packaging
2020-2801-7-10799-1,2020-2801-7-10799,2020,2801,King Fahd Causeway,IM,7,10799,20315,7/21/2020,1006301000,Long-grain milled rice,SA,SA,SA,SA,BH,BH,KGM,4656.04,1.39,CIF,2433.43,1.62,6471.9,4656.04,5463.84,Released,4,6,2801,819,,,CR_HASH_012,CR_HASH_032,,2020-07-21,2020-07,100630100000,10,100630,False,Import,2433.43,6471.9,1.62,4656.04,5463.84,SA,CR_HASH_032,Long-grain milled rice
2020-2801-3-10800-1,2020-2801-3-10800,2020,2801,King Fahd Causeway,IM,3,10800,76972,2/26/2020,8471300000,Portable laptop computers,CN,CN,CN,CN,BH,BH,NMB,89.0,424.85,CIF,14217.18,2.59,37811.65,635.64,712.86,Released,8,6,2801,637,,,CR_HASH_076,CR_HASH_020,,2020-02-26,2020-02,847130000000,84,847130,False,Import,14217.18,37811.65,2.59,635.64,712.86,CN,CR_HASH_020,Portable laptop computers
2020-2801-3-10801-1,2020-2801-3-10801,2020,2801,King Fahd Causeway,EX,3,10801,35087,4/4/2020,3923301000,Plastic bottles for packaging,BH,BH,BH,BH,CN,CN,NMB,197.0,0.71,EXW,52.59,2.85,139.87,143.16,154.08,Pending,9,2,2801,231,,,CR_HASH_002,,CR_HASH_046,2020-04-04,2020-04,392330100000,39,392330,True,Re-export,52.59,139.87,2.85,143.16,154.08,CN,CR_HASH_046,Plastic bottles for packaging
2020-2701-8-10802-1,2020-2701-8-10802,2020,2701,Khalifa Bin Salman Port,EX,8,10802,15521,5/15/2020,8517120000,Cellular telephones,BH,BH,BH,BH,CN,CN,NMB,39.0,1134.15,FOB,16631.18,3.13,44231.85,92.49,105.36,Released,1,3,2701,408,,,CR_HASH_077,,CR_HASH_008,2020-05-15,2020-05,851712000000,85,851712,True,Re-export,16631.18,44231.85,3.13,92.49,105.36,CN,CR_HASH_008,Cellular telephones
2020-2701-3-10803-1,2020-2701-3-10803,2020,2701,Khalifa Bin Salman Port,IM,3,10803,11396,4/17/2020,6109100000,Cotton t-shirts,US,US,US,US,BH,BH,NMB,187.0,7.06,EXW,496.4,1.69,1320.22,235.77,250.09,Released,4,9,2701,960,,,CR_HASH_161,CR_HASH_037,,2020-04-17,2020-04,610910000000,61,610910,False,Import,496.4,1320.22,1.69,235.77,250.09,US,CR_HASH_037,Cotton t-shirts
2020-2501-2-10804-1,2020-2501-2-10804,2020,2501,Bahrain International Airport,IM,2,10804,78434,12/27/2020,8517120000,Cellular telephones,SA,SA,SA,SA,BH,BH,NMB,117.0,2051.55,FOB,90251.79,1.91,240031.35,594.83,663.24,Released,2,7,2501,649,,,CR_HASH_108,CR_HASH_003,,2020-12-27,2020-12,851712000000,85,851712,False,Import,90251.79,240031.35,1.91,594.83,663.24,SA,CR_HASH_003,Cellular telephones
2020-2501-1-10805-1,2020-2501-1-10805,2020,2501,Bahrain International Airport,IM,1,10805,29299,4/30/2020,3923301000,Plastic bottles for packaging,SA,SA,AE,AE,BH,BH,NMB,69.0,0.6,FOB,15.57,3.68,41.4,160.89,188.37,Pending,4,1,2501,788,,,CR_HASH_159,CR_HASH_001,,2020-04-30,2020-04,392330100000,39,392330,False,Import,15.57,41.4,3.68,160.89,188.37,SA,CR_HASH_001,Plastic bottles for packaging
2020-2601-5-10806-1,2020-2601-5-10806,2020,2601,Dry Port - Hidd,IM,5,10806,70731,10/19/2020,102211000,"Live cattle, pure-bred breeding",SA,SA,US,US,BH,BH,NMB,91.0,1514.87,CIF,51832.79,2.26,137853.17,476.0,548.8,Released,5,7,2601,850,,,CR_HASH_068,CR_HASH_041,,2020-10-19,2020-10,102211000000,10,102211,False,Import,51832.79,137853.17,2.26,476.0,548.8,SA,CR_HASH_041,"Live cattle, pure-bred breeding"
2020-2601-2-10807-1,2020-2601-2-10807,2020,2601,Dry Port - Hidd,IM,2,10807,66722,4/19/2020,1006301000,Long-grain milled rice,SA,SA,SA,SA,BH,BH,KGM,1411.29,0.44,EXW,233.48,1.68,620.97,1411.29,1578.11,Released,9,3,2601,606,,,CR_HASH_224,CR_HASH_008,,2020-04-19,2020-04,100630100000,10,100630,False,Import,233.48,620.97,1.68,1411.29,1578.11,SA,CR_HASH_008,Long-grain milled rice
2020-2501-7-10808-1,2020-2501-7-10808,2020,2501,Bahrain International Airport,IM,7,10808,30679,1/19/2020,1006301000,Long-grain milled rice,IN,IN,JP,JP,BH,BH,KGM,1743.37,1.26,CIF,825.94,4.32,2196.65,1743.37,2064.58,Released,2,4,2501,790,,,CR_HASH_215,CR_HASH_044,,2020-01-19,2020-01,100630100000,10,100630,False,Import,825.94,2196.65,4.32,1743.37,2064.58,IN,CR_HASH_044,Long-grain milled rice
2020-2701-3-10809-1,2020-2701-3-10809,2020,2701,Khalifa Bin Salman Port,IM,3,10809,19370,1/23/2020,8471300000,Portable laptop computers,SA,SA,AE,AE,BH,BH,NMB,49.0,715.54,EXW,13183.11,1.91,35061.46,304.24,320.49,Released,7,4,2701,430,,,CR_HASH_075,CR_HASH_047,,2020-01-23,2020-01,847130000000,84,847130,False,Import,13183.11,35061.46,1.91,304.24,320.49,SA,CR_HASH_047,Portable laptop computers
2020-2801-3-10810-1,2020-2801-3-10810,2020,2801,King Fahd Causeway,IM,3,10810,68699,6/23/2020,102211000,"Live cattle, pure-bred breeding",IN,IN,US,US,BH,BH,NMB,14.0,1951.79,EXW,10274.22,4.84,27325.06,69.58,79.92,Pending,8,4,2801,639,,,CR_HASH_177,CR_HASH_047,,2020-06-23,2020-06,102211000000,10,102211,False,Import,10274.22,27325.06,4.84,69.58,79.92,IN,CR_HASH_047,"Live cattle, pure-bred breeding"
2020-2801-8-10811-1,2020-2801-8-10811,2020,2801,King Fahd Causeway,EX,8,10811,44340,8/13/2020,8517120000,Cellular telephones,BH,BH,BH,BH,SA,SA,NMB,1.0,679.72,FOB,255.57,4.64,679.72,3.27,3.58,Released,9,8,2801,423,,,CR_HASH_155,,CR_HASH_009,2020-08-13,2020-08,851712000000,85,851712,True,Re-export,255.57,679.72,4.64,3.27,3.58,SA,CR_HASH_009,Cellular telephones
2020-2601-6-10812-1,2020-2601-6-10812,2020,2601,Dry Port - Hidd,IM,6,10812,19248,2/21/2020,8504400090,Static converters,CN,CN,JP,JP,BH,BH,NMB,122.0,141.17,FOB,6475.75,4.68,17222.74,625.98,692.67,Pending,5,5,2601,508,,,CR_HASH_042,CR_HASH_046,,2020-02-21,2020-02,850440009000,85,850440,False,Import,6475.75,17222.74,4.68,625.98,692.67,CN,CR_HASH_046,Static converters
2020-2801-3-10813-1,2020-2801-3-10813,2020,2801,King Fahd Causeway,IM,3,10813,78103,6/4/2020,3923301000,Plastic bottles for packaging,CN,CN,CN,CN,BH,BH,NMB,130.0,0.67,CIF,32.75,4.87,87.1,979.84,1082.27,Pending,1,9,2801,651,,,CR_HASH_240,CR_HASH_026,,2020-06-04,2020-06,392330100000,39,392330,False,Import,32.75,87.1,4.87,979.84,1082.27,CN,CR_HASH_026,Plastic bottles for packaging
2020-2501-5-10814-1,2020-2501-5-10814,2020,2501,Bahrain International Airport,,5,10814,60982,7/22/2020,2710192100,Gas oils for diesel engines,SA,SA,BH,BH,DE,DE,LTR,4754.49,0.47,EXW,840.21,3.21,2234.61,4075.84,4360.36,Released,4,1,2501,595,,,CR_HASH_129,CR_HASH_026,,2020-07-22,2020-07,271019210000,27,271019,False,,840.21,2234.61,3.21,4075.84,4360.36,,CR_HASH_026,Gas oils for diesel engines
2020-2801-7-10815-1,2020-2801-7-10815,2020,2801,King Fahd Causeway,IM,7,10815,40404,4/2/2020,3923301000,Plastic bottles for packaging,US,US,US,US,BH,BH,NMB,199.0,0.53,EXW,39.66,1.18,105.47,892.72,1014.79,Released,7,2,2801,430,,,CR_HASH_100,CR_HASH_004,,2020-04-02,2020-04,392330100000,39,392330,False,Import,39.66,105.47,1.18,892.72,1014.79,US,CR_HASH_004,Plastic bottles for packaging
2020-2801-2-10816-1,2020-2801-2-10816,2020,2801,King Fahd Causeway,EX,2,10816,26272,9/17/2020,2710192100,Gas oils for diesel engines,BH,BH,BH,BH,AE,AE,LTR,19978.0,0.53,FOB,3981.22,4.23,10588.34,17840.63,20233.73,Held,6,4,2801,202,,,CR_HASH_030,,CR_HASH_027,2020-09-17,2020-09,271019210000,27,271019,True,Re-export,3981.22,10588.34,4.23,17840.63,20233.73,AE,CR_HASH_027,Gas oils for diesel engines
2020-2501-5-10817-1,2020-2501-5-10817,2020,2501,Bahrain International Airport,IM,5,10817,68273,10/6/2020,8517120000,Cellular telephones,JP,JP,JP,JP,BH,BH,NMB,181.0,983.11,EXW,66906.53,4.48,177942.91,253.28,296.62,Released,6,6,2501,615,,,CR_HASH_185,CR_HASH_029,,2020-10-06,2020-10,851712000000,85,851712,False,Import,66906.53,177942.91,4.48,253.28,296.62,JP,CR_HASH_029,Cellular telephones
2020-2801-7-10818-1,2020-2801-7-10818,2020,2801,King Fahd Causeway,IM,7,10818,46894,11/8/2020,8504400090,Static converters,AE,AE,AE,AE,BH,BH,NMB,58.0,244.5,EXW,5332.06,4.84,14181.0,88.31,101.82,Held,7,5,2801,318,,,CR_HASH_144,CR_HASH_022,,2020-11-08,2020-11,850440009000,85,850440,False,Import,5332.06,14181.0,4.84,88.31,101.82,AE,CR_HASH_022,Static converters
2020-2701-5-10819-1,2020-2701-5-10819,2020,2701,Khalifa Bin Salman Port,EX,5,10819,57760,8/27/2020,8471300000,Portable laptop computers,BH,BH,BH,BH,US,US,NMB,192.0,2354.25,CIF,169958.02,4.6,452016.0,474.97,569.61,Held,4,5,2701,492,,,CR_HASH_206,,CR_HASH_042,2020-08-27,2020-08,847130000000,84,847130,True,Re-export,169958.02,452016.0,4.6,474.97,569.61,US,CR_HASH_042,Portable laptop computers
2020-2501-5-10820-1,2020-2501-5-10820,2020,2501,Bahrain International Airport,EX,5,10820,82430,6/15/2020,1006301000,Long-grain milled rice,BH,BH,BH,BH,CN,CN,KGM,4826.84,0.76,EXW,1379.32,2.52,3668.4,4826.84,5510.53,Held,2,4,2501,734,,,CR_HASH_212,,CR_HASH_028,2020-06-15,2020-06,100630100000,10,100630,True,Re-export,1379.32,3668.4,2.52,4826.84,5510.53,CN,CR_HASH_028,Long-grain milled rice
2020-2701-2-10821-1,2020-2701-2-10821,2020,2701,Khalifa Bin Salman Port,IM,2,10821,53346,4/2/2020,8471300000,Portable laptop computers,US,US,US,US,BH,BH,NMB,73.0,716.79,CIF,19674.45,2.37,52325.67,154.53,168.2,Released,6,2,2701,307,,,CR_HASH_164,CR_HASH_046,,2020-04-02,2020-04,847130000000,84,847130,False,Import,19674.45,52325.67,2.37,154.53,168.2,US,CR_HASH_046,Portable laptop computers
2020-2601-4-10822-1,2020-2601-4-10822,2020,2601,Dry Port - Hidd,IM,4,10822,88467,7/22/2020,102211000,"Live cattle, pure-bred breeding",US,US,US,US,BH,BH,NMB,11.0,2327.46,FOB,9626.37,4.8,25602.06,85.04,90.79,Released,4,3,2601,875,,,CR_HASH_086,CR_HASH_006,,2020-07-22,2020-07,102211000000,10,102211,False,Import,9626.37,25602.06,4.8,85.04,90.79,US,CR_HASH_006,"Live cattle, pure-bred breeding"
2020-2801-5-10823-1,2020-2801-5-10823,2020,2801,King Fahd Causeway,EX,5,10823,89432,1/31/2020,8471300000,Portable laptop computers,BH,BH,BH,BH,SA,SA,NMB,46.0,3197.2,EXW,55298.77,3.79,147071.2,89.75,103.78,Released,6,5,2801,879,,,CR_HASH_028,,CR_HASH_016,2020-01-31,2020-01,847130000000,84,847130,True,Re-export,55298.77,147071.2,3.79,89.75,103.78,SA,CR_HASH_016,Portable laptop computers
2020-2701-7-10824-1,2020-2701-7-10824,2020,2701,Khalifa Bin Salman Port,IM,7,10824,92654,6/11/2020,8703221000,Passenger cars 1000-1500cc,CN,CN,US,US,BH,BH,NMB,176.0,18562.24,FOB,1228374.79,4.37,3266954.24,156.47,180.07,Released,1,8,2701,699,,,CR_HASH_132,CR_HASH_008,,2020-06-11,2020-06,870322100000,87,870322,False,Import,1228374.79,3266954.24,4.37,156.47,180.07,CN,CR_HASH_008,Passenger cars 1000-1500cc
2020-2701-9-10825-1,2020-2701-9-10825,2020,2701,Khalifa Bin Salman Port,IM,9,10825,19611,11/23/2020,9018390000,Medical syringes and needles,US,US,US,US,BH,BH,NMB,43.0,0.41,EXW,6.63,3.43,17.63,145.85,164.52,Released,2,5,2701,479,,,CR_HASH_044,CR_HASH_034,,2020-11-23,2020-11,901839000000,90,901839,False,Import,6.63,17.63,3.43,145.85,164.52,US,CR_HASH_034,Medical syringes and needles
2020-2801-4-10826-1,2020-2801-4-10826,2020,2801,King Fahd Causeway,EX,4,10826,54276,3/1/2020,8471300000,Portable laptop computers,BH,BH,BH,BH,AE,AE,NMB,89.0,584.77,CIF,19568.74,2.09,52044.53,495.98,526.52,Released,3,2,2801,176,,,CR_HASH_040,,CR_HASH_047,2020-03-01,2020-03,847130000000,84,847130,True,Re-export,19568.74,52044.53,2.09,495.98,526.52,AE,CR_HASH_047,Portable laptop computers
2020-2801-9-10827-1,2020-2801-9-10827,2020,2801,King Fahd Causeway,,9,10827,42638,12/20/2020,102211000,"Live cattle, pure-bred breeding",IN,IN,BH,BH,US,US,NMB,58.0,1109.05,FOB,24186.16,1.27,64324.9,433.51,511.22,Released,3,1,2801,362,,,CR_HASH_129,CR_HASH_045,,2020-12-20,2020-12,102211000000,10,102211,False,,24186.16,64324.9,1.27,433.51,511.22,,CR_HASH_045,"Live cattle, pure-bred breeding"
2020-2701-1-10828-1,2020-2701-1-10828,2020,2701,Khalifa Bin Salman Port,IM,1,10828,23167,5/9/2020,8471300000,Portable laptop computers,CN,CN,CN,CN,BH,BH,NMB,145.0,593.88,FOB,32378.34,3.88,86112.6,823.61,882.0,Released,8,2,2701,112,,,CR_HASH_036,CR_HASH_017,,2020-05-09,2020-05,847130000000,84,847130,False,Import,32378.34,86112.6,3.88,823.61,882.0,CN,CR_HASH_017,Portable laptop computers
2020-2801-9-10829-1,2020-2801-9-10829,2020,2801,King Fahd Causeway,IM,9,10829,85713,1/13/2020,102211000,"Live cattle, pure-bred breeding",CN,CN,CN,CN,BH,BH,NMB,175.0,1114.19,FOB,73313.7,0.54,194983.25,415.64,494.49,Released,8,2,2801,754,,,CR_HASH_139,CR_HASH_041,,2020-01-13,2020-01,102211000000,10,102211,False,Import,73313.7,194983.25,0.54,415.64,494.49,CN,CR_HASH_041,"Live cattle, pure-bred breeding"
2020-2801-6-10830-1,2020-2801-6-10830,2020,2801,King Fahd Causeway,,6,10830,28838,6/2/2020,8471300000,Portable laptop computers,AE,AE,BH,BH,IN,IN,NMB,68.0,67.3,EXW,1720.73,3.2,4576.4,293.1,326.46,Released,3,8,2801,115,,,CR_HASH_207,CR_HASH_035,,2020-06-02,2020-06,847130000000,84,847130,False,,1720.73,4576.4,3.2,293.1,326.46,,CR_HASH_035,Portable laptop computers
2020-2701-3-10831-1,2020-2701-3-10831,2020,2701,Khalifa Bin Salman Port,EX,3,10831,46732,6/26/2020,9018390000,Medical syringes and needles,BH,BH,BH,BH,AE,AE,NMB,104.0,0.23,FOB,8.99,3.47,23.92,224.11,247.2,Released,3,6,2701,372,,,CR_HASH_017,,CR_HASH_001,2020-06-26,2020-06,901839000000,90,901839,True,Re-export,8.99,23.92,3.47,224.11,247.2,AE,CR_HASH_001,Medical syringes and needles
2020-2501-6-10832-1,2020-2501-6-10832,2020,2501,Bahrain International Airport,IM,6,10832,42289,8/25/2020,8471300000,Portable laptop computers,CN,CN,CN,CN,BH,BH,NMB,4.0,263.4,CIF,396.15,1.23,1053.6,5.6,6.44,Released,5,9,2501,680,,,CR_HASH_221,CR_HASH_009,,2020-08-25,2020-08,847130000000,84,847130,False,Import,396.15,1053.6,1.23,5.6,6.44,CN,CR_HASH_009,Portable laptop computers
2020-2801-9-10833-1,2020-2801-9-10833,2020,2801,King Fahd Causeway,IM,9,10833,43902,10/4/2020,8517120000,Cellular telephones,CN,CN,CN,CN,BH,BH,NMB,50.0,951.22,FOB,17882.94,3.96,47561.0,59.33,70.19,Released,5,4,2801,434,,,CR_HASH_154,CR_HASH_047,,2020-10-04,2020-10,851712000000,85,851712,False,Import,17882.94,47561.0,3.96,59.33,70.19,CN,CR_HASH_047,Cellular telephones
2020-2801-1-10834-1,2020-2801-1-10834,2020,2801,King Fahd Causeway,IM,1,10834,38155,8/25/2020,8504400090,Static converters,CN,CN,CN,CN,BH,BH,NMB,96.0,51.23,EXW,1849.2,0.74,4918.08,533.36,619.8,Pending,8,5,2801,765,,,CR_HASH_062,CR_HASH_004,,2020-08-25,2020-08,850440009000,85,850440,False,Import,1849.2,4918.08,0.74,533.36,619.8,CN,CR_HASH_004,Static converters
2020-2701-9-10835-1,2020-2701-9-10835,2020,2701,Khalifa Bin Salman Port,IM,9,10835,92278,3/8/2020,1006301000,Long-grain milled rice,IN,IN,IN,IN,BH,BH,KGM,3809.95,0.12,EXW,171.9,2.58,457.19,3809.95,4286.51,Pending,3,8,2701,541,,,CR_HASH_088,CR_HASH_032,,2020-03-08,2020-03,100630100000,10,100630,False,Import,171.9,457.19,2.58,3809.95,4286.51,IN,CR_HASH_032,Long-grain milled rice
2020-2601-9-10836-1,2020-2601-9-10836,2020,2601,Dry Port - Hidd,IM,9,10836,41833,7/9/2020,8703221000,Passenger cars 1000-1500cc,CN,CN,CN,CN,BH,BH,NMB,115.0,20610.09,CIF,891180.29,1.71,2370160.35,101.06,109.59,Released,7,6,2601,737,,,CR_HASH_116,CR_HASH_043,,2020-07-09,2020-07,870322100000,87,870322,False,Import,891180.29,2370160.35,1.71,101.06,109.59,CN,CR_HASH_043,Passenger cars 1000-1500cc
2020-2601-5-10837-1,2020-2601-5-10837,2020,2601,Dry Port - Hidd,IM,5,10837,80379,11/17/2020,8471300000,Portable laptop computers,AE,AE,AE,AE,BH,BH,NMB,58.0,190.29,CIF,4149.84,4.81,11036.82,50.61,54.55,Released,2,4,2601,156,,,CR_HASH_081,CR_HASH_016,,2020-11-17,2020-11,847130000000,84,847130,False,Import,4149.84,11036.82,4.81,50.61,54.55,AE,CR_HASH_016,Portable laptop computers
2020-2601-8-10838-1,2020-2601-8-10838,2020,2601,Dry Port - Hidd,IM,8,10838,87646,11/25/2020,8517120000,Cellular telephones,CN,CN,CN,CN,BH,BH,NMB,104.0,548.2,EXW,21436.81,4.83,57012.8,443.33,470.62,Released,8,9,2601,921,,,CR_HASH_032,CR_HASH_035,,2020-11-25,2020-11,851712000000,85,851712,False,Import,21436.81,57012.8,4.83,443.33,470.62,CN,CR_HASH_035,Cellular telephones
2020-2501-3-10839-1,2020-2501-3-10839,2020,2501,Bahrain International Airport,IM,3,10839,98174,6/7/2020,102211000,"Live cattle, pure-bred breeding",AE,AE,AE,AE,BH,BH,NMB,167.0,1414.19,EXW,88799.82,3.39,236169.73,1148.15,1331.16,Released,5,5,2501,987,,,CR_HASH_174,CR_HASH_043,,2020-06-07,2020-06,102211000000,10,102211,False,Import,88799.82,236169.73,3.39,1148.15,1331.16,AE,CR_HASH_043,"Live cattle, pure-bred breeding"
2020-2801-8-10840-1,2020-2801-8-10840,2020,2801,King Fahd Causeway,IM,8,10840,62753,7/21/2020,9018390000,Medical syringes and needles,JP,JP,JP,JP,BH,BH,NMB,34.0,0.31,EXW,3.96,1.29,10.54,75.0,83.29,Released,8,1,2801,939,,,CR_HASH_194,CR_HASH_003,,2020-07-21,2020-07,901839000000,90,901839,False,Import,3.96,10.54,1.29,75.0,83.29,JP,CR_HASH_003,Medical syringes and needles
2020-2501-4-10841-1,2020-2501-4-10841,2020,2501,Bahrain International Airport,IM,4,10841,26991,3/22/2020,8471300000,Portable laptop computers,US,US,US,US,BH,BH,NMB,3.0,600.1,FOB,676.91,3.61,1800.3,13.02,15.35,Released,1,4,2501,846,,,CR_HASH_164,CR_HASH_008,,2020-03-22,2020-03,847130000000,84,847130,False,Import,676.91,1800.3,3.61,13.02,15.35,US,CR_HASH_008,Portable laptop computers
2020-2801-9-10842-1,2020-2801-9-10842,2020,2801,King Fahd Causeway,IM,9,10842,55690,11/27/2020,6109100000,Cotton t-shirts,CN,CN,CN,CN,BH,BH,NMB,185.0,7.37,EXW,512.66,3.26,1363.45,431.75,484.3,Released,3,2,2801,141,,,CR_HASH_239,CR_HASH_026,,2020-11-27,2020-11,610910000000,61,610910,False,Import,512.66,1363.45,3.26,431.75,484.3,CN,CR_HASH_026,Cotton t-shirts
2020-2601-2-10843-1,2020-2601-2-10843,2020,2601,Dry Port - Hidd,EX,2,10843,62873,4/29/2020,102211000,"Live cattle, pure-bred breeding",BH,BH,BH,BH,CN,CN,NMB,139.0,1678.17,FOB,87707.88,0.68,233265.63,512.94,612.99,Released,2,1,2601,515,,,CR_HASH_023,,CR_HASH_003,2020-04-29,2020-04,102211000000,10,102211,True,Re-export,87707.88,233265.63,0.68,512.94,612.99,CN,CR_HASH_003,"Live cattle, pure-bred breeding"
2020-2501-8-10844-1,2020-2501-8-10844,2020,2501,Bahrain International Airport,IM,8,10844,66477,9/25/2020,8703221000,Passenger cars 1000-1500cc,IN,IN,IN,IN,BH,BH,NMB,96.0,9008.15,EXW,325158.18,1.27,864782.4,683.48,749.04,Pending,2,8,2501,514,,,CR_HASH_230,CR_HASH_024,,2020-09-25,2020-09,870322100000,87,870322,False,Import,325158.18,864782.4,1.27,683.48,749.04,IN,CR_HASH_024,Passenger cars 1000-1500cc
2020-2701-8-10845-1,2020-2701-8-10845,2020,2701,Khalifa Bin Salman Port,IM,8,10845,22181,8/19/2020,102211000,"Live cattle, pure-bred breeding",DE,DE,DE,DE,BH,BH,NMB,34.0,1537.95,FOB,19661.15,1.79,52290.3,33.7,39.93,Released,6,5,2701,273,,,CR_HASH_032,CR_HASH_015,,2020-08-19,2020-08,102211000000,10,102211,False,Import,19661.15,52290.3,1.79,33.7,39.93,DE,CR_HASH_015,"Live cattle, pure-bred breeding"
2020-2601-4-10846-1,2020-2601-4-10846,2020,2601,Dry Port - Hidd,IM,4,10846,50892,6/18/2020,8703221000,Passenger cars 1000-1500cc,SA,SA,SA,SA,BH,BH,NMB,65.0,50170.05,EXW,1226156.02,2.43,3261053.25,174.91,192.49,Released,8,8,2601,570,,,CR_HASH_084,CR_HASH_021,,2020-06-18,2020-06,870322100000,87,870322,False,Import,1226156.02,3261053.25,2.43,174.91,192.49,SA,CR_HASH_021,Passenger cars 1000-1500cc
2020-2801-8-10847-1,2020-2801-8-10847,2020,2801,King Fahd Causeway,,8,10847,65289,9/5/2020,102211000,"Live cattle, pure-bred breeding",IN,IN,BH,BH,DE,DE,NMB,143.0,1052.67,EXW,56599.96,3.54,150531.81,248.71,267.59,Released,6,4,2801,385,,,CR_HASH_143,CR_HASH_046,,2020-09-05,2020-09,102211000000,10,102211,False,,56599.96,150531.81,3.54,248.71,267.59,,CR_HASH_046,"Live cattle, pure-bred breeding"
2020-2501-2-10848-1,2020-2501-2-10848,2020,2501,Bahrain International Airport,EX,2,10848,66622,7/6/2020,8471300000,Portable laptop computers,BH,BH,BH,BH,AE,AE,NMB,31.0,199.17,FOB,2321.53,4.17,6174.27,235.71,273.99,Released,9,9,2501,748,,,CR_HASH_160,,CR_HASH_038,2020-07-06,2020-07,847130000000,84,847130,True,Re-export,2321.53,6174.27,4.17,235.71,273.99,AE,CR_HASH_038,Portable laptop computers
2020-2501-5-10849-1,2020-2501-5-10849,2020,2501,Bahrain International Airport,EX,5,10849,89786,12/5/2020,6109100000,Cotton t-shirts,BH,BH,BH,BH,IN,IN,NMB,185.0,3.0,FOB,208.68,0.66,555.0,312.89,332.01,Released,5,7,2501,234,,,CR_HASH_030,,CR_HASH_035,2020-12-05,2020-12,610910000000,61,610910,True,Re-export,208.68,555.0,0.66,312.89,332.01,IN,CR_HASH_035,Cotton t-shirts
2020-2601-5-10850-1,2020-2601-5-10850,2020,2601,Dry Port - Hidd,IM,5,10850,14553,11/6/2020,6109100000,Cotton t-shirts,SA,SA,AE,AE,BH,BH,NMB,108.0,6.38,FOB,259.08,0.62,689.04,275.79,300.66,Released,4,8,2601,870,,,CR_HASH_080,CR_HASH_036,,2020-11-06,2020-11,610910000000,61,610910,False,Import,259.08,689.04,0.62,275.79,300.66,SA,CR_HASH_036,Cotton t-shirts
2020-2601-7-10851-1,2020-2601-7-10851,2020,2601,Dry Port - Hidd,IM,7,10851,30066,4/3/2020,1006301000,Long-grain milled rice,CN,CN,CN,CN,BH,BH,KGM,4203.57,1.46,FOB,2307.59,4.54,6137.21,4203.57,4427.18,Released,7,1,2601,190,,,CR_HASH_136,CR_HASH_041,,2020-04-03,2020-04,100630100000,10,100630,False,Import,2307.59,6137.21,4.54,4203.57,4427.18,CN,CR_HASH_041,Long-grain milled rice
2020-2701-4-10852-1,2020-2701-4-10852,2020,2701,Khalifa Bin Salman Port,EX,4,10852,38001,6/29/2020,9018390000,Medical syringes and needles,BH,BH,BH,BH,SA,SA,NMB,130.0,0.18,EXW,8.8,2.3,23.4,486.49,536.94,Released,4,8,2701,134,,,CR_HASH_049,,CR_HASH_040,2020-06-29,2020-06,901839000000,90,901839,True,Re-export,8.8,23.4,2.3,486.49,536.94,SA,CR_HASH_040,Medical syringes and needles
2020-2501-3-10853-1,2020-2501-3-10853,2020,2501,Bahrain International Airport,EX,3,10853,66165,1/5/2020,8471300000,Portable laptop computers,BH,BH,BH,BH,IN,IN,NMB,76.0,249.37,FOB,7126.0,3.65,18952.12,519.98,594.63,Released,7,3,2501,792,,,CR_HASH_007,,CR_HASH_023,2020-01-05,2020-01,847130000000,84,847130,True,Re-export,7126.0,18952.12,3.65,519.98,594.63,IN,CR_HASH_023,Portable laptop computers
2020-2501-9-10854-1,2020-2501-9-10854,2020,2501,Bahrain International Airport,EX,9,10854,46026,7/9/2020,3923301000,Plastic bottles for packaging,BH,BH,BH,BH,CN,CN,NMB,174.0,0.26,EXW,17.01,2.13,45.24,121.9,128.51,Pending,1,5,2501,988,,,CR_HASH_243,,CR_HASH_009,2020-07-09,2020-07,392330100000,39,392330,True,Re-export,17.01,45.24,2.13,121.9,128.51,CN,CR_HASH_009,Plastic bottles for packaging
2020-2701-5-10855-1,2020-2701-5-10855,2020,2701,Khalifa Bin Salman Port,IM,5,10855,87382,4/10/2020,2710192100,Gas oils for diesel engines,AE,AE,US,US,BH,BH,LTR,10617.57,0.77,FOB,3074.0,1.72,8175.53,8997.26,9452.04,Released,3,9,2701,930,,,CR_HASH_076,CR_HASH_044,,2020-04-10,2020-04,271019210000,27,271019,False,Import,3074.0,8175.53,1.72,8997.26,9452.04,AE,CR_HASH_044,Gas oils for diesel engines
2020-2501-2-10856-1,2020-2501-2-10856,2020,2501,Bahrain International Airport,,2,10856,14946,8/1/2020,3923301000,Plastic bottles for packaging,US,US,BH,BH,AE,AE,NMB,53.0,0.03,EXW,0.6,0.57,1.59,252.97,280.98,Held,5,9,2501,120,,,CR_HASH_058,CR_HASH_032,,2020-08-01,2020-08,392330100000,39,392330,False,,0.6,1.59,0.57,252.97,280.98,,CR_HASH_032,Plastic bottles for packaging
2020-2801-1-10857-1,2020-2801-1-10857,2020,2801,King Fahd Causeway,IM,1,10857,33836,10/16/2020,102211000,"Live cattle, pure-bred breeding",AE,AE,AE,AE,BH,BH,NMB,144.0,2110.6,CIF,114276.33,2.74,303926.4,136.26,157.94,Released,2,6,2801,810,,,CR_HASH_014,CR_HASH_006,,2020-10-16,2020-10,102211000000,10,102211,False,Import,114276.33,303926.4,2.74,136.26,157.94,AE,CR_HASH_006,"Live cattle, pure-bred breeding"
2020-2801-9-10858-1,2020-2801-9-10858,2020,2801,King Fahd Causeway,EX,9,10858,41248,8/22/2020,9018390000,Medical syringes and needles,BH,BH,BH,BH,US,US,NMB,130.0,0.24,FOB,11.73,3.44,31.2,743.42,846.3,Released,4,2,2801,131,,,CR_HASH_013,,CR_HASH_032,2020-08-22,2020-08,901839000000,90,901839,True,Re-export,11.73,31.2,3.44,743.42,846.3,US,CR_HASH_032,Medical syringes and needles
2020-2601-6-10859-1,2020-2601-6-10859,2020,2601,Dry Port - Hidd,IM,6,10859,58947,11/10/2020,3923301000,Plastic bottles for packaging,CN,CN,US,US,BH,BH,NMB,23.0,0.59,CIF,5.1,1.35,13.57,113.79,133.97,Released,4,2,2601,722,,,CR_HASH_180,CR_HASH_041,,2020-11-10,2020-11,392330100000,39,392330,False,Import,5.1,13.57,1.35,113.79,133.97,CN,CR_HASH_041,Plastic bottles for packaging
2020-2701-5-10860-1,2020-2701-5-10860,2020,2701,Khalifa Bin Salman Port,IM,5,10860,16120,6/7/2020,8504400090,Static converters,IN,IN,IN,IN,BH,BH,NMB,146.0,127.26,EXW,6986.06,1.49,18579.96,1060.64,1241.91,Released,1,6,2701,596,,,CR_HASH_081,CR_HASH_041,,2020-06-07,2020-06,850440009000,85,850440,False,Import,6986.06,18579.96,1.49,1060.64,1241.91,IN,CR_HASH_041,Static converters
2020-2601-5-10861-1,2020-2601-5-10861,2020,2601,Dry Port - Hidd,IM,5,10861,28828,7/22/2020,3923301000,Plastic bottles for packaging,IN,IN,IN,IN,BH,BH,NMB,152.0,0.33,EXW,18.86,1.57,50.16,323.46,345.1,Released,3,9,2601,791,,,CR_HASH_194,CR_HASH_040,,2020-07-22,2020-07,392330100000,39,392330,False,Import,18.86,50.16,1.57,323.46,345.1,IN,CR_HASH_040,Plastic bottles for packaging
2020-2701-4-10862-1,2020-2701-4-10862,2020,2701,Khalifa Bin Salman Port,IM,4,10862,98135,9/2/2020,3923301000,Plastic bottles for packaging,SA,SA,SA,SA,BH,BH,NMB,55.0,0.37,EXW,7.65,1.36,20.35,377.64,403.75,Released,1,4,2701,673,,,CR_HASH_226,CR_HASH_013,,2020-09-02,2020-09,392330100000,39,392330,False,Import,7.65,20.35,1.36,377.64,403.75,SA,CR_HASH_013,Plastic bottles for packaging
2020-2601-8-10863-1,2020-2601-8-10863,2020,2601,Dry Port - Hidd,IM,8,10863,39313,1/25/2020,8471300000,Portable laptop computers,CN,CN,CN,CN,BH,BH,NMB,73.0,201.46,CIF,5529.67,1.79,14706.58,505.99,542.28,Released,3,9,2601,807,,,CR_HASH_226,CR_HASH_017,,2020-01-25,2020-01,847130000000,84,847130,False,Import,5529.67,14706.58,1.79,505.99,542.28,CN,CR_HASH_017,Portable laptop computers
2020-2601-6-10864-1,2020-2601-6-10864,2020,2601,Dry Port - Hidd,IM,6,10864,71005,7/3/2020,1006301000,Long-grain milled rice,CN,CN,US,US,BH,BH,KGM,3402.09,1.3,CIF,1662.94,1.53,4422.72,3402.09,3914.65,Released,7,2,2601,128,,,CR_HASH_080,CR_HASH_030,,2020-07-03,2020-07,100630100000,10,100630,False,Import,1662.94,4422.72,1.53,3402.09,3914.65,CN,CR_HASH_030,Long-grain milled rice
2020-2701-5-10865-1,2020-2701-5-10865,2020,2701,Khalifa Bin Salman Port,EX,5,10865,27372,6/27/2020,8517120000,Cellular telephones,BH,BH,BH,BH,DE,DE,NMB,154.0,880.82,FOB,51003.0,3.16,135646.28,917.67,974.09,Released,2,4,2701,624,,,CR_HASH_025,,CR_HASH_020,2020-06-27,2020-06,851712000000,85,851712,True,Re-export,51003.0,135646.28,3.16,917.67,974.09,DE,CR_HASH_020,Cellular telephones
2020-2601-4-10866-1,2020-2601-4-10866,2020,2601,Dry Port - Hidd,IM,4,10866,55614,5/26/2020,2710192100,Gas oils for diesel engines,AE,AE,AE,AE,BH,BH,LTR,16763.14,0.68,FOB,4286.0,1.16,11398.94,13286.87,15145.94,Released,9,8,2601,794,,,CR_HASH_221,CR_HASH_017,,2020-05-26,2020-05,271019210000,27,271019,False,Import,4286.0,11398.94,1.16,13286.87,15145.94,AE,CR_HASH_017,Gas oils for diesel engines
2020-2601-1-10867-1,2020-2601-1-10867,2020,2601,Dry Port - Hidd,EX,1,10867,52882,1/9/2020,2710192100,Gas oils for diesel engines,BH,BH,BH,BH,SA,SA,LTR,8062.14,0.95,FOB,2879.8,3.37,7659.03,7480.05,8366.02,Released,5,4,2601,798,,,CR_HASH_141,,CR_HASH_033,2020-01-09,2020-01,271019210000,27,271019,True,Re-export,2879.8,7659.03,3.37,7480.05,8366.02,SA,CR_HASH_033,Gas oils for diesel engines
2020-2501-5-10868-1,2020-2501-5-10868,2020,2501,Bahrain International Airport,IM,5,10868,96609,6/23/2020,102211000,"Live cattle, pure-bred breeding",US,US,US,US,BH,BH,NMB,76.0,2407.17,CIF,68787.29,4.29,182944.92,295.54,348.79,Held,9,2,2501,433,,,CR_HASH_074,CR_HASH_043,,2020-06-23,2020-06,102211000000,10,102211,False,Import,68787.29,182944.92,4.29,295.54,348.79,US,CR_HASH_043,"Live cattle, pure-bred breeding"
2020-2601-6-10869-1,2020-2601-6-10869,2020,2601,Dry Port - Hidd,IM,6,10869,75886,4/8/2020,1006301000,Long-grain milled rice,CN,CN,CN,CN,BH,BH,KGM,1093.26,1.22,EXW,501.5,4.19,1333.78,1093.26,1286.66,Released,3,8,2601,997,,,CR_HASH_164,CR_HASH_049,,2020-04-08,2020-04,100630100000,10,100630,False,Import,501.5,1333.78,4.19,1093.26,1286.66,CN,CR_HASH_049,Long-grain milled rice
2020-2701-8-10870-1,2020-2701-8-10870,2020,2701,Khalifa Bin Salman Port,IM,8,10870,17831,5/22/2020,8504400090,Static converters,US,US,US,US,BH,BH,NMB,42.0,140.71,FOB,2222.09,0.74,5909.82,46.17,51.68,Pending,1,6,2701,415,,,CR_HASH_195,CR_HASH_032,,2020-05-22,2020-05,850440009000,85,850440,False,Import,2222.09,5909.82,0.74,46.17,51.68,US,CR_HASH_032,Static converters
2020-2801-8-10871-1,2020-2801-8-10871,2020,2801,King Fahd Causeway,IM,8,10871,37689,9/24/2020,9018390000,Medical syringes and needles,DE,DE,DE,DE,BH,BH,NMB,163.0,0.37,FOB,22.68,0.73,60.31,751.28,855.62,Released,7,5,2801,997,,,CR_HASH_078,CR_HASH_012,,2020-09-24,2020-09,901839000000,90,901839,False,Import,22.68,60.31,0.73,751.28,855.62,DE,CR_HASH_012,Medical syringes and needles
2020-2601-7-10872-1,2020-2601-7-10872,2020,2601,Dry Port - Hidd,IM,7,10872,20076,9/10/2020,8517120000,Cellular telephones,DE,DE,DE,DE,BH,BH,NMB,37.0,1043.77,EXW,14520.93,2.13,38619.49,250.62,297.3,Released,7,1,2601,620,,,CR_HASH_002,CR_HASH_041,,2020-09-10,2020-09,851712000000,85,851712,False,Import,14520.93,38619.49,2.13,250.62,297.3,DE,CR_HASH_041,Cellular telephones
2020-2601-8-10873-1,2020-2601-8-10873,2020,2601,Dry Port - Hidd,EX,8,10873,78337,5/1/2020,3923301000,Plastic bottles for packaging,BH,BH,BH,BH,CN,CN,NMB,81.0,0.39,CIF,11.88,1.02,31.59,133.25,146.11,Held,7,6,2601,979,,,CR_HASH_073,,CR_HASH_031,2020-05-01,2020-05,392330100000,39,392330,True,Re-export,11.88,31.59,1.02,133.25,146.11,CN,CR_HASH_031,Plastic bottles for packaging
2020-2601-7-10874-1,2020-2601-7-10874,2020,2601,Dry Port - Hidd,IM,7,10874,91316,7/26/2020,8504400090,Static converters,CN,CN,CN,CN,BH,BH,NMB,134.0,241.08,CIF,12146.57,4.71,32304.72,498.57,558.93,Released,1,4,2601,630,,,CR_HASH_117,CR_HASH_004,,2020-07-26,2020-07,850440009000,85,850440,False,Import,12146.57,32304.72,4.71,498.57,558.93,CN,CR_HASH_004,Static converters
2020-2801-7-10875-1,2020-2801-7-10875,2020,2801,King Fahd Causeway,IM,7,10875,89627,1/4/2020,8471300000,Portable laptop computers,TH,TH,TH,TH,BH,BH,NMB,124.0,395.1,CIF,18421.14,2.05,48992.4,665.57,721.45,Released,4,1,2801,952,,,CR_HASH_142,CR_HASH_002,,2020-01-04,2020-01,847130000000,84,847130,False,Import,18421.14,48992.4,2.05,665.57,721.45,TH,CR_HASH_002,Portable laptop computers
2020-2501-1-10876-1,2020-2501-1-10876,2020,2501,Bahrain International Airport,IM,1,10876,26952,10/7/2020,8703221000,Passenger cars 1000-1500cc,CN,CN,CN,CN,BH,BH,NMB,191.0,18985.5,FOB,1363462.67,3.31,3626230.5,557.32,649.8,Released,9,6,2501,862,,,CR_HASH_144,CR_HASH_008,,2020-10-07,2020-10,870322100000,87,870322,False,Import,1363462.67,3626230.5,3.31,557.32,649.8,CN,CR_HASH_008,Passenger cars 1000-1500cc
2020-2501-7-10877-1,2020-2501-7-10877,2020,2501,Bahrain International Airport,IM,7,10877,92961,3/5/2020,3923301000,Plastic bottles for packaging,CN,CN,CN,CN,BH,BH,NMB,147.0,0.44,EXW,24.32,3.53,64.68,915.62,1017.63,Released,7,7,2501,649,,,CR_HASH_206,CR_HASH_035,,2020-03-05,2020-03,392330100000,39,392330,False,Import,24.32,64.68,3.53,915.62,1017.63,CN,CR_HASH_035,Plastic bottles for packaging
2020-2701-7-10878-1,2020-2701-7-10878,2020,2701,Khalifa Bin Salman Port,IM,7,10878,29319,2/7/2020,8517120000,Cellular telephones,JP,JP,JP,JP,BH,BH,NMB,157.0,1160.69,CIF,68517.85,0.71,182228.33,651.0,754.28,Pending,5,1,2701,807,,,CR_HASH_067,CR_HASH_032,,2020-02-07,2020-02,851712000000,85,851712,False,Import,68517.85,182228.33,0.71,651.0,754.28,JP,CR_HASH_032,Cellular telephones
2020-2601-3-10879-1,2020-2601-3-10879,2020,2601,Dry Port - Hidd,IM,3,10879,21409,1/18/2020,8504400090,Static converters,US,US,US,US,BH,BH,NMB,79.0,183.02,EXW,5436.43,3.11,14458.58,185.6,197.38,Released,1,4,2601,530,,,CR_HASH_164,CR_HASH_003,,2020-01-18,2020-01,850440009000,85,850440,False,Import,5436.43,14458.58,3.11,185.6,197.38,US,CR_HASH_003,Static converters
2020-2701-8-10880-1,2020-2701-8-10880,2020,2701,Khalifa Bin Salman Port,IM,8,10880,50762,4/7/2020,9018390000,Medical syringes and needles,CN,CN,US,US,BH,BH,NMB,105.0,0.47,FOB,18.56,3.96,49.35,552.78,624.76,Released,4,5,2701,293,,,CR_HASH_214,CR_HASH_021,,2020-04-07,2020-04,901839000000,90,901839,False,Import,18.56,49.35,3.96,552.78,624.76,CN,CR_HASH_021,Medical syringes and needles
2020-2601-1-10881-1,2020-2601-1-10881,2020,2601,Dry Port - Hidd,IM,1,10881,44335,3/5/2020,9018390000,Medical syringes and needles,JP,JP,JP,JP,BH,BH,NMB,26.0,0.16,FOB,1.56,2.89,4.16,75.32,81.61,Released,9,9,2601,994,,,CR_HASH_101,CR_HASH_027,,2020-03-05,2020-03,901839000000,90,901839,False,Import,1.56,4.16,2.89,75.32,81.61,JP,CR_HASH_027,Medical syringes and needles
2020-2801-9-10882-1,2020-2801-9-10882,2020,2801,King Fahd Causeway,IM,9,10882,64803,1/7/2020,9018390000,Medical syringes and needles,IN,IN,IN,IN,BH,BH,NMB,150.0,0.31,FOB,17.48,0.52,46.5,318.76,336.55,Released,6,5,2801,557,,,CR_HASH_092,CR_HASH_011,,2020-01-07,2020-01,901839000000,90,901839,False,Import,17.48,46.5,0.52,318.76,336.55,IN,CR_HASH_011,Medical syringes and needles
2020-2801-8-10883-1,2020-2801-8-10883,2020,2801,King Fahd Causeway,IM,8,10883,45812,5/17/2020,8517120000,Cellular telephones,AE,AE,SA,SA,BH,BH,NMB,8.0,153.42,EXW,461.49,0.98,1227.36,60.96,66.88,Pending,2,8,2801,210,,,CR_HASH_148,CR_HASH_044,,2020-05-17,2020-05,851712000000,85,851712,False,Import,461.49,1227.36,0.98,60.96,66.88,AE,CR_HASH_044,Cellular telephones
2020-2601-5-10884-1,2020-2601-5-10884,2020,2601,Dry Port - Hidd,EX,5,10884,90512,1/5/2020,8517120000,Cellular telephones,BH,BH,BH,BH,CN,CN,NMB,31.0,758.75,FOB,8843.99,4.78,23521.25,53.58,59.01,Released,1,7,2601,480,,,CR_HASH_175,,CR_HASH_013,2020-01-05,2020-01,851712000000,85,851712,True,Re-export,8843.99,23521.25,4.78,53.58,59.01,CN,CR_HASH_013,Cellular telephones
2020-2601-3-10885-1,2020-2601-3-10885,2020,2601,Dry Port - Hidd,IM,3,10885,86618,5/3/2020,102211000,"Live cattle, pure-bred breeding",IN,IN,IN,IN,BH,BH,NMB,197.0,2015.08,FOB,149261.01,1.71,396970.76,994.92,1178.02,Pending,4,9,2601,759,,,CR_HASH_070,CR_HASH_009,,2020-05-03,2020-05,102211000000,10,102211,False,Import,149261.01,396970.76,1.71,994.92,1178.02,IN,CR_HASH_009,"Live cattle, pure-bred breeding"
2020-2701-8-10886-1,2020-2701-8-10886,2020,2701,Khalifa Bin Salman Port,IM,8,10886,99328,10/25/2020,6109100000,Cotton t-shirts,SA,SA,SA,SA,BH,BH,NMB,133.0,1.48,FOB,74.01,2.27,196.84,796.76,926.41,Released,7,5,2701,743,,,CR_HASH_221,CR_HASH_010,,2020-10-25,2020-10,610910000000,61,610910,False,Import,74.01,196.84,2.27,796.76,926.41,SA,CR_HASH_010,Cotton t-shirts
2020-2801-4-10887-1,2020-2801-4-10887,2020,2801,King Fahd Causeway,IM,4,10887,42327,1/29/2020,8504400090,Static converters,JP,JP,JP,JP,BH,BH,NMB,57.0,60.79,EXW,1302.85,2.93,3465.03,411.38,493.6,Released,6,5,2801,433,,,CR_HASH_149,CR_HASH_024,,2020-01-29,2020-01,850440009000,85,850440,False,Import,1302.85,3465.03,2.93,411.38,493.6,JP,CR_HASH_024,Static converters
2020-2601-3-10888-1,2020-2601-3-10888,2020,2601,Dry Port - Hidd,IM,3,10888,17454,3/28/2020,2710192100,Gas oils for diesel engines,AE,AE,AE,AE,BH,BH,LTR,12813.93,0.43,FOB,2071.76,4.3,5509.99,11801.45,13176.03,Pending,7,6,2601,608,,,CR_HASH_047,CR_HASH_017,,2020-03-28,2020-03,271019210000,27,271019,False,Import,2071.76,5509.99,4.3,11801.45,13176.03,AE,CR_HASH_017,Gas oils for diesel engines
2020-2501-2-10889-1,2020-2501-2-10889,2020,2501,Bahrain International Airport,IM,2,10889,74853,10/3/2020,8517120000,Cellular telephones,CN,CN,JP,JP,BH,BH,NMB,153.0,1642.6,EXW,94495.49,2.83,251317.8,367.06,391.43,Released,2,3,2501,829,,,CR_HASH_062,CR_HASH_047,,2020-10-03,2020-10,851712000000,85,851712,False,Import,94495.49,251317.8,2.83,367.06,391.43,CN,CR_HASH_047,Cellular telephones
2020-2701-3-10890-1,2020-2701-3-10890,2020,2701,Khalifa Bin Salman Port,IM,3,10890,70401,10/10/2020,6109100000,Cotton t-shirts,CN,CN,CN,CN,BH,BH,NMB,188.0,6.18,FOB,436.85,1.55,1161.84,754.92,821.0,Released,5,1,2701,276,,,CR_HASH_160,CR_HASH_044,,2020-10-10,2020-10,610910000000,61,610910,False,Import,436.85,1161.84,1.55,754.92,821.0,CN,CR_HASH_044,Cotton t-shirts
2020-2501-5-10891-1,2020-2501-5-10891,2020,2501,Bahrain International Airport,EX,5,10891,70118,6/7/2020,2710192100,Gas oils for diesel engines,BH,BH,BH,BH,SA,SA,LTR,2611.88,0.47,FOB,461.57,1.15,1227.58,2440.07,2656.08,Released,8,5,2501,153,,,CR_HASH_125,,CR_HASH_042,2020-06-07,2020-06,271019210000,27,271019,True,Re-export,461.57,1227.58,1.15,2440.07,2656.08,SA,CR_HASH_042,Gas oils for diesel engines
2020-2601-4-10892-1,2020-2601-4-10892,2020,2601,Dry Port - Hidd,IM,4,10892,45939,12/2/2020,9018390000,Medical syringes and needles,CN,CN,IN,IN,BH,BH,NMB,76.0,0.28,EXW,8.0,3.94,21.28,137.62,149.77,Released,5,7,2601,958,,,CR_HASH_131,CR_HASH_012,,2020-12-02,2020-12,901839000000,90,901839,False,Import,8.0,21.28,3.94,137.62,149.77,CN,CR_HASH_012,Medical syringes and needles
2020-2501-7-10893-1,2020-2501-7-10893,2020,2501,Bahrain International Airport,IM,7,10893,41417,4/1/2020,9018390000,Medical syringes and needles,DE,DE,CN,CN,BH,BH,NMB,113.0,0.02,FOB,0.85,1.95,2.26,552.12,597.77,Released,1,6,2501,689,,,CR_HASH_246,CR_HASH_014,,2020-04-01,2020-04,901839000000,90,901839,False,Import,0.85,2.26,1.95,552.12,597.77,DE,CR_HASH_014,Medical syringes and needles
2020-2701-7-10894-1,2020-2701-7-10894,2020,2701,Khalifa Bin Salman Port,IM,7,10894,38654,7/14/2020,3923301000,Plastic bottles for packaging,CN,CN,CN,CN,BH,BH,NMB,44.0,0.34,EXW,5.62,2.77,14.96,276.11,296.27,Held,3,5,2701,735,,,CR_HASH_119,CR_HASH_017,,2020-07-14,2020-07,392330100000,39,392330,False,Import,5.62,14.96,2.77,276.11,296.27,CN,CR_HASH_017,Plastic bottles for packaging
2020-2801-6-10895-1,2020-2801-6-10895,2020,2801,King Fahd Causeway,IM,6,10895,58531,9/21/2020,2710192100,Gas oils for diesel engines,CN,CN,CN,CN,BH,BH,LTR,16177.25,1.13,FOB,6873.39,2.77,18280.29,14088.68,15601.49,Released,6,2,2801,290,,,CR_HASH_018,CR_HASH_030,,2020-09-21,2020-09,271019210000,27,271019,False,Import,6873.39,18280.29,2.77,14088.68,15601.49,CN,CR_HASH_030,Gas oils for diesel engines
2020-2501-4-10896-1,2020-2501-4-10896,2020,2501,Bahrain International Airport,IM,4,10896,30191,2/2/2020,3923301000,Plastic bottles for packaging,JP,JP,JP,JP,BH,BH,NMB,184.0,0.49,EXW,33.9,4.07,90.16,794.62,848.24,Released,3,2,2501,492,,,CR_HASH_012,CR_HASH_037,,2020-02-02,2020-02,392330100000,39,392330,False,Import,33.9,90.16,4.07,794.62,848.24,JP,CR_HASH_037,Plastic bottles for packaging
2020-2501-7-10897-1,2020-2501-7-10897,2020,2501,Bahrain International Airport,EX,7,10897,60094,7/24/2020,3923301000,Plastic bottles for packaging,BH,BH,BH,BH,CN,CN,NMB,9.0,0.55,EXW,1.86,2.43,4.95,29.16,30.81,Pending,3,9,2501,264,,,CR_HASH_022,,CR_HASH_001,2020-07-24,2020-07,392330100000,39,392330,True,Re-export,1.86,4.95,2.43,29.16,30.81,CN,CR_HASH_001,Plastic bottles for packaging
2020-2701-4-10898-1,2020-2701-4-10898,2020,2701,Khalifa Bin Salman Port,EX,4,10898,66562,2/16/2020,1006301000,Long-grain milled rice,BH,BH,BH,BH,JP,JP,KGM,4395.81,0.76,EXW,1256.15,0.83,3340.82,4395.81,5121.26,Released,7,6,2701,207,,,CR_HASH_225,,CR_HASH_007,2020-02-16,2020-02,100630100000,10,100630,True,Re-export,1256.15,3340.82,0.83,4395.81,5121.26,JP,CR_HASH_007,Long-grain milled rice
2020-2801-3-10899-1,2020-2801-3-10899,2020,2801,King Fahd Causeway,IM,3,10899,76580,7/2/2020,6109100000,Cotton t-shirts,US,US,US,US,BH,BH,NMB,59.0,7.1,CIF,157.51,2.41,418.9,80.71,95.22,Held,4,4,2801,639,,,CR_HASH_115,CR_HASH_030,,2020-07-02,2020-07,610910000000,61,610910,False,Import,157.51,418.9,2.41,80.71,95.22,US,CR_HASH_030,Cotton t-shirts
2020-2701-9-10900-1,2020-2701-9-10900,2020,2701,Khalifa Bin Salman Port,IM,9,10900,25040,3/10/2020,6109100000,Cotton t-shirts,CN,CN,CN,CN,BH,BH,NMB,14.0,3.34,EXW,17.58,1.88,46.76,52.09,60.43,Released,2,4,2701,394,,,CR_HASH_174,CR_HASH_015,,2020-03-10,2020-03,610910000000,61,610910,False,Import,17.58,46.76,1.88,52.09,60.43,CN,CR_HASH_015,Cotton t-shirts
2020-2701-1-10901-1,2020-2701-1-10901,2020,2701,Khalifa Bin Salman Port,EX,1,10901,98937,9/20/2020,8703221000,Passenger cars 1000-1500cc,BH,BH,BH,BH,CN,CN,NMB,69.0,12826.46,CIF,332769.68,3.49,885025.74,524.79,629.57,Held,1,6,2701,883,,,CR_HASH_047,,CR_HASH_041,2020-09-20,2020-09,870322100000,87,870322,True,Re-export,332769.68,885025.74,3.49,524.79,629.57,CN,CR_HASH_041,Passenger cars 1000-1500cc
2020-2701-1-10902-1,2020-2701-1-10902,2020,2701,Khalifa Bin Salman Port,EX,1,10902,84356,1/12/2020,8517120000,Cellular telephones,BH,BH,BH,BH,AE,AE,NMB,97.0,980.82,EXW,35772.47,2.23,95139.54,397.93,462.64,Released,6,6,2701,931,,,CR_HASH_082,,CR_HASH_001,2020-01-12,2020-01,851712000000,85,851712,True,Re-export,35772.47,95139.54,2.23,397.93,462.64,AE,CR_HASH_001,Cellular telephones
2020-2501-2-10903-1,2020-2501-2-10903,2020,2501,Bahrain International Airport,IM,2,10903,24750,11/9/2020,3923301000,Plastic bottles for packaging,IN,IN,IN,IN,BH,BH,NMB,78.0,0.14,EXW,4.11,2.86,10.92,356.0,375.75,Released,7,6,2501,193,,,CR_HASH_112,CR_HASH_044,,2020-11-09,2020-11,392330100000,39,392330,False,Import,4.11,10.92,2.86,356.0,375.75,IN,CR_HASH_044,Plastic bottles for packaging
2020-2801-1-10904-1,2020-2801-1-10904,2020,2801,King Fahd Causeway,IM,1,10904,17298,4/18/2020,8504400090,Static converters,AE,AE,AE,AE,BH,BH,NMB,104.0,245.75,CIF,9609.81,4.97,25558.0,613.02,650.15,Released,6,3,2801,395,,,CR_HASH_030,CR_HASH_024,,2020-04-18,2020-04,850440009000,85,850440,False,Import,9609.81,25558.0,4.97,613.02,650.15,AE,CR_HASH_024,Static converters
2020-2501-5-10905-1,2020-2501-5-10905,2020,2501,Bahrain International Airport,IM,5,10905,59268,8/12/2020,8504400090,Static converters,DE,DE,DE,DE,BH,BH,NMB,168.0,93.49,FOB,5905.58,1.87,15706.32,637.65,754.55,Released,8,6,2501,936,,,CR_HASH_195,CR_HASH_017,,2020-08-12,2020-08,850440009000,85,850440,False,Import,5905.58,15706.32,1.87,637.65,754.55,DE,CR_HASH_017,Static converters
2020-2701-6-10906-1,2020-2701-6-10906,2020,2701,Khalifa Bin Salman Port,IM,6,10906,17706,1/3/2020,6109100000,Cotton t-shirts,CN,CN,CN,CN,BH,BH,NMB,197.0,2.16,EXW,160.0,1.62,425.52,1064.85,1139.87,Released,3,2,2701,601,,,CR_HASH_098,CR_HASH_029,,2020-01-03,2020-01,610910000000,61,610910,False,Import,160.0,425.52,1.62,1064.85,1139.87,CN,CR_HASH_029,Cotton t-shirts
2020-2701-3-10907-1,2020-2701-3-10907,2020,2701,Khalifa Bin Salman Port,EX,3,10907,24803,2/23/2020,8703221000,Passenger cars 1000-1500cc,BH,BH,BH,BH,SA,SA,NMB,107.0,20161.91,FOB,811153.96,2.35,2157324.37,557.64,661.44,Released,3,5,2701,398,,,CR_HASH_068,,CR_HASH_026,2020-02-23,2020-02,870322100000,87,870322,True,Re-export,811153.96,2157324.37,2.35,557.64,661.44,SA,CR_HASH_026,Passenger cars 1000-1500cc
2020-2501-7-10908-1,2020-2501-7-10908,2020,2501,Bahrain International Airport,EX,7,10908,40890,5/21/2020,8504400090,Static converters,BH,BH,BH,BH,US,US,NMB,91.0,178.43,CIF,6105.16,3.61,16237.13,93.41,104.08,Pending,4,7,2501,404,,,CR_HASH_014,,CR_HASH_025,2020-05-21,2020-05,850440009000,85,850440,True,Re-export,6105.16,16237.13,3.61,93.41,104.08,US,CR_HASH_025,Static converters
2020-2501-7-10909-1,2020-2501-7-10909,2020,2501,Bahrain International Airport,IM,7,10909,73054,7/7/2020,8471300000,Portable laptop computers,CN,CN,CN,CN,BH,BH,NMB,144.0,193.13,EXW,10456.83,1.27,27810.72,1017.86,1161.82,Released,1,3,2501,924,,,CR_HASH_037,CR_HASH_025,,2020-07-07,2020-07,847130000000,84,847130,False,Import,10456.83,27810.72,1.27,1017.86,1161.82,CN,CR_HASH_025,Portable laptop computers
2020-2801-4-10910-1,2020-2801-4-10910,2020,2801,King Fahd Causeway,EX,4,10910,84031,10/20/2020,6109100000,Cotton t-shirts,BH,BH,BH,BH,SA,SA,NMB,140.0,14.61,CIF,769.07,3.03,2045.4,304.06,342.66,Held,3,5,2801,575,,,CR_HASH_062,,CR_HASH_042,2020-10-20,2020-10,610910000000,61,610910,True,Re-export,769.07,2045.4,3.03,304.06,342.66,SA,CR_HASH_042,Cotton t-shirts
2020-2601-5-10911-1,2020-2601-5-10911,2020,2601,Dry Port - Hidd,IM,5,10911,86355,9/12/2020,6109100000,Cotton t-shirts,SA,SA,SA,SA,BH,BH,NMB,84.0,3.11,CIF,98.23,1.9,261.24,74.95,88.87,Released,7,7,2601,475,,,CR_HASH_191,CR_HASH_035,,2020-09-12,2020-09,610910000000,61,610910,False,Import,98.23,261.24,1.9,74.95,88.87,SA,CR_HASH_035,Cotton t-shirts
2020-2601-6-10912-1,2020-2601-6-10912,2020,2601,Dry Port - Hidd,IM,6,10912,75624,8/11/2020,1006301000,Long-grain milled rice,AE,AE,AE,AE,BH,BH,KGM,1090.46,1.19,EXW,487.92,1.29,1297.65,1090.46,1152.59,Pending,3,2,2601,224,,,CR_HASH_014,CR_HASH_008,,2020-08-11,2020-08,100630100000,10,100630,False,Import,487.92,1297.65,1.29,1090.46,1152.59,AE,CR_HASH_008,Long-grain milled rice
2020-2701-4-10913-1,2020-2701-4-10913,2020,2701,Khalifa Bin Salman Port,IM,4,10913,61095,5/9/2020,1006301000,Long-grain milled rice,SA,SA,SA,SA,BH,BH,KGM,4723.81,1.13,CIF,2007.05,3.33,5337.91,4723.81,5633.61,Released,2,3,2701,592,,,CR_HASH_167,CR_HASH_047,,2020-05-09,2020-05,100630100000,10,100630,False,Import,2007.05,5337.91,3.33,4723.81,5633.61,SA,CR_HASH_047,Long-grain milled rice
2020-2801-1-10914-1,2020-2801-1-10914,2020,2801,King Fahd Causeway,EX,1,10914,78766,2/24/2020,3923301000,Plastic bottles for packaging,BH,BH,BH,BH,CN,CN,NMB,135.0,0.59,FOB,29.95,0.68,79.65,704.4,808.87,Pending,4,2,2801,504,,,CR_HASH_085,,CR_HASH_021,2020-02-24,2020-02,392330100000,39,392330,True,Re-export,29.95,79.65,0.68,704.4,808.87,CN,CR_HASH_021,Plastic bottles for packaging
2020-2701-2-10915-1,2020-2701-2-10915,2020,2701,Khalifa Bin Salman Port,IM,2,10915,67148,2/23/2020,6109100000,Cotton t-shirts,SA,SA,SA,SA,BH,BH,NMB,91.0,13.42,FOB,459.18,4.61,1221.22,263.67,309.85,Held,5,3,2701,269,,,CR_HASH_233,CR_HASH_033,,2020-02-23,2020-02,610910000000,61,610910,False,Import,459.18,1221.22,4.61,263.67,309.85,SA,CR_HASH_033,Cotton t-shirts
2020-2601-5-10916-1,2020-2601-5-10916,2020,2601,Dry Port - Hidd,IM,5,10916,78062,1/4/2020,6109100000,Cotton t-shirts,US,US,AE,AE,BH,BH,NMB,161.0,12.97,FOB,785.15,2.29,2088.17,639.47,711.19,Pending,2,2,2601,628,,,CR_HASH_005,CR_HASH_006,,2020-01-04,2020-01,610910000000,61,610910,False,Import,785.15,2088.17,2.29,639.47,711.19,US,CR_HASH_006,Cotton t-shirts
2020-2501-5-10917-1,2020-2501-5-10917,2020,2501,Bahrain International Airport,IM,5,10917,18360,10/20/2020,102211000,"Live cattle, pure-bred breeding",SA,SA,SA,SA,BH,BH,NMB,147.0,1257.27,EXW,69491.83,3.77,184818.69,169.84,190.8,Released,1,6,2501,873,,,CR_HASH_140,CR_HASH_008,,2020-10-20,2020-10,102211000000,10,102211,False,Import,69491.83,184818.69,3.77,169.84,190.8,SA,CR_HASH_008,"Live cattle, pure-bred breeding"
2020-2801-9-10918-1,2020-2801-9-10918,2020,2801,King Fahd Causeway,EX,9,10918,92961,6/13/2020,8703221000,Passenger cars 1000-1500cc,BH,BH,BH,BH,EG,EG,NMB,21.0,22600.03,EXW,178449.84,4.43,474600.63,34.58,37.12,Released,8,5,2801,256,,,CR_HASH_105,,CR_HASH_033,2020-06-13,2020-06,870322100000,87,870322,True,Re-export,178449.84,474600.63,4.43,34.58,37.12,EG,CR_HASH_033,Passenger cars 1000-1500cc
2020-2801-6-10919-1,2020-2801-6-10919,2020,2801,King Fahd Causeway,IM,6,10919,81180,6/17/2020,2710192100,Gas oils for diesel engines,JP,JP,US,US,BH,BH,LTR,8853.23,1.14,FOB,3794.85,4.95,10092.68,6731.83,7604.99,Released,9,4,2801,931,,,CR_HASH_002,CR_HASH_009,,2020-06-17,2020-06,271019210000,27,271019,False,Import,3794.85,10092.68,4.95,6731.83,7604.99,JP,CR_HASH_009,Gas oils for diesel engines
2020-2501-2-10920-1,2020-2501-2-10920,2020,2501,Bahrain International Airport,IM,2,10920,16974,10/13/2020,8703221000,Passenger cars 1000-1500cc,CN,CN,CN,CN,BH,BH,NMB,101.0,22988.49,FOB,873010.9,4.01,2321837.49,188.33,203.11,Held,5,3,2501,155,,,CR_HASH_059,CR_HASH_009,,2020-10-13,2020-10,870322100000,87,870322,False,Import,873010.9,2321837.49,4.01,188.33,203.11,CN,CR_HASH_009,Passenger cars 1000-1500cc
2020-2501-4-10921-1,2020-2501-4-10921,2020,2501,Bahrain International Airport,IM,4,10921,63280,10/13/2020,8471300000,Portable laptop computers,US,US,US,US,BH,BH,NMB,155.0,359.95,FOB,20977.89,2.83,55792.25,758.3,881.62,Released,7,2,2501,148,,,CR_HASH_129,CR_HASH_037,,2020-10-13,2020-10,847130000000,84,847130,False,Import,20977.89,55792.25,2.83,758.3,881.62,US,CR_HASH_037,Portable laptop computers
2020-2501-2-10922-1,2020-2501-2-10922,2020,2501,Bahrain International Airport,IM,2,10922,73002,6/28/2020,2710192100,Gas oils for diesel engines,AE,AE,AE,AE,BH,BH,LTR,4857.7,3.2,EXW,5844.78,3.77,15544.64,4412.58,5063.78,Released,5,9,2501,285,,,CR_HASH_074,CR_HASH_020,,2020-06-28,2020-06,271019210000,27,271019,False,Import,5844.78,15544.64,3.77,4412.58,5063.78,AE,CR_HASH_020,Gas oils for diesel engines
2020-2701-6-10923-1,2020-2701-6-10923,2020,2701,Khalifa Bin Salman Port,EX,6,10923,92027,12/15/2020,8703221000,Passenger cars 1000-1500cc,BH,BH,BH,BH,JP,JP,NMB,162.0,20622.5,EXW,1256157.72,3.37,3340845.0,846.68,1011.69,Released,6,2,2701,925,,,CR_HASH_171,,CR_HASH_027,2020-12-15,2020-12,870322100000,87,870322,True,Re-export,1256157.72,3340845.0,3.37,846.68,1011.69,JP,CR_HASH_027,Passenger cars 1000-1500cc
2020-2601-3-10924-1,2020-2601-3-10924,2020,2601,Dry Port - Hidd,IM,3,10924,15266,4/18/2020,3923301000,Plastic bottles for packaging,CN,CN,CN,CN,BH,BH,NMB,97.0,0.11,CIF,4.01,4.34,10.67,695.46,834.32,Released,2,2,2601,975,,,CR_HASH_150,CR_HASH_022,,2020-04-18,2020-04,392330100000,39,392330,False,Import,4.01,10.67,4.34,695.46,834.32,CN,CR_HASH_022,Plastic bottles for packaging
2020-2701-1-10925-1,2020-2701-1-10925,2020,2701,Khalifa Bin Salman Port,IM,1,10925,20768,12/21/2020,8703221000,Passenger cars 1000-1500cc,US,US,CN,CN,BH,BH,NMB,189.0,5363.92,FOB,381181.61,1.23,1013780.88,1004.97,1120.32,Released,7,5,2701,644,,,CR_HASH_200,CR_HASH_012,,2020-12-21,2020-12,870322100000,87,870322,False,Import,381181.61,1013780.88,1.23,1004.97,1120.32,US,CR_HASH_012,Passenger cars 1000-1500cc
2020-2801-8-10926-1,2020-2801-8-10926,2020,2801,King Fahd Causeway,EX,8,10926,24257,7/12/2020,1006301000,Long-grain milled rice,BH,BH,BH,BH,SA,SA,KGM,1465.38,1.32,CIF,727.3,2.31,1934.3,1465.38,1654.73,Released,8,6,2801,219,,,CR_HASH_233,,CR_HASH_043,2020-07-12,2020-07,100630100000,10,100630,True,Re-export,727.3,1934.3,2.31,1465.38,1654.73,SA,CR_HASH_043,Long-grain milled rice
2020-2801-7-10927-1,2020-2801-7-10927,2020,2801,King Fahd Causeway,EX,7,10927,78102,2/3/2020,2710192100,Gas oils for diesel engines,BH,BH,BH,BH,IN,IN,LTR,2947.32,0.37,CIF,410.03,3.8,1090.51,2380.28,2540.84,Released,2,7,2801,294,,,CR_HASH_070,,CR_HASH_013,2020-02-03,2020-02,271019210000,27,271019,True,Re-export,410.03,1090.51,3.8,2380.28,2540.84,IN,CR_HASH_013,Gas oils for diesel engines
2020-2501-6-10928-1,2020-2501-6-10928,2020,2501,Bahrain International Airport,IM,6,10928,17574,10/14/2020,8703221000,Passenger cars 1000-1500cc,DE,DE,DE,DE,BH,BH,NMB,75.0,18069.81,EXW,509568.64,3.13,1355235.75,521.33,597.91,Held,9,6,2501,860,,,CR_HASH_172,CR_HASH_041,,2020-10-14,2020-10,870322100000,87,870322,False,Import,509568.64,1355235.75,3.13,521.33,597.91,DE,CR_HASH_041,Passenger cars 1000-1500cc
2020-2701-4-10929-1,2020-2701-4-10929,2020,2701,Khalifa Bin Salman Port,IM,4,10929,15636,3/6/2020,9018390000,Medical syringes and needles,CN,CN,CN,CN,BH,BH,NMB,176.0,0.15,FOB,9.93,2.26,26.4,1172.09,1343.79,Pending,3,6,2701,296,,,CR_HASH_030,CR_HASH_046,,2020-03-06,2020-03,901839000000,90,901839,False,Import,9.93,26.4,2.26,1172.09,1343.79,CN,CR_HASH_046,Medical syringes and needles
2020-2701-4-10930-1,2020-2701-4-10930,2020,2701,Khalifa Bin Salman Port,IM,4,10930,71418,11/29/2020,8471300000,Portable laptop computers,CN,CN,CN,CN,BH,BH,NMB,31.0,725.83,EXW,8460.27,1.43,22500.73,133.3,157.05,Released,5,3,2701,229,,,CR_HASH_061,CR_HASH_013,,2020-11-29,2020-11,847130000000,84,847130,False,Import,8460.27,22500.73,1.43,133.3,157.05,CN,CR_HASH_013,Portable laptop computers
2020-2601-5-10931-1,2020-2601-5-10931,2020,2601,Dry Port - Hidd,IM,5,10931,94476,9/14/2020,1006301000,Long-grain milled rice,CN,CN,CN,CN,BH,BH,KGM,2613.05,0.76,EXW,746.71,3.5,1985.92,2613.05,2959.85,Released,1,2,2601,166,,,CR_HASH_187,CR_HASH_025,,2020-09-14,2020-09,100630100000,10,100630,False,Import,746.71,1985.92,3.5,2613.05,2959.85,CN,CR_HASH_025,Long-grain milled rice
2020-2601-1-10932-1,2020-2601-1-10932,2020,2601,Dry Port - Hidd,IM,1,10932,95811,9/18/2020,8504400090,Static converters,EG,EG,EG,EG,BH,BH,NMB,131.0,65.91,CIF,3246.46,2.94,8634.21,528.56,579.48,Released,2,8,2601,361,,,CR_HASH_140,CR_HASH_027,,2020-09-18,2020-09,850440009000,85,850440,False,Import,3246.46,8634.21,2.94,528.56,579.48,EG,CR_HASH_027,Static converters
2020-2501-3-10933-1,2020-2501-3-10933,2020,2501,Bahrain International Airport,IM,3,10933,45149,8/31/2020,8517120000,Cellular telephones,US,US,SA,SA,BH,BH,NMB,110.0,191.29,FOB,7911.75,2.2,21041.9,219.68,233.35,Released,9,6,2501,616,,,CR_HASH_212,CR_HASH_033,,2020-08-31,2020-08,851712000000,85,851712,False,Import,7911.75,21041.9,2.2,219.68,233.35,US,CR_HASH_033,Cellular telephones
2020-2601-9-10934-1,2020-2601-9-10934,2020,2601,Dry Port - Hidd,IM,9,10934,25774,7/4/2020,3923301000,Plastic bottles for packaging,AE,AE,AE,AE,BH,BH,NMB,82.0,0.16,EXW,4.93,2.08,13.12,206.43,227.27,Released,2,1,2601,478,,,CR_HASH_222,CR_HASH_037,,2020-07-04,2020-07,392330100000,39,392330,False,Import,4.93,13.12,2.08,206.43,227.27,AE,CR_HASH_037,Plastic bottles for packaging
2020-2601-4-10935-1,2020-2601-4-10935,2020,2601,Dry Port - Hidd,EX,4,10935,46168,10/13/2020,3923301000,Plastic bottles for packaging,BH,BH,BH,BH,AE,AE,NMB,197.0,0.58,EXW,42.96,4.91,114.26,466.96,532.85,Released,4,3,2601,162,,,CR_HASH_116,,CR_HASH_022,2020-10-13,2020-10,392330100000,39,392330,True,Re-export,42.96,114.26,4.91,466.96,532.85,AE,CR_HASH_022,Plastic bottles for packaging
2020-2801-2-10936-1,2020-2801-2-10936,2020,2801,King Fahd Causeway,EX,2,10936,46345,6/20/2020,102211000,"Live cattle, pure-bred breeding",BH,BH,BH,BH,AE,AE,NMB,36.0,1825.92,FOB,24715.65,3.97,65733.12,106.91,113.21,Released,6,9,2801,883,,,CR_HASH_105,,CR_HASH_024,2020-06-20,2020-06,102211000000,10,102211,True,Re-export,24715.65,65733.12,3.97,106.91,113.21,AE,CR_HASH_024,"Live cattle, pure-bred breeding"
2020-2801-8-10937-1,2020-2801-8-10937,2020,2801,King Fahd Causeway,,8,10937,92078,4/28/2020,2710192100,Gas oils for diesel engines,US,US,BH,BH,SA,SA,LTR,12828.32,0.97,CIF,4678.74,1.21,12443.47,10628.68,12336.43,Pending,1,2,2801,935,,,CR_HASH_162,CR_HASH_047,,2020-04-28,2020-04,271019210000,27,271019,False,,4678.74,12443.47,1.21,10628.68,12336.43,,CR_HASH_047,Gas oils for diesel engines
2020-2701-6-10938-1,2020-2701-6-10938,2020,2701,Khalifa Bin Salman Port,EX,6,10938,73244,10/3/2020,1006301000,Long-grain milled rice,BH,BH,BH,BH,CN,CN,KGM,1637.62,1.33,EXW,818.94,4.07,2178.03,1637.62,1750.57,Released,1,6,2701,834,,,CR_HASH_226,,CR_HASH_037,2020-10-03,2020-10,100630100000,10,100630,True,Re-export,818.94,2178.03,4.07,1637.62,1750.57,CN,CR_HASH_037,Long-grain milled rice
2020-2601-3-10939-1,2020-2601-3-10939,2020,2601,Dry Port - Hidd,EX,3,10939,50635,6/23/2020,8703221000,Passenger cars 1000-1500cc,BH,BH,BH,BH,SA,SA,NMB,196.0,19443.34,FOB,1432896.38,1.73,3810894.64,956.5,1139.15,Held,3,2,2601,762,,,CR_HASH_182,,CR_HASH_029,2020-06-23,2020-06,870322100000,87,870322,True,Re-export,1432896.38,3810894.64,1.73,956.5,1139.15,SA,CR_HASH_029,Passenger cars 1000-1500cc
2020-2601-6-10940-1,2020-2601-6-10940,2020,2601,Dry Port - Hidd,IM,6,10940,54075,9/16/2020,8504400090,Static converters,SA,SA,SA,SA,BH,BH,NMB,157.0,126.65,FOB,7476.4,2.82,19884.05,1005.2,1134.72,Released,5,3,2601,643,,,CR_HASH_238,CR_HASH_001,,2020-09-16,2020-09,850440009000,85,850440,False,Import,7476.4,19884.05,2.82,1005.2,1134.72,SA,CR_HASH_001,Static converters
2020-2601-4-10941-1,2020-2601-4-10941,2020,2601,Dry Port - Hidd,IM,4,10941,41919,4/13/2020,8504400090,Static converters,CN,CN,CN,CN,BH,BH,NMB,179.0,59.78,FOB,4023.43,1.7,10700.62,268.72,312.82,Released,5,2,2601,279,,,CR_HASH_088,CR_HASH_006,,2020-04-13,2020-04,850440009000,85,850440,False,Import,4023.43,10700.62,1.7,268.72,312.82,CN,CR_HASH_006,Static converters
2020-2701-5-10942-1,2020-2701-5-10942,2020,2701,Khalifa Bin Salman Port,IM,5,10942,16104,2/11/2020,3923301000,Plastic bottles for packaging,AE,AE,AE,AE,BH,BH,NMB,79.0,0.77,FOB,22.87,2.37,60.83,157.57,175.96,Released,4,9,2701,811,,,CR_HASH_056,CR_HASH_011,,2020-02-11,2020-02,392330100000,39,392330,False,Import,22.87,60.83,2.37,157.57,175.96,AE,CR_HASH_011,Plastic bottles for packaging
2020-2701-9-10943-1,2020-2701-9-10943,2020,2701,Khalifa Bin Salman Port,IM,9,10943,98146,4/10/2020,2710192100,Gas oils for diesel engines,CN,CN,CN,CN,BH,BH,LTR,12335.85,0.58,EXW,2690.2,0.66,7154.79,9827.15,11162.88,Released,9,2,2701,202,,,CR_HASH_036,CR_HASH_033,,2020-04-10,2020-04,271019210000,27,271019,False,Import,2690.2,7154.79,0.66,9827.15,11162.88,CN,CR_HASH_033,Gas oils for diesel engines
2020-2501-5-10944-1,2020-2501-5-10944,2020,2501,Bahrain International Airport,IM,5,10944,72348,2/13/2020,6109100000,Cotton t-shirts,AE,AE,AE,AE,BH,BH,NMB,149.0,5.85,FOB,327.74,4.13,871.65,717.25,853.58,Released,7,4,2501,775,,,CR_HASH_050,CR_HASH_015,,2020-02-13,2020-02,610910000000,61,610910,False,Import,327.74,871.65,4.13,717.25,853.58,AE,CR_HASH_015,Cotton t-shirts
2020-2801-9-10945-1,2020-2801-9-10945,2020,2801,King Fahd Causeway,EX,9,10945,31258,11/24/2020,8703221000,Passenger cars 1000-1500cc,BH,BH,BH,BH,SA,SA,NMB,13.0,19377.79,FOB,94718.64,2.05,251911.27,43.76,51.39,Released,3,3,2801,272,,,CR_HASH_134,,CR_HASH_004,2020-11-24,2020-11,870322100000,87,870322,True,Re-export,94718.64,251911.27,2.05,43.76,51.39,SA,CR_HASH_004,Passenger cars 1000-1500cc
2020-2601-3-10946-1,2020-2601-3-10946,2020,2601,Dry Port - Hidd,IM,3,10946,83805,8/30/2020,9018390000,Medical syringes and needles,CN,CN,CN,CN,BH,BH,NMB,131.0,0.28,CIF,13.79,0.93,36.68,785.78,872.01,Released,1,8,2601,974,,,CR_HASH_149,CR_HASH_012,,2020-08-30,2020-08,901839000000,90,901839,False,Import,13.79,36.68,0.93,785.78,872.01,CN,CR_HASH_012,Medical syringes and needles
2020-2501-9-10947-1,2020-2501-9-10947,2020,2501,Bahrain International Airport,IM,9,10947,13519,2/10/2020,8517120000,Cellular telephones,AE,AE,DE,DE,BH,BH,NMB,82.0,829.86,EXW,25586.24,4.97,68048.52,102.12,110.96,Released,3,2,2501,949,,,CR_HASH_160,CR_HASH_043,,2020-02-10,2020-02,851712000000,85,851712,False,Import,25586.24,68048.52,4.97,102.12,110.96,AE,CR_HASH_043,Cellular telephones
2020-2601-7-10948-1,2020-2601-7-10948,2020,2601,Dry Port - Hidd,IM,7,10948,79903,5/30/2020,8504400090,Static converters,AE,AE,DE,DE,BH,BH,NMB,162.0,67.57,FOB,4115.82,2.03,10946.34,176.92,208.35,Released,9,2,2601,217,,,CR_HASH_245,CR_HASH_017,,2020-05-30,2020-05,850440009000,85,850440,False,Import,4115.82,10946.34,2.03,176.92,208.35,AE,CR_HASH_017,Static converters
2020-2701-6-10949-1,2020-2701-6-10949,2020,2701,Khalifa Bin Salman Port,IM,6,10949,60807,7/31/2020,8517120000,Cellular telephones,CN,CN,CN,CN,BH,BH,NMB,100.0,977.72,EXW,36762.27,3.74,97772.0,354.06,415.17,Released,8,5,2701,602,,,CR_HASH_232,CR_HASH_028,,2020-07-31,2020-07,851712000000,85,851712,False,Import,36762.27,97772.0,3.74,354.06,415.17,CN,CR_HASH_028,Cellular telephones
2020-2501-1-10950-1,2020-2501-1-10950,2020,2501,Bahrain International Airport,IM,1,10950,52211,2/16/2020,6109100000,Cotton t-shirts,EG,EG,EG,EG,BH,BH,NMB,65.0,9.84,EXW,240.49,1.99,639.6,371.51,391.66,Released,4,1,2501,348,,,CR_HASH_137,CR_HASH_014,,2020-02-16,2020-02,610910000000,61,610910,False,Import,240.49,639.6,1.99,371.51,391.66,EG,CR_HASH_014,Cotton t-shirts
2020-2701-7-10951-1,2020-2701-7-10951,2020,2701,Khalifa Bin Salman Port,IM,7,10951,69609,6/20/2020,8703221000,Passenger cars 1000-1500cc,AE,AE,AE,AE,BH,BH,NMB,20.0,19704.45,EXW,148177.46,1.71,394089.0,60.38,69.83,Released,6,7,2701,233,,,CR_HASH_214,CR_HASH_039,,2020-06-20,2020-06,870322100000,87,870322,False,Import,148177.46,394089.0,1.71,60.38,69.83,AE,CR_HASH_039,Passenger cars 1000-1500cc
2020-2601-9-10952-1,2020-2601-9-10952,2020,2601,Dry Port - Hidd,EX,9,10952,93914,3/11/2020,8471300000,Portable laptop computers,BH,BH,BH,BH,CN,CN,NMB,176.0,560.63,CIF,37100.25,0.96,98670.88,825.29,945.38,Released,6,2,2601,585,,,CR_HASH_049,,CR_HASH_013,2020-03-11,2020-03,847130000000,84,847130,True,Re-export,37100.25,98670.88,0.96,825.29,945.38,CN,CR_HASH_013,Portable laptop computers
2020-2501-2-10953-1,2020-2501-2-10953,2020,2501,Bahrain International Airport,EX,2,10953,88030,8/20/2020,102211000,"Live cattle, pure-bred breeding",BH,BH,BH,BH,CN,CN,NMB,185.0,2365.17,CIF,164521.23,1.43,437556.45,1087.27,1249.76,Released,4,9,2501,956,,,CR_HASH_115,,CR_HASH_002,2020-08-20,2020-08,102211000000,10,102211,True,Re-export,164521.23,437556.45,1.43,1087.27,1249.76,CN,CR_HASH_002,"Live cattle, pure-bred breeding"
2020-2801-7-10954-1,2020-2801-7-10954,2020,2801,King Fahd Causeway,IM,7,10954,88438,10/8/2020,102211000,"Live cattle, pure-bred breeding",CN,CN,CN,CN,BH,BH,NMB,184.0,1126.85,EXW,77959.99,3.84,207340.4,998.55,1174.07,Released,5,2,2801,524,,,CR_HASH_132,CR_HASH_022,,2020-10-08,2020-10,102211000000,10,102211,False,Import,77959.99,207340.4,3.84,998.55,1174.07,CN,CR_HASH_022,"Live cattle, pure-bred breeding"
2020-2701-5-10955-1,2020-2701-5-10955,2020,2701,Khalifa Bin Salman Port,IM,5,10955,60997,5/16/2020,8517120000,Cellular telephones,CN,CN,IN,IN,BH,BH,NMB,10.0,272.44,CIF,1024.37,4.68,2724.4,42.59,51.09,Released,7,3,2701,558,,,CR_HASH_072,CR_HASH_046,,2020-05-16,2020-05,851712000000,85,851712,False,Import,1024.37,2724.4,4.68,42.59,51.09,CN,CR_HASH_046,Cellular telephones
2020-2601-5-10956-1,2020-2601-5-10956,2020,2601,Dry Port - Hidd,IM,5,10956,96979,3/6/2020,8703221000,Passenger cars 1000-1500cc,AE,AE,AE,AE,BH,BH,NMB,86.0,20939.72,EXW,677106.79,3.34,1800815.92,669.89,718.03,Released,1,3,2601,169,,,CR_HASH_055,CR_HASH_013,,2020-03-06,2020-03,870322100000,87,870322,False,Import,677106.79,1800815.92,3.34,669.89,718.03,AE,CR_HASH_013,Passenger cars 1000-1500cc
2020-2801-2-10957-1,2020-2801-2-10957,2020,2801,King Fahd Causeway,IM,2,10957,71315,11/6/2020,8703221000,Passenger cars 1000-1500cc,CN,CN,CN,CN,BH,BH,NMB,41.0,22597.31,FOB,348360.13,1.27,926489.71,291.85,318.05,Released,5,9,2801,275,,,CR_HASH_141,CR_HASH_036,,2020-11-06,2020-11,870322100000,87,870322,False,Import,348360.13,926489.71,1.27,291.85,318.05,CN,CR_HASH_036,Passenger cars 1000-1500cc
2020-2701-1-10958-1,2020-2701-1-10958,2020,2701,Khalifa Bin Salman Port,IM,1,10958,51016,2/13/2020,3923301000,Plastic bottles for packaging,IN,IN,IN,IN,BH,BH,NMB,155.0,0.35,EXW,20.4,1.93,54.25,833.51,914.38,Released,8,6,2701,926,,,CR_HASH_121,CR_HASH_006,,2020-02-13,2020-02,392330100000,39,392330,False,Import,20.4,54.25,1.93,833.51,914.38,IN,CR_HASH_006,Plastic bottles for packaging
2020-2801-1-10959-1,2020-2801-1-10959,2020,2801,King Fahd Causeway,IM,1,10959,63116,1/23/2020,2710192100,Gas oils for diesel engines,SA,SA,US,US,BH,BH,LTR,5113.36,1.1,FOB,2114.89,3.13,5624.7,3956.82,4525.51,Released,2,8,2801,467,,,CR_HASH_070,CR_HASH_042,,2020-01-23,2020-01,271019210000,27,271019,False,Import,2114.89,5624.7,3.13,3956.82,4525.51,SA,CR_HASH_042,Gas oils for diesel engines
2020-2501-3-10960-1,2020-2501-3-10960,2020,2501,Bahrain International Airport,,3,10960,38174,5/8/2020,8471300000,Portable laptop computers,CN,CN,BH,BH,CN,CN,NMB,145.0,660.82,FOB,36027.91,2.78,95818.9,904.54,1045.0,Released,2,3,2501,984,,,CR_HASH_222,CR_HASH_014,,2020-05-08,2020-05,847130000000,84,847130,False,,36027.91,95818.9,2.78,904.54,1045.0,,CR_HASH_014,Portable laptop computers
2020-2801-9-10961-1,2020-2801-9-10961,2020,2801,King Fahd Causeway,IM,9,10961,56119,4/16/2020,6109100000,Cotton t-shirts,IN,IN,IN,IN,BH,BH,NMB,31.0,14.15,CIF,164.93,1.42,438.65,162.89,184.63,Released,9,4,2801,188,,,CR_HASH_031,CR_HASH_046,,2020-04-16,2020-04,610910000000,61,610910,False,Import,164.93,438.65,1.42,162.89,184.63,IN,CR_HASH_046,Cotton t-shirts
2020-2701-6-10962-1,2020-2701-6-10962,2020,2701,Khalifa Bin Salman Port,IM,6,10962,34820,11/21/2020,8471300000,Portable laptop computers,AE,AE,AE,AE,BH,BH,NMB,194.0,538.15,FOB,39254.81,1.95,104401.1,1177.13,1411.18,Released,4,7,2701,843,,,CR_HASH_020,CR_HASH_005,,2020-11-21,2020-11,847130000000,84,847130,False,Import,39254.81,104401.1,1.95,1177.13,1411.18,AE,CR_HASH_005,Portable laptop computers
2020-2601-7-10963-1,2020-2601-7-10963,2020,2601,Dry Port - Hidd,EX,7,10963,29419,5/7/2020,8471300000,Portable laptop computers,BH,BH,BH,BH,AE,AE,NMB,89.0,2725.35,CIF,91201.11,4.3,242556.15,361.68,394.25,Pending,4,4,2601,216,,,CR_HASH_193,,CR_HASH_026,2020-05-07,2020-05,847130000000,84,847130,True,Re-export,91201.11,242556.15,4.3,361.68,394.25,AE,CR_HASH_026,Portable laptop computers
2020-2501-8-10964-1,2020-2501-8-10964,2020,2501,Bahrain International Airport,IM,8,10964,31214,7/18/2020,8703221000,Passenger cars 1000-1500cc,US,US,DE,DE,BH,BH,NMB,45.0,55056.15,EXW,931550.06,3.96,2477526.75,307.76,330.06,Held,5,6,2501,757,,,CR_HASH_227,CR_HASH_031,,2020-07-18,2020-07,870322100000,87,870322,False,Import,931550.06,2477526.75,3.96,307.76,330.06,US,CR_HASH_031,Passenger cars 1000-1500cc
2020-2701-3-10965-1,2020-2701-3-10965,2020,2701,Khalifa Bin Salman Port,IM,3,10965,88403,11/18/2020,102211000,"Live cattle, pure-bred breeding",US,US,CN,CN,BH,BH,NMB,71.0,1428.15,EXW,38125.89,2.75,101398.65,485.09,511.82,Released,2,2,2701,824,,,CR_HASH_216,CR_HASH_004,,2020-11-18,2020-11,102211000000,10,102211,False,Import,38125.89,101398.65,2.75,485.09,511.82,US,CR_HASH_004,"Live cattle, pure-bred breeding"
2020-2501-2-10966-1,2020-2501-2-10966,2020,2501,Bahrain International Airport,IM,2,10966,77224,7/14/2020,8471300000,Portable laptop computers,SA,SA,JP,JP,BH,BH,NMB,52.0,545.28,FOB,10661.31,2.41,28354.56,39.33,45.0,Released,4,2,2501,271,,,CR_HASH_184,CR_HASH_011,,2020-07-14,2020-07,847130000000,84,847130,False,Import,10661.31,28354.56,2.41,39.33,45.0,SA,CR_HASH_011,Portable laptop computers
2020-2801-4-10967-1,2020-2801-4-10967,2020,2801,King Fahd Causeway,EX,4,10967,37836,3/2/2020,2710192100,Gas oils for diesel engines,BH,BH,BH,BH,AE,AE,LTR,17800.33,0.62,FOB,4149.61,2.41,11036.2,14723.1,17014.09,Held,6,5,2801,626,,,CR_HASH_229,,CR_HASH_039,2020-03-02,2020-03,271019210000,27,271019,True,Re-export,4149.61,11036.2,2.41,14723.1,17014.09,AE,CR_HASH_039,Gas oils for diesel engines
2020-2601-3-10968-1,2020-2601-3-10968,2020,2601,Dry Port - Hidd,IM,3,10968,72049,3/22/2020,8504400090,Static converters,DE,DE,DE,DE,BH,BH,NMB,122.0,129.66,FOB,5947.76,2.25,15818.52,273.24,294.15,Released,4,2,2601,241,,,CR_HASH_100,CR_HASH_043,,2020-03-22,2020-03,850440009000,85,850440,False,Import,5947.76,15818.52,2.25,273.24,294.15,DE,CR_HASH_043,Static converters
2020-2701-4-10969-1,2020-2701-4-10969,2020,2701,Khalifa Bin Salman Port,IM,4,10969,46354,11/22/2020,9018390000,Medical syringes and needles,CN,CN,CN,CN,BH,BH,NMB,121.0,0.1,CIF,4.55,2.08,12.1,489.64,532.09,Released,2,9,2701,215,,,CR_HASH_222,CR_HASH_018,,2020-11-22,2020-11,901839000000,90,901839,False,Import,4.55,12.1,2.08,489.64,532.09,CN,CR_HASH_018,Medical syringes and needles
2020-2501-8-10970-1,2020-2501-8-10970,2020,2501,Bahrain International Airport,IM,8,10970,46017,8/26/2020,6109100000,Cotton t-shirts,DE,DE,DE,DE,BH,BH,NMB,167.0,10.08,EXW,632.94,4.0,1683.36,669.96,714.3,Released,6,1,2501,649,,,CR_HASH_219,CR_HASH_036,,2020-08-26,2020-08,610910000000,61,610910,False,Import,632.94,1683.36,4.0,669.96,714.3,DE,CR_HASH_036,Cotton t-shirts
2020-2801-4-10971-1,2020-2801-4-10971,2020,2801,King Fahd Causeway,IM,4,10971,60962,9/5/2020,8471300000,Portable laptop computers,US,US,US,US,BH,BH,NMB,13.0,690.03,EXW,3372.87,2.98,8970.39,30.24,31.87,Released,3,3,2801,929,,,CR_HASH_038,CR_HASH_010,,2020-09-05,2020-09,847130000000,84,847130,False,Import,3372.87,8970.39,2.98,30.24,31.87,US,CR_HASH_010,Portable laptop computers
2020-2601-6-10972-1,2020-2601-6-10972,2020,2601,Dry Port - Hidd,IM,6,10972,23115,12/10/2020,8703221000,Passenger cars 1000-1500cc,IN,IN,CN,CN,BH,BH,NMB,192.0,12000.12,EXW,866312.66,1.59,2304023.04,996.53,1145.17,Released,3,1,2601,733,,,CR_HASH_015,CR_HASH_044,,2020-12-10,2020-12,870322100000,87,870322,False,Import,866312.66,2304023.04,1.59,996.53,1145.17,IN,CR_HASH_044,Passenger cars 1000-1500cc
2020-2501-5-10973-1,2020-2501-5-10973,2020,2501,Bahrain International Airport,,5,10973,53749,11/13/2020,8504400090,Static converters,US,US,BH,BH,AE,AE,NMB,156.0,189.04,CIF,11088.33,2.1,29490.24,407.65,466.26,Released,1,2,2501,786,,,CR_HASH_107,CR_HASH_004,,2020-11-13,2020-11,850440009000,85,850440,False,,11088.33,29490.24,2.1,407.65,466.26,,CR_HASH_004,Static converters
2020-2601-8-10974-1,2020-2601-8-10974,2020,2601,Dry Port - Hidd,IM,8,10974,57846,11/11/2020,8703221000,Passenger cars 1000-1500cc,SA,SA,SA,SA,BH,BH,NMB,70.0,18807.03,EXW,495001.03,2.22,1316492.1,316.21,334.76,Pending,1,7,2601,250,,,CR_HASH_166,CR_HASH_009,,2020-11-11,2020-11,870322100000,87,870322,False,Import,495001.03,1316492.1,2.22,316.21,334.76,SA,CR_HASH_009,Passenger cars 1000-1500cc
2020-2601-1-10975-1,2020-2601-1-10975,2020,2601,Dry Port - Hidd,EX,1,10975,47375,11/27/2020,8504400090,Static converters,BH,BH,BH,BH,US,US,NMB,30.0,193.94,FOB,2187.64,0.74,5818.2,195.08,208.55,Released,9,1,2601,554,,,CR_HASH_091,,CR_HASH_037,2020-11-27,2020-11,850440009000,85,850440,True,Re-export,2187.64,5818.2,0.74,195.08,208.55,US,CR_HASH_037,Static converters
2020-2601-8-10976-1,2020-2601-8-10976,2020,2601,Dry Port - Hidd,IM,8,10976,84101,2/8/2020,8703221000,Passenger cars 1000-1500cc,AE,AE,AE,AE,BH,BH,NMB,109.0,23947.76,EXW,981475.0,1.39,2610305.84,496.42,549.93,Held,6,8,2601,673,,,CR_HASH_208,CR_HASH_046,,2020-02-08,2020-02,870322100000,87,870322,False,Import,981475.0,2610305.84,1.39,496.42,549.93,AE,CR_HASH_046,Passenger cars 1000-1500cc
2020-2701-7-10977-1,2020-2701-7-10977,2020,2701,Khalifa Bin Salman Port,IM,7,10977,28753,2/15/2020,8517120000,Cellular telephones,AE,AE,AE,AE,BH,BH,NMB,101.0,978.99,CIF,37178.12,4.22,98877.99,755.5,805.69,Released,3,7,2701,840,,,CR_HASH_163,CR_HASH_019,,2020-02-15,2020-02,851712000000,85,851712,False,Import,37178.12,98877.99,4.22,755.5,805.69,AE,CR_HASH_019,Cellular telephones
2020-2801-2-10978-1,2020-2801-2-10978,2020,2801,King Fahd Causeway,IM,2,10978,42197,1/3/2020,6109100000,Cotton t-shirts,DE,DE,DE,DE,BH,BH,NMB,150.0,7.25,EXW,408.9,2.29,1087.5,649.27,705.92,Released,6,3,2801,917,,,CR_HASH_043,CR_HASH_037,,2020-01-03,2020-01,610910000000,61,610910,False,Import,408.9,1087.5,2.29,649.27,705.92,DE,CR_HASH_037,Cotton t-shirts
2020-2801-5-10979-1,2020-2801-5-10979,2020,2801,King Fahd Causeway,IM,5,10979,18065,5/29/2020,1006301000,Long-grain milled rice,AE,AE,JP,JP,BH,BH,KGM,2263.23,1.38,FOB,1174.35,1.33,3123.26,2263.23,2428.41,Released,3,1,2801,519,,,CR_HASH_020,CR_HASH_014,,2020-05-29,2020-05,100630100000,10,100630,False,Import,1174.35,3123.26,1.33,2263.23,2428.41,AE,CR_HASH_014,Long-grain milled rice
2020-2501-8-10980-1,2020-2501-8-10980,2020,2501,Bahrain International Airport,IM,8,10980,31113,9/12/2020,3923301000,Plastic bottles for packaging,CN,CN,CN,CN,BH,BH,NMB,12.0,0.69,EXW,3.11,2.59,8.28,51.03,56.29,Pending,2,9,2501,101,,,CR_HASH_041,CR_HASH_013,,2020-09-12,2020-09,392330100000,39,392330,False,Import,3.11,8.28,2.59,51.03,56.29,CN,CR_HASH_013,Plastic bottles for packaging
2020-2701-2-10981-1,2020-2701-2-10981,2020,2701,Khalifa Bin Salman Port,IM,2,10981,75653,3/1/2020,8517120000,Cellular telephones,CN,CN,CN,CN,BH,BH,NMB,119.0,396.86,CIF,17757.1,2.1,47226.34,731.7,799.25,Released,4,8,2701,549,,,CR_HASH_059,CR_HASH_048,,2020-03-01,2020-03,851712000000,85,851712,False,Import,17757.1,47226.34,2.1,731.7,799.25,CN,CR_HASH_048,Cellular telephones
2020-2801-5-10982-1,2020-2801-5-10982,2020,2801,King Fahd Causeway,EX,5,10982,47148,12/28/2020,9018390000,Medical syringes and needles,BH,BH,BH,BH,CN,CN,NMB,90.0,0.23,FOB,7.78,2.26,20.7,405.21,441.24,Released,6,9,2801,116,,,CR_HASH_003,,CR_HASH_040,2020-12-28,2020-12,901839000000,90,901839,True,Re-export,7.78,20.7,2.26,405.21,441.24,CN,CR_HASH_040,Medical syringes and needles
2020-2701-9-10983-1,2020-2701-9-10983,2020,2701,Khalifa Bin Salman Port,IM,9,10983,65057,7/15/2020,8471300000,Portable laptop computers,US,US,US,US,BH,BH,NMB,145.0,378.23,FOB,20621.1,3.0,54843.35,1090.85,1240.37,Released,8,7,2701,446,,,CR_HASH_047,CR_HASH_018,,2020-07-15,2020-07,847130000000,84,847130,False,Import,20621.1,54843.35,3.0,1090.85,1240.37,US,CR_HASH_018,Portable laptop computers
2020-2501-2-10984-1,2020-2501-2-10984,2020,2501,Bahrain International Airport,IM,2,10984,76582,8/27/2020,9018390000,Medical syringes and needles,AE,AE,AE,AE,BH,BH,NMB,116.0,0.21,EXW,9.16,3.44,24.36,697.22,779.88,Released,7,9,2501,285,,,CR_HASH_181,CR_HASH_028,,2020-08-27,2020-08,901839000000,90,901839,False,Import,9.16,24.36,3.44,697.22,779.88,AE,CR_HASH_028,Medical syringes and needles
2020-2501-4-10985-1,2020-2501-4-10985,2020,2501,Bahrain International Airport,IM,4,10985,24656,9/1/2020,6109100000,Cotton t-shirts,US,US,US,US,BH,BH,NMB,56.0,3.49,EXW,73.49,1.53,195.44,94.05,102.96,Released,8,5,2501,224,,,CR_HASH_161,CR_HASH_046,,2020-09-01,2020-09,610910000000,61,610910,False,Import,73.49,195.44,1.53,94.05,102.96,US,CR_HASH_046,Cotton t-shirts
2020-2801-6-10986-1,2020-2801-6-10986,2020,2801,King Fahd Causeway,EX,6,10986,14203,4/1/2020,8471300000,Portable laptop computers,BH,BH,BH,BH,CN,CN,NMB,100.0,310.77,EXW,11684.95,2.13,31077.0,398.68,460.28,Held,6,2,2801,873,,,CR_HASH_102,,CR_HASH_009,2020-04-01,2020-04,847130000000,84,847130,True,Re-export,11684.95,31077.0,2.13,398.68,460.28,CN,CR_HASH_009,Portable laptop computers
2020-2701-4-10987-1,2020-2701-4-10987,2020,2701,Khalifa Bin Salman Port,IM,4,10987,68877,3/23/2020,6109100000,Cotton t-shirts,US,US,US,US,BH,BH,NMB,40.0,8.64,EXW,129.95,1.5,345.6,254.51,278.73,Released,6,8,2701,952,,,CR_HASH_150,CR_HASH_031,,2020-03-23,2020-03,610910000000,61,610910,False,Import,129.95,345.6,1.5,254.51,278.73,US,CR_HASH_031,Cotton t-shirts
2020-2701-8-10988-1,2020-2701-8-10988,2020,2701,Khalifa Bin Salman Port,IM,8,10988,27043,8/11/2020,3923301000,Plastic bottles for packaging,CN,CN,AE,AE,BH,BH,NMB,6.0,0.5,EXW,1.13,4.85,3.0,13.8,16.5,Pending,6,8,2701,998,,,CR_HASH_166,CR_HASH_032,,2020-08-11,2020-08,392330100000,39,392330,False,Import,1.13,3.0,4.85,13.8,16.5,CN,CR_HASH_032,Plastic bottles for packaging
2020-2801-6-10989-1,2020-2801-6-10989,2020,2801,King Fahd Causeway,IM,6,10989,69214,7/31/2020,8703221000,Passenger cars 1000-1500cc,CN,CN,CN,CN,BH,BH,NMB,67.0,8885.43,EXW,223841.75,4.52,595323.81,148.1,166.92,Released,9,9,2801,181,,,CR_HASH_164,CR_HASH_023,,2020-07-31,2020-07,870322100000,87,870322,False,Import,223841.75,595323.81,4.52,148.1,166.92,CN,CR_HASH_023,Passenger cars 1000-1500cc
2020-2501-6-10990-1,2020-2501-6-10990,2020,2501,Bahrain International Airport,IM,6,10990,63635,11/21/2020,6109100000,Cotton t-shirts,CN,CN,CN,CN,BH,BH,NMB,41.0,14.26,EXW,219.83,1.29,584.66,196.88,226.85,Released,3,7,2501,389,,,CR_HASH_119,CR_HASH_001,,2020-11-21,2020-11,610910000000,61,610910,False,Import,219.83,584.66,1.29,196.88,226.85,CN,CR_HASH_001,Cotton t-shirts
2020-2601-4-10991-1,2020-2601-4-10991,2020,2601,Dry Port - Hidd,IM,4,10991,47438,12/15/2020,8504400090,Static converters,IN,IN,CN,CN,BH,BH,NMB,123.0,73.23,CIF,3386.74,0.8,9007.29,669.93,762.73,Released,5,7,2601,334,,,CR_HASH_027,CR_HASH_045,,2020-12-15,2020-12,850440009000,85,850440,False,Import,3386.74,9007.29,0.8,669.93,762.73,IN,CR_HASH_045,Static converters
2020-2601-4-10992-1,2020-2601-4-10992,2020,2601,Dry Port - Hidd,IM,4,10992,20420,11/18/2020,1006301000,Long-grain milled rice,CN,CN,CN,CN,BH,BH,KGM,1662.28,0.93,CIF,581.27,0.78,1545.92,1662.28,1755.69,Released,8,1,2601,782,,,CR_HASH_175,CR_HASH_043,,2020-11-18,2020-11,100630100000,10,100630,False,Import,581.27,1545.92,0.78,1662.28,1755.69,CN,CR_HASH_043,Long-grain milled rice
2020-2801-8-10993-1,2020-2801-8-10993,2020,2801,King Fahd Causeway,IM,8,10993,22036,2/27/2020,6109100000,Cotton t-shirts,SA,SA,SA,SA,BH,BH,NMB,165.0,12.18,EXW,755.65,3.0,2009.7,1183.02,1372.13,Released,2,3,2801,176,,,CR_HASH_196,CR_HASH_037,,2020-02-27,2020-02,610910000000,61,610910,False,Import,755.65,2009.7,3.0,1183.02,1372.13,SA,CR_HASH_037,Cotton t-shirts
2020-2601-4-10994-1,2020-2601-4-10994,2020,2601,Dry Port - Hidd,IM,4,10994,37120,6/9/2020,8471300000,Portable laptop computers,DE,DE,DE,DE,BH,BH,NMB,121.0,165.5,CIF,7529.59,3.36,20025.5,279.11,309.96,Released,6,1,2601,889,,,CR_HASH_043,CR_HASH_016,,2020-06-09,2020-06,847130000000,84,847130,False,Import,7529.59,20025.5,3.36,279.11,309.96,DE,CR_HASH_016,Portable laptop computers
2020-2701-1-10995-1,2020-2701-1-10995,2020,2701,Khalifa Bin Salman Port,EX,1,10995,25597,7/6/2020,8504400090,Static converters,BH,BH,BH,BH,CN,CN,NMB,135.0,235.88,CIF,11973.27,2.53,31843.8,819.43,957.88,Released,2,7,2701,121,,,CR_HASH_107,,CR_HASH_043,2020-07-06,2020-07,850440009000,85,850440,True,Re-export,11973.27,31843.8,2.53,819.43,957.88,CN,CR_HASH_043,Static converters
2020-2701-3-10996-1,2020-2701-3-10996,2020,2701,Khalifa Bin Salman Port,IM,3,10996,19533,5/1/2020,1006301000,Long-grain milled rice,DE,DE,US,US,BH,BH,KGM,1315.77,1.33,CIF,657.99,4.62,1749.97,1315.77,1534.19,Released,1,2,2701,536,,,CR_HASH_217,CR_HASH_041,,2020-05-01,2020-05,100630100000,10,100630,False,Import,657.99,1749.97,4.62,1315.77,1534.19,DE,CR_HASH_041,Long-grain milled rice
2020-2501-6-10997-1,2020-2501-6-10997,2020,2501,Bahrain International Airport,IM,6,10997,39116,5/23/2020,3923301000,Plastic bottles for packaging,US,US,US,US,BH,BH,NMB,43.0,0.26,FOB,4.2,1.02,11.18,45.71,51.35,Released,2,9,2501,822,,,CR_HASH_148,CR_HASH_009,,2020-05-23,2020-05,392330100000,39,392330,False,Import,4.2,11.18,1.02,45.71,51.35,US,CR_HASH_009,Plastic bottles for packaging
2020-2501-2-10998-1,2020-2501-2-10998,2020,2501,Bahrain International Airport,IM,2,10998,44707,4/24/2020,8504400090,Static converters,JP,JP,JP,JP,BH,BH,NMB,183.0,81.71,EXW,5622.3,4.96,14952.93,426.06,481.66,Released,2,5,2501,480,,,CR_HASH_068,CR_HASH_030,,2020-04-24,2020-04,850440009000,85,850440,False,Import,5622.3,14952.93,4.96,426.06,481.66,JP,CR_HASH_030,Static converters
2020-2501-4-10999-1,2020-2501-4-10999,2020,2501,Bahrain International Airport,IM,4,10999,84602,6/14/2020,8471300000,Portable laptop computers,DE,DE,JP,JP,BH,BH,NMB,194.0,464.13,CIF,33855.5,1.99,90041.22,603.61,695.4,Released,8,3,2501,370,,,CR_HASH_109,CR_HASH_029,,2020-06-14,2020-06,847130000000,84,847130,False,Import,33855.5,90041.22,1.99,603.61,695.4,DE,CR_HASH_029,Portable laptop computers
