item_id,declaration_id,declaration_date,year,year_month,hs_code,hs_clean,hs6,hs2,hs_desc,commercial_description,active_cr,trade_type,regime,country_of_origin,country_of_export,country_of_destination,country_of_origin_code,country_of_export_code,country_of_destination_code,partner_country_code,uom,qty_by_uom,actual_unit_price,price_basis,local_amount_clean,invoice_amount_clean,sup_amount_clean,net_weight_clean,gross_weight_clean,log_actual_unit_price,median,mad,q1,q3,iqr,iqr_low,iqr_high,iqr_flag,robust_z,anomaly_score,price_level,partner_count,partner_probability,partner_rarity_raw,partner_rarity_score,route_count,route_probability,route_rarity_raw,route_rarity_score,active_months,month_mean,month_std,month_max,burstiness_raw,burstiness_score,trade_pattern_score,pattern_level,trade_pattern_flag,cr_price_z_own,cr_price_z_peer,cr_price_severity,cr_burst_ratio,cr_burst_severity,cr_hs_months_active,cr_hs_first_time_in_window,cr_freq_severity,cr_partner_first_time,cr_partner_hs_first_time,cr_partner_rarity,cr_portfolio_distance,cr_portfolio_severity,cr_profile_score,cr_profile_level,cr_profile_flag,final_level,final_reason,final_flag,llm_explanation,llm_issue_type,llm_validation,llm_validation_reasoning,llm_confidence,llm_next_step
2020-2801-1-10074-1,2020-2801-1-10074,2020-01-01,2020,2020-01,3923301000,392330100000,392330,39,Plastic bottles for packaging,Plastic bottles for packaging,CR_HASH_009,Re-export,EX,BH,BH,DE,BH,BH,DE,DE,NMB,3.53,0.1274787535410765,price_per_item,0.45,1.19,3.53,20.21,22.62,0.1199839483511409,2.008077055471865,0.7629623078147538,1.1201351912780924,2.51712417371907,1.3969889824409778,-0.9753482823833745,4.612607647380537,False,-1.6691536930990645,1.6691536930990645,NORMAL,1.0,0.0010482180293501,6.860663671448286,100.0,1.0,0.0010482180293501,6.860663671448286,100.0,1.0,1.0,0.0,1.0,1.0,0.0,85.0,HIGH,1,0.0,-0.880199237356873,22.004980933921825,1.0,0.0,1,True,91.66666666666666,True,True,0.0,0.0,0.0,37.70174332687264,LOW,1,HIGH,"HIGH (driven by pattern+cr_profile; price_level=NORMAL, pattern_level=HIGH, cr_profile_level=LOW)",1,"This transaction is flagged due to a high trade pattern score and low CR profile score, indicating unusual trading behavior for this trader. The trader is re-exporting plastic bottles to Germany for the first time, and the partner and route are both rare for this HS code. Despite the price anomaly being normal, the combination of these factors suggests a potential risk.",unusual_partner,TRUE_POSITIVE,"The high partner rarity and route rarity scores indicate that this transaction is atypical for the trader, warranting further investigation despite the normal price level.",medium,Conduct a detailed review of the trader's past transactions and verify the legitimacy of the re-export to Germany.
2020-2701-5-10322-1,2020-2701-5-10322,2020-01-01,2020,2020-01,102211000,102211000000,102211,10,"Live cattle, pure-bred breeding","Live cattle, pure-bred breeding",CR_HASH_028,Import,IM,TH,TH,BH,TH,TH,BH,TH,NMB,0.63,40284.71428571428,price_per_item,25379.37,67498.33,0.63,204.01,219.93,10.603752200864935,10.013369334439131,0.6855679350518233,9.327801399387308,10.638440798004725,1.3106393986174147,7.361842301461186,12.604399895930843,False,0.5808436591005525,0.5808436591005525,NORMAL,1.0,0.0010482180293501,6.860663671448286,100.0,1.0,0.0010482180293501,6.860663671448286,100.0,1.0,1.0,0.0,1.0,1.0,0.0,85.0,HIGH,1,0.0,1.3123256057504056,32.80814014376014,1.0,0.0,1,True,91.66666666666666,True,True,0.0,0.0,0.0,41.48284905031605,LOW,1,HIGH,"HIGH (driven by pattern+cr_profile; price_level=NORMAL, pattern_level=HIGH, cr_profile_level=LOW)",1,"This transaction is flagged due to a high trade pattern score and low CR profile score, indicating unusual trading behavior for this trader. The declared unit price is significantly higher than the peer median price, but the price anomaly score is normal, suggesting that the price is not the main concern. The trader is using a first-time product and partner, which adds to the risk profile.",unusual_partner,TRUE_POSITIVE,"The combination of a high partner rarity score and first-time use of both product and partner raises concerns about the legitimacy of the transaction, warranting further investigation.",medium,Conduct a detailed review of the trader's history and the legitimacy of the declared goods.
2020-2801-2-10978-1,2020-2801-2-10978,2020-01-03,2020,2020-01,6109100000,610910000000,610910,61,Cotton t-shirts,Cotton t-shirts,CR_HASH_037,Import,IM,DE,DE,BH,DE,DE,BH,DE,NMB,2.29,178.5589519650655,price_per_item,408.9,1087.5,2.29,649.27,705.92,5.1905035772129455,4.644105600231562,0.7882174659262975,3.892722458934984,5.444558727344917,1.5518362684099332,1.5649680563200845,7.772313129959818,False,0.4675618118123623,0.4675618118123623,NORMAL,5.0,0.0052410901467505,5.251225759014186,51.700506150822136,5.0,0.0052410901467505,5.251225759014186,47.13660531805522,3.0,1.6666666666666667,1.1547005383792517,3.0,1.7999999999999998,50.90909090909091,49.98442857309403,LOW,1,0.0,0.8518519092530304,21.29629773132576,1.0,0.0,1,True,91.66666666666666,True,True,0.0,0.0,0.0,37.453704205964016,LOW,1,LOW,"LOW (driven by pattern+cr_profile; price_level=NORMAL, pattern_level=LOW, cr_profile_level=LOW)",1,"The transaction shows a declared unit price of approximately 178.56 BHD for cotton t-shirts, which is significantly higher than the peer median price of 4.64 BHD. However, the price anomaly score is within the normal range, and the trade pattern and CR profile levels are low, indicating that this trader is engaging in a first-time import with an unusual pricing strategy. Given the context of the date and the nature of the goods, this appears to be a benign outlier rather than a genuine risk.",benign_outlier,FALSE_POSITIVE,"The price level is normal, and while the trader's profile shows first-time usage of this product and partner, the overall anomaly signals do not indicate a significant risk.",high,Monitor future transactions from this trader for consistency in pricing and product selection.
2020-2801-6-10412-1,2020-2801-6-10412,2020-01-04,2020,2020-01,2710192100,271019210000,271019,27,Gas oils for diesel engines,Gas oils for diesel engines,CR_HASH_004,Import,IM,EG,EG,BH,EG,EG,BH,EG,LTR,13551.69,0.1504247809682777,price_per_liter_gross_weight,2038.51,5421.58,3.51,12174.62,13551.69,0.1401312489281222,0.2635559281187505,0.0710560088433533,0.1979668243457394,0.3363424368265587,0.1383756124808193,-0.0095965943754896,0.5439058555477878,False,-1.171594168608151,1.171594168608151,NORMAL,1.0,0.0010482180293501,6.860663671448286,100.0,1.0,0.0010482180293501,6.860663671448286,100.0,1.0,1.0,0.0,1.0,1.0,0.0,85.0,HIGH,1,0.0,-0.989021137125758,24.72552842814395,1.0,0.0,1,True,91.66666666666666,True,True,0.0,0.0,0.0,38.65393494985038,LOW,1,HIGH,"HIGH (driven by pattern+cr_profile; price_level=NORMAL, pattern_level=HIGH, cr_profile_level=LOW)",1,"This transaction is flagged due to a high trade pattern score and low CR profile score, indicating unusual trading behavior for this trader. The trader is importing gas oils for diesel engines from Egypt, which is their first time using this product and partner, raising concerns about the legitimacy of the transaction despite the normal price level.",unusual_partner,TRUE_POSITIVE,"The combination of a high partner rarity score and the fact that this is the first time the trader is using this product and partner suggests potential risk, warranting further investigation.",medium,Conduct a detailed review of the trader's history and verify the legitimacy of the transaction with additional documentation.
2020-2501-3-10853-1,2020-2501-3-10853,2020-01-05,2020,2020-01,8471300000,847130000000,847130,84,Portable laptop computers,Portable laptop computers,CR_HASH_023,Re-export,EX,BH,BH,IN,BH,BH,IN,IN,NMB,3.65,1952.328767123288,price_per_item,7126.0,18952.12,3.65,519.98,594.63,7.577290256250023,9.057918359570245,1.044460022767316,7.958447179146432,9.968345476103028,2.009898296956594,4.943599733711541,12.983192921537915,False,-0.9561591177658028,0.9561591177658028,NORMAL,3.0,0.0031446540880503,5.762051382780177,67.03046630801344,3.0,0.0031446540880503,5.762051382780177,63.915119328547,3.0,1.0,0.0,1.0,1.0,0.0,55.88552491899817,LOW,1,0.0,-0.6718696497536678,16.796741243841694,1.0,0.0,1,True,91.66666666666666,True,True,100.0,1.0,100.0,80.8788594353446,MEDIUM,1,MEDIUM,"MEDIUM (driven by pattern+cr_profile; price_level=NORMAL, pattern_level=LOW, cr_profile_level=MEDIUM)",1,"This transaction is flagged due to a combination of medium-level anomalies in trade pattern and CR profile dimensions. The trader is re-exporting portable laptop computers to India, which is unusual for them as indicated by the high partner rarity score and the fact that this is their first time using this product and partner combination. However, the price level is normal, and the robust Z-score indicates no significant under-invoicing or over-invoicing.",unusual_partner,TRUE_POSITIVE,"The combination of first-time use of both the product and partner, along with high rarity scores, suggests a potential risk that warrants further scrutiny despite the normal pricing.",medium,Conduct a deeper investigation into the trader's history and the legitimacy of the re-export to India.
2020-2501-8-10649-1,2020-2501-8-10649,2020-01-06,2020,2020-01,102211000,102211000000,102211,10,"Live cattle, pure-bred breeding","Live cattle, pure-bred breeding",CR_HASH_006,Import,IM,IN,IN,BH,IN,IN,BH,IN,NMB,3.56,4837.665730337079,price_per_item,17222.09,45803.43,3.56,146.88,155.97,8.484394286154998,10.013369334439131,0.6855679350518233,9.327801399387308,10.638440798004725,1.3106393986174147,7.361842301461186,12.604399895930843,False,-1.5042703849035362,1.5042703849035362,NORMAL,7.0,0.0073375262054507,4.9147535223929735,41.6029195353019,4.0,0.0041928721174004,5.474369310328396,54.46595026060942,6.0,1.1666666666666667,0.408248290463863,2.0,1.7142857142857142,45.45454545454546,46.68272417704606,LOW,1,0.0,-0.8476134502285507,21.190336255713767,1.0,0.0,1,True,91.66666666666666,True,True,100.0,1.0,100.0,82.41661768949982,MEDIUM,1,MEDIUM,"MEDIUM (driven by pattern+cr_profile; price_level=NORMAL, pattern_level=LOW, cr_profile_level=MEDIUM)",1,"The transaction involves the import of live cattle from India, which is consistent with the declared goods description. However, the trader has a high CR Profile Score indicating unusual behavior, as this is the first time they are importing this product and using this partner. The price is also significantly higher than the peer median, which raises concerns about potential over-invoicing despite the price anomaly being classified as normal.",unusual_partner,TRUE_POSITIVE,"The combination of first-time product and partner usage, along with a high CR Profile Score, suggests that this transaction may not align with the trader's typical behavior, warranting further investigation.",medium,Conduct a detailed review of the trader's past transactions and verify the legitimacy of the pricing and partner.
2020-2801-9-10882-1,2020-2801-9-10882,2020-01-07,2020,2020-01,9018390000,901839000000,901839,90,Medical syringes and needles,Medical syringes and needles,CR_HASH_011,Import,IM,IN,IN,BH,IN,IN,BH,IN,NMB,0.52,33.61538461538461,price_per_item,17.48,46.5,0.52,318.76,336.55,3.544298225302829,1.1592369104845446,0.5792846449150362,0.6041021775947832,1.748109664393657,1.1440074867988734,-1.111909052603527,3.464120894591967,True,2.777048954691316,2.777048954691316,LOW,6.0,0.0062893081761006,5.068904202220232,46.22900654036249,6.0,0.0062893081761006,5.068904202220232,41.148094458851695,3.0,2.0,1.0,3.0,1.5,31.818181818181824,42.28906360350661,NORMAL,0,0.0,12.476923695066317,100.0,1.0,0.0,1,True,91.66666666666666,True,True,0.0,0.0,0.0,65.0,LOW,1,LOW,"LOW (driven by price+cr_profile; price_level=LOW, pattern_level=NORMAL, cr_profile_level=LOW)",1,"The transaction shows a high unit price of BHD 33.62 for medical syringes, which is significantly above the peer median price of BHD 1.16, resulting in a robust Z-score of 2.78 indicating potential over-invoicing. However, the trade pattern and CR profile levels are normal, and this is the first time the trader is importing this product from this partner, suggesting a possible legitimate reason for the price discrepancy. The context of the transaction date in 2020 may also indicate market fluctuations due to demand for medical supplies during that period.",over_invoicing,TRUE_POSITIVE,"The high Z-score and CR price severity indicate a significant deviation from expected pricing norms, warranting further investigation despite the normal trade pattern and CR profile levels.",medium,Conduct a detailed review of the trader's past transactions and the market prices for medical syringes during the transaction period.
2020-2601-8-10000-1,2020-2601-8-10000,2020-01-08,2020,2020-01,8471300000,847130000000,847130,84,Portable laptop computers,Portable laptop computers,CR_HASH_036,Import,IM,CN,CN,BH,CN,CN,BH,CN,NMB,0.98,16562.275510204083,price_per_item,16231.03,43167.64,0.98,467.06,536.61,9.714943204890009,8.71824987064452,0.6999612932513521,7.750041925937837,9.126895264901794,1.376853338963957,5.684761917491901,11.192175273347727,False,0.9604251698802074,0.9604251698802074,NORMAL,21.0,0.0220125786163522,3.816141233724864,8.633385843315326,15.0,0.0157232704402515,4.152613470346076,11.051724646602178,10.0,2.1,1.449137674618944,5.0,2.380952380952381,87.87878787878789,21.36661472978661,NORMAL,0,0.0,1.6075551209250674,40.18887802312669,1.0,0.0,1,True,91.66666666666666,True,True,100.0,1.0,100.0,89.06610730809433,HIGH,1,HIGH,"HIGH (driven by cr_profile; price_level=NORMAL, pattern_level=NORMAL, cr_profile_level=HIGH)",1,"This transaction is flagged due to a high CR Profile Score, indicating significant deviation from the trader's historical behavior, particularly as this is the first time the trader is importing this product and using this partner. However, the price level is normal and the robust Z-score indicates no price anomaly, suggesting that the high CR Profile Score may reflect a benign outlier rather than a genuine risk.",cr_profile_deviation,FALSE_POSITIVE,"The high CR Profile Score is concerning, but the normal price level and absence of price anomalies suggest this may not indicate a genuine risk, warranting further observation rather than immediate action.",medium,Monitor future transactions from this trader for consistency in product and partner usage.
2020-2501-1-10673-1,2020-2501-1-10673,2020-01-09,2020,2020-01,8703221000,870322100000,870322,87,Passenger cars 1000-1500cc,Passenger cars 1000-1500cc,CR_HASH_011,Import,IM,US,US,BH,US,US,BH,US,NMB,3.2,133264.82499999998,price_per_item,426447.44,1134168.73,3.2,241.75,258.61,11.800101096702557,12.339741490828857,0.5298577154310848,11.445675964067552,12.647064860424424,1.201388896356871,9.643592619532246,14.44914820495973,False,-0.6869437750516992,0.6869437750516992,NORMAL,10.0,0.010482180293501,4.558078578454241,30.899046383171186,8.0,0.0083857442348008,4.781222129768451,31.698925390914116,7.0,1.4285714285714286,0.5345224838248488,2.0,1.4,25.454545454545453,30.362328896587343,NORMAL,0,0.0,-0.4701902954230899,11.754757385577246,1.0,0.0,1,True,91.66666666666666,True,True,100.0,1.0,100.0,79.11416508495203,MEDIUM,1,LOW,"LOW (driven by cr_profile; price_level=NORMAL, pattern_level=NORMAL, cr_profile_level=MEDIUM)",1,"The transaction involves the import of passenger cars with a declared unit price that is significantly higher than the peer median price, indicating potential over-invoicing. However, the price anomaly is not severe, and the trade pattern is normal, suggesting that this may be a benign outlier rather than a genuine risk. The trader is also engaging in a first-time transaction with this product and partner, which contributes to the medium CR profile level but does not indicate a clear risk.",benign_outlier,FALSE_POSITIVE,"The price level is normal, and while the CR profile shows some deviation, it does not indicate a strong risk. The first-time nature of the product and partner suggests this could be an isolated case rather than a systemic issue.",medium,Monitor future transactions from this trader for consistency in pricing and partner usage.
2020-2501-1-10401-1,2020-2501-1-10401,2020-01-10,2020,2020-01,2710192100,271019210000,271019,27,Gas oils for diesel engines,Gas oils for diesel engines,CR_HASH_031,Re-export,EX,BH,BH,JP,BH,BH,JP,JP,LTR,6613.99,0.4777645566443251,price_per_liter_gross_weight,3159.93,8404.06,3.48,5948.82,6613.99,0.3905305112198076,0.2773855677315066,0.0779894680702432,0.1639690098991207,0.3324464187701956,0.1684774088710749,-0.0887471034074916,0.585162532076808,False,0.9785323679298,0.9785323679298,NORMAL,2.0,0.0020964360587002,6.1675164908883415,79.19854023234907,2.0,0.0020964360587002,6.1675164908883415,77.23297513030472,2.0,1.0,0.0,1.0,1.0,0.0,66.6308114117812,LOW,1,0.0,1.1733549023041214,29.33387255760304,1.0,0.0,1,True,91.66666666666666,True,True,0.0,0.0,0.0,40.26685539516106,LOW,1,LOW,"LOW (driven by pattern+cr_profile; price_level=NORMAL, pattern_level=LOW, cr_profile_level=LOW)",1,"The transaction involves a re-export of gas oils for diesel engines from Bahrain to Japan, with a declared unit price that is within a normal range according to the price anomaly analysis. The trade pattern shows a high partner rarity and route rarity, indicating that this is an unusual trade for the trader, who is also engaging in a first-time transaction with this product and partner. However, the overall composite score is low, suggesting that while there are some anomalies, they do not indicate a significant risk.",unusual_partner,FALSE_POSITIVE,"The price level is normal and the composite score is low, indicating that the anomalies present do not warrant further investigation at this time, despite the unusual partner and first-time nature of the transaction.",medium,Monitor future transactions from this trader to see if similar patterns emerge.
2020-2701-8-10421-1,2020-2701-8-10421,2020-01-11,2020,2020-01,8504400090,850440009000,850440,85,Static converters,Static converters,CR_HASH_002,Import,IM,CN,DE,BH,CN,DE,BH,CN,NMB,3.92,1068.1301020408164,price_per_item,4187.07,11135.82,3.92,481.42,575.35,6.974600608054476,7.466827051260017,0.5715840105867187,6.914775863803976,8.032836322465545,1.11806045866157,5.23768517581162,9.7099270104579,False,-0.5808458273200742,0.5808458273200742,NORMAL,19.0,0.0199161425576519,3.916224692281846,11.63690673320574,1.0,0.0010482180293501,6.860663671448286,100.0,9.0,2.111111111111111,0.9279607271383372,4.0,1.894736842105263,56.9377990430622,49.3591232230622,LOW,1,0.0,-0.4188939044274575,10.47234761068644,1.0,0.0,1,True,91.66666666666666,True,True,100.0,1.0,100.0,78.66532166374026,MEDIUM,1,MEDIUM,"MEDIUM (driven by pattern+cr_profile; price_level=NORMAL, pattern_level=LOW, cr_profile_level=MEDIUM)",1,"This transaction is flagged due to a combination of a low trade pattern score and a medium CR profile level, indicating unusual trading behavior for the trader. The partner and product are both first-time occurrences for this trader, which raises concerns about potential misclassification or unusual partner activity. However, the price level is normal, suggesting that the pricing is consistent with market expectations.",unusual_partner,TRUE_POSITIVE,"The combination of first-time product and partner, along with a low trade pattern score, indicates a genuine risk that warrants further investigation despite the normal pricing.",medium,Conduct a detailed review of the trader's history and the legitimacy of the trading partner.
2020-2801-2-10577-1,2020-2801-2-10577,2020-01-12,2020,2020-01,9018390000,901839000000,901839,90,Medical syringes and needles,Medical syringes and needles,CR_HASH_048,Import,IM,AE,AE,BH,AE,AE,BH,AE,NMB,3.42,4.801169590643275,price_per_item,16.42,43.66,3.42,549.37,631.17,1.758059550782213,1.1592369104845446,0.5792846449150362,0.6041021775947832,1.748109664393657,1.1440074867988734,-1.111909052603527,3.464120894591967,False,0.697239847442175,0.697239847442175,NORMAL,11.0,0.0115303983228511,4.462768398649916,28.038772365976683,10.0,0.010482180293501,4.558078578454241,24.369580448359905,6.0,1.8333333333333333,0.983192080250175,3.0,1.6363636363636365,40.495867768595055,28.623119505203565,NORMAL,0,0.0,0.840186461940739,21.004661548518477,1.0,0.0,1,True,91.66666666666666,True,True,100.0,1.0,100.0,82.35163154198146,MEDIUM,1,LOW,"LOW (driven by cr_profile; price_level=NORMAL, pattern_level=NORMAL, cr_profile_level=MEDIUM)",1,"The transaction shows a declared unit price of approximately 4.80 BHD for medical syringes and needles, which is significantly higher than the peer median price of 1.16 BHD, indicating potential over-invoicing. However, the price anomaly score is within normal limits, and the trade pattern and price levels are also normal. The trader is using this product and partner for the first time, which contributes to a medium CR profile level but does not indicate a clear risk.",over_invoicing,FALSE_POSITIVE,"The price level is normal despite the high declared unit price, and the overall composite score is low, suggesting that this flag is likely a false positive rather than a genuine risk.",medium,Monitor future transactions from this trader for consistency in pricing and product usage.
2020-2501-3-10615-1,2020-2501-3-10615,2020-01-12,2020,2020-01,3923301000,392330100000,392330,39,Plastic bottles for packaging,Plastic bottles for packaging,CR_HASH_002,Re-export,EX,BH,BH,JP,BH,BH,JP,JP,NMB,0.79,9.367088607594935,price_per_item,7.4,19.68,0.79,114.54,127.63,2.338636231386048,2.008077055471865,0.7629623078147538,1.1201351912780924,2.51712417371907,1.3969889824409778,-0.9753482823833745,4.612607647380537,False,0.2922282101364944,0.2922282101364944,NORMAL,4.0,0.0041928721174004,5.474369310328396,58.39708046469813,4.0,0.0041928721174004,5.474369310328396,54.46595026060942,2.0,2.0,0.0,2.0,1.0,0.0,48.26162282356236,LOW,1,0.0,1.023014788894314,25.57536972235785,1.0,0.0,1,True,91.66666666666666,True,True,100.0,0.6666666666666667,66.66666666666667,77.28471273615858,MEDIUM,1,MEDIUM,"MEDIUM (driven by pattern+cr_profile; price_level=NORMAL, pattern_level=LOW, cr_profile_level=MEDIUM)",1,"This transaction is flagged due to a combination of a medium CR profile score and a low trade pattern score, indicating unusual behavior for the trader. The declared unit price is significantly higher than the peer median price, but the price level is normal, suggesting that the price is not anomalous in the broader market context. However, the trader is using a first-time product and partner, which raises concerns about potential misclassification or unusual trading practices.",unusual_partner,TRUE_POSITIVE,"The combination of a first-time partner and product, along with a medium CR profile score, suggests that this transaction may not align with the trader's usual practices, warranting further investigation.",medium,Conduct a detailed review of the trader's history and the nature of the goods being re-exported to Japan.
2020-2701-9-10564-1,2020-2701-9-10564,2020-01-12,2020,2020-01,8471300000,847130000000,847130,84,Portable laptop computers,Portable laptop computers,CR_HASH_016,Re-export,EX,BH,BH,CN,BH,BH,CN,CN,NMB,4.19,3601.63723150358,price_per_item,15090.86,40135.26,4.19,64.57,71.53,8.189421420556492,9.057918359570245,1.044460022767316,7.958447179146432,9.968345476103028,2.009898296956594,4.943599733711541,12.983192921537915,False,-0.5608574260663557,0.5608574260663557,NORMAL,12.0,0.0125786163522012,4.375757021660286,25.427546772711544,12.0,0.0125786163522012,4.375757021660286,18.381069589156382,6.0,2.0,1.095445115010332,3.0,1.5,31.818181818181824,23.91987501528778,NORMAL,0,0.0,-0.4421352277402417,11.053380693506044,1.0,0.0,1,True,91.66666666666666,True,True,100.0,1.0,100.0,78.86868324272712,MEDIUM,1,LOW,"LOW (driven by cr_profile; price_level=NORMAL, pattern_level=NORMAL, cr_profile_level=MEDIUM)",1,"This transaction is flagged due to the trader's unusual partner and product combination, as indicated by the high CR Partner Rarity score of 100 and the fact that this is the first time the trader has engaged in this specific re-export. However, the price level is normal, and the overall composite score is low, suggesting that while there are anomalies, they may not indicate a significant risk.",unusual_partner,FALSE_POSITIVE,"The high rarity scores and first-time flags indicate unusual behavior, but the normal price and trade pattern levels suggest that this may not be a genuine risk at this time.",medium,Monitor future transactions from this trader for similar patterns.
2020-2501-1-10250-1,2020-2501-1-10250,2020-01-12,2020,2020-01,8504400090,850440009000,850440,85,Static converters,Static converters,CR_HASH_015,Import,IM,CN,SA,BH,CN,SA,BH,CN,NMB,4.85,821.1835051546392,price_per_item,3982.74,10592.4,4.85,335.28,383.21,6.711963612421913,7.466827051260017,0.5715840105867187,6.914775863803976,8.032836322465545,1.11806045866157,5.23768517581162,9.7099270104579,False,-0.8907674195441492,0.8907674195441492,NORMAL,19.0,0.0199161425576519,3.916224692281846,11.63690673320574,1.0,0.0010482180293501,6.860663671448286,100.0,9.0,2.111111111111111,0.9279607271383372,4.0,1.894736842105263,56.9377990430622,49.3591232230622,LOW,1,0.0,-0.5885572910014378,14.713932275035946,1.0,0.0,1,True,91.66666666666666,True,True,100.0,1.0,100.0,80.14987629626258,MEDIUM,1,MEDIUM,"MEDIUM (driven by pattern+cr_profile; price_level=NORMAL, pattern_level=LOW, cr_profile_level=MEDIUM)",1,"This transaction is flagged due to a combination of a low trade pattern score and a medium CR profile score, indicating unusual trading behavior for this trader. The trader is importing static converters from a rare partner and route, which raises suspicion. However, the price level is normal, and the robust Z-score suggests no significant under-invoicing or over-invoicing issues.",unusual_partner,TRUE_POSITIVE,The combination of a low partner rarity score and the fact that this is the first time the trader is using this product and partner suggests a potential risk that warrants further investigation.,medium,Conduct a detailed review of the trader's past transactions and verify the legitimacy of the trading partner.
2020-2701-4-10561-1,2020-2701-4-10561,2020-01-13,2020,2020-01,8703221000,870322100000,870322,87,Passenger cars 1000-1500cc,Passenger cars 1000-1500cc,CR_HASH_021,Re-export,EX,BH,BH,CN,BH,BH,CN,CN,NMB,3.51,230314.00854700856,price_per_item,808402.17,2150005.77,3.51,254.02,300.88,12.347203253233786,12.004283802979176,0.6624296738554509,11.2719045323345,12.594725507248622,1.3228209749141229,9.287673069963317,14.578956969619806,False,0.3491631029983099,0.3491631029983099,NORMAL,8.0,0.0083857442348008,4.781222129768451,37.59562069704717,8.0,0.0083857442348008,4.781222129768451,31.698925390914116,6.0,1.3333333333333333,0.5163977794943222,2.0,1.5,31.818181818181824,34.6651615080708,NORMAL,0,0.0,0.0755432633333058,1.8885815833326456,1.0,0.0,1,True,91.66666666666666,True,True,100.0,1.0,100.0,75.66100355416643,MEDIUM,1,LOW,"LOW (driven by cr_profile; price_level=NORMAL, pattern_level=NORMAL, cr_profile_level=MEDIUM)",1,"The transaction involves a re-export of passenger cars with a declared unit price significantly higher than the peer median price, which raises questions about the valuation. However, the price anomaly is not severe (Z-score of 0.35), and the trade pattern and price levels are normal, suggesting this may be a benign outlier rather than a genuine risk. The trader is also engaging in a first-time transaction with both the product and partner, which adds to the complexity of the assessment.",benign_outlier,FALSE_POSITIVE,"The price level is normal, and while the CR profile shows some deviation, it does not indicate a significant risk. The first-time nature of the product and partner suggests this may not be indicative of ongoing issues.",medium,Monitor future transactions from this trader for consistency in pricing and partner selection.
2020-2701-7-10341-1,2020-2701-7-10341,2020-01-14,2020,2020-01,8517120000,851712000000,851712,85,Cellular telephones,Cellular telephones,CR_HASH_049,Import,IM,DE,CN,BH,DE,CN,BH,DE,NMB,1.78,415.0674157303371,price_per_item,738.82,1964.96,1.78,49.6,57.56,6.030847304175518,9.1609472788485,0.7778458576033893,8.086449359029473,9.737226953131788,1.6507775941023135,5.610282967876002,12.213393344285258,False,-2.714192649504767,2.714192649504767,LOW,6.0,0.0062893081761006,5.068904202220232,46.22900654036249,1.0,0.0010482180293501,6.860663671448286,100.0,4.0,1.5,1.0,3.0,2.0,63.63636363636365,67.65995781563579,LOW,1,0.0,-0.9561367986392773,23.90341996598193,1.0,0.0,1,True,91.66666666666666,True,True,0.0,0.0,0.0,38.36619698809368,LOW,1,LOW,"LOW (driven by price+pattern+cr_profile; price_level=LOW, pattern_level=LOW, cr_profile_level=LOW)",1,"The transaction shows a significant under-invoicing anomaly with a robust Z-score of -2.71, indicating a price far below the peer median for cellular telephones. However, the low trade pattern score and low CR profile score suggest that this may be a benign outlier, especially since this is the first time the trader is importing this product and using this partner. The context of the transaction in 2020, when prices for electronics were generally stable, supports this interpretation.",under_invoicing,FALSE_POSITIVE,"While the price anomaly suggests under-invoicing, the overall low scores in trade pattern and CR profile indicate that this transaction may not represent a genuine risk, especially given it is the first instance of this product and partner combination.",medium,Monitor future transactions from this trader for similar patterns before taking further action.
2020-2701-2-10542-1,2020-2701-2-10542,2020-01-14,2020,2020-01,8703221000,870322100000,870322,87,Passenger cars 1000-1500cc,Passenger cars 1000-1500cc,CR_HASH_033,Import,IM,US,US,BH,US,US,BH,US,NMB,3.97,297061.9168765743,price_per_item,1179335.81,3136531.4,3.97,296.29,323.38,12.601699236684896,12.339741490828857,0.5298577154310848,11.445675964067552,12.647064860424424,1.201388896356871,9.643592619532246,14.44914820495973,False,0.3334632559034564,0.3334632559034564,NORMAL,10.0,0.010482180293501,4.558078578454241,30.899046383171186,8.0,0.0083857442348008,4.781222129768451,31.698925390914116,7.0,1.4285714285714286,0.5345224838248488,2.0,1.4,25.454545454545453,30.362328896587343,NORMAL,0,0.0,0.4451603772924248,11.12900943231062,1.0,0.0,1,True,91.66666666666666,True,True,100.0,1.0,100.0,78.89515330130871,MEDIUM,1,LOW,"LOW (driven by cr_profile; price_level=NORMAL, pattern_level=NORMAL, cr_profile_level=MEDIUM)",1,"The transaction involves the import of passenger cars from the US, with a declared unit price that is significantly higher than the peer median price, indicating a potential misclassification or over-invoicing. However, the price anomaly score is normal, and the trade pattern is also typical for this trader, suggesting that the high price may not reflect a genuine risk. The trader is using this product and partner for the first time, which contributes to the medium CR profile level but does not indicate a clear risk.",benign_outlier,FALSE_POSITIVE,"The price level is normal and the trade pattern is typical, while the CR profile indicates a medium level of deviation without strong evidence of risk, leading to a FALSE_POSITIVE classification.",medium,Monitor future transactions from this trader for consistency in pricing and product classification.
2020-2501-4-10491-1,2020-2501-4-10491,2020-01-16,2020,2020-01,1006301000,100630100000,100630,10,Long-grain milled rice,Long-grain milled rice,CR_HASH_027,Import,IM,SA,SA,BH,SA,SA,BH,SA,KGM,4469.34,0.1654405348440709,price_per_kg,739.41,1966.51,4.74,4469.34,5245.54,0.153099157037243,0.3286983897813914,0.0676786910787625,0.270176176769005,0.3986012849866289,0.1284251082176239,0.0775385144425691,0.5912389473130648,False,-1.750034729827602,1.750034729827602,NORMAL,11.0,0.0115303983228511,4.462768398649916,28.038772365976683,8.0,0.0083857442348008,4.781222129768451,31.698925390914116,9.0,1.2222222222222223,0.4409585518440984,2.0,1.6363636363636362,40.49586776859504,31.188390235097536,NORMAL,0,0.0,-1.5306059440454935,38.26514860113734,1.0,0.0,1,True,91.66666666666666,True,True,100.0,1.0,100.0,88.39280201039807,HIGH,1,HIGH,"HIGH (driven by cr_profile; price_level=NORMAL, pattern_level=NORMAL, cr_profile_level=HIGH)",1,"This transaction is flagged due to a high CR Profile Score, indicating significant deviation from the trader's historical behavior, particularly as this is the first time the trader has imported this product and used this partner. However, the price level is normal and the trade pattern is also normal, suggesting that while the trader's profile is unusual, the transaction itself does not exhibit clear signs of risk.",cr_profile_deviation,FALSE_POSITIVE,"The high CR Profile Score indicates a deviation from the trader's usual behavior, but the normal price and trade pattern levels suggest that this transaction is not inherently risky. It may reflect a legitimate change in the trader's operations.",medium,Monitor future transactions from this trader for consistency in product and partner use.
2020-2501-2-10743-1,2020-2501-2-10743,2020-01-17,2020,2020-01,2710192100,271019210000,271019,27,Gas oils for diesel engines,Gas oils for diesel engines,CR_HASH_046,Re-export,EX,BH,BH,CN,BH,BH,CN,CN,LTR,2417.72,0.3398408417848221,price_per_liter_gross_weight,821.64,2185.2,4.98,2248.03,2417.72,0.2925508321210901,0.2773855677315066,0.0779894680702432,0.1639690098991207,0.3324464187701956,0.1684774088710749,-0.0887471034074916,0.585162532076808,False,0.1311565644553532,0.1311565644553532,NORMAL,10.0,0.010482180293501,4.558078578454241,30.899046383171186,10.0,0.010482180293501,4.558078578454241,24.369580448359905,7.0,1.4285714285714286,0.5345224838248488,2.0,1.4,25.454545454545453,27.797058166693372,NORMAL,0,0.0,0.2572588339934548,6.431470849836371,1.0,0.0,1,True,91.66666666666666,True,True,100.0,1.0,100.0,77.25101479744274,MEDIUM,1,LOW,"LOW (driven by cr_profile; price_level=NORMAL, pattern_level=NORMAL, cr_profile_level=MEDIUM)",1,"The transaction is flagged due to the trader's unusual profile, as this is the first time they are re-exporting gas oils for diesel engines and using this partner. However, the price and trade pattern levels are normal, indicating that the transaction itself does not exhibit significant anomalies. The CR Profile Level is medium, but the overall composite score is low, suggesting that while there are some unusual aspects, they do not indicate a genuine risk.",unusual_partner,FALSE_POSITIVE,"The flagged transaction shows no significant price anomalies or unusual trade patterns, and the composite score is low, indicating that the concerns are not substantiated by the transaction details.",medium,Monitor future transactions from this trader for similar patterns.
2020-2601-4-10002-1,2020-2601-4-10002,2020-01-17,2020,2020-01,3923301000,392330100000,392330,39,Plastic bottles for packaging,Plastic bottles for packaging,CR_HASH_016,Re-export,EX,BH,BH,JP,BH,BH,JP,JP,NMB,3.48,15.402298850574711,price_per_item,53.6,142.56,3.48,1425.77,1608.02,2.7974214988222528,2.008077055471865,0.7629623078147538,1.1201351912780924,2.51712417371907,1.3969889824409778,-0.9753482823833745,4.612607647380537,False,0.6978136765483579,0.6978136765483579,NORMAL,4.0,0.0041928721174004,5.474369310328396,58.39708046469813,4.0,0.0041928721174004,5.474369310328396,54.46595026060942,2.0,2.0,0.0,2.0,1.0,0.0,48.26162282356236,LOW,1,0.0,2.1574803009267773,53.93700752316944,1.0,0.0,1,True,91.66666666666666,True,True,100.0,1.0,100.0,93.8779526331093,HIGH,1,HIGH,"HIGH (driven by pattern+cr_profile; price_level=NORMAL, pattern_level=LOW, cr_profile_level=HIGH)",1,"The transaction is flagged due to a high CR Profile Score and unusual partner and product combination, as this is the first time the trader has engaged in this re-export of plastic bottles to Japan. Despite the price being normal compared to peers, the trader's profile indicates a significant deviation from their usual trading patterns, which raises concerns about the legitimacy of this transaction.",unusual_partner,TRUE_POSITIVE,"The combination of a high CR Profile Score and first-time engagement with both the product and partner suggests a genuine risk, warranting further scrutiny despite the normal price level.",high,Conduct a detailed investigation into the trader's past transactions and the legitimacy of the trading partner in Japan.
2020-2501-1-10331-1,2020-2501-1-10331,2020-01-18,2020,2020-01,1006301000,100630100000,100630,10,Long-grain milled rice,Long-grain milled rice,CR_HASH_023,Import,IM,DE,DE,BH,DE,DE,BH,DE,KGM,2518.01,0.2970401229542376,price_per_kg,747.95,1989.23,3.57,2518.01,2918.01,0.2600848400556982,0.3286983897813914,0.0676786910787625,0.270176176769005,0.3986012849866289,0.1284251082176239,0.0775385144425691,0.5912389473130648,False,-0.6838076287706198,0.6838076287706198,NORMAL,6.0,0.0062893081761006,5.068904202220232,46.22900654036249,4.0,0.0041928721174004,5.474369310328396,54.46595026060942,4.0,1.5,1.0,3.0,2.0,63.63636363636365,51.72304040684909,LOW,1,0.0,-0.6246638205569951,15.616595513924878,1.0,0.0,1,True,91.66666666666666,True,True,100.0,1.0,100.0,80.4658084298737,MEDIUM,1,MEDIUM,"MEDIUM (driven by pattern+cr_profile; price_level=NORMAL, pattern_level=LOW, cr_profile_level=MEDIUM)",1,"This transaction is flagged due to a combination of medium CR profile severity and low trade pattern score, indicating unusual behavior for the trader. The trader is importing long-grain milled rice from Germany, which is a common product, but this is their first time using this product and partner combination, raising concerns about potential misclassification or unusual trading behavior.",unusual_partner,TRUE_POSITIVE,"The combination of a first-time product and partner, along with a medium CR profile score, suggests that this transaction may not align with the trader's typical behavior, warranting further investigation.",medium,Conduct a detailed review of the trader's past transactions and verify the legitimacy of this import.
2020-2501-7-10808-1,2020-2501-7-10808,2020-01-19,2020,2020-01,1006301000,100630100000,100630,10,Long-grain milled rice,Long-grain milled rice,CR_HASH_044,Import,IM,IN,JP,BH,IN,JP,BH,IN,KGM,1743.37,0.4737605901214315,price_per_kg,825.94,2196.65,4.32,1743.37,2064.58,0.3878173586766581,0.3286983897813914,0.0676786910787625,0.270176176769005,0.3986012849866289,0.1284251082176239,0.0775385144425691,0.5912389473130648,False,0.5891839454051495,0.5891839454051495,NORMAL,5.0,0.0052410901467505,5.251225759014186,51.700506150822136,1.0,0.0010482180293501,6.860663671448286,100.0,4.0,1.25,0.5,2.0,1.6,38.181818181818194,66.5775258026838,LOW,1,0.0,0.6744926970714413,16.862317426786035,1.0,0.0,1,True,91.66666666666666,True,True,100.0,1.0,100.0,80.90181109937511,MEDIUM,1,MEDIUM,"MEDIUM (driven by pattern+cr_profile; price_level=NORMAL, pattern_level=LOW, cr_profile_level=MEDIUM)",1,"This transaction is flagged due to a combination of a medium CR profile score and a low trade pattern score, indicating unusual behavior for the trader. The trader is importing long-grain milled rice from Japan, which is a rare route for this product, and this is the first time they are using this product and partner combination. However, the price level is normal and the robust Z-score is low, suggesting that the pricing is consistent with market norms.",unusual_partner,TRUE_POSITIVE,"The unusual partner and route rarity, combined with the trader's first-time use of this product and partner, indicate a potential risk that warrants further investigation despite the normal pricing.",medium,Conduct a detailed review of the trader's past import activities and verify the legitimacy of the trading partner.
2020-2501-3-10637-1,2020-2501-3-10637,2020-01-19,2020,2020-01,2710192100,271019210000,271019,27,Gas oils for diesel engines,Gas oils for diesel engines,CR_HASH_010,Import,IM,SA,SA,BH,SA,SA,BH,SA,LTR,11263.13,0.304477529780798,price_per_liter_gross_weight,3429.37,9120.67,0.81,10495.13,11263.13,0.2658026002878383,0.2635559281187505,0.0710560088433533,0.1979668243457394,0.3363424368265587,0.1383756124808193,-0.0095965943754896,0.5439058555477878,False,0.0213262698298134,0.0213262698298134,NORMAL,7.0,0.0073375262054507,4.9147535223929735,41.6029195353019,4.0,0.0041928721174004,5.474369310328396,54.46595026060942,4.0,1.75,0.5,2.0,1.1428571428571428,9.090909090909088,41.2281787225006,NORMAL,0,0.0,-0.0156673418170929,0.3916835454273228,1.0,0.0,1,True,91.66666666666666,True,True,100.0,1.0,100.0,75.13708924089957,MEDIUM,1,LOW,"LOW (driven by cr_profile; price_level=NORMAL, pattern_level=NORMAL, cr_profile_level=MEDIUM)",1,"This transaction has a low anomaly score, with a normal price level and trade pattern. The trader is using a first-time product and partner, which contributes to the medium CR profile level, but the overall indicators do not suggest significant risk. The declared unit price is consistent with the peer median price, indicating no under- or over-invoicing.",benign_outlier,FALSE_POSITIVE,"The transaction shows no significant anomalies in price or trade patterns, and the low composite score indicates that it is likely a benign outlier rather than a genuine risk.",high,"Monitor future transactions from this trader for patterns, especially with new products or partners."
2020-2701-3-10385-1,2020-2701-3-10385,2020-01-19,2020,2020-01,9018390000,901839000000,901839,90,Medical syringes and needles,Medical syringes and needles,CR_HASH_049,Import,IM,DE,IN,BH,DE,IN,BH,DE,NMB,3.74,0.874331550802139,price_per_item,3.27,8.7,3.74,1208.92,1338.61,0.6282520896200581,1.1592369104845446,0.5792846449150362,0.6041021775947832,1.748109664393657,1.1440074867988734,-1.111909052603527,3.464120894591967,False,-0.6182528023817384,0.6182528023817384,NORMAL,3.0,0.0031446540880503,5.762051382780177,67.03046630801344,1.0,0.0010482180293501,6.860663671448286,100.0,3.0,1.0,0.0,1.0,1.0,0.0,68.51523315400672,LOW,1,0.0,-0.7038459327809737,17.596148319524342,1.0,0.0,1,True,91.66666666666666,False,True,0.0,1.0,100.0,46.15865191183352,LOW,1,LOW,"LOW (driven by pattern+cr_profile; price_level=NORMAL, pattern_level=LOW, cr_profile_level=LOW)",1,"The transaction shows a low anomaly score across multiple dimensions, with a normal price level and low trade pattern and CR profile levels. The declared unit price is below the peer median, but this is not significant enough to indicate under-invoicing, especially given the low declared quantity of medical syringes and needles. Additionally, this is the first time the trader has imported this specific product, which may contribute to the unusual profile but does not inherently indicate risk.",benign_outlier,FALSE_POSITIVE,"The low anomaly scores and normal price level suggest that this transaction does not present a genuine risk, particularly as it is the first time the trader is importing this product.",high,Monitor future transactions from this trader for consistency in pricing and product mix.
2020-2601-1-10558-1,2020-2601-1-10558,2020-01-20,2020,2020-01,102211000,102211000000,102211,10,"Live cattle, pure-bred breeding","Live cattle, pure-bred breeding",CR_HASH_004,Import,IM,JP,DE,BH,JP,DE,BH,JP,NMB,0.54,117678.87037037036,price_per_item,63546.59,169006.88,0.54,1053.69,1256.51,11.675723253731292,10.013369334439131,0.6855679350518233,9.327801399387308,10.638440798004725,1.3106393986174147,7.361842301461186,12.604399895930843,False,1.635494165078634,1.635494165078634,NORMAL,2.0,0.0020964360587002,6.1675164908883415,79.19854023234907,1.0,0.0010482180293501,6.860663671448286,100.0,2.0,1.0,0.0,1.0,1.0,0.0,74.59927011617454,LOW,1,0.0,5.708508202589172,100.0,1.0,0.0,1,True,91.66666666666666,True,True,100.0,1.0,100.0,100.0,HIGH,1,HIGH,"HIGH (driven by pattern+cr_profile; price_level=NORMAL, pattern_level=LOW, cr_profile_level=HIGH)",1,"This transaction raises significant concerns due to the extremely high declared unit price of BHD 117,678.87 for live cattle, which is far above the peer median price of BHD 10.01. Additionally, the trader is using this product and partner for the first time, which contributes to a high CR Profile Score of 100.0, indicating a deviation from their usual trading behavior.",over_invoicing,TRUE_POSITIVE,"The combination of a high CR Profile Score and the first-time use of both the product and partner, along with the significant price discrepancy, indicates a genuine risk of over-invoicing.",high,Conduct a detailed investigation into the trader's past transactions and the legitimacy of the pricing for this import.
2020-2501-8-10576-1,2020-2501-8-10576,2020-01-21,2020,2020-01,9018390000,901839000000,901839,90,Medical syringes and needles,Medical syringes and needles,CR_HASH_037,Import,IM,IN,IN,BH,IN,IN,BH,IN,NMB,2.03,0.3152709359605912,price_per_item,0.64,1.7,2.03,41.25,44.69,0.2740426793584622,1.1592369104845446,0.5792846449150362,0.6041021775947832,1.748109664393657,1.1440074867988734,-1.111909052603527,3.464120894591967,False,-1.030676946950842,1.030676946950842,NORMAL,6.0,0.0062893081761006,5.068904202220232,46.22900654036249,6.0,0.0062893081761006,5.068904202220232,41.148094458851695,3.0,2.0,1.0,3.0,1.5,31.818181818181824,42.28906360350661,NORMAL,0,0.0,-0.9126115749738823,22.81528937434706,1.0,0.0,1,True,91.66666666666666,True,True,100.0,1.0,100.0,82.98535128102148,MEDIUM,1,LOW,"LOW (driven by cr_profile; price_level=NORMAL, pattern_level=NORMAL, cr_profile_level=MEDIUM)",1,"The transaction involves the import of medical syringes and needles from India, which is consistent with the declared goods description. The price level is normal, and while the CR profile indicates some deviation due to it being a first-time product and partner, the overall anomaly score is low, suggesting this may be a benign outlier rather than a genuine risk.",benign_outlier,FALSE_POSITIVE,"The price is within a normal range, and the trade pattern does not indicate any unusual behavior despite the first-time flags, which often occur without indicating risk.",high,Monitor future transactions from this trader for consistency in pricing and partner usage.
2020-2601-6-10709-1,2020-2601-6-10709,2020-01-21,2020,2020-01,9018390000,901839000000,901839,90,Medical syringes and needles,Medical syringes and needles,CR_HASH_033,Import,IM,IN,IN,BH,IN,IN,BH,IN,NMB,3.73,3.93029490616622,price_per_item,14.66,39.0,3.73,681.5,727.88,1.5953988049605057,1.1592369104845446,0.5792846449150362,0.6041021775947832,1.748109664393657,1.1440074867988734,-1.111909052603527,3.464120894591967,False,0.5078456162134074,0.5078456162134074,NORMAL,6.0,0.0062893081761006,5.068904202220232,46.22900654036249,6.0,0.0062893081761006,5.068904202220232,41.148094458851695,3.0,2.0,1.0,3.0,1.5,31.818181818181824,42.28906360350661,NORMAL,0,0.0,0.504530267181331,12.613256679533274,1.0,0.0,1,True,91.66666666666666,True,True,100.0,1.0,100.0,79.41463983783665,MEDIUM,1,LOW,"LOW (driven by cr_profile; price_level=NORMAL, pattern_level=NORMAL, cr_profile_level=MEDIUM)",1,"The transaction involves the import of medical syringes and needles from India, which is consistent with the declared goods description. The price level is normal, and while the CR profile indicates some deviation due to it being the first-time use of this product and partner, the overall anomaly score is low, suggesting this is likely a benign outlier rather than a genuine risk.",benign_outlier,FALSE_POSITIVE,"The transaction shows normal pricing and trade patterns, and the first-time nature of the product and partner does not indicate a significant risk given the overall low anomaly score.",high,Monitor future transactions from this trader for patterns but no immediate action is required.
2020-2801-1-10959-1,2020-2801-1-10959,2020-01-23,2020,2020-01,2710192100,271019210000,271019,27,Gas oils for diesel engines,Gas oils for diesel engines,CR_HASH_042,Import,IM,SA,US,BH,SA,US,BH,SA,LTR,4525.51,0.4673263344904773,price_per_liter_gross_weight,2114.89,5624.7,3.13,3956.82,4525.51,0.3834419246545513,0.2635559281187505,0.0710560088433533,0.1979668243457394,0.3363424368265587,0.1383756124808193,-0.0095965943754896,0.5439058555477878,False,1.1380036420608022,1.1380036420608022,NORMAL,7.0,0.0073375262054507,4.9147535223929735,41.6029195353019,1.0,0.0010482180293501,6.860663671448286,100.0,4.0,1.75,0.5,2.0,1.1428571428571428,9.090909090909088,57.165096131287314,LOW,1,0.0,1.109088103031666,27.727202575791647,1.0,0.0,1,True,91.66666666666666,True,True,100.0,1.0,100.0,84.70452090152708,MEDIUM,1,MEDIUM,"MEDIUM (driven by pattern+cr_profile; price_level=NORMAL, pattern_level=LOW, cr_profile_level=MEDIUM)",1,"This transaction is flagged due to a combination of a medium CR Profile Score and a low Trade Pattern Score, indicating unusual behavior for the trader. The trader is importing gas oils for the first time from a rare partner (US) and the route is also rare, which raises concerns about the legitimacy of the transaction despite the normal price level.",unusual_partner,TRUE_POSITIVE,"The combination of first-time use of a rare partner and the medium CR Profile Score suggests a genuine risk, warranting further investigation despite the normal pricing.",medium,Conduct a detailed review of the trader's history and the legitimacy of the transaction with the US partner.
2020-2501-1-10231-1,2020-2501-1-10231,2020-01-23,2020,2020-01,3923301000,392330100000,392330,39,Plastic bottles for packaging,Plastic bottles for packaging,CR_HASH_037,Re-export,EX,BH,BH,IN,BH,BH,IN,IN,NMB,0.56,4.4642857142857135,price_per_item,2.5,6.65,0.56,93.61,100.35,1.6982334112172317,2.008077055471865,0.7629623078147538,1.1201351912780924,2.51712417371907,1.3969889824409778,-0.9753482823833745,4.612607647380537,False,-0.2739148091481413,0.2739148091481413,NORMAL,2.0,0.0020964360587002,6.1675164908883415,79.19854023234907,2.0,0.0020964360587002,6.1675164908883415,77.23297513030472,2.0,1.0,0.0,1.0,1.0,0.0,66.6308114117812,LOW,1,0.0,-0.054197254763934,1.3549313690983509,1.0,0.0,1,True,91.66666666666666,False,True,66.66666666666667,1.0,100.0,57.14089264585109,LOW,1,LOW,"LOW (driven by pattern+cr_profile; price_level=NORMAL, pattern_level=LOW, cr_profile_level=LOW)",1,"The transaction shows a declared unit price of approximately 4.46 BHD for plastic bottles, which is significantly higher than the peer median price of 2.01 BHD, but the price anomaly is classified as NORMAL. The trade pattern indicates a high rarity for both the partner and route, suggesting this is an unusual transaction for the trader. However, the overall composite score is LOW, indicating that while there are some anomalies, they do not strongly suggest a genuine risk.",benign_outlier,FALSE_POSITIVE,"The price level is classified as NORMAL despite the high declared unit price, and the composite score is LOW, indicating that the anomalies do not present a significant risk at this time.",medium,Monitor future transactions from this trader for similar patterns.
2020-2601-5-10040-1,2020-2601-5-10040,2020-01-23,2020,2020-01,3923301000,392330100000,392330,39,Plastic bottles for packaging,Plastic bottles for packaging,CR_HASH_048,Import,IM,CN,CN,BH,CN,CN,BH,CN,NMB,2.39,1.3138075313807531,price_per_item,3.14,8.36,2.39,27.83,31.11,0.8388944495908242,1.6841288050356895,0.6442087840607709,1.0864174155799162,2.3469388358112164,1.2605214202313002,-0.8043647147670341,4.237720966158166,False,-0.8849658316455641,0.8849658316455641,NORMAL,28.0,0.0293501048218029,3.5284591612730827,0.0,21.0,0.0220125786163522,3.816141233724864,0.0,12.0,2.333333333333333,1.2309149097933274,5.0,2.142857142857143,72.72727272727273,10.90909090909091,NORMAL,0,0.0,-0.6556999456624897,16.39249864156224,1.0,0.0,1,True,91.66666666666666,True,True,100.0,1.0,100.0,80.73737452454678,MEDIUM,1,LOW,"LOW (driven by cr_profile; price_level=NORMAL, pattern_level=NORMAL, cr_profile_level=MEDIUM)",1,"The transaction shows a normal price level with a robust Z-score of -0.88, indicating no significant under-invoicing. However, the trader is using a first-time product and partner, which contributes to a medium CR profile level. Given the low final level and the context of the transaction, it appears to be a benign outlier rather than a genuine risk.",benign_outlier,FALSE_POSITIVE,"The price level is normal and the CR profile indicates a medium level of deviation, but the overall composite score is low, suggesting this is not a significant risk.",high,Monitor future transactions from this trader for consistency in product and partner usage.
2020-2601-7-10426-1,2020-2601-7-10426,2020-01-23,2020,2020-01,9018390000,901839000000,901839,90,Medical syringes and needles,Medical syringes and needles,CR_HASH_015,Re-export,EX,BH,BH,SA,BH,BH,SA,SA,NMB,2.08,1.4903846153846154,price_per_item,3.1,8.24,2.08,456.0,533.1,0.9124371625581652,1.4183722013465885,0.3403115864896454,0.9528936868330796,1.614923227688858,0.6620295408557785,-0.0401506244505881,2.6079675389725256,False,-1.0027531300895254,1.0027531300895254,NORMAL,6.0,0.0062893081761006,5.068904202220232,46.22900654036249,6.0,0.0062893081761006,5.068904202220232,41.148094458851695,6.0,1.0,0.0,1.0,1.0,0.0,37.51633633077934,NORMAL,0,0.0,-0.4632140968752343,11.580352421880855,1.0,0.0,1,True,91.66666666666666,True,True,100.0,1.0,100.0,79.0531233476583,MEDIUM,1,LOW,"LOW (driven by cr_profile; price_level=NORMAL, pattern_level=NORMAL, cr_profile_level=MEDIUM)",1,"The transaction involves a re-export of medical syringes and needles from Bahrain to Saudi Arabia, with a declared unit price that is slightly above the peer median price, indicating normal pricing behavior. However, the trader is flagged for first-time use of both the product and partner, which contributes to a medium CR profile level. Given the low final level and the context of the transaction, this flag appears to be a false positive.",benign_outlier,FALSE_POSITIVE,"The price level is normal and the trade pattern does not indicate any unusual behavior, while the first-time flags do not alone suggest a genuine risk.",high,Monitor future transactions from this trader for patterns but no immediate action is necessary.
2020-2801-7-10247-1,2020-2801-7-10247,2020-01-24,2020,2020-01,8471300000,847130000000,847130,84,Portable laptop computers,Portable laptop computers,CR_HASH_034,Import,IM,SA,SA,BH,SA,SA,BH,SA,NMB,4.66,744.2145922746781,price_per_item,3468.04,9223.5,4.66,21.53,24.31,6.613672220224762,8.71824987064452,0.6999612932513521,7.750041925937837,9.126895264901794,1.376853338963957,5.684761917491901,11.192175273347727,False,-2.0279952498735523,2.0279952498735523,LOW,12.0,0.0125786163522012,4.375757021660286,25.427546772711544,8.0,0.0083857442348008,4.781222129768451,31.698925390914116,7.0,1.7142857142857142,0.9511897312113418,3.0,1.75,47.727272727272734,30.96748818226662,NORMAL,0,0.0,-0.8818646192470447,22.04661548117612,1.0,0.0,1,True,91.66666666666666,True,True,0.0,0.0,0.0,37.71631541841164,LOW,1,LOW,"LOW (driven by price+cr_profile; price_level=LOW, pattern_level=NORMAL, cr_profile_level=LOW)",1,"The transaction shows a low declared unit price of approximately 744 BHD for portable laptop computers, which is significantly higher than the peer median price of about 8.72 BHD, indicating potential under-invoicing. However, the price anomaly is not strong enough to warrant a high risk classification, especially given that this is the first time the trader is importing this product and using this partner, which may explain the unusual pricing. The trade pattern appears normal, further supporting the likelihood of a false positive.",under_invoicing,FALSE_POSITIVE,"The low price anomaly is mitigated by the context of first-time trading and a normal trade pattern, suggesting that this may not represent a genuine risk but rather an initial pricing strategy by the trader.",medium,Monitor future transactions from this trader for consistency in pricing and product classification.
2020-2701-1-10076-1,2020-2701-1-10076,2020-01-25,2020,2020-01,102211000,102211000000,102211,10,"Live cattle, pure-bred breeding","Live cattle, pure-bred breeding",CR_HASH_009,Re-export,EX,BH,BH,CN,BH,BH,CN,CN,NMB,4.37,132.6521739130435,price_per_item,579.69,1541.74,4.37,5.39,6.32,4.895240708169392,9.549317841384951,0.6971436999939566,8.846103941045365,10.18755556601122,1.3414516249658544,6.833926503596584,12.19973300346,True,-4.502847863750947,4.502847863750947,MEDIUM,11.0,0.0115303983228511,4.462768398649916,28.038772365976683,11.0,0.0115303983228511,4.462768398649916,21.2390343034744,9.0,1.2222222222222223,0.4409585518440984,2.0,1.6363636363636362,40.49586776859504,27.52742835449364,NORMAL,0,0.0,-1.1283312489016784,28.20828122254196,1.0,0.0,1,True,91.66666666666666,True,True,100.0,1.0,100.0,84.87289842788968,MEDIUM,1,MEDIUM,"MEDIUM (driven by price+cr_profile; price_level=MEDIUM, pattern_level=NORMAL, cr_profile_level=MEDIUM)",1,"The transaction shows a significant under-invoicing with a robust Z-score of -4.50, indicating the declared unit price is far below the peer median price for live cattle. Additionally, this is the first time the trader has engaged in this specific re-export with this partner, raising concerns about the legitimacy of the transaction. Given the context of the date in 2020, the price anomaly suggests a potential risk of misclassification or under-invoicing.",under_invoicing,TRUE_POSITIVE,"The strong negative Z-score indicates a significant deviation from expected pricing norms, combined with the first-time use of this product and partner, suggests a genuine risk of under-invoicing.",high,Conduct a detailed investigation into the trader's previous transactions and verify the legitimacy of the declared price and quantity.
2020-2601-4-10530-1,2020-2601-4-10530,2020-01-25,2020,2020-01,8504400090,850440009000,850440,85,Static converters,Static converters,CR_HASH_018,Re-export,EX,BH,BH,SA,BH,BH,SA,SA,NMB,4.92,278.369918699187,price_per_item,1369.58,3642.5,4.92,353.04,390.51,5.632536777101084,7.211981005295417,0.7196345903205628,6.668983974826631,7.961818755725377,1.2928347808987457,4.729731803478512,9.901070927073494,False,-1.4803631611859729,1.4803631611859729,NORMAL,3.0,0.0031446540880503,5.762051382780177,67.03046630801344,3.0,0.0031446540880503,5.762051382780177,63.915119328547,3.0,1.0,0.0,1.0,1.0,0.0,55.88552491899817,LOW,1,0.0,-0.9989203844189832,24.973009610474584,1.0,0.0,1,True,91.66666666666666,True,True,0.0,0.0,0.0,38.7405533636661,LOW,1,LOW,"LOW (driven by pattern+cr_profile; price_level=NORMAL, pattern_level=LOW, cr_profile_level=LOW)",1,"The transaction shows a declared unit price significantly higher than the peer median price, but the price anomaly score is normal, indicating no under- or over-invoicing. Additionally, the trader is re-exporting static converters for the first time, which contributes to the low CR profile score. The overall low anomaly levels suggest that this transaction is likely a benign outlier rather than a genuine risk.",benign_outlier,FALSE_POSITIVE,"The price level is normal and the trade pattern shows no unusual spikes, while the CR profile indicates this is the first transaction of its kind for the trader, suggesting it may not reflect a genuine risk.",high,Monitor future transactions from this trader for consistency in pricing and product mix.
2020-2601-8-10863-1,2020-2601-8-10863,2020-01-25,2020,2020-01,8471300000,847130000000,847130,84,Portable laptop computers,Portable laptop computers,CR_HASH_017,Import,IM,CN,CN,BH,CN,CN,BH,CN,NMB,1.79,3089.2011173184355,price_per_item,5529.67,14706.58,1.79,505.99,542.28,8.035991454284577,8.71824987064452,0.6999612932513521,7.750041925937837,9.126895264901794,1.376853338963957,5.684761917491901,11.192175273347727,False,-0.6574320635250757,0.6574320635250757,NORMAL,21.0,0.0220125786163522,3.816141233724864,8.633385843315326,15.0,0.0157232704402515,4.152613470346076,11.051724646602178,10.0,2.1,1.449137674618944,5.0,2.380952380952381,87.87878787878789,21.36661472978661,NORMAL,0,0.0,-0.4872555055222015,12.18138763805504,1.0,0.0,1,True,91.66666666666666,True,True,100.0,1.0,100.0,79.26348567331927,MEDIUM,1,LOW,"LOW (driven by cr_profile; price_level=NORMAL, pattern_level=NORMAL, cr_profile_level=MEDIUM)",1,"The transaction shows a declared unit price of BHD 3089.20 for a portable laptop computer, which is significantly higher than the peer median price of BHD 8.72, indicating potential over-invoicing. However, the price anomaly score is negative, suggesting under-invoicing, and the price level is normal. Additionally, this is the first time the trader has imported this product and used this partner, which raises concerns about the legitimacy of the transaction.",over_invoicing,TRUE_POSITIVE,"The combination of a high declared unit price compared to the peer median and the first-time use of the product and partner indicates a potential risk of over-invoicing, warranting further investigation.",medium,Conduct a detailed review of the trader's previous transactions and request additional documentation to verify the pricing.
2020-2501-5-10650-1,2020-2501-5-10650,2020-01-25,2020,2020-01,1006301000,100630100000,100630,10,Long-grain milled rice,Long-grain milled rice,CR_HASH_013,Import,IM,AE,AE,BH,AE,AE,BH,AE,KGM,4010.59,0.507601126018865,price_per_kg,2035.78,5414.3,1.54,4010.59,4787.61,0.4105197293055398,0.3286983897813914,0.0676786910787625,0.270176176769005,0.3986012849866289,0.1284251082176239,0.0775385144425691,0.5912389473130648,False,0.8154374228781883,0.8154374228781883,NORMAL,10.0,0.010482180293501,4.558078578454241,30.899046383171186,7.0,0.0073375262054507,4.9147535223929735,36.08488067145304,8.0,1.25,0.4629100498862757,2.0,1.6,38.181818181818194,33.80650415386688,NORMAL,0,0.0,0.8596452183918821,21.49113045979705,1.0,0.0,1,True,91.66666666666666,True,True,100.0,1.0,100.0,82.52189566092898,MEDIUM,1,LOW,"LOW (driven by cr_profile; price_level=NORMAL, pattern_level=NORMAL, cr_profile_level=MEDIUM)",1,"The transaction shows a declared unit price of 0.51 BHD per kg for long-grain milled rice, which is within a normal price range despite a peer median price of 0.33 BHD. The CR Profile indicates this is the first time the trader has imported this product and used this partner, which contributes to the medium severity in the CR Profile dimension. However, the overall composite level is low, suggesting no significant risk.",benign_outlier,FALSE_POSITIVE,"The price level is normal and the trade pattern is consistent with the trader's history, indicating that this flagged transaction does not represent a genuine risk.",high,Monitor future transactions from this trader for consistency in product and partner usage.
2020-2701-6-10317-1,2020-2701-6-10317,2020-01-26,2020,2020-01,8703221000,870322100000,870322,87,Passenger cars 1000-1500cc,Passenger cars 1000-1500cc,CR_HASH_037,Re-export,EX,BH,BH,DE,BH,BH,DE,DE,NMB,2.94,32144.921768707485,price_per_item,94506.07,251345.93,2.94,31.4,35.26,10.378040871501646,12.004283802979176,0.6624296738554509,11.2719045323345,12.594725507248622,1.3228209749141229,9.287673069963317,14.578956969619806,False,-1.655852497611809,1.655852497611809,NORMAL,2.0,0.0020964360587002,6.1675164908883415,79.19854023234907,2.0,0.0020964360587002,6.1675164908883415,77.23297513030472,2.0,1.0,0.0,1.0,1.0,0.0,66.6308114117812,LOW,1,0.0,-1.017214225762046,25.43035564405115,1.0,0.0,1,True,91.66666666666666,False,True,80.0,1.0,100.0,68.9006244754179,LOW,1,LOW,"LOW (driven by pattern+cr_profile; price_level=NORMAL, pattern_level=LOW, cr_profile_level=LOW)",1,"The transaction involves the re-export of passenger cars from Bahrain to Germany, with a declared unit price that is significantly higher than the peer median price, but the price anomaly score is within normal limits. The trade pattern shows a high rarity score for both the partner and route, indicating that this combination is not commonly seen, which raises some suspicion. However, the low final level suggests that the anomalies are not strong enough to indicate a genuine risk.",unusual_partner,FALSE_POSITIVE,"The price level is normal and the final composite score is low, indicating that while there are some unusual aspects, they do not constitute a genuine risk at this time.",medium,Monitor future transactions from this trader for similar patterns.
2020-2501-8-10446-1,2020-2501-8-10446,2020-01-26,2020,2020-01,8471300000,847130000000,847130,84,Portable laptop computers,Portable laptop computers,CR_HASH_012,Import,IM,CN,CN,BH,CN,CN,BH,CN,NMB,3.78,665.2724867724868,price_per_item,2514.73,6688.11,3.78,253.61,284.99,6.501698726163757,8.71824987064452,0.6999612932513521,7.750041925937837,9.126895264901794,1.376853338963957,5.684761917491901,11.192175273347727,False,-2.1358941976848493,2.1358941976848493,LOW,21.0,0.0220125786163522,3.816141233724864,8.633385843315326,15.0,0.0157232704402515,4.152613470346076,11.051724646602178,10.0,2.1,1.449137674618944,5.0,2.380952380952381,87.87878787878789,21.36661472978661,NORMAL,0,0.0,-0.8901824733981183,22.25456183495296,1.0,0.0,1,True,91.66666666666666,False,True,0.0,1.0,100.0,47.78909664223353,LOW,1,LOW,"LOW (driven by price+cr_profile; price_level=LOW, pattern_level=NORMAL, cr_profile_level=LOW)",1,"The transaction shows a low declared unit price for portable laptop computers, with a robust Z-score indicating under-invoicing. However, the price level is low, and the trade pattern is normal, suggesting that this may not be a significant risk. Additionally, this is the first time the trader is importing this product, which could explain the pricing anomaly.",under_invoicing,FALSE_POSITIVE,"The low price anomaly is likely a result of the trader's inexperience with this product, as indicated by the first-time product flag, rather than a deliberate attempt to under-invoice.",medium,Monitor future transactions from this trader for similar patterns.
2020-2701-8-10509-1,2020-2701-8-10509,2020-01-27,2020,2020-01,9018390000,901839000000,901839,90,Medical syringes and needles,Medical syringes and needles,CR_HASH_025,Import,IM,AE,AE,BH,AE,AE,BH,AE,NMB,1.26,18.666666666666668,price_per_item,23.52,62.56,1.26,1183.58,1317.35,2.9789251552376097,1.1592369104845446,0.5792846449150362,0.6041021775947832,1.748109664393657,1.1440074867988734,-1.111909052603527,3.464120894591967,False,2.118756153797491,2.118756153797491,LOW,11.0,0.0115303983228511,4.462768398649916,28.038772365976683,10.0,0.010482180293501,4.558078578454241,24.369580448359905,6.0,1.8333333333333333,0.983192080250175,3.0,1.6363636363636365,40.495867768595055,28.623119505203565,NORMAL,0,0.0,6.235918739038388,100.0,1.0,0.0,1,True,91.66666666666666,True,True,0.0,0.0,0.0,65.0,LOW,1,LOW,"LOW (driven by price+cr_profile; price_level=LOW, pattern_level=NORMAL, cr_profile_level=LOW)",1,"The transaction shows a high declared unit price of 18.67 BHD for medical syringes, which is significantly above the peer median price of 1.16 BHD, resulting in a robust Z-score of 2.12. However, the price level is categorized as LOW, and the trade pattern appears normal with no unusual partners or routes. Additionally, this is the first time the trader is importing this product and using this partner, which may indicate a legitimate new business relationship rather than a risk.",over_invoicing,FALSE_POSITIVE,"The high unit price is anomalous compared to market peers, but the low price level and normal trade pattern suggest this may be a legitimate transaction rather than a risk. The first-time nature of the product and partner also supports the likelihood of a false positive.",medium,Monitor future transactions from this trader for consistency in pricing and product sourcing.
2020-2601-8-10133-1,2020-2601-8-10133,2020-01-27,2020,2020-01,6109100000,610910000000,610910,61,Cotton t-shirts,Cotton t-shirts,CR_HASH_033,Import,IM,JP,JP,BH,JP,JP,BH,JP,NMB,3.2,44.75937499999999,price_per_item,143.23,380.92,3.2,289.3,312.57,3.823396688761485,4.644105600231562,0.7882174659262975,3.892722458934984,5.444558727344917,1.5518362684099332,1.5649680563200845,7.772313129959818,False,-0.7022942283524871,0.7022942283524871,NORMAL,6.0,0.0062893081761006,5.068904202220232,46.22900654036249,2.0,0.0020964360587002,6.1675164908883415,77.23297513030472,4.0,1.5,1.0,3.0,2.0,63.63636363636365,59.69149911124244,LOW,1,0.0,-0.6213764639900713,15.534411599751785,1.0,0.0,1,True,91.66666666666666,True,True,100.0,1.0,100.0,80.43704405991312,MEDIUM,1,MEDIUM,"MEDIUM (driven by pattern+cr_profile; price_level=NORMAL, pattern_level=LOW, cr_profile_level=MEDIUM)",1,"This transaction is flagged due to a combination of a medium CR Profile Score and a low Trade Pattern Score, indicating unusual behavior for the trader. The declared unit price of 44.76 BHD for cotton t-shirts is significantly higher than the peer median price of 4.64 BHD, suggesting potential over-invoicing. However, the price anomaly is not severe enough to classify this as a strong risk, especially given the normal price level.",over_invoicing,TRUE_POSITIVE,"The combination of a high declared unit price compared to the peer median and the trader's unusual partner and product usage suggests a genuine risk of over-invoicing, warranting further investigation.",medium,Conduct a detailed review of the trader's past transactions and pricing for similar goods to assess consistency and legitimacy.
2020-2701-7-10334-1,2020-2701-7-10334,2020-01-28,2020,2020-01,6109100000,610910000000,610910,61,Cotton t-shirts,Cotton t-shirts,CR_HASH_010,Import,IM,JP,CN,BH,JP,CN,BH,JP,NMB,2.74,282.9452554744525,price_per_item,775.27,2061.9,2.74,1160.59,1330.69,5.648781457166245,4.644105600231562,0.7882174659262975,3.892722458934984,5.444558727344917,1.5518362684099332,1.5649680563200845,7.772313129959818,False,0.8597177949810069,0.8597177949810069,NORMAL,6.0,0.0062893081761006,5.068904202220232,46.22900654036249,1.0,0.0010482180293501,6.860663671448286,100.0,4.0,1.5,1.0,3.0,2.0,63.63636363636365,67.65995781563579,LOW,1,0.0,2.0622710241393767,51.55677560348442,1.0,0.0,1,True,91.66666666666666,True,True,100.0,1.0,100.0,93.04487146121954,HIGH,1,HIGH,"HIGH (driven by pattern+cr_profile; price_level=NORMAL, pattern_level=LOW, cr_profile_level=HIGH)",1,"This transaction is flagged as HIGH risk primarily due to the CR Profile dimension, which indicates that the trader is engaging in a first-time transaction with a new partner and product, leading to a high CR Profile Score. Additionally, the route rarity score is at 100, suggesting an unusual route from Japan to Bahrain. Despite the price level being normal, the combination of these factors raises concerns about the legitimacy of the transaction.",unusual_partner,TRUE_POSITIVE,"The high CR Profile Score and the first-time nature of the product and partner indicate a significant deviation from the trader's typical behavior, warranting further scrutiny.",high,Conduct a detailed investigation into the trader's history and the legitimacy of the new partner and product.
2020-2501-3-10787-1,2020-2501-3-10787,2020-01-28,2020,2020-01,9018390000,901839000000,901839,90,Medical syringes and needles,Medical syringes and needles,CR_HASH_025,Re-export,EX,BH,BH,IN,BH,BH,IN,IN,NMB,4.77,1.3836477987421385,price_per_item,6.6,17.55,4.77,168.25,179.66,0.8686320028621949,1.4183722013465885,0.3403115864896454,0.9528936868330796,1.614923227688858,0.6620295408557785,-0.0401506244505881,2.6079675389725256,False,-1.0895740806692598,1.0895740806692598,NORMAL,5.0,0.0052410901467505,5.251225759014186,51.700506150822136,5.0,0.0052410901467505,5.251225759014186,47.13660531805522,4.0,1.25,0.5,2.0,1.6,38.181818181818194,48.07533766400312,LOW,1,0.0,-0.4984187073690485,12.460467684226211,1.0,0.0,1,True,91.66666666666666,True,True,100.0,0.0,0.0,59.36116368947917,LOW,1,LOW,"LOW (driven by pattern+cr_profile; price_level=NORMAL, pattern_level=LOW, cr_profile_level=LOW)",1,"The transaction involves a re-export of medical syringes and needles from Bahrain to India, with a declared unit price that is within the normal range compared to peer median prices. However, the trader is using a first-time partner and product combination, which contributes to the low CR Profile Level. Given the context of the date in 2020, this transaction does not exhibit significant anomalies that would indicate a genuine risk.",benign_outlier,FALSE_POSITIVE,"The price level is normal, and while the trader is using a first-time partner and product, the overall signals do not indicate a significant risk, leading to a FALSE_POSITIVE classification.",high,Monitor future transactions from this trader for any patterns of concern.
2020-2601-7-10200-1,2020-2601-7-10200,2020-01-28,2020,2020-01,102211000,102211000000,102211,10,"Live cattle, pure-bred breeding","Live cattle, pure-bred breeding",CR_HASH_049,Import,IM,AE,AE,BH,AE,AE,BH,AE,NMB,0.78,212645.5128205128,price_per_item,165863.5,441126.34,0.78,1102.44,1284.96,12.267386501866447,10.013369334439131,0.6855679350518233,9.327801399387308,10.638440798004725,1.3106393986174147,7.361842301461186,12.604399895930843,False,2.21759751791252,2.21759751791252,LOW,11.0,0.0115303983228511,4.462768398649916,28.038772365976683,8.0,0.0083857442348008,4.781222129768451,31.698925390914116,8.0,1.375,0.7440238091428449,3.0,2.1818181818181817,75.20661157024794,36.39500180534547,NORMAL,0,0.0,11.50660603762208,100.0,1.0,0.0,1,True,91.66666666666666,True,True,100.0,1.0,100.0,100.0,HIGH,1,HIGH,"HIGH (driven by price+cr_profile; price_level=LOW, pattern_level=NORMAL, cr_profile_level=HIGH)",1,"This transaction is flagged due to an extremely high declared unit price of BHD 212,645.51 for live cattle, which is significantly above the peer median price of BHD 10.01, resulting in a robust Z-score of 2.22. Additionally, the trader's profile shows a complete deviation from their historical pricing and partner usage, indicating this is the first time they are importing this product and using this partner, which raises concerns about potential misclassification or over-invoicing.",over_invoicing,TRUE_POSITIVE,"The combination of a high CR Profile Score and the significant deviation in price compared to market norms strongly indicates a genuine risk of over-invoicing, warranting further scrutiny.",high,Conduct a detailed investigation into the trader's previous transactions and request supporting documentation for the pricing and sourcing of the cattle.
2020-2801-4-10887-1,2020-2801-4-10887,2020-01-29,2020,2020-01,8504400090,850440009000,850440,85,Static converters,Static converters,CR_HASH_024,Import,IM,JP,JP,BH,JP,JP,BH,JP,NMB,2.93,444.6587030716723,price_per_item,1302.85,3465.03,2.93,411.38,493.6,6.099553419325055,7.466827051260017,0.5715840105867187,6.914775863803976,8.032836322465545,1.11806045866157,5.23768517581162,9.7099270104579,False,-1.6134346191201236,1.6134346191201236,NORMAL,3.0,0.0031446540880503,5.762051382780177,67.03046630801344,3.0,0.0031446540880503,5.762051382780177,63.915119328547,3.0,1.0,0.0,1.0,1.0,0.0,55.88552491899817,LOW,1,0.0,-0.8394753237398,20.986883093495003,1.0,0.0,1,True,91.66666666666666,True,True,0.0,1.0,100.0,57.34540908272325,LOW,1,LOW,"LOW (driven by pattern+cr_profile; price_level=NORMAL, pattern_level=LOW, cr_profile_level=LOW)",1,"The transaction shows a declared unit price of 444.66 BHD for static converters, which is significantly higher than the peer median price of 7.47 BHD, indicating potential over-invoicing. However, the price anomaly score is within normal limits, and the trade pattern and CR profile levels are low, suggesting this may not be a genuine risk. The trader is also using a first-time product and partner, which adds to the uncertainty.",over_invoicing,FALSE_POSITIVE,"Despite the high declared unit price, the overall anomaly signals do not strongly indicate a genuine risk, particularly given the normal price level and low scores in trade pattern and CR profile dimensions.",medium,Monitor future transactions from this trader for consistency in pricing and product use.
2020-2801-9-10544-1,2020-2801-9-10544,2020-01-29,2020,2020-01,1006301000,100630100000,100630,10,Long-grain milled rice,Long-grain milled rice,CR_HASH_012,Import,IM,JP,JP,BH,JP,JP,BH,JP,KGM,1817.55,0.2970372204341008,price_per_kg,539.88,1435.86,1.08,1817.55,1940.89,0.2600826022503034,0.3286983897813914,0.0676786910787625,0.270176176769005,0.3986012849866289,0.1284251082176239,0.0775385144425691,0.5912389473130648,False,-0.6838299309020031,0.6838299309020031,NORMAL,7.0,0.0073375262054507,4.9147535223929735,41.6029195353019,6.0,0.0062893081761006,5.068904202220232,41.148094458851695,6.0,1.1666666666666667,0.408248290463863,2.0,1.7142857142857142,45.45454545454546,42.02147464643086,NORMAL,0,0.0,-0.6744972795187696,16.862431987969238,1.0,0.0,1,True,91.66666666666666,True,True,100.0,1.0,100.0,80.90185119578923,MEDIUM,1,LOW,"LOW (driven by cr_profile; price_level=NORMAL, pattern_level=NORMAL, cr_profile_level=MEDIUM)",1,"The transaction appears to be a first-time import of long-grain milled rice from Japan, which is consistent with the trader's profile. The price is within the normal range, and while the CR Profile Level is medium due to the first-time nature of the product and partner, there are no significant anomalies in price or trade patterns. The low final level indicates that the flagged signals do not suggest a genuine risk.",benign_outlier,FALSE_POSITIVE,"The price and trade pattern levels are normal, and the CR Profile Level is medium primarily due to first-time usage, which does not indicate a risk. Thus, this flag is likely a false positive.",high,Monitor future transactions from this trader for patterns but no immediate action is required.
2020-2801-2-10482-1,2020-2801-2-10482,2020-01-29,2020,2020-01,8517120000,851712000000,851712,85,Cellular telephones,Cellular telephones,CR_HASH_006,Import,IM,JP,JP,BH,JP,JP,BH,JP,NMB,2.47,12025.753036437249,price_per_item,29703.61,78998.96,2.47,295.93,326.38,9.394888867004608,9.1609472788485,0.7778458576033893,8.086449359029473,9.737226953131788,1.6507775941023135,5.610282967876002,12.213393344285258,False,0.2028569515748819,0.2028569515748819,NORMAL,5.0,0.0052410901467505,5.251225759014186,51.700506150822136,5.0,0.0052410901467505,5.251225759014186,47.13660531805522,5.0,1.0,0.0,1.0,1.0,0.0,42.3480649367304,NORMAL,0,0.0,0.3139457939331535,7.8486448483288385,1.0,0.0,1,True,91.66666666666666,True,True,100.0,1.0,100.0,77.7470256969151,MEDIUM,1,LOW,"LOW (driven by cr_profile; price_level=NORMAL, pattern_level=NORMAL, cr_profile_level=MEDIUM)",1,"The transaction shows a declared unit price of approximately BHD 12,025.75 for cellular telephones, which is significantly higher than the peer median price of BHD 9.16. However, the price anomaly score is low, indicating that this price is not anomalous in the context of the trader's history, despite being a first-time product and partner. The overall composite score is LOW, suggesting that while there are some unusual elements, they do not indicate a significant risk.",benign_outlier,FALSE_POSITIVE,"The price level is classified as NORMAL and the composite score is LOW, indicating that the flagged anomalies do not present a genuine risk at this time.",medium,Monitor future transactions from this trader for consistency in pricing and product selection.
2020-2701-8-10197-1,2020-2701-8-10197,2020-01-30,2020,2020-01,1006301000,100630100000,100630,10,Long-grain milled rice,Long-grain milled rice,CR_HASH_037,Re-export,EX,BH,BH,AE,BH,BH,AE,AE,KGM,4361.45,0.4399202100218964,price_per_kg,1918.69,5102.9,1.92,4361.45,5006.59,0.3645877023457183,0.2942812331971436,0.0786514342671003,0.2366195387420564,0.3954409430566458,0.1588214043145894,-0.0016125677298277,0.63367304952853,False,0.6029268787533866,0.6029268787533866,NORMAL,5.0,0.0052410901467505,5.251225759014186,51.700506150822136,5.0,0.0052410901467505,5.251225759014186,47.13660531805522,4.0,1.25,0.5,2.0,1.6,38.181818181818194,48.07533766400312,LOW,1,0.0,0.4316649240538058,10.791623101345149,1.0,0.0,1,True,91.66666666666666,False,True,83.33333333333334,1.0,100.0,64.61040141880414,LOW,1,LOW,"LOW (driven by pattern+cr_profile; price_level=NORMAL, pattern_level=LOW, cr_profile_level=LOW)",1,"The transaction involves a re-export of long-grain milled rice from Bahrain to the UAE, which is a common trade route. The price level is normal, and the robust Z-score indicates no significant price anomalies. However, the trader is using this product and partner combination for the first time, which contributes to a low CR Profile Level, suggesting some caution is warranted despite the overall low anomaly score.",other,FALSE_POSITIVE,"The transaction does not exhibit significant anomalies in price or trade patterns, and while it is the first time for this product and partner, the overall indicators suggest it is a benign outlier rather than a genuine risk.",medium,Monitor future transactions from this trader for similar product and partner combinations.
2020-2501-7-10235-1,2020-2501-7-10235,2020-01-30,2020,2020-01,102211000,102211000000,102211,10,"Live cattle, pure-bred breeding","Live cattle, pure-bred breeding",CR_HASH_007,Import,IM,CN,CN,BH,CN,CN,BH,CN,NMB,3.18,2857.317610062893,price_per_item,9086.27,24165.6,3.18,93.38,111.38,7.957988482498269,10.013369334439131,0.6855679350518233,9.327801399387308,10.638440798004725,1.3106393986174147,7.361842301461186,12.604399895930843,False,-2.0221707010472243,2.0221707010472243,LOW,18.0,0.0188679245283018,3.970291913552122,13.25947284837593,16.0,0.0167714884696016,4.088074949208505,8.931900521218806,10.0,1.8,0.7888106377466155,3.0,1.6666666666666663,42.42424242424242,16.11953797025091,NORMAL,0,0.0,-0.9221486283142164,23.05371570785541,1.0,0.0,1,True,91.66666666666666,True,True,0.0,0.0,0.0,38.06880049774939,LOW,1,LOW,"LOW (driven by price+cr_profile; price_level=LOW, pattern_level=NORMAL, cr_profile_level=LOW)",1,"The transaction shows a declared unit price of BHD 2857.32 for live cattle, which is significantly higher than the peer median price of BHD 10.01, resulting in a robust Z-score of -2.02 indicating potential under-invoicing. However, the price level is categorized as LOW, and the trade pattern and CR profile levels are both NORMAL and LOW respectively, suggesting that while the price is anomalous, it may not indicate a genuine risk given the context of the trader's history and the nature of the goods.",under_invoicing,FALSE_POSITIVE,"The high unit price is likely a false positive due to the trader's first-time use of this product and partner, combined with the overall LOW anomaly scores across dimensions indicating no strong evidence of risk.",medium,Monitor future transactions from this trader for similar patterns before taking further action.
2020-2801-5-10823-1,2020-2801-5-10823,2020-01-31,2020,2020-01,8471300000,847130000000,847130,84,Portable laptop computers,Portable laptop computers,CR_HASH_016,Re-export,EX,BH,BH,SA,BH,BH,SA,SA,NMB,3.79,14590.704485488126,price_per_item,55298.77,147071.2,3.79,89.75,103.78,9.588208460292163,9.057918359570245,1.044460022767316,7.958447179146432,9.968345476103028,2.009898296956594,4.943599733711541,12.983192921537915,False,0.3424504193383867,0.3424504193383867,NORMAL,3.0,0.0031446540880503,5.762051382780177,67.03046630801344,3.0,0.0031446540880503,5.762051382780177,63.915119328547,3.0,1.0,0.0,1.0,1.0,0.0,55.88552491899817,LOW,1,0.0,1.183721187686468,29.5930296921617,1.0,0.0,1,True,91.66666666666666,True,True,100.0,0.6666666666666667,66.66666666666667,78.69089372558993,MEDIUM,1,MEDIUM,"MEDIUM (driven by pattern+cr_profile; price_level=NORMAL, pattern_level=LOW, cr_profile_level=MEDIUM)",1,"This transaction is flagged due to a combination of a medium CR profile score and a low trade pattern score, indicating unusual behavior for this trader. The declared unit price of approximately 14,590 BHD for portable laptop computers is significantly higher than the peer median price of 9.06 BHD, suggesting potential misclassification or over-invoicing. However, the price anomaly is not severe, and the trade direction as a re-export adds complexity to the assessment.",misclassification,TRUE_POSITIVE,"The combination of a high declared unit price compared to the peer median and the trader's first-time use of this product and partner indicates a potential misclassification, warranting further investigation.",medium,Conduct a detailed review of the product specifications and pricing justification from the trader.
2020-2801-5-10458-1,2020-2801-5-10458,2020-02-01,2020,2020-02,8703221000,870322100000,870322,87,Passenger cars 1000-1500cc,Passenger cars 1000-1500cc,CR_HASH_031,Import,IM,IN,IN,BH,IN,IN,BH,IN,NMB,2.2,281871.9227272727,price_per_item,620118.23,1649250.62,2.2,228.47,272.02,12.549211619729965,12.339741490828857,0.5298577154310848,11.445675964067552,12.647064860424424,1.201388896356871,9.643592619532246,14.44914820495973,False,0.2666483137179962,0.2666483137179962,NORMAL,9.0,0.0094339622641509,4.663439094112067,34.06093261602687,7.0,0.0073375262054507,4.9147535223929735,36.08488067145304,6.0,1.5,0.8366600265340756,3.0,2.0,63.63636363636365,39.20562908847654,NORMAL,0,0.0,0.3432992933116464,8.58248233279116,1.0,0.0,1,True,91.66666666666666,True,True,100.0,1.0,100.0,78.00386881647691,MEDIUM,1,LOW,"LOW (driven by cr_profile; price_level=NORMAL, pattern_level=NORMAL, cr_profile_level=MEDIUM)",1,"The transaction shows a declared unit price of approximately BHD 281,872 for passenger cars, which is significantly higher than the peer median price of BHD 12.34, indicating potential over-invoicing. However, the price anomaly is not strong enough to classify this as a high risk, as the robust Z-score is within normal limits and the trade pattern is also classified as normal. Additionally, this is the first time the trader has used this product and partner, which may explain the unusual pricing without indicating a genuine risk.",over_invoicing,FALSE_POSITIVE,"The price level is classified as normal despite the high declared unit price, and the overall composite score is low, indicating that this transaction does not present a significant risk at this time.",medium,Monitor future transactions from this trader for consistency in pricing and product selection.
2020-2501-1-10553-1,2020-2501-1-10553,2020-02-02,2020,2020-02,9018390000,901839000000,901839,90,Medical syringes and needles,Medical syringes and needles,CR_HASH_029,Import,IM,SA,SA,BH,SA,SA,BH,SA,NMB,2.9,3.475862068965517,price_per_item,10.08,26.8,2.9,571.05,662.34,1.4986989742835155,1.1592369104845446,0.5792846449150362,0.6041021775947832,1.748109664393657,1.1440074867988734,-1.111909052603527,3.464120894591967,False,0.3952530543233069,0.3952530543233069,NORMAL,6.0,0.0062893081761006,5.068904202220232,46.22900654036249,5.0,0.0052410901467505,5.251225759014186,47.13660531805522,5.0,1.2,0.4472135954999579,2.0,1.6666666666666667,42.42424242424244,45.97595149513693,LOW,1,0.0,0.3406585565951839,8.516463914879598,1.0,0.0,1,True,91.66666666666666,True,True,100.0,1.0,100.0,77.98076237020786,MEDIUM,1,MEDIUM,"MEDIUM (driven by pattern+cr_profile; price_level=NORMAL, pattern_level=LOW, cr_profile_level=MEDIUM)",1,"The transaction shows a declared quantity of 2.9 medical syringes with a unit price of approximately 3.48 BHD, which is significantly higher than the peer median price of 1.16 BHD. However, the price anomaly is not strong enough to indicate under-invoicing, as the robust Z-score is within normal limits. The trader is also using this product and partner for the first time, which contributes to the medium risk level due to the unusual partner and product combination.",unusual_partner,TRUE_POSITIVE,"The combination of first-time usage of both the product and partner, along with a medium CR profile score, suggests a potential risk that warrants further investigation despite the price level being normal.",medium,Conduct a detailed review of the trader's previous import activities and verify the legitimacy of the supplier in Saudi Arabia.
2020-2501-4-10896-1,2020-2501-4-10896,2020-02-02,2020,2020-02,3923301000,392330100000,392330,39,Plastic bottles for packaging,Plastic bottles for packaging,CR_HASH_037,Import,IM,JP,JP,BH,JP,JP,BH,JP,NMB,4.07,8.32923832923833,price_per_item,33.9,90.16,4.07,794.62,848.24,2.2331533747892074,1.6841288050356895,0.6442087840607709,1.0864174155799162,2.3469388358112164,1.2605214202313002,-0.8043647147670341,4.237720966158166,False,0.5748322720626364,0.5748322720626364,NORMAL,4.0,0.0041928721174004,5.474369310328396,58.39708046469813,4.0,0.0041928721174004,5.474369310328396,54.46595026060942,4.0,1.0,0.0,1.0,1.0,0.0,48.26162282356236,LOW,1,0.0,0.6804113176075852,17.01028294018963,1.0,0.0,2,False,83.33333333333334,True,True,100.0,0.7142857142857143,71.42857142857143,65.23931331478066,LOW,1,LOW,"LOW (driven by pattern+cr_profile; price_level=NORMAL, pattern_level=LOW, cr_profile_level=LOW)",1,"The transaction shows a normal price level with a robust Z-score of 0.57, indicating no significant price anomalies. However, the trader is using a new partner for the first time, which raises a flag in the CR Profile dimension, but the overall composite score remains low due to the absence of strong evidence from any dimension. Given the context of the transaction in 2020, the price and trade patterns appear consistent with typical import activities.",unusual_partner,FALSE_POSITIVE,"The price is normal and the trade pattern is low, suggesting that while the partner is unusual, it does not indicate a significant risk on its own.",medium,Monitor future transactions from this trader with the new partner for any emerging patterns.
2020-2801-7-10927-1,2020-2801-7-10927,2020-02-03,2020,2020-02,2710192100,271019210000,271019,27,Gas oils for diesel engines,Gas oils for diesel engines,CR_HASH_013,Re-export,EX,BH,BH,IN,BH,BH,IN,IN,LTR,2540.84,0.1613757654948757,price_per_liter_gross_weight,410.03,1090.51,3.8,2380.28,2540.84,0.1496053071072038,0.2773855677315066,0.0779894680702432,0.1639690098991207,0.3324464187701956,0.1684774088710749,-0.0887471034074916,0.585162532076808,False,-1.1051056914117825,1.1051056914117825,NORMAL,2.0,0.0020964360587002,6.1675164908883415,79.19854023234907,2.0,0.0020964360587002,6.1675164908883415,77.23297513030472,2.0,1.0,0.0,1.0,1.0,0.0,66.6308114117812,LOW,1,0.0,-0.9378051801488904,23.44512950372226,1.0,0.0,1,True,91.66666666666666,True,True,100.0,1.0,100.0,83.20579532630279,MEDIUM,1,MEDIUM,"MEDIUM (driven by pattern+cr_profile; price_level=NORMAL, pattern_level=LOW, cr_profile_level=MEDIUM)",1,"This transaction involves a re-export of gas oils for diesel engines from Bahrain to India, which is flagged due to the trader's unusual partner and product combination, as indicated by the high partner rarity score and first-time flags. The price is within normal levels, and the declared unit price is significantly lower than the peer median price, suggesting potential under-invoicing, but the overall context does not strongly indicate a risk.",unusual_partner,FALSE_POSITIVE,"The combination of first-time product and partner, along with a normal price level, suggests this may be a benign outlier rather than a genuine risk, despite the flagged anomalies.",medium,Monitor future transactions from this trader for similar patterns.
2020-2601-8-10163-1,2020-2601-8-10163,2020-02-03,2020,2020-02,8703221000,870322100000,870322,87,Passenger cars 1000-1500cc,Passenger cars 1000-1500cc,CR_HASH_001,Re-export,EX,BH,BH,DE,BH,BH,DE,DE,NMB,1.79,399084.3687150838,price_per_item,714361.02,1899896.32,1.79,122.14,135.29,12.896930629665942,12.004283802979176,0.6624296738554509,11.2719045323345,12.594725507248622,1.3228209749141229,9.287673069963317,14.578956969619806,False,0.9088995554382562,0.9088995554382562,NORMAL,2.0,0.0020964360587002,6.1675164908883415,79.19854023234907,2.0,0.0020964360587002,6.1675164908883415,77.23297513030472,2.0,1.0,0.0,1.0,1.0,0.0,66.6308114117812,LOW,1,0.0,1.0179640360891629,25.44910090222907,1.0,0.0,1,True,91.66666666666666,True,True,100.0,1.0,100.0,83.90718531578017,MEDIUM,1,MEDIUM,"MEDIUM (driven by pattern+cr_profile; price_level=NORMAL, pattern_level=LOW, cr_profile_level=MEDIUM)",1,"The transaction shows a re-export of a passenger car with a declared unit price that is significantly higher than the peer median price, indicating a potential over-invoicing issue. However, the price anomaly is classified as NORMAL, and the trade pattern shows a high partner rarity and route rarity, suggesting that this is an unusual transaction for the trader. Given that this is the first time the trader has engaged in this specific product and partner combination, it raises concerns about the legitimacy of the transaction.",over_invoicing,TRUE_POSITIVE,"The combination of a high declared unit price compared to the peer median and the first-time use of this product and partner indicates a potential risk of over-invoicing, warranting further scrutiny.",medium,Conduct a detailed investigation into the trader's past transactions and the legitimacy of the declared unit price.
2020-2701-9-10475-1,2020-2701-9-10475,2020-02-03,2020,2020-02,102211000,102211000000,102211,10,"Live cattle, pure-bred breeding","Live cattle, pure-bred breeding",CR_HASH_047,Import,IM,AE,JP,BH,AE,JP,BH,AE,NMB,2.31,52495.718614718615,price_per_item,121265.11,322513.6,2.31,75.89,88.06,10.86850594404956,10.013369334439131,0.6855679350518233,9.327801399387308,10.638440798004725,1.3106393986174147,7.361842301461186,12.604399895930843,False,0.8413196005568407,0.8413196005568407,NORMAL,11.0,0.0115303983228511,4.462768398649916,28.038772365976683,1.0,0.0010482180293501,6.860663671448286,100.0,8.0,1.375,0.7440238091428449,3.0,2.1818181818181817,75.20661157024794,60.300377918525534,LOW,1,0.0,1.8735703206832293,46.83925801708074,1.0,0.0,1,True,91.66666666666666,True,True,100.0,1.0,100.0,91.39374030597826,HIGH,1,HIGH,"HIGH (driven by pattern+cr_profile; price_level=NORMAL, pattern_level=LOW, cr_profile_level=HIGH)",1,"This transaction is flagged due to a high CR Profile Score and unusual partner and route rarity, indicating that the trader has not previously engaged in this type of import. The declared unit price is significantly higher than the peer median price, but the price level is normal, suggesting that the price may not be the primary concern. Given the context of the transaction in 2020 and the nature of the goods, this may reflect a legitimate business activity rather than a risk.",unusual_partner,FALSE_POSITIVE,"The high CR Profile Score indicates that while this transaction is unusual for the trader, the price level is normal and does not suggest under- or over-invoicing, making it likely a false positive.",medium,Monitor future transactions from this trader for patterns of behavior.
2020-2801-9-10740-1,2020-2801-9-10740,2020-02-04,2020,2020-02,8703221000,870322100000,870322,87,Passenger cars 1000-1500cc,Passenger cars 1000-1500cc,CR_HASH_034,Import,IM,SA,CN,BH,SA,CN,BH,SA,NMB,3.19,143055.04388714736,price_per_item,456345.59,1213685.08,3.19,98.19,107.24,11.870991747758042,12.339741490828857,0.5298577154310848,11.445675964067552,12.647064860424424,1.201388896356871,9.643592619532246,14.44914820495973,False,-0.5967023995320389,0.5967023995320389,NORMAL,5.0,0.0052410901467505,5.251225759014186,51.700506150822136,1.0,0.0010482180293501,6.860663671448286,100.0,4.0,1.25,0.5,2.0,1.6,38.181818181818194,66.5775258026838,LOW,1,0.0,-0.4139866688594892,10.34966672148723,1.0,0.0,1,True,91.66666666666666,False,True,0.0,1.0,100.0,43.62238335252053,LOW,1,LOW,"LOW (driven by pattern+cr_profile; price_level=NORMAL, pattern_level=LOW, cr_profile_level=LOW)",1,"The transaction involves the import of passenger cars from China to Bahrain, which is a common trade route. The declared unit price is significantly higher than the peer median price, but the price anomaly is classified as NORMAL, indicating no under-invoicing or over-invoicing. Additionally, the CR Profile indicates this is a first-time product for the trader, which may explain the unusual price without indicating a risk.",benign_outlier,FALSE_POSITIVE,"The price level is normal and the trade pattern is low risk, suggesting that this transaction does not present a genuine risk despite the first-time nature of the product.",high,Monitor future transactions from this trader for consistency in pricing and product classification.
2020-2501-9-10172-1,2020-2501-9-10172,2020-02-05,2020,2020-02,3923301000,392330100000,392330,39,Plastic bottles for packaging,Plastic bottles for packaging,CR_HASH_036,Re-export,EX,BH,BH,AE,BH,BH,AE,AE,NMB,1.95,4.194871794871795,price_per_item,8.18,21.75,1.95,896.12,1052.25,1.6476719456849367,2.008077055471865,0.7629623078147538,1.1201351912780924,2.51712417371907,1.3969889824409778,-0.9753482823833745,4.612607647380537,False,-0.318613270576471,0.318613270576471,NORMAL,5.0,0.0052410901467505,5.251225759014186,51.700506150822136,5.0,0.0052410901467505,5.251225759014186,47.13660531805522,5.0,1.0,0.0,1.0,1.0,0.0,42.3480649367304,NORMAL,0,0.0,-0.1157835720523163,2.8945893013079087,1.0,0.0,1,True,91.66666666666666,True,True,100.0,1.0,100.0,76.01310625545777,MEDIUM,1,LOW,"LOW (driven by cr_profile; price_level=NORMAL, pattern_level=NORMAL, cr_profile_level=MEDIUM)",1,"The transaction involves a re-export of plastic bottles with a declared unit price that is normal compared to market peers. Although the CR Profile shows a medium level of deviation due to this being the first time the trader is using this product and partner, the overall anomaly score is low, indicating that the transaction is not significantly suspicious. The context of the transaction date in 2020 suggests that the pricing and trade patterns are consistent with typical market behavior.",benign_outlier,FALSE_POSITIVE,"The price level is normal and the trade pattern is not unusual, despite the medium CR profile score due to first-time usage, which does not indicate a genuine risk.",high,Monitor future transactions from this trader for any patterns of concern.
2020-2701-2-10233-1,2020-2701-2-10233,2020-02-06,2020,2020-02,8471300000,847130000000,847130,84,Portable laptop computers,Portable laptop computers,CR_HASH_046,Import,IM,US,US,BH,US,US,BH,US,NMB,1.02,7665.460784313725,price_per_item,7818.77,20794.59,1.02,195.4,221.67,8.944610351662647,8.71824987064452,0.6999612932513521,7.750041925937837,9.126895264901794,1.376853338963957,5.684761917491901,11.192175273347727,False,0.2181235651591632,0.2181235651591632,NORMAL,12.0,0.0125786163522012,4.375757021660286,25.427546772711544,10.0,0.010482180293501,4.558078578454241,24.369580448359905,9.0,1.3333333333333333,0.5,2.0,1.5,31.818181818181824,26.015853816009013,NORMAL,0,0.0,0.1856634953694503,4.641587384236258,1.0,0.0,1,True,91.66666666666666,True,True,100.0,1.0,100.0,76.62455558448269,MEDIUM,1,LOW,"LOW (driven by cr_profile; price_level=NORMAL, pattern_level=NORMAL, cr_profile_level=MEDIUM)",1,"The transaction involves the import of a portable laptop computer from the US, with a declared unit price of approximately 7665.46 BHD, which is significantly higher than the peer median price of 8.72 BHD. However, the price anomaly score is normal, and the trade pattern and price levels are also normal, indicating that the high price may not reflect a genuine risk. The trader is also engaging in a first-time transaction with this product and partner, which adds to the complexity but does not necessarily indicate wrongdoing.",benign_outlier,FALSE_POSITIVE,"The price level is normal despite the high declared unit price, and both trade pattern and CR profile levels are also normal, suggesting that this is likely a benign outlier rather than a genuine risk.",medium,Monitor future transactions from this trader for consistency in pricing and product selection.
2020-2701-7-10878-1,2020-2701-7-10878,2020-02-07,2020,2020-02,8517120000,851712000000,851712,85,Cellular telephones,Cellular telephones,CR_HASH_032,Import,IM,JP,JP,BH,JP,JP,BH,JP,NMB,0.71,96504.01408450706,price_per_item,68517.85,182228.33,0.71,651.0,754.28,11.477350245402176,9.1609472788485,0.7778458576033893,8.086449359029473,9.737226953131788,1.6507775941023135,5.610282967876002,12.213393344285258,False,2.0086144072020824,2.0086144072020824,LOW,5.0,0.0052410901467505,5.251225759014186,51.700506150822136,5.0,0.0052410901467505,5.251225759014186,47.13660531805522,5.0,1.0,0.0,1.0,1.0,0.0,42.3480649367304,NORMAL,0,0.0,9.663799532959674,100.0,1.0,0.0,1,True,91.66666666666666,True,True,100.0,1.0,100.0,100.0,HIGH,1,HIGH,"HIGH (driven by price+cr_profile; price_level=LOW, pattern_level=NORMAL, cr_profile_level=HIGH)",1,"This transaction is flagged due to an extremely high declared unit price of BHD 96,504.01 for a cellular telephone, which is significantly above the peer median price of BHD 9.16. Additionally, the trader has a CR Profile Score of 100, indicating unusual behavior as this is the first time they are importing this product and using this partner. The combination of high price severity and first-time flags suggests a genuine risk of over-invoicing.",over_invoicing,TRUE_POSITIVE,"The high declared unit price compared to the peer median and the trader's unusual profile strongly indicate a risk of over-invoicing, warranting further scrutiny.",high,Conduct a detailed investigation into the pricing justification and source of the cellular telephones.
2020-2601-2-10121-1,2020-2601-2-10121,2020-02-07,2020,2020-02,1006301000,100630100000,100630,10,Long-grain milled rice,Long-grain milled rice,CR_HASH_029,Re-export,EX,BH,BH,IN,BH,BH,IN,IN,KGM,3238.15,0.2331207633988542,price_per_kg,754.88,2007.65,4.88,3238.15,3569.85,0.2095481621264824,0.2942812331971436,0.0786514342671003,0.2366195387420564,0.3954409430566458,0.1588214043145894,-0.0016125677298277,0.63367304952853,False,-0.726645025507703,0.726645025507703,NORMAL,2.0,0.0020964360587002,6.1675164908883415,79.19854023234907,2.0,0.0020964360587002,6.1675164908883415,77.23297513030472,2.0,1.0,0.0,1.0,1.0,0.0,66.6308114117812,LOW,1,0.0,-1.1071673218751643,27.679183046879107,1.0,0.0,1,True,91.66666666666666,True,True,100.0,1.0,100.0,84.6877140664077,MEDIUM,1,MEDIUM,"MEDIUM (driven by pattern+cr_profile; price_level=NORMAL, pattern_level=LOW, cr_profile_level=MEDIUM)",1,"This transaction is flagged due to a combination of medium-level anomalies in the trade pattern and CR profile dimensions. The trader is re-exporting long-grain milled rice to India, which is unusual given the high partner rarity and first-time use of both the product and partner. However, the price is within the normal range, suggesting that the pricing is not a concern.",unusual_partner,TRUE_POSITIVE,"The high partner rarity and first-time use of both the product and partner indicate a potential risk, warranting further scrutiny despite the normal pricing.",medium,Conduct a deeper investigation into the trader's history and the legitimacy of the re-export to India.
2020-2601-8-10976-1,2020-2601-8-10976,2020-02-08,2020,2020-02,8703221000,870322100000,870322,87,Passenger cars 1000-1500cc,Passenger cars 1000-1500cc,CR_HASH_046,Import,IM,AE,AE,BH,AE,AE,BH,AE,NMB,1.39,706097.1223021583,price_per_item,981475.0,2610305.84,1.39,496.42,549.93,13.467509490248895,12.339741490828857,0.5298577154310848,11.445675964067552,12.647064860424424,1.201388896356871,9.643592619532246,14.44914820495973,False,1.4356101124683114,1.4356101124683114,NORMAL,7.0,0.0073375262054507,4.9147535223929735,41.6029195353019,6.0,0.0062893081761006,5.068904202220232,41.148094458851695,5.0,1.4,0.5477225575051661,2.0,1.4285714285714286,27.27272727272728,39.29420191915813,NORMAL,0,0.0,2.705216022034412,67.6304005508603,1.0,0.0,1,True,91.66666666666666,False,True,66.66666666666667,1.0,100.0,80.33730685946777,MEDIUM,1,LOW,"LOW (driven by cr_profile; price_level=NORMAL, pattern_level=NORMAL, cr_profile_level=MEDIUM)",1,"The transaction shows a declared unit price of BHD 706,097.12 for a passenger car, which is significantly higher than the peer median price of BHD 12.34, indicating potential over-invoicing. However, the price anomaly score is not extreme, and the trade pattern and price levels are normal, suggesting that this may be a benign outlier rather than a genuine risk. Additionally, this is the first time the trader is using this specific product and combination, which could explain the unusual pricing.",over_invoicing,FALSE_POSITIVE,"The price anomaly is significant but not extreme, and the overall composite score is low, indicating that the transaction may not pose a genuine risk despite the high unit price.",medium,Monitor future transactions from this trader for similar patterns before taking further action.
2020-2601-1-10510-1,2020-2601-1-10510,2020-02-09,2020,2020-02,3923301000,392330100000,392330,39,Plastic bottles for packaging,Plastic bottles for packaging,CR_HASH_044,Import,IM,SA,SA,BH,SA,SA,BH,SA,NMB,1.72,18.66860465116279,price_per_item,32.11,85.4,1.72,812.09,963.0,2.9790236919672552,1.6841288050356895,0.6442087840607709,1.0864174155799162,2.3469388358112164,1.2605214202313002,-0.8043647147670341,4.237720966158166,False,1.3557633136005809,1.3557633136005809,NORMAL,8.0,0.0083857442348008,4.781222129768451,37.59562069704717,6.0,0.0062893081761006,5.068904202220232,41.148094458851695,6.0,1.3333333333333333,0.5163977794943222,2.0,1.5,31.818181818181824,37.97237068184895,NORMAL,0,0.0,2.7956721588770237,69.89180397192558,1.0,0.0,1,True,91.66666666666666,True,True,100.0,1.0,100.0,99.46213139017397,HIGH,1,HIGH,"HIGH (driven by cr_profile; price_level=NORMAL, pattern_level=NORMAL, cr_profile_level=HIGH)",1,"This transaction is flagged due to a high CR Profile Score, indicating that the trader is engaging in a first-time import of plastic bottles from a partner that is also new to them. Despite the price being normal compared to peers, the unusual partner and product combination raises concerns about potential misclassification or intent to under-invoice. The context of the date in 2020 does not provide any additional anomalies.",unusual_partner,TRUE_POSITIVE,"The high CR Profile Score and the first-time nature of both the product and partner suggest a potential risk that warrants further investigation, despite the normal price level.",medium,Conduct a detailed review of the trader's past transactions and verify the legitimacy of the trading partner.
2020-2501-9-10947-1,2020-2501-9-10947,2020-02-10,2020,2020-02,8517120000,851712000000,851712,85,Cellular telephones,Cellular telephones,CR_HASH_043,Import,IM,AE,DE,BH,AE,DE,BH,AE,NMB,4.97,5148.136820925554,price_per_item,25586.24,68048.52,4.97,102.12,110.96,8.546584372022789,9.1609472788485,0.7778458576033893,8.086449359029473,9.737226953131788,1.6507775941023135,5.610282967876002,12.213393344285258,False,-0.532730359837449,0.532730359837449,NORMAL,11.0,0.0115303983228511,4.462768398649916,28.038772365976683,1.0,0.0010482180293501,6.860663671448286,100.0,7.0,1.5714285714285714,0.7867957924694431,3.0,1.9090909090909087,57.8512396694215,57.69707213340157,LOW,1,0.0,-0.4540490774543725,11.351226936359312,1.0,0.0,1,True,91.66666666666666,False,True,0.0,1.0,100.0,43.97292942772576,LOW,1,LOW,"LOW (driven by pattern+cr_profile; price_level=NORMAL, pattern_level=LOW, cr_profile_level=LOW)",1,"The transaction shows a high declared unit price for cellular telephones, significantly above the peer median price, but the price anomaly score is normal, indicating no under-invoicing. The trade pattern indicates a rare route from Germany to Bahrain, which could raise concerns, but the overall profile shows low severity across dimensions, suggesting this may be a benign outlier rather than a genuine risk.",benign_outlier,FALSE_POSITIVE,"The price level is normal and the trade pattern score is low, indicating that while the route is unusual, the overall transaction does not present strong evidence of risk.",medium,Monitor future transactions from this trader for consistency in pricing and trade patterns.
2020-2501-9-10632-1,2020-2501-9-10632,2020-02-10,2020,2020-02,8504400090,850440009000,850440,85,Static converters,Static converters,CR_HASH_025,Import,IM,CN,CN,BH,CN,CN,BH,CN,NMB,2.98,251.19798657718124,price_per_item,748.57,1990.88,2.98,179.55,197.74,5.530214440061922,7.466827051260017,0.5715840105867187,6.914775863803976,8.032836322465545,1.11806045866157,5.23768517581162,9.7099270104579,False,-2.2852761566897946,2.2852761566897946,LOW,19.0,0.0199161425576519,3.916224692281846,11.63690673320574,15.0,0.0157232704402515,4.152613470346076,11.051724646602178,9.0,2.111111111111111,0.9279607271383372,4.0,1.894736842105263,56.9377990430622,18.22722684937296,NORMAL,0,0.0,-0.9873471439342691,24.68367859835673,1.0,0.0,1,True,91.66666666666666,True,True,100.0,1.0,100.0,83.63928750942486,MEDIUM,1,MEDIUM,"MEDIUM (driven by price+cr_profile; price_level=LOW, pattern_level=NORMAL, cr_profile_level=MEDIUM)",1,"This transaction is flagged due to a low price level and a significant deviation from the trader's historical pricing, indicating potential under-invoicing. The declared unit price of 251.20 BHD is substantially higher than the peer median price of 7.47 BHD for static converters, which raises concerns about the legitimacy of the pricing. Additionally, this is the first time the trader has imported this product and used this partner, adding to the risk profile.",under_invoicing,TRUE_POSITIVE,"The significant discrepancy between the declared unit price and the peer median price, combined with the trader's first-time use of this product and partner, supports the conclusion of potential under-invoicing.",high,Conduct a detailed review of the trader's previous transactions and request supporting documentation for the pricing of the declared goods.
2020-2501-5-10471-1,2020-2501-5-10471,2020-02-10,2020,2020-02,6109100000,610910000000,610910,61,Cotton t-shirts,Cotton t-shirts,CR_HASH_046,Re-export,EX,BH,BH,US,BH,BH,US,US,NMB,1.41,15.46099290780142,price_per_item,21.8,57.98,1.41,197.62,223.34,2.800993515896269,4.610526181303967,0.7708500247178713,3.916293548711598,5.585818334387825,1.6695247856762268,1.412006370197258,8.090105512902165,False,-1.58333401135357,1.58333401135357,NORMAL,4.0,0.0041928721174004,5.474369310328396,58.39708046469813,4.0,0.0041928721174004,5.474369310328396,54.46595026060942,4.0,1.0,0.0,1.0,1.0,0.0,48.26162282356236,LOW,1,0.0,-0.8958228301660597,22.395570754151493,1.0,0.0,1,True,91.66666666666666,False,True,75.0,1.0,100.0,66.58844976395302,LOW,1,LOW,"LOW (driven by pattern+cr_profile; price_level=NORMAL, pattern_level=LOW, cr_profile_level=LOW)",1,"The transaction shows a declared unit price of 15.46 BHD for cotton t-shirts, which is significantly higher than the peer median price of 4.61 BHD, indicating potential over-invoicing. However, the price anomaly score is within the normal range, and the trade pattern and CR profile levels are low, suggesting that this may be a benign outlier rather than a genuine risk. Additionally, this is the first time the trader is using this product and combination, which could explain the unusual pricing.",over_invoicing,FALSE_POSITIVE,"The price level is normal despite the high declared unit price, and the low trade pattern and CR profile levels indicate that this transaction does not present a significant risk, suggesting it is likely a false positive.",medium,Monitor future transactions from this trader for consistency in pricing and product usage.
2020-2601-5-10431-1,2020-2601-5-10431,2020-02-10,2020,2020-02,6109100000,610910000000,610910,61,Cotton t-shirts,Cotton t-shirts,CR_HASH_018,Import,IM,US,US,BH,US,US,BH,US,NMB,1.67,1115.4790419161675,price_per_item,1862.85,4954.4,1.67,562.24,671.3,7.017935299869071,4.644105600231562,0.7882174659262975,3.892722458934984,5.444558727344917,1.5518362684099332,1.5649680563200845,7.772313129959818,False,2.031325447850854,2.031325447850854,LOW,13.0,0.0136268343815513,4.29571431398675,23.025452080470465,11.0,0.0115303983228511,4.462768398649916,21.2390343034744,10.0,1.3,0.4830458915396479,2.0,1.5384615384615383,34.26573426573426,24.08624818631141,NORMAL,0,0.0,10.382294637625463,100.0,1.0,0.0,1,True,91.66666666666666,True,True,100.0,1.0,100.0,100.0,HIGH,1,HIGH,"HIGH (driven by price+cr_profile; price_level=LOW, pattern_level=NORMAL, cr_profile_level=HIGH)",1,"This transaction is flagged due to a high CR Profile Score and a robust Z-score indicating significant deviation from the trader's historical pricing. The declared unit price of 1115.48 BHD for a cotton t-shirt is extraordinarily high compared to the peer median price of 4.64 BHD, suggesting potential over-invoicing. Additionally, this is the first time the trader has used this product and partner, which raises concerns about the legitimacy of the transaction.",over_invoicing,TRUE_POSITIVE,"The combination of a high CR Profile Score and a significant deviation in pricing from the peer median strongly indicates over-invoicing, warranting further scrutiny.",high,Conduct a detailed investigation into the trader's pricing history and the legitimacy of the transaction.
2020-2601-8-10045-1,2020-2601-8-10045,2020-02-11,2020,2020-02,8517120000,851712000000,851712,85,Cellular telephones,Cellular telephones,CR_HASH_013,Import,IM,US,US,BH,US,US,BH,US,NMB,1.59,155.83647798742138,price_per_item,247.78,658.98,1.59,6.35,7.47,5.055203721085668,9.1609472788485,0.7778458576033893,8.086449359029473,9.737226953131788,1.6507775941023135,5.610282967876002,12.213393344285258,True,-3.560199059263492,3.560199059263492,MEDIUM,13.0,0.0136268343815513,4.29571431398675,23.025452080470465,11.0,0.0115303983228511,4.462768398649916,21.2390343034744,8.0,1.625,1.0606601717798212,4.0,2.4615384615384617,93.00699300699304,32.89743699750022,NORMAL,0,0.0,-0.9818259404896906,24.545648512242263,1.0,0.0,2,False,83.33333333333334,True,True,100.0,0.8,80.0,69.59097697928479,LOW,1,MEDIUM,"MEDIUM (driven by price+cr_profile; price_level=MEDIUM, pattern_level=NORMAL, cr_profile_level=LOW)",1,"The transaction shows a significant under-invoicing with a robust Z-score of -3.56, indicating the declared unit price is much lower than the peer median price for cellular telephones. Additionally, the trader is using a new partner for this transaction, which raises concerns about the legitimacy of the pricing. Given the context of 2020, the price anomaly is particularly notable as the market for electronics was stable during this period.",under_invoicing,TRUE_POSITIVE,"The strong negative Z-score indicates significant under-invoicing, corroborated by the trader's unusual partner and the low CR profile score, which suggests a deviation from their typical trading behavior.",high,Conduct a detailed investigation into the trader's past transactions and the legitimacy of the pricing with the new partner.
2020-2701-5-10942-1,2020-2701-5-10942,2020-02-11,2020,2020-02,3923301000,392330100000,392330,39,Plastic bottles for packaging,Plastic bottles for packaging,CR_HASH_011,Import,IM,AE,AE,BH,AE,AE,BH,AE,NMB,2.37,9.649789029535864,price_per_item,22.87,60.83,2.37,157.57,175.96,2.3655400825259725,1.6841288050356895,0.6442087840607709,1.0864174155799162,2.3469388358112164,1.2605214202313002,-0.8043647147670341,4.237720966158166,False,0.713442010481778,0.713442010481778,NORMAL,13.0,0.0136268343815513,4.29571431398675,23.025452080470465,11.0,0.0115303983228511,4.462768398649916,21.2390343034744,7.0,1.8571428571428568,1.2149857925879115,4.0,2.1538461538461537,73.42657342657343,29.960374060437285,NORMAL,0,0.0,1.0834090066001807,27.08522516500452,1.0,0.0,1,True,91.66666666666666,True,True,100.0,1.0,100.0,84.47982880775157,MEDIUM,1,LOW,"LOW (driven by cr_profile; price_level=NORMAL, pattern_level=NORMAL, cr_profile_level=MEDIUM)",1,"The transaction shows a declared unit price of 9.65 BHD for plastic bottles, which is significantly higher than the peer median price of 1.68 BHD, indicating potential over-invoicing. However, the price anomaly score is normal, and the trade pattern is also typical for this trader, suggesting that the high price may be a benign outlier rather than a genuine risk. Additionally, this is the first time the trader has used this product and partner, which could explain the unusual pricing.",over_invoicing,FALSE_POSITIVE,"The price level is normal despite the high declared unit price, and the trade pattern does not indicate any unusual behavior, suggesting that this may not be a genuine risk.",medium,Monitor future transactions from this trader for consistency in pricing and product usage.
2020-2501-9-10522-1,2020-2501-9-10522,2020-02-12,2020,2020-02,2710192100,271019210000,271019,27,Gas oils for diesel engines,Gas oils for diesel engines,CR_HASH_024,Re-export,EX,BH,BH,SA,BH,BH,SA,SA,LTR,9506.84,0.3196750970879913,price_per_liter_gross_weight,3039.1,8082.72,1.56,8725.69,9506.84,0.2773855677315066,0.2773855677315066,0.0779894680702432,0.1639690098991207,0.3324464187701956,0.1684774088710749,-0.0887471034074916,0.585162532076808,False,0.0,0.0,NORMAL,4.0,0.0041928721174004,5.474369310328396,58.39708046469813,4.0,0.0041928721174004,5.474369310328396,54.46595026060942,4.0,1.0,0.0,1.0,1.0,0.0,48.26162282356236,LOW,1,0.0,0.1186163765660285,2.965409414150713,1.0,0.0,1,True,91.66666666666666,True,True,100.0,1.0,100.0,76.03789329495275,MEDIUM,1,MEDIUM,"MEDIUM (driven by pattern+cr_profile; price_level=NORMAL, pattern_level=LOW, cr_profile_level=MEDIUM)",1,"This transaction is flagged due to its medium composite score, primarily driven by the CR profile and trade pattern dimensions. The trader is re-exporting gas oils for diesel engines, which is consistent with their declared goods description, but both the partner and product are first-time occurrences for this trader, indicating a potential deviation from their usual trading behavior. However, the price level is normal and the declared unit price is reasonable compared to the peer median.",unusual_partner,TRUE_POSITIVE,"The combination of first-time product and partner raises concerns about the trader's usual practices, warranting further scrutiny despite the normal pricing.",medium,Conduct a deeper investigation into the trader's history and the legitimacy of the first-time partner involved in this transaction.
2020-2801-1-10078-1,2020-2801-1-10078,2020-02-13,2020,2020-02,2710192100,271019210000,271019,27,Gas oils for diesel engines,Gas oils for diesel engines,CR_HASH_045,Import,IM,DE,DE,BH,DE,DE,BH,DE,LTR,3856.64,0.3973899560238964,price_per_liter_gross_weight,1532.59,4076.03,4.89,3451.72,3856.64,0.334606179493305,0.2635559281187505,0.0710560088433533,0.1979668243457394,0.3363424368265587,0.1383756124808193,-0.0095965943754896,0.5439058555477878,False,0.6744361073850126,0.6744361073850126,NORMAL,4.0,0.0041928721174004,5.474369310328396,58.39708046469813,2.0,0.0020964360587002,6.1675164908883415,77.23297513030472,4.0,1.0,0.0,1.0,1.0,0.0,56.23008152795572,LOW,1,0.0,0.6395028689868679,15.987571724671698,1.0,0.0,1,True,91.66666666666666,True,True,0.0,0.0,0.0,35.595650103635094,LOW,1,LOW,"LOW (driven by pattern+cr_profile; price_level=NORMAL, pattern_level=LOW, cr_profile_level=LOW)",1,"The transaction shows a normal price level with a robust Z-score of 0.67, indicating no significant price anomaly. However, it is flagged due to the trader's first-time use of both the product and partner, which contributes to a low CR profile score. Given the context of the transaction date in 2020, the price appears reasonable for gas oils for diesel engines.",benign_outlier,FALSE_POSITIVE,"The price is normal and the trade pattern is not unusual, despite the first-time flags, which suggests this is likely a benign outlier rather than a genuine risk.",high,Monitor future transactions from this trader for consistency in product and partner usage.
2020-2601-3-10209-1,2020-2601-3-10209,2020-02-13,2020,2020-02,8517120000,851712000000,851712,85,Cellular telephones,Cellular telephones,CR_HASH_034,Import,IM,SA,US,BH,SA,US,BH,SA,NMB,3.15,20355.580952380955,price_per_item,64120.08,170532.12,3.15,91.2,97.96,9.921159526915396,9.1609472788485,0.7778458576033893,8.086449359029473,9.737226953131788,1.6507775941023135,5.610282967876002,12.213393344285258,False,0.659200189279013,0.659200189279013,NORMAL,6.0,0.0062893081761006,5.068904202220232,46.22900654036249,1.0,0.0010482180293501,6.860663671448286,100.0,4.0,1.5,1.0,3.0,2.0,63.63636363636365,67.65995781563579,LOW,1,0.0,1.2518638898344172,31.29659724586043,1.0,0.0,1,True,91.66666666666666,False,True,0.0,1.0,100.0,50.95380903605115,LOW,1,LOW,"LOW (driven by pattern+cr_profile; price_level=NORMAL, pattern_level=LOW, cr_profile_level=LOW)",1,"The transaction shows a high declared unit price for cellular telephones, significantly above the peer median price, but the price anomaly score is normal, indicating no under- or over-invoicing. The trade pattern shows a rare route from the US to Bahrain, which could be a legitimate business decision. However, the trader has a low profile score and is using this product and partner combination for the first time, suggesting a potential risk but not strong enough to classify as a genuine anomaly.",other,FALSE_POSITIVE,"The price level is normal and the trade pattern is low, indicating that while there are some unusual aspects, they do not constitute a significant risk at this time.",medium,Monitor future transactions from this trader for similar patterns.
2020-2501-7-10358-1,2020-2501-7-10358,2020-02-14,2020,2020-02,1006301000,100630100000,100630,10,Long-grain milled rice,Long-grain milled rice,CR_HASH_019,Import,IM,JP,JP,BH,JP,JP,BH,JP,KGM,690.83,1.710797157042977,price_per_kg,1181.87,3143.28,4.64,690.83,809.82,0.9972427455272336,0.3286983897813914,0.0676786910787625,0.270176176769005,0.3986012849866289,0.1284251082176239,0.0775385144425691,0.5912389473130648,True,6.662761691505346,6.662761691505346,HIGH,7.0,0.0073375262054507,4.9147535223929735,41.6029195353019,6.0,0.0062893081761006,5.068904202220232,41.148094458851695,6.0,1.1666666666666667,0.408248290463863,2.0,1.7142857142857142,45.45454545454546,42.02147464643086,NORMAL,0,0.0,9.157803293064642,100.0,1.0,0.0,1,True,91.66666666666666,True,True,100.0,1.0,100.0,100.0,HIGH,1,HIGH,"HIGH (driven by price+cr_profile; price_level=HIGH, pattern_level=NORMAL, cr_profile_level=HIGH)",1,"The transaction is flagged due to an extremely high robust Z-score of 6.66, indicating significant over-invoicing compared to the peer median price of 0.33 BHD per kg for long-grain milled rice. Additionally, the trader's profile shows a complete deviation with a CR Profile Score of 100, indicating this is the first time the trader is importing this product from this partner, which raises concerns about the legitimacy of the transaction.",over_invoicing,TRUE_POSITIVE,"The combination of a high Z-score indicating over-invoicing and the trader's unusual profile suggests a genuine risk, warranting further scrutiny.",high,Conduct a detailed investigation into the trader's past transactions and verify the legitimacy of the pricing and sourcing of the rice.
2020-2701-7-10977-1,2020-2701-7-10977,2020-02-15,2020,2020-02,8517120000,851712000000,851712,85,Cellular telephones,Cellular telephones,CR_HASH_019,Import,IM,AE,AE,BH,AE,AE,BH,AE,NMB,4.22,8809.98104265403,price_per_item,37178.12,98877.99,4.22,755.5,805.69,9.083754068309998,9.1609472788485,0.7778458576033893,8.086449359029473,9.737226953131788,1.6507775941023135,5.610282967876002,12.213393344285258,False,-0.0669362788187506,0.0669362788187506,NORMAL,11.0,0.0115303983228511,4.462768398649916,28.038772365976683,9.0,0.0094339622641509,4.663439094112067,27.830238657093965,7.0,1.5714285714285714,0.7867957924694431,3.0,1.9090909090909087,57.8512396694215,32.437655663384454,NORMAL,0,0.0,-0.043553083208756,1.0888270802189004,1.0,0.0,1,True,91.66666666666666,True,True,100.0,1.0,100.0,75.38108947807662,MEDIUM,1,LOW,"LOW (driven by cr_profile; price_level=NORMAL, pattern_level=NORMAL, cr_profile_level=MEDIUM)",1,"The transaction shows a declared unit price of approximately 8809.98 BHD for cellular telephones, which is significantly higher than the peer median price of 9.16 BHD. However, the price anomaly score is normal, indicating that the pricing is consistent with market expectations. The trader is also flagged for first-time use of both the product and partner, which adds to the complexity of the transaction but does not necessarily indicate a risk.",benign_outlier,FALSE_POSITIVE,"The price level is normal despite the high declared unit price, and the trade pattern is also normal. The first-time flags suggest a need for monitoring but do not indicate a genuine risk at this time.",medium,Monitor future transactions from this trader for consistency in pricing and partner usage.
2020-2601-4-10208-1,2020-2601-4-10208,2020-02-15,2020,2020-02,3923301000,392330100000,392330,39,Plastic bottles for packaging,Plastic bottles for packaging,CR_HASH_028,Import,IM,AE,US,BH,AE,US,BH,AE,NMB,1.17,15.94017094017094,price_per_item,18.65,49.6,1.17,57.78,68.67,2.8296877800921774,1.6841288050356895,0.6442087840607709,1.0864174155799162,2.3469388358112164,1.2605214202313002,-0.8043647147670341,4.237720966158166,False,1.1994076489310823,1.1994076489310823,NORMAL,13.0,0.0136268343815513,4.29571431398675,23.025452080470465,1.0,0.0010482180293501,6.860663671448286,100.0,7.0,1.8571428571428568,1.2149857925879115,4.0,2.1538461538461537,73.42657342657343,57.52671205422125,LOW,1,0.0,2.386954389377462,59.67385973443656,1.0,0.0,1,True,91.66666666666666,True,True,100.0,1.0,100.0,95.8858509070528,HIGH,1,HIGH,"HIGH (driven by pattern+cr_profile; price_level=NORMAL, pattern_level=LOW, cr_profile_level=HIGH)",1,"This transaction is flagged due to a high CR Profile Score and unusual partner and product combination, as this is the first time the trader has imported plastic bottles from the US. The price level is normal, but the route rarity score is 100, indicating a highly unusual route. Given the context of the transaction date in 2020, it is important to scrutinize the legitimacy of this trade.",unusual_partner,TRUE_POSITIVE,"The combination of a high CR Profile Score and first-time use of both the product and partner suggests a genuine risk, despite the normal price level.",medium,Conduct a detailed review of the trader's past import activities and verify the legitimacy of the trading partner.
2020-2701-4-10898-1,2020-2701-4-10898,2020-02-16,2020,2020-02,1006301000,100630100000,100630,10,Long-grain milled rice,Long-grain milled rice,CR_HASH_007,Re-export,EX,BH,BH,JP,BH,BH,JP,JP,KGM,4395.81,0.2857607585405192,price_per_kg,1256.15,3340.82,0.83,4395.81,5121.26,0.2513505731591871,0.2942812331971436,0.0786514342671003,0.2366195387420564,0.3954409430566458,0.1588214043145894,-0.0016125677298277,0.63367304952853,False,-0.3681602727738832,0.3681602727738832,NORMAL,4.0,0.0041928721174004,5.474369310328396,58.39708046469813,4.0,0.0041928721174004,5.474369310328396,54.46595026060942,4.0,1.0,0.0,1.0,1.0,0.0,48.26162282356236,LOW,1,0.0,-0.7134771305511418,17.836928263778546,1.0,0.0,1,True,91.66666666666666,True,True,100.0,0.0,0.0,61.24292489232249,LOW,1,LOW,"LOW (driven by pattern+cr_profile; price_level=NORMAL, pattern_level=LOW, cr_profile_level=LOW)",1,"The transaction involves a re-export of long-grain milled rice from Bahrain to Japan, with a declared unit price that is within the normal range compared to peer prices. However, it is flagged due to the trader's unusual partner and product combination, as this is the first time the trader has engaged in this specific transaction. Given the low anomaly scores across dimensions, this flag is likely a false positive.",unusual_partner,FALSE_POSITIVE,"The price level is normal, and while the partner is unusual, the overall anomaly scores are low, indicating that this transaction does not pose a significant risk.",medium,Monitor future transactions from this trader for similar patterns.
2020-2501-1-10950-1,2020-2501-1-10950,2020-02-16,2020,2020-02,6109100000,610910000000,610910,61,Cotton t-shirts,Cotton t-shirts,CR_HASH_014,Import,IM,EG,EG,BH,EG,EG,BH,EG,NMB,1.99,120.8492462311558,price_per_item,240.49,639.6,1.99,371.51,391.66,4.802784594013147,4.644105600231562,0.7882174659262975,3.892722458934984,5.444558727344917,1.5518362684099332,1.5649680563200845,7.772313129959818,False,0.1357842469310758,0.1357842469310758,NORMAL,1.0,0.0010482180293501,6.860663671448286,100.0,1.0,0.0010482180293501,6.860663671448286,100.0,1.0,1.0,0.0,1.0,1.0,0.0,85.0,HIGH,1,0.0,0.2178461635855804,5.446154089639511,1.0,0.0,1,True,91.66666666666666,True,True,100.0,1.0,100.0,76.90615393137384,MEDIUM,1,HIGH,"HIGH (driven by pattern+cr_profile; price_level=NORMAL, pattern_level=HIGH, cr_profile_level=MEDIUM)",1,"This transaction is flagged due to a high Trade Pattern Score and CR Profile Level, indicating unusual trading behavior. The declared unit price of 120.85 BHD for a cotton t-shirt is significantly higher than the peer median price of 4.64 BHD, suggesting potential over-invoicing. Additionally, this is the first time the trader has imported this product and used this partner, which raises concerns about the legitimacy of the transaction.",over_invoicing,TRUE_POSITIVE,"The significant discrepancy between the declared unit price and the peer median price, combined with the high Trade Pattern Score and first-time flags, supports the conclusion that this transaction poses a genuine risk of over-invoicing.",high,Conduct a detailed investigation into the trader's past transactions and the legitimacy of the pricing for the cotton t-shirts.
2020-2701-3-10085-1,2020-2701-3-10085,2020-02-16,2020,2020-02,102211000,102211000000,102211,10,"Live cattle, pure-bred breeding","Live cattle, pure-bred breeding",CR_HASH_022,Re-export,EX,BH,BH,AE,BH,BH,AE,AE,NMB,4.67,306.3426124197002,price_per_item,1430.62,3804.84,4.67,124.41,138.26,5.727963126687697,9.549317841384951,0.6971436999939566,8.846103941045365,10.18755556601122,1.3414516249658544,6.833926503596584,12.19973300346,True,-3.6971838715145298,3.6971838715145298,MEDIUM,3.0,0.0031446540880503,5.762051382780177,67.03046630801344,3.0,0.0031446540880503,5.762051382780177,63.915119328547,3.0,1.0,0.0,1.0,1.0,0.0,55.88552491899817,LOW,1,0.0,-1.0634723403651922,26.586808509129806,1.0,0.0,1,True,91.66666666666666,True,True,0.0,0.0,0.0,39.30538297819543,LOW,1,MEDIUM,"MEDIUM (driven by price+pattern+cr_profile; price_level=MEDIUM, pattern_level=LOW, cr_profile_level=LOW)",1,"This transaction shows a significant under-invoicing anomaly with a robust Z-score of -3.69, indicating the declared unit price is much lower than the peer median price of 9.55 BHD. Additionally, the trader is engaging in a first-time re-export of live cattle, which raises concerns about the legitimacy of the transaction. The combination of low price and first-time partner/product suggests a potential risk of under-invoicing.",under_invoicing,TRUE_POSITIVE,"The significant negative Z-score indicates a clear pattern of under-invoicing, and the first-time nature of the product and partner adds to the risk, justifying a TRUE_POSITIVE classification.",high,Conduct a detailed investigation into the trader's past transactions and verify the legitimacy of the declared price and quantity.
2020-2701-7-10160-1,2020-2701-7-10160,2020-02-16,2020,2020-02,8471300000,847130000000,847130,84,Portable laptop computers,Portable laptop computers,CR_HASH_042,Re-export,EX,BH,BH,AE,BH,BH,AE,AE,NMB,0.66,36041.0,price_per_item,23787.06,63263.46,0.66,519.52,604.3,10.492440204078216,9.057918359570245,1.044460022767316,7.958447179146432,9.968345476103028,2.009898296956594,4.943599733711541,12.983192921537915,False,0.9263846459382415,0.9263846459382415,NORMAL,5.0,0.0052410901467505,5.251225759014186,51.700506150822136,5.0,0.0052410901467505,5.251225759014186,47.13660531805522,5.0,1.0,0.0,1.0,1.0,0.0,42.3480649367304,NORMAL,0,0.0,4.826309859137453,100.0,1.0,0.0,1,True,91.66666666666666,True,True,100.0,1.0,100.0,100.0,HIGH,1,HIGH,"HIGH (driven by cr_profile; price_level=NORMAL, pattern_level=NORMAL, cr_profile_level=HIGH)",1,"This transaction is flagged due to a high CR Profile Score, indicating that the trader is engaging in a first-time re-export of portable laptop computers, which is significantly outside their usual trading behavior. The declared unit price of 36,041 BHD is anomalously high compared to the peer median price of 9.06 BHD, suggesting potential over-invoicing. However, the price level is marked as normal, which indicates that the price anomaly may not be as severe as it appears.",over_invoicing,TRUE_POSITIVE,"The high CR Profile Score and first-time flags indicate unusual behavior for this trader, while the significant price discrepancy suggests potential over-invoicing, warranting further investigation.",medium,Conduct a detailed review of the trader's previous transactions and the legitimacy of the pricing for the laptops.
2020-2601-4-10678-1,2020-2601-4-10678,2020-02-16,2020,2020-02,2710192100,271019210000,271019,27,Gas oils for diesel engines,Gas oils for diesel engines,CR_HASH_020,Import,IM,JP,JP,BH,JP,JP,BH,JP,LTR,8937.04,0.530261697385264,price_per_liter_gross_weight,4738.97,12603.65,4.4,8240.53,8937.04,0.4254387648206358,0.2635559281187505,0.0710560088433533,0.1979668243457394,0.3363424368265587,0.1383756124808193,-0.0095965943754896,0.5439058555477878,False,1.536653679972258,1.536653679972258,NORMAL,7.0,0.0073375262054507,4.9147535223929735,41.6029195353019,5.0,0.0052410901467505,5.251225759014186,47.13660531805522,6.0,1.1666666666666667,0.408248290463863,2.0,1.7142857142857142,45.45454545454546,44.117453447152094,NORMAL,0,0.0,1.583697285460119,39.59243213650298,1.0,0.0,1,True,91.66666666666666,True,True,100.0,1.0,100.0,88.85735124777604,HIGH,1,HIGH,"HIGH (driven by cr_profile; price_level=NORMAL, pattern_level=NORMAL, cr_profile_level=HIGH)",1,"This transaction is flagged due to a high CR Profile Score, indicating significant deviation from the trader's historical behavior. The trader is importing gas oils for diesel engines for the first time, and both the product and partner are new to them, which raises concerns about potential misclassification or unusual trading behavior. However, the price level is normal and the trade pattern is also within expected ranges.",unusual_partner,TRUE_POSITIVE,"The high CR Profile Score and the fact that this is the first time the trader is using this product and partner suggest potential risks, warranting further investigation despite normal pricing and trade patterns.",medium,Conduct a detailed review of the trader's past transactions and verify the legitimacy of this new trading relationship.
2020-2501-2-10368-1,2020-2501-2-10368,2020-02-17,2020,2020-02,8517120000,851712000000,851712,85,Cellular telephones,Cellular telephones,CR_HASH_032,Import,IM,DE,DE,BH,DE,DE,BH,DE,NMB,2.4,2948.6625,price_per_item,7076.79,18821.25,2.4,235.54,252.94,7.98944603600925,9.1609472788485,0.7778458576033893,8.086449359029473,9.737226953131788,1.6507775941023135,5.610282967876002,12.213393344285258,False,-1.0158397776199433,1.0158397776199433,NORMAL,6.0,0.0062893081761006,5.068904202220232,46.22900654036249,5.0,0.0052410901467505,5.251225759014186,47.13660531805522,4.0,1.5,1.0,3.0,2.0,63.63636363636365,49.15776967695511,LOW,1,0.0,-0.6867242527040537,17.168106317601342,1.0,0.0,1,True,91.66666666666666,True,True,100.0,0.5,50.0,71.00883721116047,LOW,1,LOW,"LOW (driven by pattern+cr_profile; price_level=NORMAL, pattern_level=LOW, cr_profile_level=LOW)",1,"The transaction shows a declared unit price of BHD 2948.66 for cellular telephones, which is significantly higher than the peer median price of BHD 9.16, indicating potential over-invoicing. However, the price anomaly score is normal, and the trade pattern and CR profile levels are low, suggesting that this may be a benign outlier rather than a genuine risk. Additionally, this is the first time the trader has used this product and partner combination, which could explain the unusual pricing.",over_invoicing,FALSE_POSITIVE,"The price level is normal despite the high declared unit price, and the low trade pattern and CR profile levels indicate that this transaction is likely a benign outlier rather than a genuine risk.",medium,Monitor future transactions from this trader for consistency in pricing and product use.
2020-2501-8-10695-1,2020-2501-8-10695,2020-02-17,2020,2020-02,1006301000,100630100000,100630,10,Long-grain milled rice,Long-grain milled rice,CR_HASH_044,Re-export,EX,BH,BH,US,BH,BH,US,US,KGM,2152.49,1.76719984761834,price_per_kg,3803.88,10116.7,1.58,2152.49,2426.27,1.017835923573727,0.2942812331971436,0.0786514342671003,0.2366195387420564,0.3954409430566458,0.1588214043145894,-0.0016125677298277,0.63367304952853,True,6.204984781047993,6.204984781047993,HIGH,8.0,0.0083857442348008,4.781222129768451,37.59562069704717,8.0,0.0083857442348008,4.781222129768451,31.698925390914116,8.0,1.0,0.0,1.0,1.0,0.0,29.89243423534353,NORMAL,0,0.0,9.955555706729555,100.0,1.0,0.0,2,False,83.33333333333334,True,True,100.0,0.6666666666666667,66.66666666666667,93.33333333333334,HIGH,1,HIGH,"HIGH (driven by price+cr_profile; price_level=HIGH, pattern_level=NORMAL, cr_profile_level=HIGH)",1,"The transaction shows a significantly high declared unit price of 1.77 BHD per kg for long-grain milled rice, which is anomalous compared to the peer median price of 0.29 BHD per kg, resulting in a robust Z-score of 6.20. Additionally, the trader has a high CR Profile Score, indicating unusual behavior, particularly with a new trading partner. This combination suggests potential over-invoicing.",over_invoicing,TRUE_POSITIVE,"The high robust Z-score and the trader's unusual partner indicate a significant risk of over-invoicing, warranting further scrutiny.",high,Conduct a detailed investigation into the pricing justification and the relationship with the new trading partner in the US.
2020-2601-6-10470-1,2020-2601-6-10470,2020-02-18,2020,2020-02,8471300000,847130000000,847130,84,Portable laptop computers,Portable laptop computers,CR_HASH_001,Import,IM,TH,SA,BH,TH,SA,BH,TH,NMB,1.38,27564.65942028986,price_per_item,38039.23,101168.16,1.38,259.64,280.71,10.224326053113485,8.71824987064452,0.6999612932513521,7.750041925937837,9.126895264901794,1.376853338963957,5.684761917491901,11.192175273347727,False,1.4512723459671668,1.4512723459671668,NORMAL,2.0,0.0020964360587002,6.1675164908883415,79.19854023234907,1.0,0.0010482180293501,6.860663671448286,100.0,2.0,1.0,0.0,1.0,1.0,0.0,74.59927011617454,LOW,1,0.0,3.452149141304949,86.30372853262372,1.0,0.0,1,True,91.66666666666666,True,True,100.0,1.0,100.0,100.0,HIGH,1,HIGH,"HIGH (driven by pattern+cr_profile; price_level=NORMAL, pattern_level=LOW, cr_profile_level=HIGH)",1,"This transaction is flagged due to a high CR Profile Score and unusual partner and product usage, as this is the first time the trader has imported this specific product from this partner. The declared unit price is significantly higher than the peer median price, but the price anomaly score is within normal limits, suggesting potential misclassification or unusual trading behavior rather than outright fraud.",unusual_partner,TRUE_POSITIVE,"The combination of high CR Profile Score and first-time usage of both the product and partner indicates a potential risk that warrants further investigation, despite the price level being normal.",medium,Conduct a detailed review of the trader's history and the legitimacy of the trading partner.
2020-2501-8-10215-1,2020-2501-8-10215,2020-02-18,2020,2020-02,3923301000,392330100000,392330,39,Plastic bottles for packaging,Plastic bottles for packaging,CR_HASH_033,Import,IM,CN,CN,BH,CN,CN,BH,CN,NMB,0.86,44.593023255813954,price_per_item,38.35,102.0,0.86,170.04,198.29,3.819754706038824,1.6841288050356895,0.6442087840607709,1.0864174155799162,2.3469388358112164,1.2605214202313002,-0.8043647147670341,4.237720966158166,False,2.236014117729894,2.236014117729894,LOW,28.0,0.0293501048218029,3.5284591612730827,0.0,21.0,0.0220125786163522,3.816141233724864,0.0,12.0,2.333333333333333,1.2309149097933274,5.0,2.142857142857143,72.72727272727273,10.90909090909091,NORMAL,0,0.0,8.384111055936946,100.0,1.0,0.0,1,True,91.66666666666666,True,True,100.0,1.0,100.0,100.0,HIGH,1,HIGH,"HIGH (driven by price+cr_profile; price_level=LOW, pattern_level=NORMAL, cr_profile_level=HIGH)",1,"This transaction is flagged due to a high CR Profile Score and severe price anomaly, with a robust Z-score of 2.24 indicating potential over-invoicing. However, the declared unit price is significantly higher than the peer median price, suggesting a misclassification or unusual pricing strategy. The trader is also using this product and partner for the first time, which raises concerns about the legitimacy of the transaction.",over_invoicing,TRUE_POSITIVE,"The combination of a high CR Profile Score and a significant price anomaly indicates a genuine risk of over-invoicing, warranting further investigation.",high,Conduct a detailed audit of the trader's previous transactions and request additional documentation to justify the pricing.
2020-2801-8-10490-1,2020-2801-8-10490,2020-02-19,2020,2020-02,3923301000,392330100000,392330,39,Plastic bottles for packaging,Plastic bottles for packaging,CR_HASH_019,Re-export,EX,BH,BH,US,BH,BH,US,US,NMB,2.8,4.110714285714286,price_per_item,11.51,30.6,2.8,99.05,116.55,1.6313391763872014,2.008077055471865,0.7629623078147538,1.1201351912780924,2.51712417371907,1.3969889824409778,-0.9753482823833745,4.612607647380537,False,-0.3330521253601863,0.3330521253601863,NORMAL,6.0,0.0062893081761006,5.068904202220232,46.22900654036249,6.0,0.0062893081761006,5.068904202220232,41.148094458851695,6.0,1.0,0.0,1.0,1.0,0.0,37.51633633077934,NORMAL,0,0.0,-0.126417004025908,3.1604251006477004,1.0,0.0,1,True,91.66666666666666,True,True,100.0,1.0,100.0,76.1061487852267,MEDIUM,1,LOW,"LOW (driven by cr_profile; price_level=NORMAL, pattern_level=NORMAL, cr_profile_level=MEDIUM)",1,"The transaction shows a declared unit price of 4.11 BHD for plastic bottles, which is significantly higher than the peer median price of 2.01 BHD, but the price anomaly is not severe (Z-score of -0.33 indicates normal pricing). The trader is also engaging in a first-time re-export to the US, which may raise questions about the unusual partner and product combination, but overall, the composite score is LOW, suggesting no strong evidence of risk.",benign_outlier,FALSE_POSITIVE,"The price level is normal and the trade pattern does not indicate any unusual behavior, despite the first-time use of a product and partner. The overall composite score being LOW supports the conclusion that this is likely a benign outlier.",high,Monitor future transactions from this trader for consistency in pricing and product mix.
2020-2801-3-10072-1,2020-2801-3-10072,2020-02-19,2020,2020-02,8517120000,851712000000,851712,85,Cellular telephones,Cellular telephones,CR_HASH_020,Import,IM,DE,DE,BH,DE,DE,BH,DE,NMB,4.91,2436.556008146639,price_per_item,11963.49,31817.8,4.91,231.66,257.93,7.798751180309204,9.1609472788485,0.7778458576033893,8.086449359029473,9.737226953131788,1.6507775941023135,5.610282967876002,12.213393344285258,False,-1.18119634125287,1.18119634125287,NORMAL,6.0,0.0062893081761006,5.068904202220232,46.22900654036249,5.0,0.0052410901467505,5.251225759014186,47.13660531805522,4.0,1.5,1.0,3.0,2.0,63.63636363636365,49.15776967695511,LOW,1,0.0,-0.7433813047587734,18.58453261896933,1.0,0.0,1,True,91.66666666666666,True,True,100.0,1.0,100.0,81.50458641663927,MEDIUM,1,MEDIUM,"MEDIUM (driven by pattern+cr_profile; price_level=NORMAL, pattern_level=LOW, cr_profile_level=MEDIUM)",1,"This transaction is flagged due to the trader's unusual partner and product combination, as indicated by the high CR Partner Rarity score of 100 and the fact that this is the first time the trader has imported this product from this partner. However, the price level is normal, and the robust Z-score indicates no significant under-invoicing. Given the context of 2020, the price appears consistent with market expectations for cellular telephones.",unusual_partner,TRUE_POSITIVE,"The high rarity scores and first-time flags suggest a potential risk in the trading relationship, warranting closer scrutiny despite the normal price level.",medium,Conduct further investigation into the trader's history and the legitimacy of the trading partner.
2020-2801-5-10238-1,2020-2801-5-10238,2020-02-19,2020,2020-02,2710192100,271019210000,271019,27,Gas oils for diesel engines,Gas oils for diesel engines,CR_HASH_030,Re-export,EX,BH,BH,CN,BH,BH,CN,CN,LTR,4411.39,0.0561614366446856,price_per_liter_gross_weight,247.75,658.9,4.7,4186.07,4411.39,0.0546410492102822,0.2773855677315066,0.0779894680702432,0.1639690098991207,0.3324464187701956,0.1684774088710749,-0.0887471034074916,0.585162532076808,False,-1.9264026692849403,1.9264026692849403,NORMAL,10.0,0.010482180293501,4.558078578454241,30.899046383171186,10.0,0.010482180293501,4.558078578454241,24.369580448359905,7.0,1.4285714285714286,0.5345224838248488,2.0,1.4,25.454545454545453,27.797058166693372,NORMAL,0,0.0,-1.6507518974598705,41.26879743649676,1.0,0.0,1,True,91.66666666666666,True,True,100.0,1.0,100.0,89.44407910277387,HIGH,1,HIGH,"HIGH (driven by cr_profile; price_level=NORMAL, pattern_level=NORMAL, cr_profile_level=HIGH)",1,"This transaction is flagged due to a high CR Profile Score, indicating significant deviation from the trader's historical behavior, particularly as this is the first time the trader has engaged in re-exporting gas oils to China. Despite the price anomaly being within normal levels, the unusual partner and product combination raises concerns about potential misclassification or under-invoicing.",unusual_partner,TRUE_POSITIVE,"The high CR Profile Score and first-time flags suggest that this transaction deviates significantly from the trader's usual patterns, warranting further investigation despite the price being normal.",medium,Conduct a detailed review of the trader's past transactions and verify the legitimacy of the re-export to China.
2020-2601-2-10655-1,2020-2601-2-10655,2020-02-20,2020,2020-02,9018390000,901839000000,901839,90,Medical syringes and needles,Medical syringes and needles,CR_HASH_020,Import,IM,IN,IN,BH,IN,IN,BH,IN,NMB,1.11,81.29729729729729,price_per_item,90.24,240.0,1.11,777.59,930.37,4.410338267499773,1.1592369104845446,0.5792846449150362,0.6041021775947832,1.748109664393657,1.1440074867988734,-1.111909052603527,3.464120894591967,True,3.785423699173339,3.785423699173339,MEDIUM,6.0,0.0062893081761006,5.068904202220232,46.22900654036249,6.0,0.0062893081761006,5.068904202220232,41.148094458851695,3.0,2.0,1.0,3.0,1.5,31.818181818181824,42.28906360350661,NORMAL,0,0.0,29.918926413182632,100.0,1.0,0.0,1,True,91.66666666666666,True,True,100.0,1.0,100.0,100.0,HIGH,1,HIGH,"HIGH (driven by price+cr_profile; price_level=MEDIUM, pattern_level=NORMAL, cr_profile_level=HIGH)",1,"The transaction shows a significantly high declared unit price of 81.30 BHD for medical syringes, while the peer median price is only 1.16 BHD, resulting in a robust Z-score of 3.79, indicating potential over-invoicing. Additionally, the trader's profile shows a complete deviation from their typical trading behavior, as this is the first time they are importing this product and using this partner, which raises concerns about the legitimacy of the transaction.",over_invoicing,TRUE_POSITIVE,"The combination of a high robust Z-score indicating over-invoicing and the trader's unusual profile strongly supports the classification as a true positive risk, warranting further scrutiny.",high,Conduct a detailed investigation into the trader's past transactions and request additional documentation to justify the high unit price.
2020-2701-8-10073-1,2020-2701-8-10073,2020-02-20,2020,2020-02,102211000,102211000000,102211,10,"Live cattle, pure-bred breeding","Live cattle, pure-bred breeding",CR_HASH_021,Re-export,EX,BH,BH,CN,BH,BH,CN,CN,NMB,2.75,85064.16,price_per_item,233926.44,622144.8,2.75,364.17,392.01,11.351172830029064,9.549317841384951,0.6971436999939566,8.846103941045365,10.18755556601122,1.3414516249658544,6.833926503596584,12.19973300346,False,1.743305633785106,1.743305633785106,NORMAL,11.0,0.0115303983228511,4.462768398649916,28.038772365976683,11.0,0.0115303983228511,4.462768398649916,21.2390343034744,9.0,1.2222222222222223,0.4409585518440984,2.0,1.6363636363636362,40.49586776859504,27.52742835449364,NORMAL,0,0.0,4.001579122545427,100.0,1.0,0.0,1,True,91.66666666666666,False,True,50.0,0.5,50.0,77.5,MEDIUM,1,LOW,"LOW (driven by cr_profile; price_level=NORMAL, pattern_level=NORMAL, cr_profile_level=MEDIUM)",1,"The transaction involves a re-export of live cattle, which is consistent with the trader's profile, but the declared unit price of 85,064.16 BHD is significantly higher than the peer median price of 9.55 BHD, indicating potential over-invoicing. However, the price anomaly score is within normal limits, and the overall composite score is low, suggesting that this may not be a genuine risk despite the high unit price.",over_invoicing,FALSE_POSITIVE,"The price level is classified as normal, and the composite score is low, indicating that the high unit price may not reflect a genuine risk but rather a benign outlier in this context.",medium,Monitor future transactions from this trader for similar pricing patterns.
2020-2801-1-10495-1,2020-2801-1-10495,2020-02-22,2020,2020-02,8703221000,870322100000,870322,87,Passenger cars 1000-1500cc,Passenger cars 1000-1500cc,CR_HASH_007,Re-export,EX,BH,BH,IN,BH,BH,IN,IN,NMB,4.07,194794.7985257985,price_per_item,792814.83,2108550.08,4.07,164.54,196.88,12.179707101815255,12.004283802979176,0.6624296738554509,11.2719045323345,12.594725507248622,1.3228209749141229,9.287673069963317,14.578956969619806,False,0.1786172913619448,0.1786172913619448,NORMAL,4.0,0.0041928721174004,5.474369310328396,58.39708046469813,4.0,0.0041928721174004,5.474369310328396,54.46595026060942,4.0,1.0,0.0,1.0,1.0,0.0,48.26162282356236,LOW,1,0.0,-0.1489236931467706,3.7230923286692654,1.0,0.0,1,True,91.66666666666666,True,True,100.0,1.0,100.0,76.30308231503425,MEDIUM,1,MEDIUM,"MEDIUM (driven by pattern+cr_profile; price_level=NORMAL, pattern_level=LOW, cr_profile_level=MEDIUM)",1,"This transaction involves a re-export of passenger cars with a declared unit price significantly higher than the peer median price, but the price anomaly score is normal, indicating no under- or over-invoicing. The trader is using a first-time product and partner, which raises concerns about the unusual partner and profile deviation. However, the overall price level is normal, and the trade pattern score is low, suggesting that while there are some anomalies, they may not indicate a genuine risk.",unusual_partner,FALSE_POSITIVE,"The price level is normal, and the trade pattern score does not indicate significant risk, despite the first-time use of a product and partner. This suggests that the flag may be a false positive rather than a genuine risk.",medium,Monitor future transactions from this trader for consistency in product and partner usage.
2020-2701-3-10907-1,2020-2701-3-10907,2020-02-23,2020,2020-02,8703221000,870322100000,870322,87,Passenger cars 1000-1500cc,Passenger cars 1000-1500cc,CR_HASH_026,Re-export,EX,BH,BH,SA,BH,BH,SA,SA,NMB,2.35,345171.8978723404,price_per_item,811153.96,2157324.37,2.35,557.64,661.44,12.751800723731304,12.004283802979176,0.6624296738554509,11.2719045323345,12.594725507248622,1.3228209749141229,9.287673069963317,14.578956969619806,False,0.7611272192340357,0.7611272192340357,NORMAL,5.0,0.0052410901467505,5.251225759014186,51.700506150822136,5.0,0.0052410901467505,5.251225759014186,47.13660531805522,5.0,1.0,0.0,1.0,1.0,0.0,42.3480649367304,NORMAL,0,0.0,0.7026285967509686,17.565714918774216,1.0,0.0,1,True,91.66666666666666,True,True,100.0,1.0,100.0,81.14800022157098,MEDIUM,1,LOW,"LOW (driven by cr_profile; price_level=NORMAL, pattern_level=NORMAL, cr_profile_level=MEDIUM)",1,"This transaction involves a re-export of passenger cars with a declared unit price significantly higher than the peer median price, but the price anomaly is classified as NORMAL. The trader is also engaging in a first-time transaction with a new partner and product, which contributes to the medium CR profile score. However, the overall composite level is LOW, indicating that while there are some unusual aspects, they do not strongly indicate a genuine risk.",benign_outlier,FALSE_POSITIVE,"The price level is NORMAL despite the high declared unit price, and the trade pattern shows no significant anomalies, suggesting this is likely a benign outlier rather than a genuine risk.",medium,Monitor future transactions from this trader for patterns of behavior.
2020-2701-6-10749-1,2020-2701-6-10749,2020-02-24,2020,2020-02,8517120000,851712000000,851712,85,Cellular telephones,Cellular telephones,CR_HASH_038,Import,IM,DE,DE,BH,DE,DE,BH,DE,NMB,4.13,13016.845036319612,price_per_item,53759.57,142977.58,4.13,388.25,464.44,9.474076390260562,9.1609472788485,0.7778458576033893,8.086449359029473,9.737226953131788,1.6507775941023135,5.610282967876002,12.213393344285258,False,0.2715225518090265,0.2715225518090265,NORMAL,6.0,0.0062893081761006,5.068904202220232,46.22900654036249,5.0,0.0052410901467505,5.251225759014186,47.13660531805522,4.0,1.5,1.0,3.0,2.0,63.63636363636365,49.15776967695511,LOW,1,0.0,0.4143882464625286,10.359706161563215,1.0,0.0,1,True,91.66666666666666,True,True,100.0,1.0,100.0,78.62589715654713,MEDIUM,1,MEDIUM,"MEDIUM (driven by pattern+cr_profile; price_level=NORMAL, pattern_level=LOW, cr_profile_level=MEDIUM)",1,"This transaction is flagged due to the trader's unusual partner and product combination, as indicated by the high CR Partner Rarity score of 100 and the first-time use of both the product and partner. However, the price level is normal and the robust Z-score is low, suggesting that the pricing is consistent with market norms. The transaction appears to be a legitimate import of cellular telephones from Germany, despite the flagged anomalies.",unusual_partner,FALSE_POSITIVE,"The high rarity scores and first-time flags indicate an unusual partner, but the pricing and overall context do not suggest a genuine risk, making this a likely false positive.",medium,Monitor future transactions from this trader for patterns of unusual partner usage.
2020-2501-2-10098-1,2020-2501-2-10098,2020-02-24,2020,2020-02,8703221000,870322100000,870322,87,Passenger cars 1000-1500cc,Passenger cars 1000-1500cc,CR_HASH_047,Import,IM,CN,DE,BH,CN,DE,BH,CN,NMB,0.91,474892.021978022,price_per_item,432151.74,1149339.74,0.91,374.74,442.05,13.070844840763272,12.339741490828857,0.5298577154310848,11.445675964067552,12.647064860424424,1.201388896356871,9.643592619532246,14.44914820495973,False,0.9306695729662988,0.9306695729662988,NORMAL,20.0,0.020964360587002,3.864931397894296,10.097586615520235,1.0,0.0010482180293501,6.860663671448286,100.0,9.0,2.2222222222222223,1.3017082793177757,5.0,2.25,79.54545454545456,51.98061148957831,LOW,1,0.0,1.4176969010855696,35.44242252713924,1.0,0.0,1,True,91.66666666666666,True,True,100.0,1.0,100.0,87.40484788449874,HIGH,1,HIGH,"HIGH (driven by pattern+cr_profile; price_level=NORMAL, pattern_level=LOW, cr_profile_level=HIGH)",1,"This transaction is flagged due to a high CR Profile Score and unusual partner and route rarity, indicating that the trader has not previously engaged in such imports. The declared unit price is significantly higher than the peer median price, but the price level is marked as NORMAL, suggesting that the price anomaly is not the primary concern. The combination of a first-time product and partner raises suspicion about the legitimacy of this transaction.",unusual_partner,TRUE_POSITIVE,"The high CR Profile Score and the first-time use of both the product and partner indicate a significant deviation from the trader's typical behavior, warranting further scrutiny despite the normal price level.",high,Conduct a detailed investigation into the trader's business practices and verify the legitimacy of the transaction with additional documentation.
2020-2601-8-10436-1,2020-2601-8-10436,2020-02-24,2020,2020-02,9018390000,901839000000,901839,90,Medical syringes and needles,Medical syringes and needles,CR_HASH_023,Import,IM,SA,SA,BH,SA,SA,BH,SA,NMB,0.71,0.7183098591549296,price_per_item,0.51,1.36,0.71,43.12,47.52,0.5413411676919412,1.1592369104845446,0.5792846449150362,0.6041021775947832,1.748109664393657,1.1440074867988734,-1.111909052603527,3.464120894591967,False,-0.7194476368257009,0.7194476368257009,NORMAL,6.0,0.0062893081761006,5.068904202220232,46.22900654036249,5.0,0.0052410901467505,5.251225759014186,47.13660531805522,5.0,1.2,0.4472135954999579,2.0,1.6666666666666667,42.42424242424244,45.97595149513693,LOW,1,0.0,-0.7562531650607938,18.906329126519843,1.0,0.0,1,True,91.66666666666666,True,True,100.0,1.0,100.0,81.61721519428195,MEDIUM,1,MEDIUM,"MEDIUM (driven by pattern+cr_profile; price_level=NORMAL, pattern_level=LOW, cr_profile_level=MEDIUM)",1,"The transaction involves the import of medical syringes and needles from Saudi Arabia, which is a common trade route. However, the trader is flagged for using this product and partner for the first time, which raises concerns about potential misclassification or unusual trading behavior. The price level is normal, but the CR profile indicates a significant deviation from the trader's usual patterns, suggesting a need for further scrutiny.",unusual_partner,TRUE_POSITIVE,"The combination of first-time use of both the product and partner, alongside a medium CR profile score, indicates that this transaction may not align with the trader's historical behavior, warranting further investigation.",medium,Conduct a detailed review of the trader's past transactions and verify the legitimacy of this import.
2020-2801-1-10914-1,2020-2801-1-10914,2020-02-24,2020,2020-02,3923301000,392330100000,392330,39,Plastic bottles for packaging,Plastic bottles for packaging,CR_HASH_021,Re-export,EX,BH,BH,CN,BH,BH,CN,CN,NMB,0.68,44.04411764705882,price_per_item,29.95,79.65,0.68,704.4,808.87,3.807642401656668,2.008077055471865,0.7629623078147538,1.1201351912780924,2.51712417371907,1.3969889824409778,-0.9753482823833745,4.612607647380537,False,1.5908914302102806,1.5908914302102806,NORMAL,14.0,0.0146750524109014,4.221606341833028,20.80145976765095,14.0,0.0146750524109014,4.221606341833028,13.317855801757728,7.0,2.0,0.816496580927726,3.0,1.5,31.818181818181824,19.83470668716795,NORMAL,0,0.0,8.180211538805871,100.0,1.0,0.0,1,True,91.66666666666666,False,True,33.333333333333336,1.0,100.0,83.33333333333334,MEDIUM,1,LOW,"LOW (driven by cr_profile; price_level=NORMAL, pattern_level=NORMAL, cr_profile_level=MEDIUM)",1,"The transaction shows a high declared unit price of 44.04 BHD for plastic bottles, which is significantly above the peer median price of 2.01 BHD, indicating potential over-invoicing. However, the price anomaly score is within normal limits, and the trade pattern and CR profile levels are also normal, suggesting that this may be a benign outlier rather than a genuine risk. The trader is also using this product and partner combination for the first time, which adds to the uncertainty.",over_invoicing,FALSE_POSITIVE,"The price anomaly is not strong enough to indicate a genuine risk given the normal levels in other dimensions, suggesting this may be a one-off occurrence rather than a systemic issue.",medium,Monitor future transactions from this trader for similar patterns.
2020-2501-9-10664-1,2020-2501-9-10664,2020-02-25,2020,2020-02,8703221000,870322100000,870322,87,Passenger cars 1000-1500cc,Passenger cars 1000-1500cc,CR_HASH_007,Import,IM,IN,IN,BH,IN,IN,BH,IN,NMB,0.64,1134145.53125,price_per_item,725853.14,1930460.48,0.64,556.58,589.13,13.941390971191971,12.339741490828857,0.5298577154310848,11.445675964067552,12.647064860424424,1.201388896356871,9.643592619532246,14.44914820495973,False,2.0388450388921813,2.0388450388921813,LOW,9.0,0.0094339622641509,4.663439094112067,34.06093261602687,7.0,0.0073375262054507,4.9147535223929735,36.08488067145304,6.0,1.5,0.8366600265340756,3.0,2.0,63.63636363636365,39.20562908847654,NORMAL,0,0.0,4.815531233181998,100.0,1.0,0.0,1,True,91.66666666666666,False,False,66.66666666666667,0.6666666666666667,66.66666666666667,75.0,MEDIUM,1,MEDIUM,"MEDIUM (driven by price+cr_profile; price_level=LOW, pattern_level=NORMAL, cr_profile_level=MEDIUM)",1,"The transaction shows a significantly high declared unit price of BHD 1,134,145.53 for a passenger car, which is anomalous compared to the peer median price of BHD 12.34. The trader has a CR Price Severity of 100, indicating this price is highly unusual for them, and this is the first time they are importing this specific product. Given the context of the date and the substantial price discrepancy, this raises concerns about potential misclassification or over-invoicing.",over_invoicing,TRUE_POSITIVE,"The high unit price and the trader's historical pricing behavior strongly indicate a potential over-invoicing issue, warranting further investigation.",high,Conduct a detailed review of the invoice and supporting documents to verify the declared value and assess the legitimacy of the transaction.
2020-2701-9-10125-1,2020-2701-9-10125,2020-02-26,2020,2020-02,8517120000,851712000000,851712,85,Cellular telephones,Cellular telephones,CR_HASH_022,Re-export,EX,BH,BH,CN,BH,BH,CN,CN,NMB,2.48,8427.733870967742,price_per_item,20900.78,55587.18,2.48,254.19,282.5,9.039401846473506,8.864077348542533,0.8102493638708186,8.21372138236038,9.675589371385747,1.461867989025368,6.020919398822327,11.8683913549238,False,0.1459485919240639,0.1459485919240639,NORMAL,5.0,0.0052410901467505,5.251225759014186,51.700506150822136,5.0,0.0052410901467505,5.251225759014186,47.13660531805522,5.0,1.0,0.0,1.0,1.0,0.0,42.3480649367304,NORMAL,0,0.0,-0.0734146799247606,1.8353669981190155,1.0,0.0,1,True,91.66666666666666,True,True,100.0,1.0,100.0,75.64237844934166,MEDIUM,1,LOW,"LOW (driven by cr_profile; price_level=NORMAL, pattern_level=NORMAL, cr_profile_level=MEDIUM)",1,"The transaction shows a high declared unit price for cellular telephones at approximately 8427.73 BHD, which is significantly above the peer median price of 8.86 BHD. However, the price anomaly score is normal, indicating that this price may not be unusual in the context of the trader's history. Additionally, this is the first time the trader has used this product and partner, which raises some concern but does not provide enough evidence of a genuine risk.",benign_outlier,FALSE_POSITIVE,"The price level is normal and the trade pattern is also normal, suggesting that the high unit price may be an outlier rather than indicative of under-invoicing or other issues. The first-time use of the product and partner does not provide sufficient grounds for concern given the overall context.",medium,Monitor future transactions from this trader for similar patterns.
2020-2601-3-10165-1,2020-2601-3-10165,2020-02-26,2020,2020-02,9018390000,901839000000,901839,90,Medical syringes and needles,Medical syringes and needles,CR_HASH_033,Re-export,EX,BH,BH,IN,BH,BH,IN,IN,NMB,0.81,6.901234567901234,price_per_item,5.59,14.88,0.81,202.85,230.27,2.0670190216812787,1.4183722013465885,0.3403115864896454,0.9528936868330796,1.614923227688858,0.6620295408557785,-0.0401506244505881,2.6079675389725256,False,1.2856050274178246,1.2856050274178246,NORMAL,5.0,0.0052410901467505,5.251225759014186,51.700506150822136,5.0,0.0052410901467505,5.251225759014186,47.13660531805522,4.0,1.25,0.5,2.0,1.6,38.181818181818194,48.07533766400312,LOW,1,0.0,1.668214823363113,41.70537058407783,1.0,0.0,2,False,83.33333333333334,False,False,87.5,0.875,87.5,53.97187970442724,LOW,1,LOW,"LOW (driven by pattern+cr_profile; price_level=NORMAL, pattern_level=LOW, cr_profile_level=LOW)",1,"The transaction appears to be a benign outlier as the price level is normal and the declared unit price aligns with the peer median price. The trade pattern and CR profile scores are low, indicating that there is nothing particularly unusual about this re-export of medical syringes and needles from Bahrain to India. Given the context of the date in 2020, this aligns with typical trade practices for medical supplies.",benign_outlier,FALSE_POSITIVE,"The transaction's price and trade pattern metrics do not indicate any significant anomalies, suggesting that the flag is likely a false positive.",high,No further action required; monitor for future transactions.
2020-2601-8-10042-1,2020-2601-8-10042,2020-02-26,2020,2020-02,8471300000,847130000000,847130,84,Portable laptop computers,Portable laptop computers,CR_HASH_049,Re-export,EX,BH,BH,IN,BH,BH,IN,IN,NMB,4.17,2646.7242206235014,price_per_item,11036.84,29353.29,4.17,215.91,242.13,7.881455765343079,9.057918359570245,1.044460022767316,7.958447179146432,9.968345476103028,2.009898296956594,4.943599733711541,12.983192921537915,False,-0.7597352999434664,0.7597352999434664,NORMAL,3.0,0.0031446540880503,5.762051382780177,67.03046630801344,3.0,0.0031446540880503,5.762051382780177,63.915119328547,3.0,1.0,0.0,1.0,1.0,0.0,55.88552491899817,LOW,1,0.0,-0.5743157369885852,14.357893424714629,1.0,0.0,1,True,91.66666666666666,True,True,100.0,1.0,100.0,80.02526269865012,MEDIUM,1,MEDIUM,"MEDIUM (driven by pattern+cr_profile; price_level=NORMAL, pattern_level=LOW, cr_profile_level=MEDIUM)",1,"This transaction is flagged due to a combination of medium-level anomalies in the trade pattern and CR profile dimensions. The trader is re-exporting portable laptop computers to India, which is unusual for them as indicated by the high partner rarity score and the fact that this is the first time they are using this product and partner combination. However, the price level is normal, suggesting that the pricing is consistent with market expectations.",unusual_partner,TRUE_POSITIVE,"The combination of first-time use of a partner and high partner rarity indicates a potential risk, warranting further scrutiny despite the normal pricing.",medium,Conduct a deeper investigation into the trader's history and the legitimacy of the re-export to India.
2020-2801-3-10800-1,2020-2801-3-10800,2020-02-26,2020,2020-02,8471300000,847130000000,847130,84,Portable laptop computers,Portable laptop computers,CR_HASH_020,Import,IM,CN,CN,BH,CN,CN,BH,CN,NMB,2.59,5489.258687258688,price_per_item,14217.18,37811.65,2.59,635.64,712.86,8.610730653112729,8.71824987064452,0.6999612932513521,7.750041925937837,9.126895264901794,1.376853338963957,5.684761917491901,11.192175273347727,False,-0.1036067556742821,0.1036067556742821,NORMAL,21.0,0.0220125786163522,3.816141233724864,8.633385843315326,15.0,0.0157232704402515,4.152613470346076,11.051724646602178,10.0,2.1,1.449137674618944,5.0,2.380952380952381,87.87878787878789,21.36661472978661,NORMAL,0,0.0,-0.1628575253834968,4.071438134587421,1.0,0.0,1,True,91.66666666666666,True,True,100.0,1.0,100.0,76.4250033471056,MEDIUM,1,LOW,"LOW (driven by cr_profile; price_level=NORMAL, pattern_level=NORMAL, cr_profile_level=MEDIUM)",1,"The transaction shows a high declared unit price for portable laptop computers at BHD 5489.26, which is significantly above the peer median price of BHD 8.72. However, the price anomaly score is normal, and the trade pattern is also normal despite the trader's first-time use of this product and partner. Given the context of the date in 2020, this could reflect a legitimate high-value import rather than a misclassification or under-invoicing.",benign_outlier,FALSE_POSITIVE,"The price level is normal, and while the trader is using a new product and partner, there is no strong evidence of misclassification or under-invoicing, indicating this transaction is likely a legitimate high-value import.",high,Monitor future transactions from this trader for consistency in pricing and product types.
2020-2501-9-10629-1,2020-2501-9-10629,2020-02-28,2020,2020-02,8471300000,847130000000,847130,84,Portable laptop computers,Portable laptop computers,CR_HASH_014,Import,IM,IN,IN,BH,IN,IN,BH,IN,NMB,1.58,4066.879746835443,price_per_item,6425.67,17089.56,1.58,553.95,638.24,8.310877195973275,8.71824987064452,0.6999612932513521,7.750041925937837,9.126895264901794,1.376853338963957,5.684761917491901,11.192175273347727,False,-0.3925489986063448,0.3925489986063448,NORMAL,5.0,0.0052410901467505,5.251225759014186,51.700506150822136,3.0,0.0031446540880503,5.762051382780177,63.915119328547,5.0,1.0,0.0,1.0,1.0,0.0,48.22054484040252,LOW,1,0.0,-0.3644306365150869,9.110765912877172,1.0,0.0,1,True,91.66666666666666,True,True,100.0,1.0,100.0,78.188768069507,MEDIUM,1,MEDIUM,"MEDIUM (driven by pattern+cr_profile; price_level=NORMAL, pattern_level=LOW, cr_profile_level=MEDIUM)",1,"This transaction is flagged due to a combination of medium-level anomalies in the trade pattern and CR profile dimensions. The declared unit price of BHD 4066.88 for a portable laptop computer is significantly higher than the peer median price of BHD 8.72, indicating potential over-invoicing, but the price anomaly score is normal. Additionally, this is the first time the trader is importing this product and using this partner, which raises concerns about unusual trading behavior.",over_invoicing,TRUE_POSITIVE,The combination of a high declared unit price compared to the peer median and the trader's first-time use of this product and partner suggests a genuine risk of over-invoicing despite the normal price level signal.,medium,Conduct a detailed review of the trader's previous transactions and request additional documentation to justify the high unit price.
2020-2701-7-10716-1,2020-2701-7-10716,2020-02-29,2020,2020-02,8471300000,847130000000,847130,84,Portable laptop computers,Portable laptop computers,CR_HASH_029,Import,IM,CN,SA,BH,CN,SA,BH,CN,NMB,0.84,261336.4523809524,price_per_item,219522.62,583836.75,0.84,548.45,638.36,12.47356777220203,8.71824987064452,0.6999612932513521,7.750041925937837,9.126895264901794,1.376853338963957,5.684761917491901,11.192175273347727,True,3.618667557647389,3.618667557647389,MEDIUM,21.0,0.0220125786163522,3.816141233724864,8.633385843315326,1.0,0.0010482180293501,6.860663671448286,100.0,10.0,2.1,1.449137674618944,5.0,2.380952380952381,87.87878787878789,52.49851110347585,LOW,1,0.0,41.35058087643006,100.0,1.0,0.0,1,True,91.66666666666666,False,True,66.66666666666667,1.0,100.0,91.66666666666669,HIGH,1,HIGH,"HIGH (driven by price+pattern+cr_profile; price_level=MEDIUM, pattern_level=LOW, cr_profile_level=HIGH)",1,"The transaction shows a significantly high declared unit price of BHD 261,336.45 for portable laptop computers, which is anomalous compared to the peer median price of BHD 8.72. Additionally, the trade pattern indicates a rare route and a low trade pattern score, suggesting unusual trading behavior. The trader's profile also shows a high price severity, indicating this price is far from their historical norms.",over_invoicing,TRUE_POSITIVE,"The combination of a high robust Z-score, a significant deviation from the peer median price, and the trader's high price severity strongly indicates over-invoicing, warranting further scrutiny.",high,Conduct a detailed investigation into the trader's pricing practices and request supporting documentation for the declared unit price.
2020-2601-1-10503-1,2020-2601-1-10503,2020-02-29,2020,2020-02,102211000,102211000000,102211,10,"Live cattle, pure-bred breeding","Live cattle, pure-bred breeding",CR_HASH_017,Re-export,EX,BH,BH,SA,BH,BH,SA,SA,NMB,0.86,137245.36046511628,price_per_item,118031.01,313912.25,0.86,1007.04,1166.58,11.829532841461829,9.549317841384951,0.6971436999939566,8.846103941045365,10.18755556601122,1.3414516249658544,6.833926503596584,12.19973300346,False,2.20612184716739,2.20612184716739,LOW,5.0,0.0052410901467505,5.251225759014186,51.700506150822136,5.0,0.0052410901467505,5.251225759014186,47.13660531805522,4.0,1.25,0.5,2.0,1.6,38.181818181818194,48.07533766400312,LOW,1,0.0,7.094583029632256,100.0,1.0,0.0,1,True,91.66666666666666,False,True,50.0,0.5,50.0,77.5,MEDIUM,1,MEDIUM,"MEDIUM (driven by price+pattern+cr_profile; price_level=LOW, pattern_level=LOW, cr_profile_level=MEDIUM)",1,"The transaction involves a re-export of live cattle with a declared unit price significantly higher than the peer median price, indicated by a robust Z-score of 2.21. However, the price anomaly is classified as LOW, and the trade pattern and CR profile levels are also LOW and MEDIUM respectively, suggesting that while the price is unusual, it may not be indicative of a genuine risk given the context of the trader's history and the nature of the goods.",over_invoicing,FALSE_POSITIVE,"The high unit price is likely a false positive due to the trader's first-time use of this product and partner combination, combined with the overall LOW anomaly levels in price and trade pattern.",medium,Monitor future transactions from this trader for similar patterns.
2020-2801-4-10967-1,2020-2801-4-10967,2020-03-02,2020,2020-03,2710192100,271019210000,271019,27,Gas oils for diesel engines,Gas oils for diesel engines,CR_HASH_039,Re-export,EX,BH,BH,AE,BH,BH,AE,AE,LTR,17014.09,0.2438925619883284,price_per_liter_gross_weight,4149.61,11036.2,2.41,14723.1,17014.09,0.2182456256261689,0.2773855677315066,0.0779894680702432,0.1639690098991207,0.3324464187701956,0.1684774088710749,-0.0887471034074916,0.585162532076808,False,-0.5114709133559379,0.5114709133559379,NORMAL,8.0,0.0083857442348008,4.781222129768451,37.59562069704717,8.0,0.0083857442348008,4.781222129768451,31.698925390914116,6.0,1.3333333333333333,0.5163977794943222,2.0,1.5,31.818181818181824,34.6651615080708,NORMAL,0,0.0,-0.3950219922919589,9.875549807298974,1.0,0.0,1,True,91.66666666666666,True,True,100.0,1.0,100.0,78.45644243255464,MEDIUM,1,LOW,"LOW (driven by cr_profile; price_level=NORMAL, pattern_level=NORMAL, cr_profile_level=MEDIUM)",1,"The transaction involves the re-export of gas oils for diesel engines from Bahrain to the UAE, with a declared unit price that is within the normal range compared to peer prices. However, the trader is flagged for using this product and partner for the first time, which raises some concern about potential misclassification or unusual trading behavior. The overall anomaly score is low, indicating that while there are some unusual aspects, they do not strongly suggest a genuine risk.",other,FALSE_POSITIVE,"The price level is normal and the trade pattern is also within expected ranges, despite the first-time usage of the product and partner. This suggests that the flag is likely a false positive rather than a genuine risk.",medium,Monitor future transactions from this trader for consistency in product and partner usage.
2020-2501-8-10154-1,2020-2501-8-10154,2020-03-03,2020,2020-03,2710192100,271019210000,271019,27,Gas oils for diesel engines,Gas oils for diesel engines,CR_HASH_009,Import,IM,AE,AE,BH,AE,AE,BH,AE,LTR,4894.11,0.4937281752964278,price_per_liter_gross_weight,2416.36,6426.48,2.81,4294.29,4894.11,0.401275125910731,0.2635559281187505,0.0710560088433533,0.1979668243457394,0.3363424368265587,0.1383756124808193,-0.0095965943754896,0.5439058555477878,False,1.3072831956830262,1.3072831956830262,NORMAL,12.0,0.0125786163522012,4.375757021660286,25.427546772711544,10.0,0.010482180293501,4.558078578454241,24.369580448359905,7.0,1.7142857142857142,0.7559289460184544,3.0,1.75,47.727272727272734,28.40221745237265,NORMAL,0,0.0,1.3306740379858577,33.26685094964644,1.0,0.0,1,True,91.66666666666666,True,True,100.0,1.0,100.0,86.64339783237625,HIGH,1,HIGH,"HIGH (driven by cr_profile; price_level=NORMAL, pattern_level=NORMAL, cr_profile_level=HIGH)",1,"This transaction is flagged due to a high CR Profile Score, indicating significant deviation from the trader's historical behavior, particularly as this is the first time the trader has imported this product and used this partner. However, the price level is normal and the trade pattern is also normal, suggesting that while the trader's profile is unusual, the transaction itself does not exhibit clear signs of risk.",cr_profile_deviation,FALSE_POSITIVE,"The high CR Profile Score indicates a deviation from the trader's typical behavior, but the price and trade pattern levels are normal, suggesting this may be an isolated case rather than a genuine risk.",medium,Monitor future transactions from this trader for consistency in product and partner usage.
2020-2601-6-10371-1,2020-2601-6-10371,2020-03-04,2020,2020-03,1006301000,100630100000,100630,10,Long-grain milled rice,Long-grain milled rice,CR_HASH_041,Import,IM,IN,IN,BH,IN,IN,BH,IN,KGM,352.74,0.5376764755910869,price_per_kg,189.66,504.42,3.91,352.74,419.97,0.4302724949839672,0.3286983897813914,0.0676786910787625,0.270176176769005,0.3986012849866289,0.1284251082176239,0.0775385144425691,0.5912389473130648,False,1.012294922806795,1.012294922806795,NORMAL,5.0,0.0052410901467505,5.251225759014186,51.700506150822136,4.0,0.0041928721174004,5.474369310328396,54.46595026060942,4.0,1.25,0.5,2.0,1.6,38.181818181818194,50.64060839389709,LOW,1,0.0,1.1061490353339574,27.653725883348933,1.0,0.0,1,True,91.66666666666666,True,True,100.0,0.0,0.0,64.67880405917212,LOW,1,LOW,"LOW (driven by pattern+cr_profile; price_level=NORMAL, pattern_level=LOW, cr_profile_level=LOW)",1,"The transaction shows a declared unit price of BHD 0.54 for long-grain milled rice, which is within a normal price range based on the peer median price. However, the trader is flagged for using a first-time partner and product combination, which contributes to a low CR Profile Level. Given the context of the date and the normal price level, this flag appears to be a false positive.",benign_outlier,FALSE_POSITIVE,"The price is normal compared to peers, and while the first-time use of a product and partner is noted, it does not indicate a genuine risk given the overall context.",high,Monitor future transactions from this trader for consistency in product and partner usage.
2020-2601-7-10443-1,2020-2601-7-10443,2020-03-04,2020,2020-03,102211000,102211000000,102211,10,"Live cattle, pure-bred breeding","Live cattle, pure-bred breeding",CR_HASH_020,Import,IM,IN,AE,BH,IN,AE,BH,IN,NMB,1.7,56971.72941176471,price_per_item,96851.94,257584.96,1.7,732.29,811.55,10.950328000959331,10.013369334439131,0.6855679350518233,9.327801399387308,10.638440798004725,1.3106393986174147,7.361842301461186,12.604399895930843,False,0.9218196042549988,0.9218196042549988,NORMAL,7.0,0.0073375262054507,4.9147535223929735,41.6029195353019,1.0,0.0010482180293501,6.860663671448286,100.0,6.0,1.1666666666666667,0.408248290463863,2.0,1.7142857142857142,45.45454545454546,62.61964158583277,LOW,1,0.0,2.3165739820155498,57.91434955038874,1.0,0.0,2,False,83.33333333333334,False,True,80.0,0.8,80.0,66.27002234263605,LOW,1,LOW,"LOW (driven by pattern+cr_profile; price_level=NORMAL, pattern_level=LOW, cr_profile_level=LOW)",1,"The transaction involves the import of live cattle from India to Bahrain, with a declared unit price significantly higher than the peer median price, but the price anomaly is classified as NORMAL. The trade pattern shows a high route rarity score, indicating this is an unusual route, but the overall trade pattern score is low. The trader has a low CR profile level, indicating that this transaction does not align with their typical trading behavior, particularly as it is the first time they are using this product-partner combination.",unusual_route,TRUE_POSITIVE,"The unusual route combined with the trader's low profile level suggests a potential risk, warranting further investigation despite the price being classified as normal.",medium,Conduct a detailed review of the trader's past transactions and verify the legitimacy of this import with additional documentation.
2020-2601-7-10489-1,2020-2601-7-10489,2020-03-04,2020,2020-03,6109100000,610910000000,610910,61,Cotton t-shirts,Cotton t-shirts,CR_HASH_027,Import,IM,AE,AE,BH,AE,AE,BH,AE,NMB,2.0,233.345,price_per_item,466.69,1241.2,2.0,579.81,692.19,5.456794388531976,4.644105600231562,0.7882174659262975,3.892722458934984,5.444558727344917,1.5518362684099332,1.5649680563200845,7.772313129959818,False,0.6954312759292688,0.6954312759292688,NORMAL,10.0,0.010482180293501,4.558078578454241,30.899046383171186,9.0,0.0094339622641509,4.663439094112067,27.830238657093965,8.0,1.25,0.4629100498862757,2.0,1.6,38.181818181818194,30.91737944884121,NORMAL,0,0.0,1.3742756196662689,34.35689049165672,1.0,0.0,1,True,91.66666666666666,True,True,100.0,1.0,100.0,87.02491167207985,HIGH,1,HIGH,"HIGH (driven by cr_profile; price_level=NORMAL, pattern_level=NORMAL, cr_profile_level=HIGH)",1,"This transaction is flagged due to the trader's high CR Profile Score, indicating unusual behavior compared to their historical trading patterns. The declared unit price of 233.345 BHD for cotton t-shirts is significantly higher than the peer median price of 4.644 BHD, suggesting potential over-invoicing. Additionally, this is the first time the trader has imported this product and used this partner, which raises concerns about the legitimacy of the transaction.",over_invoicing,TRUE_POSITIVE,"The high unit price compared to the peer median and the trader's unusual profile behavior strongly indicate over-invoicing, warranting further investigation.",high,Conduct a detailed review of the trader's previous transactions and request additional documentation to justify the high unit price.
2020-2801-5-10050-1,2020-2801-5-10050,2020-03-04,2020,2020-03,8517120000,851712000000,851712,85,Cellular telephones,Cellular telephones,CR_HASH_044,Import,IM,DE,DE,BH,DE,DE,BH,DE,NMB,3.3,2355.490909090909,price_per_item,7773.12,20673.18,3.3,287.46,340.52,7.7649288885549055,9.1609472788485,0.7778458576033893,8.086449359029473,9.737226953131788,1.6507775941023135,5.610282967876002,12.213393344285258,False,-1.2105245468730483,1.2105245468730483,NORMAL,6.0,0.0062893081761006,5.068904202220232,46.22900654036249,5.0,0.0052410901467505,5.251225759014186,47.13660531805522,4.0,1.5,1.0,3.0,2.0,63.63636363636365,49.15776967695511,LOW,1,0.0,-0.755081267081924,18.8770316770481,1.0,0.0,1,True,91.66666666666666,True,True,100.0,1.0,100.0,81.60696108696683,MEDIUM,1,MEDIUM,"MEDIUM (driven by pattern+cr_profile; price_level=NORMAL, pattern_level=LOW, cr_profile_level=MEDIUM)",1,"This transaction shows a high declared unit price for cellular telephones at BHD 2355.49, which is significantly above the peer median price of BHD 9.16, indicating potential over-invoicing. However, the price anomaly is classified as NORMAL, and the trade pattern and CR profile levels are both MEDIUM, suggesting that while there are some unusual aspects, they may not be sufficient to indicate a genuine risk. The trader is also engaging with a new partner and product combination, which adds to the complexity.",over_invoicing,FALSE_POSITIVE,"The price anomaly is not severe enough to indicate a genuine risk, and the overall trade pattern and CR profile suggest that this may be an initial outlier rather than a consistent issue.",medium,Monitor future transactions from this trader for consistency in pricing and partner usage.
2020-2501-7-10877-1,2020-2501-7-10877,2020-03-05,2020,2020-03,3923301000,392330100000,392330,39,Plastic bottles for packaging,Plastic bottles for packaging,CR_HASH_035,Import,IM,CN,CN,BH,CN,CN,BH,CN,NMB,3.53,6.889518413597735,price_per_item,24.32,64.68,3.53,915.62,1017.63,2.065535095428088,1.6841288050356895,0.6442087840607709,1.0864174155799162,2.3469388358112164,1.2605214202313002,-0.8043647147670341,4.237720966158166,False,0.3993348505034536,0.3993348505034536,NORMAL,28.0,0.0293501048218029,3.5284591612730827,0.0,21.0,0.0220125786163522,3.816141233724864,0.0,12.0,2.333333333333333,1.2309149097933274,5.0,2.142857142857143,72.72727272727273,10.90909090909091,NORMAL,0,0.0,0.4864919615347866,12.162299038369664,1.0,0.0,1,True,91.66666666666666,True,True,100.0,1.0,100.0,79.25680466342938,MEDIUM,1,LOW,"LOW (driven by cr_profile; price_level=NORMAL, pattern_level=NORMAL, cr_profile_level=MEDIUM)",1,"The transaction shows a declared unit price that is significantly higher than the peer median price for plastic bottles, but the price anomaly score is within normal limits, indicating no under-invoicing or over-invoicing. Additionally, this is the first time the trader has imported this product and used this partner, which contributes to the medium CR profile score but does not indicate a clear risk. The overall composite score is low, suggesting that while there are some unusual aspects, they do not constitute a genuine risk.",benign_outlier,FALSE_POSITIVE,"The price level is normal and the trade pattern is not unusual despite being a first-time product and partner, indicating that this transaction is likely a benign outlier rather than a genuine risk.",medium,Monitor future transactions from this trader for consistency in pricing and product selection.
2020-2601-1-10881-1,2020-2601-1-10881,2020-03-05,2020,2020-03,9018390000,901839000000,901839,90,Medical syringes and needles,Medical syringes and needles,CR_HASH_027,Import,IM,JP,JP,BH,JP,JP,BH,JP,NMB,2.89,0.5397923875432525,price_per_item,1.56,4.16,2.89,75.32,81.61,0.431647594053808,1.1592369104845446,0.5792846449150362,0.6041021775947832,1.748109664393657,1.1440074867988734,-1.111909052603527,3.464120894591967,False,-0.8471694786565644,0.8471694786565644,NORMAL,2.0,0.0020964360587002,6.1675164908883415,79.19854023234907,2.0,0.0020964360587002,6.1675164908883415,77.23297513030472,2.0,1.0,0.0,1.0,1.0,0.0,66.6308114117812,LOW,1,0.0,-0.8381500864767744,20.95375216191936,1.0,0.0,2,False,83.33333333333334,True,True,100.0,0.8,80.0,68.33381325667177,LOW,1,LOW,"LOW (driven by pattern+cr_profile; price_level=NORMAL, pattern_level=LOW, cr_profile_level=LOW)",1,"The transaction appears to be a low-risk import of medical syringes and needles from Japan, with a declared unit price that is normal compared to market peers. The trade pattern shows a high partner rarity score, indicating that this trader has not previously engaged with this partner, which could explain the anomaly flag. However, the overall composite score is low, suggesting no significant risk.",unusual_partner,FALSE_POSITIVE,"The price level is normal, and while the partner is unusual for this trader, the overall low composite score indicates that this is likely a benign outlier rather than a genuine risk.",medium,Monitor future transactions from this trader to the same partner for consistency.
2020-2501-1-10722-1,2020-2501-1-10722,2020-03-05,2020,2020-03,6109100000,610910000000,610910,61,Cotton t-shirts,Cotton t-shirts,CR_HASH_007,Import,IM,MY,MY,BH,MY,MY,BH,MY,NMB,4.12,24.983009708737864,price_per_item,102.93,273.76,4.12,510.73,565.67,3.2574428516742566,4.644105600231562,0.7882174659262975,3.892722458934984,5.444558727344917,1.5518362684099332,1.5649680563200845,7.772313129959818,False,-1.1865903140235343,1.1865903140235343,NORMAL,1.0,0.0010482180293501,6.860663671448286,100.0,1.0,0.0010482180293501,6.860663671448286,100.0,1.0,1.0,0.0,1.0,1.0,0.0,85.0,HIGH,1,0.0,-0.8480949268908896,21.20237317227224,1.0,0.0,1,True,91.66666666666666,True,True,100.0,1.0,100.0,82.42083061029528,MEDIUM,1,HIGH,"HIGH (driven by pattern+cr_profile; price_level=NORMAL, pattern_level=HIGH, cr_profile_level=MEDIUM)",1,"The transaction shows a high trade pattern score and high partner rarity, indicating that this trader is engaging in an unusual trade route with a first-time partner. Despite the price anomaly being classified as normal, the combination of high rarity scores suggests a potential risk in the trading behavior. The declared unit price is significantly higher than the peer median price, which raises concerns about possible over-invoicing.",over_invoicing,TRUE_POSITIVE,"The high partner rarity and first-time engagement with this product and partner indicate a deviation from the trader's usual behavior, warranting further investigation despite the normal price level.",medium,Conduct a detailed review of the trader's past transactions and the legitimacy of the pricing for similar goods.
2020-2501-7-10479-1,2020-2501-7-10479,2020-03-06,2020,2020-03,102211000,102211000000,102211,10,"Live cattle, pure-bred breeding","Live cattle, pure-bred breeding",CR_HASH_048,Re-export,EX,BH,BH,SA,BH,BH,SA,SA,NMB,0.7,2575.228571428572,price_per_item,1802.66,4794.3,0.7,62.39,68.35,7.854081814432501,9.549317841384951,0.6971436999939566,8.846103941045365,10.18755556601122,1.3414516249658544,6.833926503596584,12.19973300346,False,-1.640151141466469,1.640151141466469,NORMAL,5.0,0.0052410901467505,5.251225759014186,51.700506150822136,5.0,0.0052410901467505,5.251225759014186,47.13660531805522,4.0,1.25,0.5,2.0,1.6,38.181818181818194,48.07533766400312,LOW,1,0.0,-0.9382189057632592,23.455472644081475,1.0,0.0,1,True,91.66666666666666,True,True,100.0,1.0,100.0,83.20941542542852,MEDIUM,1,MEDIUM,"MEDIUM (driven by pattern+cr_profile; price_level=NORMAL, pattern_level=LOW, cr_profile_level=MEDIUM)",1,"This transaction involves a re-export of live cattle with a declared unit price significantly higher than the peer median price, indicating potential over-invoicing. However, the price anomaly is classified as NORMAL, and the trade pattern and CR profile levels are both low to medium, suggesting that while the trader is using a new partner and product, the overall context does not strongly indicate a risk. The trader's unusual partner and product combination, along with the medium CR profile score, warrant further scrutiny.",unusual_partner,TRUE_POSITIVE,"The combination of a new partner and product, along with a medium CR profile score, suggests that this transaction may not align with the trader's typical behavior, indicating a potential risk that needs further investigation.",medium,Conduct a detailed review of the trader's previous transactions and verify the legitimacy of the declared price and partner.
2020-2601-1-10623-1,2020-2601-1-10623,2020-03-06,2020,2020-03,8471300000,847130000000,847130,84,Portable laptop computers,Portable laptop computers,CR_HASH_026,Re-export,EX,BH,BH,DE,BH,BH,DE,DE,NMB,4.84,2493.7685950413224,price_per_item,12069.84,32100.64,4.84,141.22,159.96,7.821951256405878,9.057918359570245,1.044460022767316,7.958447179146432,9.968345476103028,2.009898296956594,4.943599733711541,12.983192921537915,False,-0.7981620856034816,0.7981620856034816,NORMAL,2.0,0.0020964360587002,6.1675164908883415,79.19854023234907,2.0,0.0020964360587002,6.1675164908883415,77.23297513030472,2.0,1.0,0.0,1.0,1.0,0.0,66.6308114117812,LOW,1,0.0,-0.5950985380398831,14.877463450997078,1.0,0.0,1,True,91.66666666666666,True,True,100.0,1.0,100.0,80.20711220784898,MEDIUM,1,MEDIUM,"MEDIUM (driven by pattern+cr_profile; price_level=NORMAL, pattern_level=LOW, cr_profile_level=MEDIUM)",1,"The transaction involves a re-export of portable laptop computers from Bahrain to Germany, with a declared unit price significantly higher than the peer median price, indicating potential over-invoicing. However, the price anomaly is classified as NORMAL, and the trade pattern shows a low burstiness score, suggesting that the transaction is not unusual in terms of volume. The trader is also engaging in a first-time transaction with a new partner, which adds to the complexity of the profile.",over_invoicing,FALSE_POSITIVE,"Despite the high declared unit price compared to the peer median, the price level is classified as NORMAL, indicating that the price is not anomalous in the broader context. The low trade pattern score and the fact that this is a first-time transaction suggest that this may not represent a genuine risk.",medium,Monitor future transactions from this trader for consistency in pricing and partner relationships.
2020-2701-9-10835-1,2020-2701-9-10835,2020-03-08,2020,2020-03,1006301000,100630100000,100630,10,Long-grain milled rice,Long-grain milled rice,CR_HASH_032,Import,IM,IN,IN,BH,IN,IN,BH,IN,KGM,3809.95,0.0451187023451751,price_per_kg,171.9,457.19,2.58,3809.95,4286.51,0.0441304697267654,0.3286983897813914,0.0676786910787625,0.270176176769005,0.3986012849866289,0.1284251082176239,0.0775385144425691,0.5912389473130648,True,-2.836024595938876,2.836024595938876,LOW,5.0,0.0052410901467505,5.251225759014186,51.700506150822136,4.0,0.0041928721174004,5.474369310328396,54.46595026060942,4.0,1.25,0.5,2.0,1.6,38.181818181818194,50.64060839389709,LOW,1,0.0,-2.360776980238544,59.0194245059636,1.0,0.0,1,True,91.66666666666666,True,True,100.0,1.0,100.0,95.65679857708726,HIGH,1,HIGH,"HIGH (driven by price+pattern+cr_profile; price_level=LOW, pattern_level=LOW, cr_profile_level=HIGH)",1,"The transaction shows a significant under-invoicing with a robust Z-score of -2.83, indicating a price well below the peer median for long-grain milled rice. Additionally, this is the first time the trader has imported this product and used this partner, which raises concerns about the legitimacy of the transaction. The low price level combined with a high CR profile score suggests that while the trader typically engages in higher-priced transactions, this particular import is anomalous.",under_invoicing,TRUE_POSITIVE,The combination of a significant negative Z-score indicating under-invoicing and the first-time use of both the product and partner strongly supports the classification as a true positive risk.,high,Conduct a detailed audit of the trader's past transactions and request additional documentation to verify the pricing and legitimacy of the goods.
2020-2601-3-10188-1,2020-2601-3-10188,2020-03-08,2020,2020-03,1006301000,100630100000,100630,10,Long-grain milled rice,Long-grain milled rice,CR_HASH_013,Import,IM,SA,DE,BH,SA,DE,BH,SA,KGM,1125.46,0.4925630408899472,price_per_kg,554.36,1474.35,3.78,1125.46,1327.41,0.4004948038448277,0.3286983897813914,0.0676786910787625,0.270176176769005,0.3986012849866289,0.1284251082176239,0.0775385144425691,0.5912389473130648,False,0.7155282863403251,0.7155282863403251,NORMAL,11.0,0.0115303983228511,4.462768398649916,28.038772365976683,1.0,0.0010482180293501,6.860663671448286,100.0,9.0,1.2222222222222223,0.4409585518440984,2.0,1.6363636363636362,40.49586776859504,55.0937663482776,LOW,1,0.0,0.7538574603562472,18.84643650890618,1.0,0.0,3,False,75.0,False,False,85.71428571428572,0.7142857142857143,71.42857142857143,42.31053849240288,LOW,1,LOW,"LOW (driven by pattern+cr_profile; price_level=NORMAL, pattern_level=LOW, cr_profile_level=LOW)",1,"The transaction shows a normal price level with a robust Z-score of 0.72, indicating no significant price anomaly. However, the trade pattern reveals a route rarity score of 100, suggesting this route is highly unusual for the trader, which raises some concern. Despite this, the overall composite score is low, indicating that the combination of signals does not strongly suggest a risk.",unusual_route,FALSE_POSITIVE,"The price is normal and there are no significant anomalies in the trader's history, making this flag likely a false positive despite the unusual route.",medium,Monitor future transactions from this trader for similar route patterns.
2020-2701-1-10039-1,2020-2701-1-10039,2020-03-09,2020,2020-03,6109100000,610910000000,610910,61,Cotton t-shirts,Cotton t-shirts,CR_HASH_007,Re-export,EX,BH,BH,DE,BH,BH,DE,DE,NMB,4.99,58.90781563126252,price_per_item,293.95,781.77,4.99,187.87,208.76,4.092806974594241,4.610526181303967,0.7708500247178713,3.916293548711598,5.585818334387825,1.6695247856762268,1.412006370197258,8.090105512902165,False,-0.4530022828462229,0.4530022828462229,NORMAL,1.0,0.0010482180293501,6.860663671448286,100.0,1.0,0.0010482180293501,6.860663671448286,100.0,1.0,1.0,0.0,1.0,1.0,0.0,85.0,HIGH,1,0.0,-0.4868634792962371,12.171586982405929,1.0,0.0,1,True,91.66666666666666,True,True,100.0,0.8,80.0,75.26005544384208,MEDIUM,1,HIGH,"HIGH (driven by pattern+cr_profile; price_level=NORMAL, pattern_level=HIGH, cr_profile_level=MEDIUM)",1,"This transaction is flagged due to a high trade pattern score and unusual partner rarity, as it is the first time this trader has re-exported cotton t-shirts to Germany. The declared unit price is significantly higher than the peer median price, indicating potential over-invoicing, but the price anomaly score is normal, suggesting the price is not the primary concern. The combination of high rarity scores and first-time flags raises suspicion about the legitimacy of this transaction.",unusual_partner,TRUE_POSITIVE,"The high partner rarity score and first-time flags indicate a potential risk in the trading relationship, warranting further investigation despite the normal price level.",medium,Conduct a detailed review of the trader's previous transactions and verify the legitimacy of the trading partner in Germany.
2020-2501-6-10688-1,2020-2501-6-10688,2020-03-10,2020,2020-03,9018390000,901839000000,901839,90,Medical syringes and needles,Medical syringes and needles,CR_HASH_008,Import,IM,US,SA,BH,US,SA,BH,US,NMB,0.96,1.2604166666666667,price_per_item,1.21,3.22,0.96,80.86,85.9,0.8155491620726233,1.1592369104845446,0.5792846449150362,0.6041021775947832,1.748109664393657,1.1440074867988734,-1.111909052603527,3.464120894591967,False,-0.4001732351858869,0.4001732351858869,NORMAL,11.0,0.0115303983228511,4.462768398649916,28.038772365976683,1.0,0.0010482180293501,6.860663671448286,100.0,7.0,1.5714285714285714,0.7867957924694432,3.0,1.9090909090909087,57.8512396694215,57.69707213340157,LOW,1,0.0,-0.5348481357111226,13.371203392778064,1.0,0.0,1,True,91.66666666666666,True,True,100.0,1.0,100.0,79.67992118747233,MEDIUM,1,MEDIUM,"MEDIUM (driven by pattern+cr_profile; price_level=NORMAL, pattern_level=LOW, cr_profile_level=MEDIUM)",1,"This transaction is flagged due to a combination of a medium CR profile score and a low trade pattern score, indicating unusual behavior for the trader. The declared unit price is normal compared to peers, but the trader is using a first-time product and partner, which raises concerns about potential misclassification or unusual trading practices.",unusual_partner,TRUE_POSITIVE,"The combination of first-time usage of both the product and partner, along with a medium CR profile score, suggests a genuine risk that warrants further investigation despite the normal price level.",medium,Conduct a detailed review of the trader's history and the legitimacy of the product and partner.
2020-2601-9-10952-1,2020-2601-9-10952,2020-03-11,2020,2020-03,8471300000,847130000000,847130,84,Portable laptop computers,Portable laptop computers,CR_HASH_013,Re-export,EX,BH,BH,CN,BH,BH,CN,CN,NMB,0.96,38646.09375,price_per_item,37100.25,98670.88,0.96,825.29,945.38,10.562226857139194,9.057918359570245,1.044460022767316,7.958447179146432,9.968345476103028,2.009898296956594,4.943599733711541,12.983192921537915,False,0.971451428388866,0.971451428388866,NORMAL,12.0,0.0125786163522012,4.375757021660286,25.427546772711544,12.0,0.0125786163522012,4.375757021660286,18.381069589156382,6.0,2.0,1.095445115010332,3.0,1.5,31.818181818181824,23.91987501528778,NORMAL,0,0.0,4.566710145904,100.0,1.0,0.0,1,True,91.66666666666666,False,True,75.0,1.0,100.0,93.75,HIGH,1,HIGH,"HIGH (driven by cr_profile; price_level=NORMAL, pattern_level=NORMAL, cr_profile_level=HIGH)",1,"This transaction raises concerns due to the extremely high declared unit price of 38,646.09 BHD for a portable laptop computer, which is significantly above the peer median price of 9.06 BHD. Additionally, the trader's price severity score is at 100, indicating this price is highly unusual compared to their past transactions. The combination of a first-time product and a high CR profile score further suggests potential misclassification or over-invoicing.",over_invoicing,TRUE_POSITIVE,"The high unit price and the trader's historical pricing behavior indicate a strong likelihood of over-invoicing, warranting further investigation.",high,Conduct a detailed review of the invoice and product specifications to verify the legitimacy of the declared price.
2020-2701-2-10079-1,2020-2701-2-10079,2020-03-11,2020,2020-03,1006301000,100630100000,100630,10,Long-grain milled rice,Long-grain milled rice,CR_HASH_002,Import,IM,AE,IN,BH,AE,IN,BH,AE,KGM,1516.51,0.4549590836855675,price_per_kg,689.95,1834.98,3.21,1516.51,1753.97,0.374977779049744,0.3286983897813914,0.0676786910787625,0.270176176769005,0.3986012849866289,0.1284251082176239,0.0775385144425691,0.5912389473130648,False,0.4612237606575005,0.4612237606575005,NORMAL,10.0,0.010482180293501,4.558078578454241,30.899046383171186,1.0,0.0010482180293501,6.860663671448286,100.0,8.0,1.25,0.4629100498862757,2.0,1.6,38.181818181818194,56.17679591885832,LOW,1,0.0,0.4708748761256792,11.771871903141982,1.0,0.0,1,True,91.66666666666666,True,True,100.0,1.0,100.0,79.12015516609969,MEDIUM,1,MEDIUM,"MEDIUM (driven by pattern+cr_profile; price_level=NORMAL, pattern_level=LOW, cr_profile_level=MEDIUM)",1,"The transaction shows a declared unit price of approximately 0.45 BHD per kg for long-grain milled rice, which is above the peer median price of 0.33 BHD per kg, but the price anomaly score is normal. The trade pattern indicates a rare route with a high rarity score, and this is the first time the trader has engaged with this product and partner, suggesting a potential risk in their trading behavior.",unusual_partner,TRUE_POSITIVE,"The combination of a first-time partner and product, along with a high route rarity score, raises concerns about the legitimacy of this transaction, warranting further investigation.",medium,Conduct a detailed review of the trader's past transactions and verify the legitimacy of the trading partner.
2020-2701-9-10319-1,2020-2701-9-10319,2020-03-12,2020,2020-03,102211000,102211000000,102211,10,"Live cattle, pure-bred breeding","Live cattle, pure-bred breeding",CR_HASH_015,Import,IM,CN,CN,BH,CN,CN,BH,CN,NMB,3.74,1017.8529411764704,price_per_item,3806.77,10124.4,3.74,40.89,48.55,6.926432706003804,10.013369334439131,0.6855679350518233,9.327801399387308,10.638440798004725,1.3106393986174147,7.361842301461186,12.604399895930843,True,-3.0370589470641938,3.0370589470641938,MEDIUM,18.0,0.0188679245283018,3.970291913552122,13.25947284837593,16.0,0.0167714884696016,4.088074949208505,8.931900521218806,10.0,1.8,0.7888106377466155,3.0,1.6666666666666663,42.42424242424242,16.11953797025091,NORMAL,0,0.0,-1.00134139718159,25.033534929539748,1.0,0.0,1,True,91.66666666666666,False,True,57.14285714285714,1.0,100.0,63.0474515110532,LOW,1,MEDIUM,"MEDIUM (driven by price+cr_profile; price_level=MEDIUM, pattern_level=NORMAL, cr_profile_level=LOW)",1,"The transaction shows a significant under-invoicing anomaly with a robust Z-score of -3.04, indicating the declared unit price is much lower than the peer median price of 10.01 BHD. Additionally, this is the first time the trader has imported this product, which raises concerns about potential misclassification or unusual pricing practices.",under_invoicing,TRUE_POSITIVE,"The strong negative Z-score indicates a clear pattern of under-invoicing, and the first-time import of this product suggests the trader may not be familiar with proper pricing, warranting further investigation.",high,Conduct a detailed review of the trader's previous transactions and request additional documentation to justify the declared price.
2020-2701-3-10593-1,2020-2701-3-10593,2020-03-12,2020,2020-03,102211000,102211000000,102211,10,"Live cattle, pure-bred breeding","Live cattle, pure-bred breeding",CR_HASH_029,Import,IM,DE,IN,BH,DE,IN,BH,DE,NMB,3.04,35120.80921052631,price_per_item,106767.26,283955.49,3.04,1458.3,1660.65,10.4665775615283,10.013369334439131,0.6855679350518233,9.327801399387308,10.638440798004725,1.3106393986174147,7.361842301461186,12.604399895930843,False,0.4458854413418653,0.4458854413418653,NORMAL,4.0,0.0041928721174004,5.474369310328396,58.39708046469813,1.0,0.0010482180293501,6.860663671448286,100.0,3.0,1.3333333333333333,0.5773502691896258,2.0,1.5,31.818181818181824,68.97126750507633,LOW,1,0.0,0.9451994921262262,23.62998730315565,1.0,0.0,1,True,91.66666666666666,True,True,100.0,0.75,75.0,78.27049555610448,MEDIUM,1,MEDIUM,"MEDIUM (driven by pattern+cr_profile; price_level=NORMAL, pattern_level=LOW, cr_profile_level=MEDIUM)",1,"This transaction is flagged due to a combination of medium-level anomalies in the CR profile and trade pattern dimensions. The trader is using a new product and partner for the first time, which contributes to the unusual partner and CR profile signals. However, the price level is normal, and the declared unit price aligns with the declared goods description, suggesting that the transaction may not pose a significant risk.",unusual_partner,FALSE_POSITIVE,"The transaction shows a normal price level and a reasonable declared goods description, while the anomalies stem from first-time usage of a product and partner, which does not necessarily indicate a risk.",medium,Monitor future transactions from this trader for consistency in product and partner usage.
2020-2701-8-10419-1,2020-2701-8-10419,2020-03-13,2020,2020-03,102211000,102211000000,102211,10,"Live cattle, pure-bred breeding","Live cattle, pure-bred breeding",CR_HASH_049,Import,IM,EG,EG,BH,EG,EG,BH,EG,NMB,3.43,21098.62390670554,price_per_item,72368.28,192468.82,3.43,201.83,238.83,9.957010494978553,10.013369334439131,0.6855679350518233,9.327801399387308,10.638440798004725,1.3106393986174147,7.361842301461186,12.604399895930843,False,-0.055448212332324,0.055448212332324,NORMAL,1.0,0.0010482180293501,6.860663671448286,100.0,1.0,0.0010482180293501,6.860663671448286,100.0,1.0,1.0,0.0,1.0,1.0,0.0,85.0,HIGH,1,0.0,0.1596990929996622,3.992477324991555,1.0,0.0,2,False,83.33333333333334,True,True,100.0,0.75,75.0,61.39736706374704,LOW,1,HIGH,"HIGH (driven by pattern+cr_profile; price_level=NORMAL, pattern_level=HIGH, cr_profile_level=LOW)",1,"This transaction is flagged due to a high trade pattern score and unusual partner rarity, as the trader has never imported from this partner before. However, the price anomaly indicates normal pricing, and the declared goods description matches the HS code. Given the context of the transaction date in 2020, the high partner rarity and first-time partner usage suggest a potential risk of unusual partner behavior.",unusual_partner,TRUE_POSITIVE,"The high partner rarity and first-time partner usage indicate a potential risk, despite the normal pricing. This combination of factors warrants closer scrutiny to ensure compliance.",medium,Conduct further investigation into the trader's relationship with the partner and verify the legitimacy of the transaction.
2020-2501-4-10146-1,2020-2501-4-10146,2020-03-14,2020,2020-03,2710192100,271019210000,271019,27,Gas oils for diesel engines,Gas oils for diesel engines,CR_HASH_036,Import,IM,SA,SA,BH,SA,SA,BH,SA,LTR,3985.5,0.3780529419144398,price_per_liter_gross_weight,1506.73,4007.26,2.13,3615.53,3985.5,0.320671591239847,0.2635559281187505,0.0710560088433533,0.1979668243457394,0.3363424368265587,0.1383756124808193,-0.0095965943754896,0.5439058555477878,False,0.5421636765651425,0.5421636765651425,NORMAL,7.0,0.0073375262054507,4.9147535223929735,41.6029195353019,4.0,0.0041928721174004,5.474369310328396,54.46595026060942,4.0,1.75,0.5,2.0,1.1428571428571428,9.090909090909088,41.2281787225006,NORMAL,0,0.0,0.5567911937467618,13.919779843669044,1.0,0.0,1,True,91.66666666666666,True,True,100.0,1.0,100.0,79.87192294528417,MEDIUM,1,LOW,"LOW (driven by cr_profile; price_level=NORMAL, pattern_level=NORMAL, cr_profile_level=MEDIUM)",1,"The transaction shows a declared unit price of 0.378 BHD per liter for gas oils, which is within a normal range compared to the peer median price of 0.264 BHD. Although the CR Profile indicates this is the first time the trader is using this product and partner, the overall anomaly score is low, suggesting that the transaction does not present significant risk. The trade pattern and price levels are also normal, indicating no unusual behavior.",benign_outlier,FALSE_POSITIVE,"The transaction's price and trade pattern levels are normal, and while it is a first-time use of the product and partner, the overall low anomaly score suggests it is not a genuine risk.",high,Monitor future transactions from this trader for consistency in product and partner usage.
2020-2801-3-10686-1,2020-2801-3-10686,2020-03-15,2020,2020-03,2710192100,271019210000,271019,27,Gas oils for diesel engines,Gas oils for diesel engines,CR_HASH_036,Import,IM,SA,AE,BH,SA,AE,BH,SA,LTR,8886.71,0.4472397546448573,price_per_liter_gross_weight,3974.49,10570.44,4.43,7931.3,8886.71,0.3696581247637054,0.2635559281187505,0.0710560088433533,0.1979668243457394,0.3363424368265587,0.1383756124808193,-0.0095965943754896,0.5439058555477878,False,1.0071625519378562,1.0071625519378562,NORMAL,7.0,0.0073375262054507,4.9147535223929735,41.6029195353019,1.0,0.0010482180293501,6.860663671448286,100.0,4.0,1.75,0.5,2.0,1.1428571428571428,9.090909090909088,57.165096131287314,LOW,1,0.0,1.0142976739355696,25.35744184838924,1.0,0.0,1,True,91.66666666666666,False,False,75.0,0.75,75.0,52.62510464693624,LOW,1,LOW,"LOW (driven by pattern+cr_profile; price_level=NORMAL, pattern_level=LOW, cr_profile_level=LOW)",1,"The transaction shows a normal price level with a robust Z-score of 1.01, indicating no significant price anomaly. The trade pattern score is moderate, but the route rarity score is at 100, suggesting this route is not commonly used for this HS code, which raises some concern. However, the overall composite score is low, indicating that there are no strong signals of risk.",unusual_route,FALSE_POSITIVE,"The transaction does not exhibit significant anomalies in price or trader behavior, and the low composite score suggests that the flagged issue is not a genuine risk at this time.",medium,Monitor future transactions from this trader for similar patterns.
2020-2501-7-10263-1,2020-2501-7-10263,2020-03-15,2020,2020-03,3923301000,392330100000,392330,39,Plastic bottles for packaging,Plastic bottles for packaging,CR_HASH_027,Import,IM,CN,IN,BH,CN,IN,BH,CN,NMB,0.64,23.59375,price_per_item,15.1,40.17,0.64,218.86,256.22,3.2024923456176766,1.6841288050356895,0.6442087840607709,1.0864174155799162,2.3469388358112164,1.2605214202313002,-0.8043647147670341,4.237720966158166,False,1.589736437918715,1.589736437918715,NORMAL,28.0,0.0293501048218029,3.5284591612730827,0.0,1.0,0.0010482180293501,6.860663671448286,100.0,12.0,2.333333333333333,1.2309149097933274,5.0,2.142857142857143,72.72727272727273,45.90909090909091,LOW,1,0.0,3.953606087740935,98.84015219352338,1.0,0.0,1,True,91.66666666666666,True,True,100.0,1.0,100.0,100.0,HIGH,1,HIGH,"HIGH (driven by pattern+cr_profile; price_level=NORMAL, pattern_level=LOW, cr_profile_level=HIGH)",1,"This transaction is flagged due to a high CR Profile Score and unusual partner and product usage, as it is the first time the trader has imported this product from this partner. The declared unit price is significantly higher than the peer median price, but the price level is marked as NORMAL, indicating that the price anomaly may not be genuine. The trade pattern shows a rare route, which contributes to the high anomaly score.",unusual_partner,TRUE_POSITIVE,"The combination of a high CR Profile Score and the first-time use of both the product and partner suggests a potential risk, warranting further investigation despite the price level being normal.",medium,Conduct a detailed review of the trader's past transactions and verify the legitimacy of the trading partner.
2020-2801-5-10219-1,2020-2801-5-10219,2020-03-16,2020,2020-03,8471300000,847130000000,847130,84,Portable laptop computers,Portable laptop computers,CR_HASH_025,Import,IM,US,US,BH,US,US,BH,US,NMB,2.49,16415.433734939757,price_per_item,40874.43,108708.6,2.49,270.18,292.43,9.70603816909683,8.71824987064452,0.6999612932513521,7.750041925937837,9.126895264901794,1.376853338963957,5.684761917491901,11.192175273347727,False,0.9518441748834592,0.9518441748834592,NORMAL,12.0,0.0125786163522012,4.375757021660286,25.427546772711544,10.0,0.010482180293501,4.558078578454241,24.369580448359905,9.0,1.3333333333333333,0.5,2.0,1.5,31.818181818181824,26.015853816009013,NORMAL,0,0.0,1.570541099522789,39.26352748806973,1.0,0.0,1,True,91.66666666666666,True,True,100.0,1.0,100.0,88.7422346208244,HIGH,1,HIGH,"HIGH (driven by cr_profile; price_level=NORMAL, pattern_level=NORMAL, cr_profile_level=HIGH)",1,"This transaction is flagged due to a high CR Profile Score, indicating significant deviation from the trader's historical behavior, particularly as this is the first time the trader has imported this product and used this partner. However, the price level is normal and the trade pattern is also normal, suggesting that while the trader's profile is unusual, the transaction itself does not exhibit clear signs of risk.",cr_profile_deviation,FALSE_POSITIVE,"The high CR Profile Score indicates deviation from the trader's history, but the normal price and trade pattern suggest that this transaction may not pose a genuine risk at this time.",medium,Monitor future transactions from this trader for consistency in product and partner usage.
2020-2601-4-10105-1,2020-2601-4-10105,2020-03-16,2020,2020-03,9018390000,901839000000,901839,90,Medical syringes and needles,Medical syringes and needles,CR_HASH_009,Import,IM,US,US,BH,US,US,BH,US,NMB,1.09,4.055045871559632,price_per_item,4.42,11.76,1.09,129.19,150.22,1.6203869269237707,1.1592369104845446,0.5792846449150362,0.6041021775947832,1.748109664393657,1.1440074867988734,-1.111909052603527,3.464120894591967,False,0.536940565490664,0.536940565490664,NORMAL,11.0,0.0115303983228511,4.462768398649916,28.038772365976683,9.0,0.0094339622641509,4.663439094112067,27.830238657093965,7.0,1.5714285714285714,0.7867957924694432,3.0,1.9090909090909087,57.8512396694215,32.437655663384454,NORMAL,0,0.0,0.5446141259752382,13.615353149380956,1.0,0.0,1,True,91.66666666666666,True,True,100.0,1.0,100.0,79.76537360228333,MEDIUM,1,LOW,"LOW (driven by cr_profile; price_level=NORMAL, pattern_level=NORMAL, cr_profile_level=MEDIUM)",1,"The transaction involves the import of medical syringes and needles from the US, which is a common trade route. The declared unit price is significantly higher than the peer median price, but the price anomaly score is within the normal range, indicating no under- or over-invoicing. The trader is using this product and partner for the first time, which contributes to the medium CR profile level, but overall, the composite level is low, suggesting no significant risk.",benign_outlier,FALSE_POSITIVE,"The price level is normal and the trade pattern does not indicate any unusual behavior, despite the first-time usage of the product and partner. This suggests that the flag is likely a false positive.",high,Monitor future transactions from this trader for consistency in pricing and partner usage.
2020-2801-5-10567-1,2020-2801-5-10567,2020-03-16,2020,2020-03,3923301000,392330100000,392330,39,Plastic bottles for packaging,Plastic bottles for packaging,CR_HASH_017,Import,IM,IN,IN,BH,IN,IN,BH,IN,NMB,2.16,7.638888888888888,price_per_item,16.5,43.89,2.16,520.37,585.2,2.156273973723124,1.6841288050356895,0.6442087840607709,1.0864174155799162,2.3469388358112164,1.2605214202313002,-0.8043647147670341,4.237720966158166,False,0.4943390423890144,0.4943390423890144,NORMAL,13.0,0.0136268343815513,4.29571431398675,23.025452080470465,11.0,0.0115303983228511,4.462768398649916,21.2390343034744,9.0,1.4444444444444444,0.5270462766947299,2.0,1.3846153846153846,24.47552447552448,22.617716717779945,NORMAL,0,0.0,0.5918244705047397,14.795611762618494,1.0,0.0,1,True,91.66666666666666,True,True,100.0,1.0,100.0,80.17846411691647,MEDIUM,1,LOW,"LOW (driven by cr_profile; price_level=NORMAL, pattern_level=NORMAL, cr_profile_level=MEDIUM)",1,"The transaction shows a declared unit price of 7.64 BHD for plastic bottles, which is significantly higher than the peer median price of 1.68 BHD, indicating potential over-invoicing. However, the price anomaly score is within the normal range, and the trade pattern and price levels are also normal, suggesting that this may be a benign outlier rather than a genuine risk. The trader is also engaging in a first-time transaction with a new partner, which adds to the complexity of the analysis.",over_invoicing,FALSE_POSITIVE,"The price level is normal despite the high declared unit price, and there are no significant anomalies in trade patterns, indicating that this transaction is likely a false positive.",medium,Monitor future transactions from this trader for consistency in pricing and partner usage.
2020-2501-3-10062-1,2020-2501-3-10062,2020-03-17,2020,2020-03,9018390000,901839000000,901839,90,Medical syringes and needles,Medical syringes and needles,CR_HASH_020,Re-export,EX,BH,BH,US,BH,BH,US,US,NMB,1.34,0.1716417910447761,price_per_item,0.23,0.6,1.34,30.37,34.01,0.1584060053973967,1.4183722013465885,0.3403115864896454,0.9528936868330796,1.614923227688858,0.6620295408557785,-0.0401506244505881,2.6079675389725256,False,-2.4972278058080883,2.4972278058080883,LOW,5.0,0.0052410901467505,5.251225759014186,51.700506150822136,5.0,0.0052410901467505,5.251225759014186,47.13660531805522,5.0,1.0,0.0,1.0,1.0,0.0,42.3480649367304,NORMAL,0,0.0,-0.9783628886498048,24.45907221624512,1.0,0.0,2,False,83.33333333333334,False,True,83.33333333333334,0.8333333333333334,83.33333333333334,56.0606752756858,LOW,1,LOW,"LOW (driven by price+cr_profile; price_level=LOW, pattern_level=NORMAL, cr_profile_level=LOW)",1,"The transaction shows a low declared unit price of BHD 0.1716 for medical syringes, which is significantly below the peer median price of BHD 1.4184, indicating potential under-invoicing. However, the trade pattern and CR profile levels are normal, suggesting that the trader has previously dealt with these goods and partners, which mitigates the risk. The date context of 2020 may also reflect market conditions that could justify lower pricing.",under_invoicing,FALSE_POSITIVE,"The low price anomaly is not corroborated by unusual trading patterns or trader behavior, indicating this may be a benign outlier rather than a genuine risk.",medium,Monitor future transactions from this trader for similar pricing patterns.
2020-2701-1-10409-1,2020-2701-1-10409,2020-03-17,2020,2020-03,102211000,102211000000,102211,10,"Live cattle, pure-bred breeding","Live cattle, pure-bred breeding",CR_HASH_012,Import,IM,IN,IN,BH,IN,IN,BH,IN,NMB,2.36,33773.18644067797,price_per_item,79704.72,211980.65,2.36,65.64,74.53,10.427452074919575,10.013369334439131,0.6855679350518233,9.327801399387308,10.638440798004725,1.3106393986174147,7.361842301461186,12.604399895930843,False,0.407392131155743,0.407392131155743,NORMAL,7.0,0.0073375262054507,4.9147535223929735,41.6029195353019,4.0,0.0041928721174004,5.474369310328396,54.46595026060942,6.0,1.1666666666666667,0.408248290463863,2.0,1.7142857142857142,45.45454545454546,46.68272417704606,LOW,1,0.0,0.9212723249951656,23.031808124879134,1.0,0.0,1,True,91.66666666666666,True,True,100.0,0.6,60.0,75.0611328437077,MEDIUM,1,MEDIUM,"MEDIUM (driven by pattern+cr_profile; price_level=NORMAL, pattern_level=LOW, cr_profile_level=MEDIUM)",1,"The transaction involves the import of live cattle, which aligns with the declared goods and commercial description. However, the trader is flagged for using a first-time product and partner, which raises concerns about their experience with this type of transaction. The price level is normal, but the CR profile indicates some deviation from the trader's usual behavior, particularly with a high partner rarity score, suggesting this partner is unusual for them.",unusual_partner,TRUE_POSITIVE,"The combination of first-time use of a product and partner, along with the medium CR profile level, indicates a potential risk that warrants further investigation despite the normal price level.",medium,Conduct a detailed review of the trader's history and the legitimacy of the trading partner.
2020-2801-7-10415-1,2020-2801-7-10415,2020-03-17,2020,2020-03,3923301000,392330100000,392330,39,Plastic bottles for packaging,Plastic bottles for packaging,CR_HASH_018,Re-export,EX,BH,BH,IN,BH,BH,IN,IN,NMB,2.82,4.99290780141844,price_per_item,14.08,37.44,2.82,265.92,313.87,1.7905767369790055,2.008077055471865,0.7629623078147538,1.1201351912780924,2.51712417371907,1.3969889824409778,-0.9753482823833745,4.612607647380537,False,-0.1922794265247886,0.1922794265247886,NORMAL,2.0,0.0020964360587002,6.1675164908883415,79.19854023234907,2.0,0.0020964360587002,6.1675164908883415,77.23297513030472,2.0,1.0,0.0,1.0,1.0,0.0,66.6308114117812,LOW,1,0.0,0.1095349664486683,2.7383741612167074,1.0,0.0,1,True,91.66666666666666,True,True,100.0,1.0,100.0,75.95843095642584,MEDIUM,1,MEDIUM,"MEDIUM (driven by pattern+cr_profile; price_level=NORMAL, pattern_level=LOW, cr_profile_level=MEDIUM)",1,"The transaction shows a re-export of plastic bottles from Bahrain to India, which is a common trade route. However, the trader is flagged for using a first-time product and partner combination, indicating a deviation from their usual trading behavior. The price is normal compared to market peers, but the medium CR profile level suggests some unusual behavior that warrants further investigation.",unusual_partner,TRUE_POSITIVE,"The combination of first-time product and partner, along with a medium CR profile level, indicates a potential risk that should be investigated further despite the normal pricing.",medium,Conduct a detailed review of the trader's past transactions and verify the legitimacy of the new trading partner.
2020-2701-9-10337-1,2020-2701-9-10337,2020-03-19,2020,2020-03,8504400090,850440009000,850440,85,Static converters,Static converters,CR_HASH_018,Import,IM,AE,DE,BH,AE,DE,BH,AE,NMB,1.97,5567.944162436548,price_per_item,10968.85,29172.48,1.97,251.34,273.9,8.624960757042105,7.466827051260017,0.5715840105867187,6.914775863803976,8.032836322465545,1.11806045866157,5.23768517581162,9.7099270104579,False,1.366641593046961,1.366641593046961,NORMAL,12.0,0.0125786163522012,4.375757021660286,25.427546772711544,2.0,0.0020964360587002,6.1675164908883415,77.23297513030472,8.0,1.5,0.5345224838248488,2.0,1.3333333333333333,21.21212121212121,42.927132863780606,NORMAL,0,0.0,2.706463912730298,67.66159781825745,1.0,0.0,2,False,83.33333333333334,True,True,100.0,0.6666666666666667,66.66666666666667,82.01489256972344,MEDIUM,1,LOW,"LOW (driven by cr_profile; price_level=NORMAL, pattern_level=NORMAL, cr_profile_level=MEDIUM)",1,"The transaction shows a high declared unit price of BHD 5567.94 for static converters, which is significantly above the peer median price of BHD 7.47, indicating potential over-invoicing. However, the robust Z-score is only 1.37, which is not anomalous, and the overall price level is classified as NORMAL. Additionally, the trader is using a new partner, which contributes to the medium CR profile level, but does not indicate a clear risk.",over_invoicing,FALSE_POSITIVE,"The price anomaly is not strong enough to indicate a genuine risk given the context of the transaction, and the overall composite level is LOW, suggesting no immediate concern.",medium,Monitor future transactions from this trader for consistency in pricing and partner usage.
2020-2601-2-10092-1,2020-2601-2-10092,2020-03-19,2020,2020-03,8703221000,870322100000,870322,87,Passenger cars 1000-1500cc,Passenger cars 1000-1500cc,CR_HASH_004,Import,IM,JP,JP,BH,JP,JP,BH,JP,NMB,4.42,38412.156108597286,price_per_item,169781.73,451547.16,4.42,249.56,298.51,10.556155286894164,12.339741490828857,0.5298577154310848,11.445675964067552,12.647064860424424,1.201388896356871,9.643592619532246,14.44914820495973,False,-2.270444268807399,2.270444268807399,LOW,3.0,0.0031446540880503,5.762051382780177,67.03046630801344,2.0,0.0020964360587002,6.1675164908883415,77.23297513030472,3.0,1.0,0.0,1.0,1.0,0.0,60.54677444961337,LOW,1,0.0,-0.979976049384878,24.499401234621956,1.0,0.0,1,True,91.66666666666666,False,True,66.66666666666667,1.0,100.0,65.24145709878435,LOW,1,LOW,"LOW (driven by price+pattern+cr_profile; price_level=LOW, pattern_level=LOW, cr_profile_level=LOW)",1,"The transaction shows a declared unit price of BHD 38,412 for passenger cars, which is significantly higher than the peer median price of BHD 12.34, resulting in a robust Z-score of -2.27 indicating potential under-invoicing. However, the overall anomaly scores across price, trade pattern, and CR profile dimensions are low, suggesting that this may be a benign outlier rather than a genuine risk. The trader is also using this product and partner for the first time, which adds to the uncertainty.",under_invoicing,FALSE_POSITIVE,"Despite the low price level and the negative Z-score indicating under-invoicing, the overall low anomaly scores suggest that this transaction does not present a significant risk, making it likely a false positive.",medium,Monitor future transactions from this trader for consistency in pricing and product usage.
2020-2701-9-10128-1,2020-2701-9-10128,2020-03-19,2020,2020-03,8517120000,851712000000,851712,85,Cellular telephones,Cellular telephones,CR_HASH_008,Import,IM,US,US,BH,US,US,BH,US,NMB,2.75,854.5745454545454,price_per_item,2350.08,6250.2,2.75,79.02,91.98,6.751773226245061,9.1609472788485,0.7778458576033893,8.086449359029473,9.737226953131788,1.6507775941023135,5.610282967876002,12.213393344285258,False,-2.0890586747591104,2.0890586747591104,LOW,13.0,0.0136268343815513,4.29571431398675,23.025452080470465,11.0,0.0115303983228511,4.462768398649916,21.2390343034744,8.0,1.625,1.0606601717798212,4.0,2.4615384615384617,93.00699300699304,32.89743699750022,NORMAL,0,0.0,-0.9118764351157824,22.796910877894565,1.0,0.0,1,True,91.66666666666666,False,True,50.0,1.0,100.0,60.4789188072631,LOW,1,LOW,"LOW (driven by price+cr_profile; price_level=LOW, pattern_level=NORMAL, cr_profile_level=LOW)",1,"The transaction shows a significant discrepancy between the declared unit price of BHD 854.57 and the peer median price of BHD 9.16, resulting in a robust Z-score of -2.09, indicating potential under-invoicing. Additionally, this is the first time the trader has imported this product, which adds to the suspicion of misclassification or pricing issues. However, the overall composite score is LOW, suggesting that while there are anomalies, they may not indicate a serious risk.",under_invoicing,FALSE_POSITIVE,The low price level and the fact that this is the first time the trader is importing this product suggest that the anomaly may be due to a lack of experience rather than intentional under-invoicing.,medium,Monitor future transactions from this trader for similar patterns before taking further action.
2020-2801-8-10285-1,2020-2801-8-10285,2020-03-20,2020,2020-03,8517120000,851712000000,851712,85,Cellular telephones,Cellular telephones,CR_HASH_045,Import,IM,AE,AE,BH,AE,AE,BH,AE,NMB,3.14,9214.582802547771,price_per_item,28933.79,76951.56,3.14,463.33,496.15,9.128651113090235,9.1609472788485,0.7778458576033893,8.086449359029473,9.737226953131788,1.6507775941023135,5.610282967876002,12.213393344285258,False,-0.0280048613199399,0.0280048613199399,NORMAL,11.0,0.0115303983228511,4.462768398649916,28.038772365976683,9.0,0.0094339622641509,4.663439094112067,27.830238657093965,7.0,1.5714285714285714,0.7867957924694431,3.0,1.9090909090909087,57.8512396694215,32.437655663384454,NORMAL,0,0.0,0.0129058001295332,0.3226450032383313,1.0,0.0,1,True,91.66666666666666,True,True,100.0,1.0,100.0,75.11292575113342,MEDIUM,1,LOW,"LOW (driven by cr_profile; price_level=NORMAL, pattern_level=NORMAL, cr_profile_level=MEDIUM)",1,"The transaction features a high declared unit price for cellular telephones, but the price anomaly score is normal, indicating no under- or over-invoicing. The trader is using a first-time product and partner, which contributes to a medium CR profile level, but the overall composite score is low, suggesting that while there are some unusual aspects, they do not indicate a significant risk.",benign_outlier,FALSE_POSITIVE,"The price level is normal and the trade pattern is not unusual, despite the first-time use of a product and partner. This suggests that the flagged transaction is likely a benign outlier rather than a genuine risk.",medium,Monitor future transactions from this trader for consistency in pricing and partner usage.
2020-2801-9-10505-1,2020-2801-9-10505,2020-03-20,2020,2020-03,2710192100,271019210000,271019,27,Gas oils for diesel engines,Gas oils for diesel engines,CR_HASH_026,Import,IM,AE,AE,BH,AE,AE,BH,AE,LTR,6819.46,0.2938517125989447,price_per_liter_gross_weight,2003.91,5329.55,2.47,6010.87,6819.46,0.257623593375242,0.2635559281187505,0.0710560088433533,0.1979668243457394,0.3363424368265587,0.1383756124808193,-0.0095965943754896,0.5439058555477878,False,-0.0563119858791896,0.0563119858791896,NORMAL,12.0,0.0125786163522012,4.375757021660286,25.427546772711544,10.0,0.010482180293501,4.558078578454241,24.369580448359905,7.0,1.7142857142857142,0.7559289460184544,3.0,1.75,47.727272727272734,28.40221745237265,NORMAL,0,0.0,-0.053598024993109,1.3399506248277262,1.0,0.0,1,True,91.66666666666666,True,True,100.0,1.0,100.0,75.4689827186897,MEDIUM,1,LOW,"LOW (driven by cr_profile; price_level=NORMAL, pattern_level=NORMAL, cr_profile_level=MEDIUM)",1,"The transaction shows a normal price level with a robust Z-score close to zero, indicating no significant under- or over-invoicing. However, the trader is engaging in a first-time import of gas oils for diesel engines from a rare partner, which contributes to a medium CR profile level. Despite these anomalies, the overall composite score is low, suggesting that the transaction does not pose a significant risk.",unusual_partner,FALSE_POSITIVE,"The combination of a normal price level and a low composite score indicates that this flag is likely a false positive, despite the unusual partner and first-time product usage.",medium,Monitor future transactions from this trader for patterns of unusual partner usage.
2020-2801-7-10119-1,2020-2801-7-10119,2020-03-21,2020,2020-03,2710192100,271019210000,271019,27,Gas oils for diesel engines,Gas oils for diesel engines,CR_HASH_043,Import,IM,IN,IN,BH,IN,IN,BH,IN,LTR,10045.59,0.1331549465984576,price_per_liter_gross_weight,1337.62,3557.5,1.66,8429.12,10045.59,0.125005730505132,0.2635559281187505,0.0710560088433533,0.1979668243457394,0.3363424368265587,0.1383756124808193,-0.0095965943754896,0.5439058555477878,False,-1.3151713631996844,1.3151713631996844,NORMAL,6.0,0.0062893081761006,5.068904202220232,46.22900654036249,6.0,0.0062893081761006,5.068904202220232,41.148094458851695,5.0,1.2,0.4472135954999579,2.0,1.6666666666666667,42.42424242424244,43.879972694415706,NORMAL,0,0.0,-1.115559003376832,27.888975084420803,1.0,0.0,1,True,91.66666666666666,True,True,100.0,1.0,100.0,84.76114127954727,MEDIUM,1,LOW,"LOW (driven by cr_profile; price_level=NORMAL, pattern_level=NORMAL, cr_profile_level=MEDIUM)",1,"The transaction shows a normal price level with a robust Z-score indicating no significant under-invoicing or over-invoicing. However, the trader is engaging with a first-time product and partner, which contributes to a medium CR profile level. Given the context of the transaction date in 2020, the price appears reasonable for gas oils, suggesting this flag is likely a false positive.",benign_outlier,FALSE_POSITIVE,"The price level is normal, and while the CR profile shows some deviation due to first-time usage, the overall indicators do not suggest a genuine risk.",medium,Monitor future transactions from this trader for patterns in product and partner usage.
2020-2801-5-10023-1,2020-2801-5-10023,2020-03-21,2020,2020-03,8504400090,850440009000,850440,85,Static converters,Static converters,CR_HASH_043,Import,IM,DE,DE,BH,DE,DE,BH,DE,NMB,4.76,325.03151260504205,price_per_item,1547.15,4114.76,4.76,523.21,599.32,5.786994041127647,7.466827051260017,0.5715840105867187,6.914775863803976,8.032836322465545,1.11806045866157,5.23768517581162,9.7099270104579,False,-1.9822665116804168,1.9822665116804168,NORMAL,5.0,0.0052410901467505,5.251225759014186,51.700506150822136,3.0,0.0031446540880503,5.762051382780177,63.915119328547,4.0,1.25,0.5,2.0,1.6,38.181818181818194,53.94781756767525,LOW,1,0.0,-0.9598228948989193,23.995572372472974,1.0,0.0,1,True,91.66666666666666,True,True,100.0,0.5,50.0,73.39845033036553,LOW,1,LOW,"LOW (driven by pattern+cr_profile; price_level=NORMAL, pattern_level=LOW, cr_profile_level=LOW)",1,"The transaction shows a declared unit price of BHD 325.03 for static converters, which is significantly higher than the peer median price of BHD 7.47, indicating potential over-invoicing. However, the price anomaly score is within normal limits, and the trade pattern and CR profile levels are low, suggesting that this transaction may not be as suspicious as it appears. Additionally, this is the first time the trader has used this product and partner, which could explain the unusual pricing without indicating a genuine risk.",over_invoicing,FALSE_POSITIVE,"The price level is normal despite a high declared unit price, and the low trade pattern and CR profile levels suggest that this transaction is likely a benign outlier rather than a genuine risk.",medium,Monitor future transactions from this trader for consistency in pricing and product usage.
2020-2501-8-10211-1,2020-2501-8-10211,2020-03-22,2020,2020-03,3923301000,392330100000,392330,39,Plastic bottles for packaging,Plastic bottles for packaging,CR_HASH_010,Import,IM,DE,SA,BH,DE,SA,BH,DE,NMB,2.83,1.3568904593639577,price_per_item,3.84,10.2,2.83,56.16,65.51,0.857343148272386,1.6841288050356895,0.6442087840607709,1.0864174155799162,2.3469388358112164,1.2605214202313002,-0.8043647147670341,4.237720966158166,False,-0.8656499249194185,0.8656499249194185,NORMAL,2.0,0.0020964360587002,6.1675164908883415,79.19854023234907,1.0,0.0010482180293501,6.860663671448286,100.0,1.0,2.0,0.0,2.0,1.0,0.0,74.59927011617454,LOW,1,0.0,-0.6461390896830723,16.153477242076807,1.0,0.0,1,True,91.66666666666666,True,True,100.0,1.0,100.0,80.65371703472688,MEDIUM,1,MEDIUM,"MEDIUM (driven by pattern+cr_profile; price_level=NORMAL, pattern_level=LOW, cr_profile_level=MEDIUM)",1,"This transaction is flagged due to a combination of a medium CR Profile Score and a high Partner Rarity Score, indicating that the trader is engaging with a new partner and product combination. The price level is normal, and the declared unit price is slightly below the peer median, suggesting potential under-invoicing, but the overall context does not strongly indicate a genuine risk.",other,FALSE_POSITIVE,"The price level is normal and the declared unit price is not significantly deviating from the market median, while the trade pattern and CR profile indicate a new partnership rather than a fraudulent activity.",medium,Monitor future transactions from this trader for similar patterns.
2020-2501-7-10277-1,2020-2501-7-10277,2020-03-22,2020,2020-03,1006301000,100630100000,100630,10,Long-grain milled rice,Long-grain milled rice,CR_HASH_006,Import,IM,SA,IN,BH,SA,IN,BH,SA,KGM,2012.27,0.3271181302707887,price_per_kg,658.25,1750.67,3.75,2012.27,2302.36,0.2830097719386837,0.3286983897813914,0.0676786910787625,0.270176176769005,0.3986012849866289,0.1284251082176239,0.0775385144425691,0.5912389473130648,False,-0.4553360896460063,0.4553360896460063,NORMAL,11.0,0.0115303983228511,4.462768398649916,28.038772365976683,1.0,0.0010482180293501,6.860663671448286,100.0,9.0,1.2222222222222223,0.4409585518440984,2.0,1.6363636363636362,40.49586776859504,55.0937663482776,LOW,1,0.0,-0.3945305466296515,9.863263665741288,1.0,0.0,1,True,91.66666666666666,True,True,100.0,0.8571428571428572,85.71428571428572,75.5949994258666,MEDIUM,1,MEDIUM,"MEDIUM (driven by pattern+cr_profile; price_level=NORMAL, pattern_level=LOW, cr_profile_level=MEDIUM)",1,"This transaction is flagged due to a combination of factors, particularly the unusual partner and route rarity scores, which are both high. The trader is importing long-grain milled rice from India to Bahrain for the first time, which raises concerns about the legitimacy of the transaction. However, the price level is normal, and the declared unit price is consistent with market rates, suggesting that the flag may be a false positive.",unusual_partner,FALSE_POSITIVE,"The price level is normal and the declared unit price aligns with market expectations, indicating that the transaction may not pose a genuine risk despite the unusual partner and route.",medium,Monitor future transactions from this trader to see if they establish a consistent pattern with this partner.
2020-2501-4-10841-1,2020-2501-4-10841,2020-03-22,2020,2020-03,8471300000,847130000000,847130,84,Portable laptop computers,Portable laptop computers,CR_HASH_008,Import,IM,US,US,BH,US,US,BH,US,NMB,3.61,187.50969529085876,price_per_item,676.91,1800.3,3.61,13.02,15.35,5.239149439469148,8.71824987064452,0.6999612932513521,7.750041925937837,9.126895264901794,1.376853338963957,5.684761917491901,11.192175273347727,True,-3.3525012236300453,3.3525012236300453,MEDIUM,12.0,0.0125786163522012,4.375757021660286,25.427546772711544,10.0,0.010482180293501,4.558078578454241,24.369580448359905,9.0,1.3333333333333333,0.5,2.0,1.5,31.818181818181824,26.015853816009013,NORMAL,0,0.0,-0.9902756846385042,24.756892115962607,1.0,0.0,1,True,91.66666666666666,False,True,33.333333333333336,1.0,100.0,56.99824557392024,LOW,1,MEDIUM,"MEDIUM (driven by price+cr_profile; price_level=MEDIUM, pattern_level=NORMAL, cr_profile_level=LOW)",1,"The transaction shows a significant under-invoicing with a robust Z-score of -3.35, indicating a price well below the peer median for portable laptop computers. Additionally, this is the first time the trader has imported this product, which raises concerns about potential misclassification or pricing strategies. The price level is marked as MEDIUM, suggesting some risk, but the trade pattern appears normal.",under_invoicing,TRUE_POSITIVE,"The strong negative Z-score indicates a clear pattern of under-invoicing, supported by the trader's first-time import of this product, which aligns with the risk indicators present in the transaction.",high,Conduct a detailed review of the trader's past transactions and request additional documentation to justify the declared price.
2020-2601-3-10968-1,2020-2601-3-10968,2020-03-22,2020,2020-03,8504400090,850440009000,850440,85,Static converters,Static converters,CR_HASH_043,Import,IM,DE,DE,BH,DE,DE,BH,DE,NMB,2.25,2643.448888888889,price_per_item,5947.76,15818.52,2.25,273.24,294.15,7.8802179629942035,7.466827051260017,0.5715840105867187,6.914775863803976,8.032836322465545,1.11806045866157,5.23768517581162,9.7099270104579,False,0.4878169172893802,0.4878169172893802,NORMAL,5.0,0.0052410901467505,5.251225759014186,51.700506150822136,3.0,0.0031446540880503,5.762051382780177,63.915119328547,4.0,1.25,0.5,2.0,1.6,38.181818181818194,53.94781756767525,LOW,1,0.0,0.6690410302006204,16.72602575501551,1.0,0.0,1,True,91.66666666666666,False,False,75.0,0.5,50.0,44.60410901425543,LOW,1,LOW,"LOW (driven by pattern+cr_profile; price_level=NORMAL, pattern_level=LOW, cr_profile_level=LOW)",1,"The transaction shows a declared unit price of BHD 2643.45 for static converters, which is significantly higher than the peer median price of BHD 7.47. However, the price anomaly score is normal, indicating no under- or over-invoicing. The trade pattern and CR profile levels are both low, suggesting that while this is a first-time product for the trader, the overall transaction does not exhibit strong anomalies.",benign_outlier,FALSE_POSITIVE,"The price level is normal and the trade pattern and CR profile levels are low, indicating that this transaction does not present a significant risk despite the high declared unit price.",high,Monitor future transactions from this trader for similar patterns.
2020-2801-2-10533-1,2020-2801-2-10533,2020-03-22,2020,2020-03,6109100000,610910000000,610910,61,Cotton t-shirts,Cotton t-shirts,CR_HASH_042,Re-export,EX,BH,BH,US,BH,BH,US,US,NMB,1.8,154.7888888888889,price_per_item,278.62,741.0,1.8,389.61,437.26,5.048501814390867,4.610526181303967,0.7708500247178713,3.916293548711598,5.585818334387825,1.6695247856762268,1.412006370197258,8.090105512902165,False,0.3832269675299616,0.3832269675299616,NORMAL,4.0,0.0041928721174004,5.474369310328396,58.39708046469813,4.0,0.0041928721174004,5.474369310328396,54.46595026060942,4.0,1.0,0.0,1.0,1.0,0.0,48.26162282356236,LOW,1,0.0,0.5837341811636734,14.593354529091837,1.0,0.0,1,True,91.66666666666666,True,True,100.0,1.0,100.0,80.10767408518214,MEDIUM,1,MEDIUM,"MEDIUM (driven by pattern+cr_profile; price_level=NORMAL, pattern_level=LOW, cr_profile_level=MEDIUM)",1,"This transaction is flagged due to a combination of a medium CR profile score and low trade pattern score, indicating unusual behavior for the trader. The declared unit price is significantly higher than the peer median price for cotton t-shirts, which raises questions about the pricing, especially since this is the first time the trader is using this product and partner combination.",over_invoicing,TRUE_POSITIVE,"The high declared unit price compared to the peer median, combined with the trader's unusual partner and product usage, suggests a potential over-invoicing issue that warrants further investigation.",medium,Conduct a detailed review of the trader's previous transactions and request additional documentation to justify the high unit price.
2020-2801-8-10599-1,2020-2801-8-10599,2020-03-23,2020,2020-03,8517120000,851712000000,851712,85,Cellular telephones,Cellular telephones,CR_HASH_047,Re-export,EX,BH,BH,SA,BH,BH,SA,SA,NMB,3.21,15903.01246105919,price_per_item,51048.67,135767.73,3.21,102.31,111.41,9.674326712413352,8.864077348542533,0.8102493638708186,8.21372138236038,9.675589371385747,1.461867989025368,6.020919398822327,11.8683913549238,False,0.6744907594765952,0.6744907594765952,NORMAL,4.0,0.0041928721174004,5.474369310328396,58.39708046469813,4.0,0.0041928721174004,5.474369310328396,54.46595026060942,4.0,1.0,0.0,1.0,1.0,0.0,48.26162282356236,LOW,1,0.0,0.7952007057563075,19.88001764390769,1.0,0.0,1,True,91.66666666666666,False,True,75.0,1.0,100.0,65.70800617536769,LOW,1,LOW,"LOW (driven by pattern+cr_profile; price_level=NORMAL, pattern_level=LOW, cr_profile_level=LOW)",1,"The transaction shows a declared unit price of BHD 15,903 for cellular telephones, which is significantly higher than the peer median price of BHD 8.86. However, the robust Z-score indicates that the price is within a normal range, and the overall anomaly signals are low. The trader is also re-exporting the goods to Saudi Arabia, which is a common route, and this is the first time they are using this specific product and partner combination.",benign_outlier,FALSE_POSITIVE,"The price level is normal and the composite score is low, indicating that while the price is high, it does not raise significant concerns given the context and the trader's history.",high,Monitor future transactions from this trader for any unusual patterns.
2020-2801-3-10545-1,2020-2801-3-10545,2020-03-23,2020,2020-03,102211000,102211000000,102211,10,"Live cattle, pure-bred breeding","Live cattle, pure-bred breeding",CR_HASH_016,Re-export,EX,BH,BH,IN,BH,BH,IN,IN,NMB,3.96,332.5176767676768,price_per_item,1316.77,3502.05,3.96,21.71,24.07,5.809695867752156,9.549317841384951,0.6971436999939566,8.846103941045365,10.18755556601122,1.3414516249658544,6.833926503596584,12.19973300346,True,-3.6181069486431774,3.6181069486431774,MEDIUM,3.0,0.0031446540880503,5.762051382780177,67.03046630801344,3.0,0.0031446540880503,5.762051382780177,63.915119328547,3.0,1.0,0.0,1.0,1.0,0.0,55.88552491899817,LOW,1,0.0,-1.0605991714216176,26.51497928554044,1.0,0.0,1,True,91.66666666666666,True,True,100.0,1.0,100.0,84.28024274993916,MEDIUM,1,HIGH,"HIGH (driven by price+pattern+cr_profile; price_level=MEDIUM, pattern_level=LOW, cr_profile_level=MEDIUM)",1,"The transaction shows a significant under-invoicing with a robust Z-score of -3.62, indicating the declared unit price is much lower than the peer median price for live cattle. Additionally, this is the first time the trader has engaged in re-exporting this product and with this partner, which raises concerns about the legitimacy of the transaction. Given the context of 2020, the price anomaly is particularly alarming.",under_invoicing,TRUE_POSITIVE,The combination of a strong negative Z-score indicating under-invoicing and the first-time use of a product and partner suggests a genuine risk that warrants further scrutiny.,high,Conduct a detailed investigation into the trader's history and the legitimacy of the declared price and partner.
2020-2601-5-10506-1,2020-2601-5-10506,2020-03-23,2020,2020-03,3923301000,392330100000,392330,39,Plastic bottles for packaging,Plastic bottles for packaging,CR_HASH_040,Import,IM,DE,CN,BH,DE,CN,BH,DE,NMB,4.81,0.1538461538461538,price_per_item,0.74,1.98,4.81,32.35,35.9,0.1431008436406733,1.6841288050356895,0.6442087840607709,1.0864174155799162,2.3469388358112164,1.2605214202313002,-0.8043647147670341,4.237720966158166,False,-1.6134662329564604,1.6134662329564604,NORMAL,2.0,0.0020964360587002,6.1675164908883415,79.19854023234907,1.0,0.0010482180293501,6.860663671448286,100.0,1.0,2.0,0.0,2.0,1.0,0.0,74.59927011617454,LOW,1,0.0,-0.8908655167996447,22.271637919991115,1.0,0.0,2,False,83.33333333333334,True,True,100.0,0.5,50.0,62.79507327199689,LOW,1,LOW,"LOW (driven by pattern+cr_profile; price_level=NORMAL, pattern_level=LOW, cr_profile_level=LOW)",1,"The transaction shows a declared unit price of BHD 0.1538 for plastic bottles, which is significantly lower than the peer median price of BHD 1.6841, indicating potential under-invoicing. However, the robust Z-score is within the normal range, and the trade pattern and CR profile levels are low, suggesting that this is a common transaction for the trader despite the unusual partner. The low anomaly score indicates that this may not reflect a genuine risk.",benign_outlier,FALSE_POSITIVE,"The price level is normal and the trade pattern is low, indicating that while there are some anomalies, they do not strongly suggest a risk. The trader's behavior appears consistent with their past transactions.",medium,Monitor future transactions from this trader for similar patterns.
2020-2701-6-10256-1,2020-2701-6-10256,2020-03-24,2020,2020-03,9018390000,901839000000,901839,90,Medical syringes and needles,Medical syringes and needles,CR_HASH_017,Re-export,EX,BH,BH,AE,BH,BH,AE,AE,NMB,2.66,0.8308270676691729,price_per_item,2.21,5.89,2.66,221.47,240.03,0.6047678143008907,1.4183722013465885,0.3403115864896454,0.9528936868330796,1.614923227688858,0.6620295408557785,-0.0401506244505881,2.6079675389725256,False,-1.6125476261109892,1.6125476261109892,NORMAL,3.0,0.0031446540880503,5.762051382780177,67.03046630801344,3.0,0.0031446540880503,5.762051382780177,63.915119328547,3.0,1.0,0.0,1.0,1.0,0.0,55.88552491899817,LOW,1,0.0,-0.7173231842553874,17.933079606384688,1.0,0.0,1,True,91.66666666666666,True,True,100.0,1.0,100.0,81.27657786223463,MEDIUM,1,MEDIUM,"MEDIUM (driven by pattern+cr_profile; price_level=NORMAL, pattern_level=LOW, cr_profile_level=MEDIUM)",1,"This transaction is flagged due to a combination of medium-level anomalies in the trade pattern and CR profile dimensions. The trader is re-exporting medical syringes and needles, which is a common product, but this is their first time using this specific product and partner combination. The declared unit price is below the peer median, but the price level is normal, suggesting that the price is not a significant concern.",unusual_partner,TRUE_POSITIVE,"The combination of first-time product and partner usage raises concerns about the legitimacy of the transaction, warranting further investigation despite the normal price level.",medium,Conduct a deeper review of the trader's history and the legitimacy of the destination market for medical supplies.
2020-2601-8-10314-1,2020-2601-8-10314,2020-03-26,2020,2020-03,9018390000,901839000000,901839,90,Medical syringes and needles,Medical syringes and needles,CR_HASH_045,Import,IM,CN,US,BH,CN,US,BH,CN,NMB,0.77,9.025974025974026,price_per_item,6.95,18.48,0.77,194.72,228.53,2.3051791281710923,1.1592369104845446,0.5792846449150362,0.6041021775947832,1.748109664393657,1.1440074867988734,-1.111909052603527,3.464120894591967,False,1.3342791726113488,1.3342791726113488,NORMAL,23.0,0.0241090146750524,3.725169455519137,5.903307964603629,2.0,0.0020964360587002,6.1675164908883415,77.23297513030472,12.0,1.9166666666666667,0.996204919895622,4.0,2.0869565217391304,69.16996047430831,40.35868934905472,NORMAL,0,0.0,2.500146491748133,62.50366229370332,1.0,0.0,1,True,91.66666666666666,True,True,100.0,1.0,100.0,96.87628180279616,HIGH,1,HIGH,"HIGH (driven by cr_profile; price_level=NORMAL, pattern_level=NORMAL, cr_profile_level=HIGH)",1,"This transaction is flagged due to a high CR Profile Score, indicating significant deviation from the trader's historical behavior, particularly as this is the first time the trader has imported medical syringes and needles from this partner. However, the price level is normal and the trade pattern is also normal, suggesting that while the trader's profile is unusual, the transaction itself does not exhibit clear signs of risk.",cr_profile_deviation,FALSE_POSITIVE,"The high CR Profile Score indicates a deviation from the trader's usual behavior, but the price and trade pattern levels are normal, suggesting this may be a benign outlier rather than a genuine risk.",medium,Monitor future transactions from this trader for similar patterns.
2020-2601-1-10713-1,2020-2601-1-10713,2020-03-26,2020,2020-03,8517120000,851712000000,851712,85,Cellular telephones,Cellular telephones,CR_HASH_047,Import,IM,AE,AE,BH,AE,AE,BH,AE,NMB,4.03,912.9156327543424,price_per_item,3679.05,9784.72,4.03,154.85,179.61,6.81773826167332,9.1609472788485,0.7778458576033893,8.086449359029473,9.737226953131788,1.6507775941023135,5.610282967876002,12.213393344285258,False,-2.031858644174654,2.031858644174654,LOW,11.0,0.0115303983228511,4.462768398649916,28.038772365976683,9.0,0.0094339622641509,4.663439094112067,27.830238657093965,7.0,1.5714285714285714,0.7867957924694431,3.0,1.9090909090909087,57.8512396694215,32.437655663384454,NORMAL,0,0.0,-0.8853410646202851,22.13352661550713,1.0,0.0,1,True,91.66666666666666,False,True,60.0,0.8,80.0,58.746734315427496,LOW,1,LOW,"LOW (driven by price+cr_profile; price_level=LOW, pattern_level=NORMAL, cr_profile_level=LOW)",1,"The transaction shows a low price anomaly with a robust Z-score of -2.03, indicating potential under-invoicing, but the price level is categorized as LOW, suggesting it is not significantly below the market median. Additionally, the trader is engaging in a first-time import of cellular telephones, which may explain the unusual pricing without indicating a genuine risk. The overall composite score is LOW, indicating that the flagged signals do not strongly suggest a risk.",under_invoicing,FALSE_POSITIVE,"The low price anomaly is not severe enough to warrant concern, especially given that the trader is importing a product for the first time, which can lead to pricing discrepancies without indicating fraudulent intent.",medium,Monitor future transactions from this trader for consistency in pricing and product classification.
2020-2601-5-10762-1,2020-2601-5-10762,2020-03-26,2020,2020-03,8504400090,850440009000,850440,85,Static converters,Static converters,CR_HASH_015,Re-export,EX,BH,BH,AE,BH,BH,AE,AE,NMB,2.61,3088.3716475095785,price_per_item,8060.65,21437.91,2.61,369.27,398.14,8.035722998892787,7.211981005295417,0.7196345903205628,6.668983974826631,7.961818755725377,1.2928347808987457,4.729731803478512,9.901070927073494,False,0.7720673385457452,0.7720673385457452,NORMAL,3.0,0.0031446540880503,5.762051382780177,67.03046630801344,3.0,0.0031446540880503,5.762051382780177,63.915119328547,3.0,1.0,0.0,1.0,1.0,0.0,55.88552491899817,LOW,1,0.0,0.922308355512046,23.057708887801148,1.0,0.0,2,False,83.33333333333334,False,True,62.5,0.875,87.5,51.1951981107304,LOW,1,LOW,"LOW (driven by pattern+cr_profile; price_level=NORMAL, pattern_level=LOW, cr_profile_level=LOW)",1,"The transaction has a normal price level with a robust Z-score of 0.77, indicating no significant price anomaly. The trade pattern and CR profile levels are both low, suggesting that while the partner and route are somewhat rare, they are not unusual enough to raise a significant concern. Additionally, the declared unit price is significantly higher than the peer median price, but this is not flagged as anomalous due to the context of the re-export.",benign_outlier,FALSE_POSITIVE,"The price level is normal and the composite score is low, indicating that the flagged transaction does not present a genuine risk despite some unusual characteristics in partner and route rarity.",high,Monitor future transactions from this trader for consistency in pricing and trade patterns.
2020-2801-8-10126-1,2020-2801-8-10126,2020-03-27,2020,2020-03,1006301000,100630100000,100630,10,Long-grain milled rice,Long-grain milled rice,CR_HASH_030,Import,IM,DE,AE,BH,DE,AE,BH,DE,KGM,3826.07,0.3459189194133928,price_per_kg,1323.51,3519.98,0.82,3826.07,4320.78,0.2970769912308728,0.3286983897813914,0.0676786910787625,0.270176176769005,0.3986012849866289,0.1284251082176239,0.0775385144425691,0.5912389473130648,False,-0.3151411586732678,0.3151411586732678,NORMAL,6.0,0.0062893081761006,5.068904202220232,46.22900654036249,1.0,0.0010482180293501,6.860663671448286,100.0,4.0,1.5,1.0,3.0,2.0,63.63636363636365,67.65995781563579,LOW,1,0.0,-0.2927418178784216,7.318545446960541,1.0,0.0,1,True,91.66666666666666,True,True,100.0,1.0,100.0,77.56149090643619,MEDIUM,1,MEDIUM,"MEDIUM (driven by pattern+cr_profile; price_level=NORMAL, pattern_level=LOW, cr_profile_level=MEDIUM)",1,"The transaction shows a normal price level with a robust Z-score indicating no significant under or over-invoicing. However, the trade pattern indicates a high route rarity and the trader is engaging with a first-time partner and product, which raises concerns about the legitimacy of the transaction. Given the combination of these factors, it is prudent to investigate further.",unusual_partner,TRUE_POSITIVE,"The combination of first-time product and partner, along with high route rarity, suggests potential risks that warrant further investigation despite the normal price level.",medium,Conduct a detailed review of the trader's history and the legitimacy of the first-time partner and product.
2020-2601-3-10149-1,2020-2601-3-10149,2020-03-28,2020,2020-03,9018390000,901839000000,901839,90,Medical syringes and needles,Medical syringes and needles,CR_HASH_005,Import,IM,US,US,BH,US,US,BH,US,NMB,1.41,0.3333333333333333,price_per_item,0.47,1.26,1.41,21.3,23.41,0.2876820724517809,1.1592369104845446,0.5792846449150362,0.6041021775947832,1.748109664393657,1.1440074867988734,-1.111909052603527,3.464120894591967,False,-1.0147959035172436,1.0147959035172436,NORMAL,11.0,0.0115303983228511,4.462768398649916,28.038772365976683,9.0,0.0094339622641509,4.663439094112067,27.830238657093965,7.0,1.5714285714285714,0.7867957924694432,3.0,1.9090909090909087,57.8512396694215,32.437655663384454,NORMAL,0,0.0,-0.9076742945415528,22.69185736353882,1.0,0.0,1,True,91.66666666666666,True,True,100.0,1.0,100.0,82.94215007723858,MEDIUM,1,LOW,"LOW (driven by cr_profile; price_level=NORMAL, pattern_level=NORMAL, cr_profile_level=MEDIUM)",1,"The transaction shows a declared unit price of BHD 0.33 for medical syringes, which is significantly lower than the peer median price of BHD 1.16, resulting in a Z-score of -1.01. However, the price level is classified as NORMAL, and the trade pattern and CR profile levels are also NORMAL, indicating that while the trader is using a new product and partner, the overall transaction does not exhibit strong anomalies.",benign_outlier,FALSE_POSITIVE,"The price anomaly is not significant enough to indicate a genuine risk, especially given the NORMAL classifications in other dimensions and the context of the transaction date in 2020, which may reflect market conditions at that time.",high,Monitor future transactions from this trader for consistency in pricing and product usage.
2020-2701-7-10192-1,2020-2701-7-10192,2020-03-28,2020,2020-03,8517120000,851712000000,851712,85,Cellular telephones,Cellular telephones,CR_HASH_043,Re-export,EX,BH,BH,US,BH,BH,US,US,NMB,4.19,3030.90692124105,price_per_item,12699.5,33775.26,4.19,360.47,431.86,8.016947047491918,8.864077348542533,0.8102493638708186,8.21372138236038,9.675589371385747,1.461867989025368,6.020919398822327,11.8683913549238,False,-0.7051922353898498,0.7051922353898498,NORMAL,4.0,0.0041928721174004,5.474369310328396,58.39708046469813,4.0,0.0041928721174004,5.474369310328396,54.46595026060942,4.0,1.0,0.0,1.0,1.0,0.0,48.26162282356236,LOW,1,0.0,-0.6758014855411331,16.895037138528327,1.0,0.0,2,False,83.33333333333334,True,True,100.0,0.4,40.0,58.91326299848491,LOW,1,LOW,"LOW (driven by pattern+cr_profile; price_level=NORMAL, pattern_level=LOW, cr_profile_level=LOW)",1,"The transaction involves a re-export of cellular telephones from Bahrain to the US, with a declared unit price significantly higher than the peer median price, indicating potential over-invoicing. However, the price anomaly is classified as NORMAL, and the overall composite score is LOW, suggesting that while the price is high, it may not be unusual for this trader's profile. The trader has a high partner rarity score, indicating this is the first time they are dealing with this partner, which adds to the complexity of the transaction.",over_invoicing,FALSE_POSITIVE,"The price anomaly is classified as NORMAL, and the overall composite score is LOW, indicating that while the price is high, it does not strongly suggest a genuine risk of over-invoicing given the context of the trader's profile.",medium,Monitor future transactions from this trader to the same partner for consistency in pricing.
2020-2801-5-10257-1,2020-2801-5-10257,2020-03-30,2020,2020-03,9018390000,901839000000,901839,90,Medical syringes and needles,Medical syringes and needles,CR_HASH_031,Import,IM,CN,SA,BH,CN,SA,BH,CN,NMB,3.7,2.621621621621621,price_per_item,9.7,25.8,3.7,546.59,649.83,1.286921887306687,1.1592369104845446,0.5792846449150362,0.6041021775947832,1.748109664393657,1.1440074867988734,-1.111909052603527,3.464120894591967,False,0.1486701533460288,0.1486701533460288,NORMAL,23.0,0.0241090146750524,3.725169455519137,5.903307964603629,1.0,0.0010482180293501,6.860663671448286,100.0,12.0,1.9166666666666667,0.996204919895622,4.0,2.0869565217391304,69.16996047430831,48.327148053448056,LOW,1,0.0,-0.0440442387109344,1.10110596777336,1.0,0.0,1,True,91.66666666666666,True,True,100.0,1.0,100.0,75.38538708872068,MEDIUM,1,MEDIUM,"MEDIUM (driven by pattern+cr_profile; price_level=NORMAL, pattern_level=LOW, cr_profile_level=MEDIUM)",1,"This transaction is flagged due to a combination of a low trade pattern score and high partner rarity, indicating that the trader is engaging with an unusual partner for this type of product. Additionally, this is the first time the trader has imported this product and used this partner, which raises concerns about potential misclassification or unusual trading behavior. However, the price level is normal, suggesting that the pricing is consistent with market expectations.",unusual_partner,TRUE_POSITIVE,"The combination of first-time product and partner usage, along with a low trade pattern score, indicates a genuine risk that warrants further investigation despite the normal pricing.",medium,Conduct a detailed review of the trader's past transactions and the legitimacy of the trading partner.
2020-2701-7-10611-1,2020-2701-7-10611,2020-04-01,2020,2020-04,8471300000,847130000000,847130,84,Portable laptop computers,Portable laptop computers,CR_HASH_048,Import,IM,IN,DE,BH,IN,DE,BH,IN,NMB,2.07,7971.323671497585,price_per_item,16500.64,43884.68,2.07,873.95,1040.1,8.983731281549327,8.71824987064452,0.6999612932513521,7.750041925937837,9.126895264901794,1.376853338963957,5.684761917491901,11.192175273347727,False,0.2558209435215153,0.2558209435215153,NORMAL,5.0,0.0052410901467505,5.251225759014186,51.700506150822136,1.0,0.0010482180293501,6.860663671448286,100.0,5.0,1.0,0.0,1.0,1.0,0.0,60.85025307541107,LOW,1,0.0,0.197172085479627,4.929302136990676,1.0,0.0,3,False,75.0,False,True,87.5,0.7777777777777778,77.77777777777779,49.15581130350229,LOW,1,LOW,"LOW (driven by pattern+cr_profile; price_level=NORMAL, pattern_level=LOW, cr_profile_level=LOW)",1,"The transaction shows a declared unit price of approximately 7971 BHD for portable laptop computers, which is significantly higher than the peer median price of 8.72 BHD. However, the price anomaly score is normal, indicating no under- or over-invoicing. The trade pattern shows a high route rarity score, suggesting that this is an unusual route for the trader, which could raise concerns about the legitimacy of the transaction.",unusual_route,TRUE_POSITIVE,"The unusual route combined with the trader's low profile score suggests potential risk, warranting further investigation despite the normal price level.",medium,Conduct a detailed review of the trader's past transactions and the legitimacy of the route used for this import.
2020-2501-1-10487-1,2020-2501-1-10487,2020-04-01,2020,2020-04,1006301000,100630100000,100630,10,Long-grain milled rice,Long-grain milled rice,CR_HASH_034,Import,IM,AE,AE,BH,AE,AE,BH,AE,KGM,161.42,0.5263907818114236,price_per_kg,84.97,225.99,4.46,161.42,186.44,0.4229059825239843,0.3286983897813914,0.0676786910787625,0.270176176769005,0.3986012849866289,0.1284251082176239,0.0775385144425691,0.5912389473130648,False,0.9388797236557764,0.9388797236557764,NORMAL,10.0,0.010482180293501,4.558078578454241,30.899046383171186,7.0,0.0073375262054507,4.9147535223929735,36.08488067145304,8.0,1.25,0.4629100498862757,2.0,1.6,38.181818181818194,33.80650415386688,NORMAL,0,0.0,0.9469208055183156,23.673020137957888,1.0,0.0,1,True,91.66666666666666,True,True,100.0,1.0,100.0,83.28555704828526,MEDIUM,1,LOW,"LOW (driven by cr_profile; price_level=NORMAL, pattern_level=NORMAL, cr_profile_level=MEDIUM)",1,"The transaction involves the import of long-grain milled rice from the UAE to Bahrain, with a declared unit price of BHD 0.526, which is within a normal price range given the context of 2020. Although the CR Profile indicates this is the first time the trader has imported this product and used this partner, the overall anomaly scores are low, suggesting no significant risk. The price level is normal, and the trade pattern is also typical for this type of transaction.",benign_outlier,FALSE_POSITIVE,"The low composite score and normal price level indicate that this transaction does not present a genuine risk, despite being a first-time occurrence for the trader.",high,Monitor future transactions from this trader for consistency in product and partner usage.
2020-2501-7-10893-1,2020-2501-7-10893,2020-04-01,2020,2020-04,9018390000,901839000000,901839,90,Medical syringes and needles,Medical syringes and needles,CR_HASH_014,Import,IM,DE,CN,BH,DE,CN,BH,DE,NMB,1.95,0.4358974358974359,price_per_item,0.85,2.26,1.95,552.12,597.77,0.3617900446055028,1.1592369104845446,0.5792846449150362,0.6041021775947832,1.748109664393657,1.1440074867988734,-1.111909052603527,3.464120894591967,False,-0.9285081987420452,0.9285081987420452,NORMAL,3.0,0.0031446540880503,5.762051382780177,67.03046630801344,1.0,0.0010482180293501,6.860663671448286,100.0,3.0,1.0,0.0,1.0,1.0,0.0,68.51523315400672,LOW,1,0.0,-0.8598705482558174,21.496763706395438,1.0,0.0,1,True,91.66666666666666,True,True,100.0,1.0,100.0,82.5238672972384,MEDIUM,1,MEDIUM,"MEDIUM (driven by pattern+cr_profile; price_level=NORMAL, pattern_level=LOW, cr_profile_level=MEDIUM)",1,"This transaction is flagged due to a combination of medium-level anomalies in the trade pattern and CR profile dimensions. The route rarity score is at 100, indicating an unusual route from China to Bahrain for medical syringes, and both the product and partner are first-time occurrences for this trader. However, the price level is normal, suggesting that the pricing is consistent with market expectations.",unusual_route,TRUE_POSITIVE,"The unusual route and first-time use of both product and partner raise concerns about the legitimacy of this transaction, warranting further scrutiny despite the normal price level.",medium,Conduct a detailed investigation into the legitimacy of the trading partner and the route used for this import.
2020-2801-6-10690-1,2020-2801-6-10690,2020-04-02,2020,2020-04,8504400090,850440009000,850440,85,Static converters,Static converters,CR_HASH_014,Import,IM,DE,IN,BH,DE,IN,BH,DE,NMB,3.55,878.8281690140846,price_per_item,3119.84,8297.45,3.55,42.57,49.43,6.7797266259220565,7.466827051260017,0.5715840105867187,6.914775863803976,8.032836322465545,1.11806045866157,5.23768517581162,9.7099270104579,False,-0.8108044996695732,0.8108044996695732,NORMAL,5.0,0.0052410901467505,5.251225759014186,51.700506150822136,1.0,0.0010482180293501,6.860663671448286,100.0,4.0,1.25,0.5,2.0,1.6,38.181818181818194,66.5775258026838,LOW,1,0.0,-0.5782951187003333,14.457377967508334,1.0,0.0,1,True,91.66666666666666,False,True,75.0,1.0,100.0,63.81008228862792,LOW,1,LOW,"LOW (driven by pattern+cr_profile; price_level=NORMAL, pattern_level=LOW, cr_profile_level=LOW)",1,"The transaction shows a high declared unit price for static converters at 878.83 BHD, which is significantly above the peer median price of 7.47 BHD, indicating potential over-invoicing. However, the robust Z-score is negative and the price level is classified as normal, suggesting that the pricing may not be anomalous given the context. Additionally, the trade pattern indicates a rare route, but the overall composite score is low, suggesting that there is insufficient evidence of a genuine risk.",over_invoicing,FALSE_POSITIVE,"The price level is normal despite the high unit price, and the overall composite score is low, indicating that this flag is likely a false positive rather than a genuine risk.",medium,Monitor future transactions from this trader for similar patterns and pricing.
2020-2801-7-10815-1,2020-2801-7-10815,2020-04-02,2020,2020-04,3923301000,392330100000,392330,39,Plastic bottles for packaging,Plastic bottles for packaging,CR_HASH_004,Import,IM,US,US,BH,US,US,BH,US,NMB,1.18,33.610169491525426,price_per_item,39.66,105.47,1.18,892.72,1014.79,3.5441475548188914,1.6841288050356895,0.6442087840607709,1.0864174155799162,2.3469388358112164,1.2605214202313002,-0.8043647147670341,4.237720966158166,False,1.947451649562777,1.947451649562777,NORMAL,10.0,0.010482180293501,4.558078578454241,30.899046383171186,7.0,0.0073375262054507,4.9147535223929735,36.08488067145304,7.0,1.4285714285714286,0.7867957924694432,3.0,2.1,70.00000000000001,38.57923142659416,NORMAL,0,0.0,6.02376218242235,100.0,1.0,0.0,1,True,91.66666666666666,False,True,75.0,1.0,100.0,93.75,HIGH,1,HIGH,"HIGH (driven by cr_profile; price_level=NORMAL, pattern_level=NORMAL, cr_profile_level=HIGH)",1,"This transaction is flagged due to a high CR Profile Score of 93.75, indicating significant deviation from the trader's historical behavior. The trader is importing plastic bottles for the first time, which raises concerns about potential misclassification or unusual trading practices. However, the price level is normal and the trade pattern is also within expected ranges, suggesting that the flag may be a false positive.",other,FALSE_POSITIVE,"Despite the high CR Profile Score, the price and trade pattern levels are normal, indicating that this transaction may not represent a genuine risk but rather an anomaly due to the trader's first-time import of this product.",medium,Monitor future transactions from this trader for similar patterns.
2020-2601-6-10069-1,2020-2601-6-10069,2020-04-03,2020,2020-04,8471300000,847130000000,847130,84,Portable laptop computers,Portable laptop computers,CR_HASH_030,Import,IM,SA,SA,BH,SA,SA,BH,SA,NMB,4.71,4008.0106157112527,price_per_item,18877.73,50206.72,4.71,224.03,264.64,8.296299760608882,8.71824987064452,0.6999612932513521,7.750041925937837,9.126895264901794,1.376853338963957,5.684761917491901,11.192175273347727,False,-0.4065959831252723,0.4065959831252723,NORMAL,12.0,0.0125786163522012,4.375757021660286,25.427546772711544,8.0,0.0083857442348008,4.781222129768451,31.698925390914116,7.0,1.7142857142857142,0.9511897312113418,3.0,1.75,47.727272727272734,30.96748818226662,NORMAL,0,0.0,-0.3778996652063417,9.447491630158543,1.0,0.0,1,True,91.66666666666666,True,True,100.0,1.0,100.0,78.30662207055549,MEDIUM,1,LOW,"LOW (driven by cr_profile; price_level=NORMAL, pattern_level=NORMAL, cr_profile_level=MEDIUM)",1,"The transaction shows a normal price level with a robust Z-score of -0.41, indicating no significant under-invoicing. However, the trader is using a first-time product and partner, which contributes to a medium CR profile score, suggesting some deviation from their usual trading behavior. Despite this, the overall composite score is low, indicating that the anomalies do not present a significant risk.",benign_outlier,FALSE_POSITIVE,"The price and trade pattern dimensions are normal, and while the trader is using a new product and partner, the overall risk is low, making this a likely false positive.",high,Monitor future transactions from this trader for any patterns of unusual behavior.
2020-2501-6-10477-1,2020-2501-6-10477,2020-04-03,2020,2020-04,1006301000,100630100000,100630,10,Long-grain milled rice,Long-grain milled rice,CR_HASH_016,Re-export,EX,BH,BH,IN,BH,BH,IN,IN,KGM,4956.42,0.2594392727008607,price_per_kg,1285.89,3419.93,2.49,4956.42,5323.54,0.2306666002458736,0.2942812331971436,0.0786514342671003,0.2366195387420564,0.3954409430566458,0.1588214043145894,-0.0016125677298277,0.63367304952853,False,-0.5455397284608065,0.5455397284608065,NORMAL,2.0,0.0020964360587002,6.1675164908883415,79.19854023234907,2.0,0.0020964360587002,6.1675164908883415,77.23297513030472,2.0,1.0,0.0,1.0,1.0,0.0,66.6308114117812,LOW,1,0.0,-0.8820362686206326,22.05090671551581,1.0,0.0,1,True,91.66666666666666,False,True,83.33333333333334,0.8333333333333334,83.33333333333334,65.21781735043054,LOW,1,LOW,"LOW (driven by pattern+cr_profile; price_level=NORMAL, pattern_level=LOW, cr_profile_level=LOW)",1,"The transaction shows a normal price level with a robust Z-score indicating no significant under-invoicing or over-invoicing. However, the trader is using this product and partner combination for the first time, which raises some concern. The trade pattern score is low, but the rarity scores are high, suggesting that while the partner and route are unusual, the overall transaction does not exhibit strong anomalies.",benign_outlier,FALSE_POSITIVE,"The price level is normal, and while there are some unusual aspects regarding the trader's history, the overall transaction does not present a significant risk, indicating it is likely a false positive.",medium,Monitor future transactions from this trader for similar patterns.
2020-2601-2-10213-1,2020-2601-2-10213,2020-04-03,2020,2020-04,6109100000,610910000000,610910,61,Cotton t-shirts,Cotton t-shirts,CR_HASH_030,Import,IM,IN,IN,BH,IN,IN,BH,IN,NMB,1.75,154.50285714285715,price_per_item,270.38,719.1,1.75,297.08,343.85,5.04666410535954,4.644105600231562,0.7882174659262975,3.892722458934984,5.444558727344917,1.5518362684099332,1.5649680563200845,7.772313129959818,False,0.3444759899331147,0.3444759899331147,NORMAL,3.0,0.0031446540880503,5.762051382780177,67.03046630801344,3.0,0.0031446540880503,5.762051382780177,63.915119328547,2.0,1.5,0.7071067811865476,2.0,1.3333333333333333,21.21212121212121,59.06734310081635,LOW,1,0.0,0.5562571072192686,13.906427680481714,1.0,0.0,1,True,91.66666666666666,False,True,66.66666666666667,1.0,100.0,61.53391635483527,LOW,1,LOW,"LOW (driven by pattern+cr_profile; price_level=NORMAL, pattern_level=LOW, cr_profile_level=LOW)",1,"The transaction shows a declared unit price of BHD 154.50 for cotton t-shirts, which is significantly higher than the peer median price of BHD 4.64. However, the price anomaly score is normal, indicating no under- or over-invoicing. The trade pattern and CR profile levels are low, suggesting this is a first-time product and partner combination for the trader, which may explain the unusual pricing without indicating a genuine risk.",benign_outlier,FALSE_POSITIVE,"The price level is normal, and while the declared unit price is high, it aligns with the trader's first-time use of this product, indicating a benign outlier rather than a risk.",medium,Monitor future transactions from this trader for consistency in pricing and product classification.
2020-2601-2-10170-1,2020-2601-2-10170,2020-04-04,2020,2020-04,8703221000,870322100000,870322,87,Passenger cars 1000-1500cc,Passenger cars 1000-1500cc,CR_HASH_026,Import,IM,IN,SA,BH,IN,SA,BH,IN,NMB,1.98,76458.601010101,price_per_item,151388.03,402627.75,1.98,163.58,177.83,11.24451778895404,12.339741490828857,0.5298577154310848,11.445675964067552,12.647064860424424,1.201388896356871,9.643592619532246,14.44914820495973,False,-1.3941823341636206,1.3941823341636206,NORMAL,9.0,0.0094339622641509,4.663439094112067,34.06093261602687,1.0,0.0010482180293501,6.860663671448286,100.0,6.0,1.5,0.8366600265340756,3.0,2.0,63.63636363636365,61.57592085346798,LOW,1,0.0,-0.7786247004082342,19.465617510205853,1.0,0.0,2,False,83.33333333333334,True,True,100.0,0.8,80.0,67.81296612857204,LOW,1,LOW,"LOW (driven by pattern+cr_profile; price_level=NORMAL, pattern_level=LOW, cr_profile_level=LOW)",1,"The transaction involves the import of a passenger car from Saudi Arabia, which is a common trade route for Bahrain. The declared unit price is significantly higher than the peer median price, but the price anomaly score is within a normal range, suggesting no under-invoicing. The trade pattern shows a high route rarity score, indicating this is an unusual route for this trader, which may raise questions about the legitimacy of the transaction.",unusual_route,TRUE_POSITIVE,"The unusual route and high partner rarity score indicate potential risks associated with this transaction, warranting further investigation despite the normal price level.",medium,Conduct a detailed review of the trader's past transactions and verify the legitimacy of the trade route and partner.
2020-2801-3-10801-1,2020-2801-3-10801,2020-04-04,2020,2020-04,3923301000,392330100000,392330,39,Plastic bottles for packaging,Plastic bottles for packaging,CR_HASH_046,Re-export,EX,BH,BH,CN,BH,BH,CN,CN,NMB,2.85,18.45263157894737,price_per_item,52.59,139.87,2.85,143.16,154.08,2.9679823606010887,2.008077055471865,0.7629623078147538,1.1201351912780924,2.51712417371907,1.3969889824409778,-0.9753482823833745,4.612607647380537,False,0.8485966497304638,0.8485966497304638,NORMAL,14.0,0.0146750524109014,4.221606341833028,20.80145976765095,14.0,0.0146750524109014,4.221606341833028,13.317855801757728,7.0,2.0,0.816496580927726,3.0,1.5,31.818181818181824,19.83470668716795,NORMAL,0,0.0,2.8910589727937595,72.27647431984398,1.0,0.0,1,True,91.66666666666666,False,True,66.66666666666667,1.0,100.0,81.96343267861207,MEDIUM,1,LOW,"LOW (driven by cr_profile; price_level=NORMAL, pattern_level=NORMAL, cr_profile_level=MEDIUM)",1,"The transaction involves the re-export of plastic bottles with a declared unit price significantly higher than the peer median price, but the price anomaly score is within normal limits, indicating no under- or over-invoicing. The trader is also using this product and partner combination for the first time, which contributes to a medium CR profile level, but the overall composite level is low, suggesting that while there are some unusual aspects, they do not indicate a genuine risk.",benign_outlier,FALSE_POSITIVE,"The price level is normal and the trade pattern is not unusual, indicating that the flagged transaction does not present a significant risk despite the first-time use of the product and partner.",medium,Monitor future transactions from this trader for similar patterns.
2020-2601-7-10579-1,2020-2601-7-10579,2020-04-05,2020,2020-04,2710192100,271019210000,271019,27,Gas oils for diesel engines,Gas oils for diesel engines,CR_HASH_006,Import,IM,CN,CN,BH,CN,CN,BH,CN,LTR,5793.37,0.4867477823788226,price_per_liter_gross_weight,2819.91,7499.76,1.47,5307.72,5793.37,0.3965910380136252,0.2635559281187505,0.0710560088433533,0.1979668243457394,0.3363424368265587,0.1383756124808193,-0.0095965943754896,0.5439058555477878,False,1.2628200453513063,1.2628200453513063,NORMAL,19.0,0.0199161425576519,3.916224692281846,11.63690673320574,15.0,0.0157232704402515,4.152613470346076,11.051724646602178,8.0,2.375,1.407885953173359,5.0,2.1052631578947367,70.33492822966507,20.236796227363392,NORMAL,0,0.0,1.284202194803121,32.10505487007803,1.0,0.0,1,True,91.66666666666666,True,True,100.0,1.0,100.0,86.2367692045273,HIGH,1,HIGH,"HIGH (driven by cr_profile; price_level=NORMAL, pattern_level=NORMAL, cr_profile_level=HIGH)",1,"This transaction is flagged due to a high CR Profile Score, indicating significant deviation from the trader's historical behavior, particularly as this is the first time the trader has imported this product and partnered with this supplier. However, the price level is normal and the trade pattern is also normal, suggesting that while the trader's profile is unusual, the transaction itself does not exhibit clear signs of risk.",cr_profile_deviation,FALSE_POSITIVE,"The high CR Profile Score indicates a deviation from the trader's usual behavior, but the normal price and trade pattern levels suggest that this transaction is not inherently risky. It is advisable to keep an eye on future transactions to see if this becomes a trend.",medium,Monitor future transactions from this trader for consistency in product and partner choices.
2020-2601-6-10348-1,2020-2601-6-10348,2020-04-05,2020,2020-04,8471300000,847130000000,847130,84,Portable laptop computers,Portable laptop computers,CR_HASH_028,Import,IM,US,US,BH,US,US,BH,US,NMB,4.62,50.11471861471861,price_per_item,231.53,615.76,4.62,10.27,11.79,3.934072491248479,8.71824987064452,0.6999612932513521,7.750041925937837,9.126895264901794,1.376853338963957,5.684761917491901,11.192175273347727,True,-4.610088393760407,4.610088393760407,MEDIUM,12.0,0.0125786163522012,4.375757021660286,25.427546772711544,10.0,0.010482180293501,4.558078578454241,24.369580448359905,9.0,1.3333333333333333,0.5,2.0,1.5,31.818181818181824,26.015853816009013,NORMAL,0,0.0,-0.948908361328442,23.72270903321105,1.0,0.0,1,True,91.66666666666666,True,True,100.0,1.0,100.0,83.30294816162387,MEDIUM,1,MEDIUM,"MEDIUM (driven by price+cr_profile; price_level=MEDIUM, pattern_level=NORMAL, cr_profile_level=MEDIUM)",1,"The transaction shows a significant under-invoicing with a robust Z-score of -4.61, indicating the declared unit price of BHD 50.11 is far below the peer median price of BHD 8.72 for portable laptop computers. Additionally, this is the first time the trader has imported this product and used this partner, which raises concerns about potential misclassification or fraudulent activity. The context of the transaction in 2020, during a period of high demand for electronics, further amplifies the suspicion.",under_invoicing,TRUE_POSITIVE,"The strong negative Z-score indicates significant under-invoicing, and the first-time use of both the product and partner suggests potential risk factors that warrant further scrutiny.",high,Conduct a detailed investigation into the trader's past transactions and verify the legitimacy of the declared value and the goods.
2020-2601-8-10309-1,2020-2601-8-10309,2020-04-06,2020,2020-04,2710192100,271019210000,271019,27,Gas oils for diesel engines,Gas oils for diesel engines,CR_HASH_034,Import,IM,CN,CN,BH,CN,CN,BH,CN,LTR,4350.49,0.3806168960278037,price_per_liter_gross_weight,1655.87,4403.9,2.59,3696.48,4350.49,0.322530425389814,0.2635559281187505,0.0710560088433533,0.1979668243457394,0.3363424368265587,0.1383756124808193,-0.0095965943754896,0.5439058555477878,False,0.5598084398717369,0.5598084398717369,NORMAL,19.0,0.0199161425576519,3.916224692281846,11.63690673320574,15.0,0.0157232704402515,4.152613470346076,11.051724646602178,8.0,2.375,1.407885953173359,5.0,2.1052631578947367,70.33492822966507,20.236796227363392,NORMAL,0,0.0,0.5652241387451808,14.130603468629522,1.0,0.0,1,True,91.66666666666666,True,True,100.0,1.0,100.0,79.94571121402033,MEDIUM,1,LOW,"LOW (driven by cr_profile; price_level=NORMAL, pattern_level=NORMAL, cr_profile_level=MEDIUM)",1,"The transaction shows a declared unit price of BHD 0.38 per liter for gas oils, which is within a normal price range compared to the peer median price of BHD 0.26. However, the trader is flagged for first-time use of both the product and partner, which contributes to a medium CR profile level. Given the normal price level and trade pattern, this flag is likely a false positive.",benign_outlier,FALSE_POSITIVE,"The price and trade pattern are normal, and while the trader is using a new product and partner, there is no significant anomaly in pricing or trade behavior that suggests a risk.",high,Monitor future transactions from this trader for consistency in product and partner usage.
2020-2701-7-10357-1,2020-2701-7-10357,2020-04-08,2020,2020-04,102211000,102211000000,102211,10,"Live cattle, pure-bred breeding","Live cattle, pure-bred breeding",CR_HASH_044,Import,IM,JP,IN,BH,JP,IN,BH,JP,NMB,3.07,13821.00651465798,price_per_item,42430.49,112847.04,3.07,255.71,275.4,9.534017275976506,10.013369334439131,0.6855679350518233,9.327801399387308,10.638440798004725,1.3106393986174147,7.361842301461186,12.604399895930843,False,-0.4716068495016255,0.4716068495016255,NORMAL,2.0,0.0020964360587002,6.1675164908883415,79.19854023234907,1.0,0.0010482180293501,6.860663671448286,100.0,2.0,1.0,0.0,1.0,1.0,0.0,74.59927011617454,LOW,1,0.0,-0.2979885101573642,7.449712753934105,1.0,0.0,1,True,91.66666666666666,True,True,100.0,0.6,60.0,69.60739946387693,LOW,1,LOW,"LOW (driven by pattern+cr_profile; price_level=NORMAL, pattern_level=LOW, cr_profile_level=LOW)",1,"This transaction shows a declared unit price of BHD 13821.01 for live cattle, which is significantly higher than the peer median price of BHD 10.01, indicating potential over-invoicing. However, the price anomaly score is normal, and the trade pattern shows high rarity for both the partner and route, suggesting this is a unique transaction for the trader. The trader is also engaging in a first-time import of this product and partner, which adds context to the unusual pricing.",over_invoicing,FALSE_POSITIVE,"Despite the high declared unit price, the price anomaly score is normal, and the trade pattern indicates this is a unique situation for the trader, suggesting that the flag is likely a false positive.",medium,Monitor future transactions from this trader for similar patterns and verify pricing with market data.
2020-2501-3-10452-1,2020-2501-3-10452,2020-04-08,2020,2020-04,3923301000,392330100000,392330,39,Plastic bottles for packaging,Plastic bottles for packaging,CR_HASH_023,Import,IM,AE,IN,BH,AE,IN,BH,AE,NMB,3.64,1.5686813186813189,price_per_item,5.71,15.19,3.64,167.18,190.65,0.9433926616519464,1.6841288050356895,0.6442087840607709,1.0864174155799162,2.3469388358112164,1.2605214202313002,-0.8043647147670341,4.237720966158166,False,-0.7755555284007644,0.7755555284007644,NORMAL,13.0,0.0136268343815513,4.29571431398675,23.025452080470465,1.0,0.0010482180293501,6.860663671448286,100.0,7.0,1.8571428571428568,1.2149857925879115,4.0,2.1538461538461537,73.42657342657343,57.52671205422125,LOW,1,0.0,-0.6056990441086438,15.142476102716095,1.0,0.0,1,True,91.66666666666666,True,True,100.0,1.0,100.0,80.29986663595064,MEDIUM,1,MEDIUM,"MEDIUM (driven by pattern+cr_profile; price_level=NORMAL, pattern_level=LOW, cr_profile_level=MEDIUM)",1,"This transaction is flagged due to a combination of a low trade pattern score and high rarity of the trading partner and route, indicating an unusual trading pattern. Additionally, the trader is engaging in a first-time import of plastic bottles from a rare partner, which contributes to the medium risk level despite the normal price level. The context of the date in 2020 suggests that there may have been disruptions in trade patterns during this period, which could explain the anomalies.",unusual_partner,TRUE_POSITIVE,"The combination of first-time product and partner, along with high partner rarity, indicates a genuine risk that warrants further investigation despite the normal pricing.",medium,Conduct a detailed review of the trader's past transactions and verify the legitimacy of the trading partner.
2020-2601-7-10699-1,2020-2601-7-10699,2020-04-08,2020,2020-04,102211000,102211000000,102211,10,"Live cattle, pure-bred breeding","Live cattle, pure-bred breeding",CR_HASH_014,Re-export,EX,BH,BH,AE,BH,BH,AE,AE,NMB,3.03,29663.96369636964,price_per_item,89881.81,239047.36,3.03,394.54,458.91,10.297721954905365,9.549317841384951,0.6971436999939566,8.846103941045365,10.18755556601122,1.3414516249658544,6.833926503596584,12.19973300346,False,0.7240855205722526,0.7240855205722526,NORMAL,3.0,0.0031446540880503,5.762051382780177,67.03046630801344,3.0,0.0031446540880503,5.762051382780177,63.915119328547,3.0,1.0,0.0,1.0,1.0,0.0,55.88552491899817,LOW,1,0.0,0.6746615113848957,16.866537784622395,1.0,0.0,2,False,83.33333333333334,True,True,100.0,0.8,80.0,66.90328822461784,LOW,1,LOW,"LOW (driven by pattern+cr_profile; price_level=NORMAL, pattern_level=LOW, cr_profile_level=LOW)",1,"The transaction involves a re-export of live cattle with a declared unit price significantly higher than the peer median price, yet the price anomaly score is normal, indicating no under- or over-invoicing. The trade pattern and CR profile levels are low, suggesting that while the partner is unusual for this trader, the overall transaction does not raise significant concerns given the context of the date and the nature of the goods.",unusual_partner,FALSE_POSITIVE,"The price level is normal and the CR profile indicates this is not a typical partner for the trader, but the overall transaction does not suggest a genuine risk.",medium,Monitor future transactions from this trader to see if the unusual partner pattern continues.
2020-2501-3-10278-1,2020-2501-3-10278,2020-04-09,2020,2020-04,9018390000,901839000000,901839,90,Medical syringes and needles,Medical syringes and needles,CR_HASH_022,Import,IM,AE,AE,BH,AE,AE,BH,AE,NMB,0.68,34.11764705882353,price_per_item,23.2,61.71,0.68,752.93,823.36,3.558703769336386,1.1592369104845446,0.5792846449150362,0.6041021775947832,1.748109664393657,1.1440074867988734,-1.111909052603527,3.464120894591967,True,2.7938220668757285,2.7938220668757285,LOW,11.0,0.0115303983228511,4.462768398649916,28.038772365976683,10.0,0.010482180293501,4.558078578454241,24.369580448359905,6.0,1.8333333333333333,0.983192080250175,3.0,1.6363636363636365,40.495867768595055,28.623119505203565,NORMAL,0,0.0,12.679115671011472,100.0,1.0,0.0,1,True,91.66666666666666,False,True,50.0,1.0,100.0,87.5,HIGH,1,HIGH,"HIGH (driven by price+cr_profile; price_level=LOW, pattern_level=NORMAL, cr_profile_level=HIGH)",1,"The transaction shows a high price anomaly with a robust Z-score of 2.79, indicating potential over-invoicing, especially given the declared unit price of BHD 34.12 compared to a peer median of BHD 1.16. Additionally, the trader's price severity is at 100, suggesting this price is highly unusual for them. The transaction is also flagged as a first-time use of this product and partner combination, which raises concerns about the legitimacy of the transaction.",over_invoicing,TRUE_POSITIVE,"The combination of a high Z-score indicating over-invoicing and the trader's unusual pricing behavior strongly supports the classification as a true positive risk, warranting further investigation.",high,Conduct a detailed review of the trader's previous transactions and request additional documentation to justify the declared unit price.
2020-2801-4-10226-1,2020-2801-4-10226,2020-04-09,2020,2020-04,6109100000,610910000000,610910,61,Cotton t-shirts,Cotton t-shirts,CR_HASH_015,Re-export,EX,BH,BH,CN,BH,BH,CN,CN,NMB,1.34,22.09701492537313,price_per_item,29.61,78.75,1.34,3.54,4.03,3.139703385167785,4.610526181303967,0.7708500247178713,3.916293548711598,5.585818334387825,1.6695247856762268,1.412006370197258,8.090105512902165,False,-1.2869641992740053,1.2869641992740053,NORMAL,5.0,0.0052410901467505,5.251225759014186,51.700506150822136,5.0,0.0052410901467505,5.251225759014186,47.13660531805522,3.0,1.6666666666666667,1.1547005383792517,3.0,1.7999999999999998,50.90909090909091,49.98442857309403,LOW,1,0.0,-0.8894848891515583,22.23712222878896,1.0,0.0,3,False,75.0,False,False,45.45454545454546,0.8181818181818181,81.81818181818181,35.51026550734886,LOW,1,LOW,"LOW (driven by pattern+cr_profile; price_level=NORMAL, pattern_level=LOW, cr_profile_level=LOW)",1,"The transaction shows a declared unit price of BHD 22.10 for cotton t-shirts, which is significantly higher than the peer median price of BHD 4.61, indicating potential over-invoicing. However, the price anomaly score is within normal limits, and the trade pattern and CR profile levels are low, suggesting that this may be a benign outlier rather than a genuine risk.",over_invoicing,FALSE_POSITIVE,"Despite the high declared unit price, the overall anomaly signals do not strongly indicate a genuine risk, as the price level is normal and the other dimensions are low.",medium,Monitor future transactions from this trader for similar pricing patterns.
2020-2701-5-10855-1,2020-2701-5-10855,2020-04-10,2020,2020-04,2710192100,271019210000,271019,27,Gas oils for diesel engines,Gas oils for diesel engines,CR_HASH_044,Import,IM,AE,US,BH,AE,US,BH,AE,LTR,9452.04,0.3252207988963229,price_per_liter_gross_weight,3074.0,8175.53,1.72,8997.26,9452.04,0.2815790862316404,0.2635559281187505,0.0710560088433533,0.1979668243457394,0.3363424368265587,0.1383756124808193,-0.0095965943754896,0.5439058555477878,False,0.1710826966165431,0.1710826966165431,NORMAL,12.0,0.0125786163522012,4.375757021660286,25.427546772711544,1.0,0.0010482180293501,6.860663671448286,100.0,7.0,1.7142857142857142,0.7559289460184544,3.0,1.75,47.727272727272734,54.87286429544668,LOW,1,0.0,0.1865206871931495,4.663017179828739,1.0,0.0,1,True,91.66666666666666,True,True,100.0,1.0,100.0,76.63205601294005,MEDIUM,1,MEDIUM,"MEDIUM (driven by pattern+cr_profile; price_level=NORMAL, pattern_level=LOW, cr_profile_level=MEDIUM)",1,"This transaction is flagged due to a combination of a low trade pattern score and a medium CR profile level, indicating unusual trading behavior for this trader. The trader is importing gas oils from a rare partner and route, which raises suspicion, especially since this is the first time they are using this product and partner combination. However, the price level is normal, suggesting that the pricing is consistent with market expectations.",unusual_partner,TRUE_POSITIVE,"The unusual partner and route, combined with the trader's first-time use of both, indicate a potential risk that warrants further scrutiny despite the normal pricing.",medium,Conduct a deeper investigation into the trader's history and the legitimacy of the trading partner.
2020-2801-5-10467-1,2020-2801-5-10467,2020-04-10,2020,2020-04,2710192100,271019210000,271019,27,Gas oils for diesel engines,Gas oils for diesel engines,CR_HASH_047,Import,IM,US,US,BH,US,US,BH,US,LTR,17245.58,0.3129074232354029,price_per_liter_gross_weight,5396.27,14351.77,2.45,16127.05,17245.58,0.2722440850171989,0.2635559281187505,0.0710560088433533,0.1979668243457394,0.3363424368265587,0.1383756124808193,-0.0095965943754896,0.5439058555477878,False,0.0824713017276987,0.0824713017276987,NORMAL,11.0,0.0115303983228511,4.462768398649916,28.038772365976683,11.0,0.0115303983228511,4.462768398649916,21.2390343034744,8.0,1.375,0.7440238091428449,3.0,2.1818181818181817,75.20661157024794,32.73403992474157,NORMAL,0,0.0,0.1017982831604117,2.5449570790102944,1.0,0.0,1,True,91.66666666666666,True,True,100.0,1.0,100.0,75.89073497765361,MEDIUM,1,LOW,"LOW (driven by cr_profile; price_level=NORMAL, pattern_level=NORMAL, cr_profile_level=MEDIUM)",1,"The transaction shows a declared unit price of 0.3129 BHD per liter for gas oils, which is within a normal range compared to the peer median price of 0.2636 BHD. However, the trader is flagged for first-time use of both the product and partner, which contributes to a medium CR profile level. Given the low final level and normal price and trade pattern signals, this flag is likely a false positive.",benign_outlier,FALSE_POSITIVE,"The price and trade pattern levels are normal, and the CR profile indicates a medium level due to first-time usage, suggesting this is an atypical but not necessarily risky transaction.",high,Monitor future transactions from this trader for consistency in product and partner usage.
2020-2501-6-10201-1,2020-2501-6-10201,2020-04-11,2020,2020-04,2710192100,271019210000,271019,27,Gas oils for diesel engines,Gas oils for diesel engines,CR_HASH_024,Import,IM,CN,US,BH,CN,US,BH,CN,LTR,11790.86,0.2211475668441487,price_per_liter_gross_weight,2607.52,6934.89,3.19,11184.19,11790.86,0.1997910451921197,0.2635559281187505,0.0710560088433533,0.1979668243457394,0.3363424368265587,0.1383756124808193,-0.0095965943754896,0.5439058555477878,False,-0.6052806091028075,0.6052806091028075,NORMAL,19.0,0.0199161425576519,3.916224692281846,11.63690673320574,1.0,0.0010482180293501,6.860663671448286,100.0,8.0,2.375,1.407885953173359,5.0,2.1052631578947367,70.33492822966507,51.36869260105263,LOW,1,0.0,-0.5261847152812129,13.154617882030324,1.0,0.0,2,False,83.33333333333334,True,True,100.0,0.8,80.0,65.6041162587106,LOW,1,LOW,"LOW (driven by pattern+cr_profile; price_level=NORMAL, pattern_level=LOW, cr_profile_level=LOW)",1,"The transaction shows a normal price level with a robust Z-score of -0.605, indicating no significant under-invoicing. However, the trade pattern reveals a high route rarity score of 100, suggesting this is an unusual route for the trader, who is also using a new partner for the first time. Given the context of the transaction date in 2020, the combination of these factors raises some concern.",unusual_partner,TRUE_POSITIVE,"The high route rarity and the use of a new partner indicate potential risks that warrant further investigation, despite the normal price level.",medium,Investigate the legitimacy of the trading partner and the unusual route used for this transaction.
2020-2701-9-10310-1,2020-2701-9-10310,2020-04-12,2020,2020-04,8504400090,850440009000,850440,85,Static converters,Static converters,CR_HASH_040,Re-export,EX,BH,BH,SA,BH,BH,SA,SA,NMB,3.91,1570.8644501278773,price_per_item,6142.08,16335.33,3.91,767.94,855.05,7.360017741617312,7.211981005295417,0.7196345903205628,6.668983974826631,7.961818755725377,1.2928347808987457,4.729731803478512,9.901070927073494,False,0.1387501546690701,0.1387501546690701,NORMAL,3.0,0.0031446540880503,5.762051382780177,67.03046630801344,3.0,0.0031446540880503,5.762051382780177,63.915119328547,3.0,1.0,0.0,1.0,1.0,0.0,55.88552491899817,LOW,1,0.0,-0.0946172455712871,2.3654311392821787,1.0,0.0,1,True,91.66666666666666,True,True,100.0,1.0,100.0,75.82790089874877,MEDIUM,1,MEDIUM,"MEDIUM (driven by pattern+cr_profile; price_level=NORMAL, pattern_level=LOW, cr_profile_level=MEDIUM)",1,"This transaction shows a re-export of static converters with a declared unit price significantly higher than the peer median price, indicating potential over-invoicing. However, the price anomaly score is normal, and the trade pattern and CR profile levels are low to medium, suggesting that while the trader is using a new product and partner, the overall context does not strongly indicate a genuine risk.",over_invoicing,FALSE_POSITIVE,"The price level is normal, and while there are first-time flags for the product and partner, the overall anomaly signals do not indicate a strong risk, leading to a conclusion of a false positive.",medium,Monitor future transactions from this trader for consistency in pricing and partner usage.
2020-2501-1-10094-1,2020-2501-1-10094,2020-04-13,2020,2020-04,9018390000,901839000000,901839,90,Medical syringes and needles,Medical syringes and needles,CR_HASH_049,Re-export,EX,BH,BH,AE,BH,BH,AE,AE,NMB,1.9,10.731578947368424,price_per_item,20.39,54.23,1.9,650.62,726.58,2.462284261225383,1.4183722013465885,0.3403115864896454,0.9528936868330796,1.614923227688858,0.6620295408557785,-0.0401506244505881,2.6079675389725256,False,2.0690128283829354,2.0690128283829354,LOW,3.0,0.0031446540880503,5.762051382780177,67.03046630801344,3.0,0.0031446540880503,5.762051382780177,63.915119328547,3.0,1.0,0.0,1.0,1.0,0.0,55.88552491899817,LOW,1,0.0,3.220631207041932,80.5157801760483,1.0,0.0,2,False,83.33333333333334,False,True,85.71428571428572,0.8571428571428572,85.71428571428572,76.75195163304548,MEDIUM,1,MEDIUM,"MEDIUM (driven by price+pattern+cr_profile; price_level=LOW, pattern_level=LOW, cr_profile_level=MEDIUM)",1,"The transaction shows a moderate anomaly score primarily due to the CR Profile dimension, indicating that the trader's price is significantly higher than their historical prices. However, the declared goods description matches the commercial description, and the trade direction is a re-export from Bahrain to the UAE, which is a common route for medical supplies. The price level is low, suggesting that while the price is anomalous, it may not represent a genuine risk.",over_invoicing,FALSE_POSITIVE,"The combination of a low price level and matching descriptions indicates that the flagged anomaly is likely a false positive, despite the higher price compared to the trader's past transactions.",medium,Monitor future transactions from this trader for consistency in pricing.
2020-2601-2-10141-1,2020-2601-2-10141,2020-04-14,2020,2020-04,102211000,102211000000,102211,10,"Live cattle, pure-bred breeding","Live cattle, pure-bred breeding",CR_HASH_032,Import,IM,CN,CN,BH,CN,CN,BH,CN,NMB,0.56,88888.55357142855,price_per_item,49777.59,132387.2,0.56,449.49,497.16,11.39514990696446,10.013369334439131,0.6855679350518233,9.327801399387308,10.638440798004725,1.3106393986174147,7.361842301461186,12.604399895930843,False,1.3594542278616943,1.3594542278616943,NORMAL,18.0,0.0188679245283018,3.970291913552122,13.25947284837593,16.0,0.0167714884696016,4.088074949208505,8.931900521218806,10.0,1.8,0.7888106377466155,3.0,1.6666666666666663,42.42424242424242,16.11953797025091,NORMAL,0,0.0,4.231255120037539,100.0,1.0,0.0,1,True,91.66666666666666,False,True,80.0,0.8,80.0,91.0,HIGH,1,HIGH,"HIGH (driven by cr_profile; price_level=NORMAL, pattern_level=NORMAL, cr_profile_level=HIGH)",1,"This transaction is flagged due to an extremely high declared unit price of 88,888.55 BHD for live cattle, which is inconsistent with the peer median price of 10.01 BHD. Additionally, the trader has a high CR Profile Score of 91.0, indicating unusual behavior, as this is the first time they are importing this product and partner combination. The context of the transaction date in 2020 suggests that such a high price is likely a misclassification or an error rather than a legitimate transaction.",over_invoicing,TRUE_POSITIVE,"The significant discrepancy between the declared unit price and the peer median price, combined with the trader's high profile score and first-time product import, strongly indicates a genuine risk of over-invoicing.",high,Conduct a detailed investigation into the trader's past transactions and request supporting documentation for the declared price.
2020-2501-9-10095-1,2020-2501-9-10095,2020-04-14,2020,2020-04,8517120000,851712000000,851712,85,Cellular telephones,Cellular telephones,CR_HASH_018,Re-export,EX,BH,BH,EG,BH,BH,EG,EG,NMB,4.08,1845.5857843137253,price_per_item,7529.99,20026.57,4.08,148.57,174.77,7.52109369100592,8.864077348542533,0.8102493638708186,8.21372138236038,9.675589371385747,1.461867989025368,6.020919398822327,11.8683913549238,False,-1.1179645520597368,1.1179645520597368,NORMAL,1.0,0.0010482180293501,6.860663671448286,100.0,1.0,0.0010482180293501,6.860663671448286,100.0,1.0,1.0,0.0,1.0,1.0,0.0,85.0,HIGH,1,0.0,-0.8138905865903378,20.347264664758445,1.0,0.0,1,True,91.66666666666666,True,True,100.0,0.5,50.0,72.12154263266545,LOW,1,HIGH,"HIGH (driven by pattern+cr_profile; price_level=NORMAL, pattern_level=HIGH, cr_profile_level=LOW)",1,"This transaction is flagged due to a high trade pattern score and a low CR profile level, indicating unusual behavior for the trader. The declared unit price is significantly higher than the peer median price, suggesting potential over-invoicing, but the price anomaly score is normal, indicating that this may be a false positive. The trader is also using a first-time product and partner, which adds to the risk profile.",over_invoicing,FALSE_POSITIVE,"The price level is normal despite the high declared unit price, and the trade pattern indicates rarity but does not confirm a genuine risk. The combination of first-time usage and a high trade pattern score suggests this could be an anomaly rather than a true risk.",medium,Monitor future transactions from this trader for consistency in pricing and partner usage.
2020-2601-3-10080-1,2020-2601-3-10080,2020-04-15,2020,2020-04,8504400090,850440009000,850440,85,Static converters,Static converters,CR_HASH_028,Import,IM,TR,TR,BH,TR,TR,BH,TR,NMB,0.8,1514.7499999999998,price_per_item,1211.8,3222.87,0.8,92.7,101.71,7.32366564495184,7.466827051260017,0.5715840105867187,6.914775863803976,8.032836322465545,1.11806045866157,5.23768517581162,9.7099270104579,False,-0.1689358762317759,0.1689358762317759,NORMAL,1.0,0.0010482180293501,6.860663671448286,100.0,1.0,0.0010482180293501,6.860663671448286,100.0,1.0,1.0,0.0,1.0,1.0,0.0,85.0,HIGH,1,0.0,-0.0918142905206568,2.29535726301642,1.0,0.0,1,True,91.66666666666666,True,True,100.0,1.0,100.0,75.80337504205575,MEDIUM,1,HIGH,"HIGH (driven by pattern+cr_profile; price_level=NORMAL, pattern_level=HIGH, cr_profile_level=MEDIUM)",1,"This transaction is flagged due to a high Trade Pattern Score and CR Profile Level, indicating unusual trading behavior. The trader is importing static converters from Turkey, a first-time partner and product combination, which raises concerns about the legitimacy of the transaction. The declared unit price is significantly higher than the peer median price, suggesting potential over-invoicing despite the price anomaly score being normal.",over_invoicing,TRUE_POSITIVE,"The combination of a high Trade Pattern Score and first-time product/partner indicates a significant deviation from typical trading behavior, warranting further investigation into potential over-invoicing.",high,Conduct a detailed review of the trader's past transactions and request additional documentation to verify the legitimacy of the pricing.
2020-2701-5-10373-1,2020-2701-5-10373,2020-04-15,2020,2020-04,6109100000,610910000000,610910,61,Cotton t-shirts,Cotton t-shirts,CR_HASH_030,Import,IM,TR,JP,BH,TR,JP,BH,TR,NMB,0.74,358.93243243243245,price_per_item,265.61,706.41,0.74,229.67,273.07,5.88591632614693,4.644105600231562,0.7882174659262975,3.892722458934984,5.444558727344917,1.5518362684099332,1.5649680563200845,7.772313129959818,False,1.0626380356397196,1.0626380356397196,NORMAL,1.0,0.0010482180293501,6.860663671448286,100.0,1.0,0.0010482180293501,6.860663671448286,100.0,1.0,1.0,0.0,1.0,1.0,0.0,85.0,HIGH,1,0.0,2.6119415822639644,65.29853955659911,1.0,0.0,1,True,91.66666666666666,True,True,100.0,0.8,80.0,93.85448884480968,HIGH,1,HIGH,"HIGH (driven by pattern+cr_profile; price_level=NORMAL, pattern_level=HIGH, cr_profile_level=HIGH)",1,"This transaction is flagged due to a high trade pattern score and CR profile score, indicating unusual trading behavior. The trader is importing cotton t-shirts from Japan, which is a rare partner and route combination for this HS code, and this is the first time they are using this product and partner. Despite the price anomaly score being normal, the unusual partner and route raise concerns.",unusual_partner,TRUE_POSITIVE,"The high partner rarity and route rarity scores, combined with the fact that this is the first time the trader is using this product and partner, indicate a genuine risk that warrants further investigation.",high,Conduct a detailed review of the trader's past transactions and verify the legitimacy of the supplier in Japan.
2020-2801-6-10411-1,2020-2801-6-10411,2020-04-15,2020,2020-04,1006301000,100630100000,100630,10,Long-grain milled rice,Long-grain milled rice,CR_HASH_031,Re-export,EX,BH,BH,AE,BH,BH,AE,AE,KGM,1211.52,0.3308818674062335,price_per_kg,400.87,1066.14,3.39,1211.52,1284.59,0.2858417807078716,0.2942812331971436,0.0786514342671003,0.2366195387420564,0.3954409430566458,0.1588214043145894,-0.0016125677298277,0.63367304952853,False,-0.0723741756536131,0.0723741756536131,NORMAL,5.0,0.0052410901467505,5.251225759014186,51.700506150822136,5.0,0.0052410901467505,5.251225759014186,47.13660531805522,4.0,1.25,0.5,2.0,1.6,38.181818181818194,48.07533766400312,LOW,1,0.0,-0.3891213986869851,9.72803496717463,1.0,0.0,1,True,91.66666666666666,True,True,100.0,1.0,100.0,78.40481223851111,MEDIUM,1,MEDIUM,"MEDIUM (driven by pattern+cr_profile; price_level=NORMAL, pattern_level=LOW, cr_profile_level=MEDIUM)",1,"This transaction is flagged due to a combination of medium signals in the trade pattern and CR profile dimensions. The trader is re-exporting long-grain milled rice, which is consistent with their declared goods description, but this is the first time they are using this product and partner, indicating a potential risk in their trading behavior. The price level is normal, and the declared unit price is in line with the peer median price, suggesting no under- or over-invoicing.",unusual_partner,TRUE_POSITIVE,"The combination of first-time product and partner usage raises concerns about the trader's experience and intentions in this transaction, warranting further investigation.",medium,Conduct a detailed review of the trader's past transactions and their relationship with the partner to assess the legitimacy of this re-export.
2020-2801-9-10961-1,2020-2801-9-10961,2020-04-16,2020,2020-04,6109100000,610910000000,610910,61,Cotton t-shirts,Cotton t-shirts,CR_HASH_046,Import,IM,IN,IN,BH,IN,IN,BH,IN,NMB,1.42,116.14788732394368,price_per_item,164.93,438.65,1.42,162.89,184.63,4.763437130851316,4.644105600231562,0.7882174659262975,3.892722458934984,5.444558727344917,1.5518362684099332,1.5649680563200845,7.772313129959818,False,0.1021139700610854,0.1021139700610854,NORMAL,3.0,0.0031446540880503,5.762051382780177,67.03046630801344,3.0,0.0031446540880503,5.762051382780177,63.915119328547,2.0,1.5,0.7071067811865476,2.0,1.3333333333333333,21.21212121212121,59.06734310081635,LOW,1,0.0,0.1450320850323078,3.625802125807696,1.0,0.0,2,False,83.33333333333334,True,True,100.0,0.9090909090909092,90.9090909090909,64.45084892585088,LOW,1,LOW,"LOW (driven by pattern+cr_profile; price_level=NORMAL, pattern_level=LOW, cr_profile_level=LOW)",1,"The transaction shows a declared unit price of approximately 116.15 BHD for cotton t-shirts, which is significantly higher than the peer median price of 4.64 BHD. However, the price anomaly score is normal, and the trade pattern and CR profile levels are low, indicating that while the price is unusual, it may not reflect a genuine risk due to the normal price level and the trader's established history with this product. The first-time use of a partner adds some risk, but the overall context suggests this is likely a benign outlier.",benign_outlier,FALSE_POSITIVE,"The price level is normal despite the high declared unit price, and the trade pattern and CR profile levels are low, indicating no significant anomalies warranting further investigation.",medium,Monitor future transactions from this trader for similar patterns.
2020-2501-1-10776-1,2020-2501-1-10776,2020-04-16,2020,2020-04,2710192100,271019210000,271019,27,Gas oils for diesel engines,Gas oils for diesel engines,CR_HASH_007,Import,IM,TR,TR,BH,TR,TR,BH,TR,LTR,17060.72,0.2666780768924172,price_per_liter_gross_weight,4549.72,12100.31,1.63,14844.81,17060.72,0.2363977860966188,0.2635559281187505,0.0710560088433533,0.1979668243457394,0.3363424368265587,0.1383756124808193,-0.0095965943754896,0.5439058555477878,False,-0.2577954508937256,0.2577954508937256,NORMAL,1.0,0.0010482180293501,6.860663671448286,100.0,1.0,0.0010482180293501,6.860663671448286,100.0,1.0,1.0,0.0,1.0,1.0,0.0,85.0,HIGH,1,0.0,-0.2282159900038431,5.705399750096079,1.0,0.0,1,True,91.66666666666666,True,True,100.0,1.0,100.0,76.99688991253363,MEDIUM,1,HIGH,"HIGH (driven by pattern+cr_profile; price_level=NORMAL, pattern_level=HIGH, cr_profile_level=MEDIUM)",1,"This transaction is flagged due to high partner and route rarity scores, indicating that the trader is engaging with an unusual partner and route for this type of product. Additionally, this is the first time the trader is using this product and partner combination, which raises concerns about potential misclassification or unusual trading behavior. However, the price level is normal, suggesting that the pricing is consistent with market expectations.",unusual_partner,TRUE_POSITIVE,"The combination of high rarity scores and first-time use of both product and partner indicates a genuine risk that warrants further investigation, despite the normal pricing.",medium,Conduct a detailed review of the trader's past transactions and verify the legitimacy of the trading partner.
2020-2601-8-10646-1,2020-2601-8-10646,2020-04-16,2020,2020-04,8504400090,850440009000,850440,85,Static converters,Static converters,CR_HASH_047,Re-export,EX,BH,BH,DE,BH,BH,DE,DE,NMB,2.89,1086.0934256055364,price_per_item,3138.81,8347.91,2.89,188.45,201.43,6.99126283154705,7.211981005295417,0.7196345903205628,6.668983974826631,7.961818755725377,1.2928347808987457,4.729731803478512,9.901070927073494,False,-0.206872169076125,0.206872169076125,NORMAL,1.0,0.0010482180293501,6.860663671448286,100.0,1.0,0.0010482180293501,6.860663671448286,100.0,1.0,1.0,0.0,1.0,1.0,0.0,85.0,HIGH,1,0.0,-0.4073070960669694,10.182677401674235,1.0,0.0,1,True,91.66666666666666,True,True,100.0,0.75,75.0,73.56393709058598,LOW,1,HIGH,"HIGH (driven by pattern+cr_profile; price_level=NORMAL, pattern_level=HIGH, cr_profile_level=LOW)",1,"This transaction is flagged due to high partner and route rarity scores, indicating that the trader is engaging with an unusual partner and route for re-exporting static converters. However, the price anomaly signals are normal, and the trader's profile shows a low severity, suggesting that this may be a first-time legitimate transaction rather than a risk. The context of the date in 2020 also indicates that this could be a standard trade during a time when supply chains were adjusting.",unusual_partner,FALSE_POSITIVE,"The high rarity scores indicate unusual trading behavior, but the normal price level and the trader's low profile severity suggest this may not be a genuine risk, especially considering it is a first-time transaction.",medium,Monitor future transactions from this trader to see if similar patterns continue.
2020-2701-1-10297-1,2020-2701-1-10297,2020-04-17,2020,2020-04,2710192100,271019210000,271019,27,Gas oils for diesel engines,Gas oils for diesel engines,CR_HASH_038,Import,IM,AE,AE,BH,AE,AE,BH,AE,LTR,9232.27,0.5077407831443405,price_per_liter_gross_weight,4687.6,12467.03,1.34,8667.64,9232.27,0.4106123603435995,0.2635559281187505,0.0710560088433533,0.1979668243457394,0.3363424368265587,0.1383756124808193,-0.0095965943754896,0.5439058555477878,False,1.395915789133645,1.395915789133645,NORMAL,12.0,0.0125786163522012,4.375757021660286,25.427546772711544,10.0,0.010482180293501,4.558078578454241,24.369580448359905,7.0,1.7142857142857142,0.7559289460184544,3.0,1.75,47.727272727272734,28.40221745237265,NORMAL,0,0.0,1.3794718573897995,34.486796434745,1.0,0.0,1,True,91.66666666666666,True,True,100.0,1.0,100.0,87.07037875216075,HIGH,1,HIGH,"HIGH (driven by cr_profile; price_level=NORMAL, pattern_level=NORMAL, cr_profile_level=HIGH)",1,"This transaction is flagged due to a high CR Profile Score, indicating that the trader is engaging in an unusual transaction with a first-time product and partner. However, the price level is normal, and the trade pattern is also normal, suggesting that while the trader's behavior is atypical, the transaction itself does not exhibit significant risk factors.",unusual_partner,FALSE_POSITIVE,"The high CR Profile Score indicates unusual behavior, but the normal price and trade pattern levels suggest that this transaction is not inherently risky despite the trader's first-time engagement with this product and partner.",medium,Monitor future transactions from this trader for similar patterns.
2020-2701-3-10803-1,2020-2701-3-10803,2020-04-17,2020,2020-04,6109100000,610910000000,610910,61,Cotton t-shirts,Cotton t-shirts,CR_HASH_037,Import,IM,US,US,BH,US,US,BH,US,NMB,1.69,293.7278106508876,price_per_item,496.4,1320.22,1.69,235.77,250.09,5.686052254652823,4.644105600231562,0.7882174659262975,3.892722458934984,5.444558727344917,1.5518362684099332,1.5649680563200845,7.772313129959818,False,0.8916110345877662,0.8916110345877662,NORMAL,13.0,0.0136268343815513,4.29571431398675,23.025452080470465,11.0,0.0115303983228511,4.462768398649916,21.2390343034744,10.0,1.3,0.4830458915396479,2.0,1.5384615384615383,34.26573426573426,24.08624818631141,NORMAL,0,1.0594065645492112,2.0878645320821607,52.19661330205402,0.6666666666666666,0.0,3,False,75.0,True,True,100.0,0.7,70.0,77.2688146557189,MEDIUM,1,LOW,"LOW (driven by cr_profile; price_level=NORMAL, pattern_level=NORMAL, cr_profile_level=MEDIUM)",1,"The transaction shows a high declared unit price of 293.73 BHD for a cotton t-shirt, which is significantly above the peer median price of 4.64 BHD. However, the price anomaly score is within the normal range, and the trade pattern and price levels are also normal. The trader has a high partner rarity score, indicating this is the first time they are trading with this partner, which adds some risk but does not necessarily indicate a genuine anomaly.",over_invoicing,FALSE_POSITIVE,"The high unit price is likely a false positive given the normal price level and trade pattern, despite the unusual partner. The trader's historical behavior does not indicate a significant deviation.",medium,Monitor future transactions from this trader for consistency in pricing and partner usage.
2020-2601-9-10216-1,2020-2601-9-10216,2020-04-17,2020,2020-04,1006301000,100630100000,100630,10,Long-grain milled rice,Long-grain milled rice,CR_HASH_029,Re-export,EX,BH,BH,JP,BH,BH,JP,JP,KGM,3521.13,0.2669597543970259,price_per_kg,940.0,2500.0,2.27,3521.13,3745.55,0.2366201363491219,0.2942812331971436,0.0786514342671003,0.2366195387420564,0.3954409430566458,0.1588214043145894,-0.0016125677298277,0.63367304952853,False,-0.4944840150428631,0.4944840150428631,NORMAL,4.0,0.0041928721174004,5.474369310328396,58.39708046469813,4.0,0.0041928721174004,5.474369310328396,54.46595026060942,4.0,1.0,0.0,1.0,1.0,0.0,48.26162282356236,LOW,1,0.0,-0.8781025935289424,21.95256483822356,1.0,0.0,2,False,83.33333333333334,True,True,100.0,0.6,60.0,64.68339769337825,LOW,1,LOW,"LOW (driven by pattern+cr_profile; price_level=NORMAL, pattern_level=LOW, cr_profile_level=LOW)",1,"The transaction involves a re-export of long-grain milled rice from Bahrain to Japan, with a declared unit price that is within the normal range compared to peer prices. Although the CR Partner Rarity is high, indicating this trader has not previously engaged with this partner, the overall anomaly scores are low, suggesting this transaction is not indicative of a significant risk.",benign_outlier,FALSE_POSITIVE,"The price level is normal and the composite scores indicate low risk, despite the unusual partner. This suggests that the flag is likely a false positive.",high,Monitor future transactions from this trader to the same partner for consistency.
2020-2601-2-10807-1,2020-2601-2-10807,2020-04-19,2020,2020-04,1006301000,100630100000,100630,10,Long-grain milled rice,Long-grain milled rice,CR_HASH_008,Import,IM,SA,SA,BH,SA,SA,BH,SA,KGM,1411.29,0.165437294957096,price_per_kg,233.48,620.97,1.68,1411.29,1578.11,0.1530963770657375,0.3286983897813914,0.0676786910787625,0.270176176769005,0.3986012849866289,0.1284251082176239,0.0775385144425691,0.5912389473130648,False,-1.7500624352258924,1.7500624352258924,NORMAL,11.0,0.0115303983228511,4.462768398649916,28.038772365976683,8.0,0.0083857442348008,4.781222129768451,31.698925390914116,9.0,1.2222222222222223,0.4409585518440984,2.0,1.6363636363636362,40.49586776859504,31.188390235097536,NORMAL,0,0.0,-1.5305985559249708,38.26496389812427,1.0,0.0,1,True,91.66666666666666,True,True,100.0,1.0,100.0,88.3927373643435,HIGH,1,HIGH,"HIGH (driven by cr_profile; price_level=NORMAL, pattern_level=NORMAL, cr_profile_level=HIGH)",1,"The transaction shows a high CR Profile Score due to the trader's unusual behavior, as this is the first time they are importing this product from this partner. The declared unit price is significantly lower than the peer median price, indicating potential under-invoicing, but the price anomaly score is within a normal range. Given the context of the trader's profile and the first-time nature of the transaction, this raises concerns about the legitimacy of the trade.",under_invoicing,TRUE_POSITIVE,"The combination of a high CR Profile Score and the first-time nature of the product and partner suggests a significant deviation from the trader's usual behavior, warranting further investigation despite the normal price level.",high,Conduct a detailed review of the trader's past transactions and request additional documentation to verify the pricing and legitimacy of the trade.
2020-2801-5-10427-1,2020-2801-5-10427,2020-04-20,2020,2020-04,8504400090,850440009000,850440,85,Static converters,Static converters,CR_HASH_020,Import,IM,SA,SA,BH,SA,SA,BH,SA,NMB,2.0,478.105,price_per_item,956.21,2543.11,2.0,102.13,119.37,6.171919780069226,7.466827051260017,0.5715840105867187,6.914775863803976,8.032836322465545,1.11806045866157,5.23768517581162,9.7099270104579,False,-1.5280395753210672,1.5280395753210672,NORMAL,2.0,0.0020964360587002,6.1675164908883415,79.19854023234907,2.0,0.0020964360587002,6.1675164908883415,77.23297513030472,2.0,1.0,0.0,1.0,1.0,0.0,66.6308114117812,LOW,1,0.0,-0.8361351623924921,20.903379059812305,1.0,0.0,1,True,91.66666666666666,True,True,100.0,0.8571428571428572,85.71428571428572,79.45903981379145,MEDIUM,1,MEDIUM,"MEDIUM (driven by pattern+cr_profile; price_level=NORMAL, pattern_level=LOW, cr_profile_level=MEDIUM)",1,"This transaction is flagged due to a combination of medium-level anomalies in the CR profile and trade pattern dimensions. The trader is importing static converters from Saudi Arabia, which is a first-time partner and product for them, raising concerns about unusual trading behavior. However, the price level is normal, indicating that the declared unit price is not anomalous compared to the market median.",unusual_partner,TRUE_POSITIVE,"The combination of first-time product and partner, along with a medium CR profile score, suggests potential risk in this transaction despite the normal price level.",medium,Conduct a detailed review of the trader's past transactions and verify the legitimacy of the trading relationship with the new partner.
2020-2501-6-10115-1,2020-2501-6-10115,2020-04-21,2020,2020-04,8703221000,870322100000,870322,87,Passenger cars 1000-1500cc,Passenger cars 1000-1500cc,CR_HASH_043,Re-export,EX,BH,BH,JP,BH,BH,JP,JP,NMB,3.85,112312.88311688312,price_per_item,432404.6,1150012.24,3.85,906.35,1011.65,11.62905275834721,12.004283802979176,0.6624296738554509,11.2719045323345,12.594725507248622,1.3228209749141229,9.287673069963317,14.578956969619806,False,-0.382063005722534,0.382063005722534,NORMAL,5.0,0.0052410901467505,5.251225759014186,51.700506150822136,5.0,0.0052410901467505,5.251225759014186,47.13660531805522,5.0,1.0,0.0,1.0,1.0,0.0,42.3480649367304,NORMAL,0,0.0,-0.5723087555677502,14.307718889193756,1.0,0.0,1,True,91.66666666666666,True,True,100.0,1.0,100.0,80.00770161121781,MEDIUM,1,LOW,"LOW (driven by cr_profile; price_level=NORMAL, pattern_level=NORMAL, cr_profile_level=MEDIUM)",1,"This transaction involves a re-export of passenger cars with a declared unit price significantly higher than the peer median price, but the price anomaly score is normal, indicating no under-invoicing. The trader is using a first-time product and partner, which contributes to a medium CR profile level, but overall, the composite score is low, suggesting that the transaction does not present a significant risk.",benign_outlier,FALSE_POSITIVE,"The price level is normal despite the high declared unit price, and the trade pattern shows no unusual characteristics, indicating that this flag is likely a false positive.",high,Monitor future transactions from this trader for consistency in pricing and partner usage.
2020-2501-6-10771-1,2020-2501-6-10771,2020-04-22,2020,2020-04,9018390000,901839000000,901839,90,Medical syringes and needles,Medical syringes and needles,CR_HASH_032,Import,IM,EG,IN,BH,EG,IN,BH,EG,NMB,0.74,6.702702702702703,price_per_item,4.96,13.2,0.74,578.66,656.88,2.041571267624426,1.1592369104845446,0.5792846449150362,0.6041021775947832,1.748109664393657,1.1440074867988734,-1.111909052603527,3.464120894591967,False,1.0273470493022638,1.0273470493022638,NORMAL,1.0,0.0010482180293501,6.860663671448286,100.0,1.0,0.0010482180293501,6.860663671448286,100.0,1.0,1.0,0.0,1.0,1.0,0.0,85.0,HIGH,1,0.0,1.604656073181674,40.11640182954185,1.0,0.0,1,True,91.66666666666666,True,True,100.0,1.0,100.0,89.04074064033965,HIGH,1,HIGH,"HIGH (driven by pattern+cr_profile; price_level=NORMAL, pattern_level=HIGH, cr_profile_level=HIGH)",1,"This transaction is flagged due to high rarity scores for both the trading partner and route, indicating that the trader has not previously engaged in such imports. The declared unit price is normal compared to market peers, but the combination of first-time product and partner raises concerns about potential misclassification or unusual trading behavior.",unusual_partner,TRUE_POSITIVE,"The high rarity scores and first-time flags suggest that this transaction may not align with the trader's typical behavior, warranting further investigation despite the normal pricing.",medium,Conduct a detailed review of the trader's history and the legitimacy of the trading partner.
2020-2701-3-10191-1,2020-2701-3-10191,2020-04-23,2020,2020-04,8703221000,870322100000,870322,87,Passenger cars 1000-1500cc,Passenger cars 1000-1500cc,CR_HASH_014,Re-export,EX,BH,BH,US,BH,BH,US,US,NMB,1.78,112782.62359550562,price_per_item,200753.07,533917.75,1.78,162.61,191.56,11.633226426615424,12.004283802979176,0.6624296738554509,11.2719045323345,12.594725507248622,1.3228209749141229,9.287673069963317,14.578956969619806,False,-0.3778133460361776,0.3778133460361776,NORMAL,8.0,0.0083857442348008,4.781222129768451,37.59562069704717,8.0,0.0083857442348008,4.781222129768451,31.698925390914116,7.0,1.1428571428571428,0.3779644730092272,2.0,1.75,47.727272727272734,37.05152514443444,NORMAL,0,0.0,-0.5761427437625256,14.40356859406314,1.0,0.0,1,True,91.66666666666666,True,True,100.0,1.0,100.0,80.04124900792209,MEDIUM,1,LOW,"LOW (driven by cr_profile; price_level=NORMAL, pattern_level=NORMAL, cr_profile_level=MEDIUM)",1,"The transaction involves a re-export of a passenger car with a declared unit price significantly higher than the peer median price, but the price anomaly score is normal, indicating no under-invoicing. The trader is using a first-time product and partner, which contributes to a medium CR profile level, but overall, the composite score is low, suggesting that while the trader's behavior is unusual, it does not indicate a significant risk.",other,FALSE_POSITIVE,"The price level is normal despite the high declared unit price, and the trade pattern is also normal, indicating that the flagged anomaly is likely a false positive due to the trader's first-time use of this product and partner.",medium,Monitor future transactions from this trader for consistency in pricing and partner usage.
2020-2501-1-10692-1,2020-2501-1-10692,2020-04-24,2020,2020-04,9018390000,901839000000,901839,90,Medical syringes and needles,Medical syringes and needles,CR_HASH_035,Import,IM,AE,AE,BH,AE,AE,BH,AE,NMB,4.0,0.04,price_per_item,0.16,0.43,4.0,3.5,4.11,0.0392207131532812,1.1592369104845446,0.5792846449150362,0.6041021775947832,1.748109664393657,1.1440074867988734,-1.111909052603527,3.464120894591967,False,-1.3040921802352496,1.3040921802352496,NORMAL,11.0,0.0115303983228511,4.462768398649916,28.038772365976683,10.0,0.010482180293501,4.558078578454241,24.369580448359905,6.0,1.8333333333333333,0.983192080250175,3.0,1.6363636363636365,40.495867768595055,28.623119505203565,NORMAL,0,0.0,-1.021971783078832,25.5492945769708,1.0,0.0,1,True,91.66666666666666,True,True,100.0,1.0,100.0,83.94225310193977,MEDIUM,1,LOW,"LOW (driven by cr_profile; price_level=NORMAL, pattern_level=NORMAL, cr_profile_level=MEDIUM)",1,"The transaction involves the import of medical syringes and needles from the UAE, with a declared unit price of BHD 0.04, which is significantly lower than the peer median price of BHD 1.16. However, the price anomaly is not severe, and the overall profile indicates that this is a first-time product and partner for the trader, which may contribute to the unusual pricing. Given the context of the pandemic in 2020, the low price could be a result of market fluctuations rather than a deliberate attempt at misclassification or under-invoicing.",benign_outlier,FALSE_POSITIVE,"The price level is normal despite the low declared unit price, and the trade pattern is also normal. The first-time nature of the product and partner suggests this may not indicate a genuine risk.",medium,Monitor future transactions from this trader for consistency in pricing and product classification.
2020-2501-2-10998-1,2020-2501-2-10998,2020-04-24,2020,2020-04,8504400090,850440009000,850440,85,Static converters,Static converters,CR_HASH_030,Import,IM,JP,JP,BH,JP,JP,BH,JP,NMB,4.96,1133.5282258064517,price_per_item,5622.3,14952.93,4.96,426.06,481.66,7.033972183422484,7.466827051260017,0.5715840105867187,6.914775863803976,8.032836322465545,1.11806045866157,5.23768517581162,9.7099270104579,False,-0.5107851219476763,0.5107851219476763,NORMAL,3.0,0.0031446540880503,5.762051382780177,67.03046630801344,3.0,0.0031446540880503,5.762051382780177,63.915119328547,3.0,1.0,0.0,1.0,1.0,0.0,55.88552491899817,LOW,1,0.0,-0.385573962505668,9.6393490626417,1.0,0.0,1,True,91.66666666666666,True,True,100.0,1.0,100.0,78.3737721719246,MEDIUM,1,MEDIUM,"MEDIUM (driven by pattern+cr_profile; price_level=NORMAL, pattern_level=LOW, cr_profile_level=MEDIUM)",1,"This transaction has a medium anomaly score primarily due to the trader's unusual partner and product combination, as indicated by the high CR Partner Rarity and the fact that this is the first time the trader is importing static converters from this partner. Despite a normal price level, the unusual partner and product combination raises concerns about potential misclassification or other issues.",unusual_partner,TRUE_POSITIVE,"The combination of a first-time product and partner, along with a high CR Partner Rarity score, suggests that this transaction may not align with the trader's typical behavior, warranting further investigation.",medium,"Conduct a detailed review of the trader's history with this product and partner, and consider reaching out for additional documentation or clarification."
2020-2501-1-10751-1,2020-2501-1-10751,2020-04-24,2020,2020-04,8703221000,870322100000,870322,87,Passenger cars 1000-1500cc,Passenger cars 1000-1500cc,CR_HASH_007,Import,IM,CN,CN,BH,CN,CN,BH,CN,NMB,4.46,25832.09865470852,price_per_item,115211.16,306412.65,4.46,26.22,31.27,10.1594118422982,12.339741490828857,0.5298577154310848,11.445675964067552,12.647064860424424,1.201388896356871,9.643592619532246,14.44914820495973,False,-2.7754851117913986,2.7754851117913986,LOW,20.0,0.020964360587002,3.864931397894296,10.097586615520235,14.0,0.0146750524109014,4.221606341833028,13.317855801757728,9.0,2.2222222222222223,1.3017082793177757,5.0,2.25,79.54545454545456,21.641861020193502,NORMAL,0,0.0,-1.0418890984200748,26.04722746050187,1.0,0.0,2,False,83.33333333333334,False,True,85.71428571428572,0.7142857142857143,71.42857142857143,54.83081532546137,LOW,1,LOW,"LOW (driven by price+cr_profile; price_level=LOW, pattern_level=NORMAL, cr_profile_level=LOW)",1,"The transaction shows a significant under-invoicing anomaly with a robust Z-score of -2.78, indicating the declared unit price is much lower than the peer median price of 12.34 BHD. However, the trade pattern and CR profile levels are normal, suggesting that while the price is anomalous, it may not reflect a genuine risk given the trader's established behavior and the nature of the goods. The declared quantity of 4.46 units is also unusual for passenger cars, which typically are counted as whole units rather than fractions.",under_invoicing,TRUE_POSITIVE,"The significant under-invoicing indicated by the robust Z-score suggests a potential risk, despite the normal trade pattern and CR profile, warranting further investigation.",medium,Conduct a detailed review of the trader's previous transactions and request additional documentation to justify the declared price.
2020-2501-6-10473-1,2020-2501-6-10473,2020-04-25,2020,2020-04,3923301000,392330100000,392330,39,Plastic bottles for packaging,Plastic bottles for packaging,CR_HASH_045,Import,IM,US,IN,BH,US,IN,BH,US,NMB,4.16,3.4783653846153846,price_per_item,14.47,38.48,4.16,500.51,562.69,1.4992581103403253,1.6841288050356895,0.6442087840607709,1.0864174155799162,2.3469388358112164,1.2605214202313002,-0.8043647147670341,4.237720966158166,False,-0.193560811890884,0.193560811890884,NORMAL,10.0,0.010482180293501,4.558078578454241,30.899046383171186,1.0,0.0010482180293501,6.860663671448286,100.0,7.0,1.4285714285714286,0.7867957924694432,3.0,2.1,70.00000000000001,60.94952319158559,LOW,1,0.0,-0.2415903739057213,6.039759347643034,1.0,0.0,1,True,91.66666666666666,True,True,100.0,1.0,100.0,77.11391577167507,MEDIUM,1,MEDIUM,"MEDIUM (driven by pattern+cr_profile; price_level=NORMAL, pattern_level=LOW, cr_profile_level=MEDIUM)",1,"This transaction is flagged due to a combination of medium-level anomalies in the trade pattern and CR profile dimensions. The route rarity score is exceptionally high at 100, indicating an unusual route, while both the partner and product are first-time occurrences for this trader, which raises concerns about the legitimacy of the transaction. However, the price level is normal, suggesting that the pricing is consistent with market expectations.",unusual_partner,TRUE_POSITIVE,"The combination of first-time product and partner, along with the high route rarity score, indicates a potential risk that warrants further investigation despite the normal pricing.",medium,Conduct a detailed review of the trader's history and the legitimacy of the trading partner and route.
2020-2601-4-10625-1,2020-2601-4-10625,2020-04-27,2020,2020-04,3923301000,392330100000,392330,39,Plastic bottles for packaging,Plastic bottles for packaging,CR_HASH_005,Import,IM,SA,SA,BH,SA,SA,BH,SA,NMB,4.88,1.5901639344262295,price_per_item,7.76,20.64,4.88,1108.01,1319.96,0.9517211688536557,1.6841288050356895,0.6442087840607709,1.0864174155799162,2.3469388358112164,1.2605214202313002,-0.8043647147670341,4.237720966158166,False,-0.7668355275457974,0.7668355275457974,NORMAL,8.0,0.0083857442348008,4.781222129768451,37.59562069704717,6.0,0.0062893081761006,5.068904202220232,41.148094458851695,6.0,1.3333333333333333,0.5163977794943222,2.0,1.5,31.818181818181824,37.97237068184895,NORMAL,0,0.0,-0.5997610556210045,14.99402639052511,1.0,0.0,1,True,91.66666666666666,True,True,100.0,1.0,100.0,80.2479092366838,MEDIUM,1,LOW,"LOW (driven by cr_profile; price_level=NORMAL, pattern_level=NORMAL, cr_profile_level=MEDIUM)",1,"The transaction shows a normal price level with a robust Z-score of -0.77, indicating no significant under-invoicing. However, the trader is engaging in a first-time transaction with both a new product and partner, which raises some concern. The CR Profile Score is relatively high, but the partner rarity is at its maximum, suggesting this is an unusual partner for the trader. Overall, the low final level indicates that while there are some anomalies, they do not constitute a significant risk.",unusual_partner,FALSE_POSITIVE,"The price and trade pattern dimensions are normal, and the anomalies are primarily due to the trader's first-time use of a new partner and product, which does not indicate a genuine risk.",medium,Monitor future transactions from this trader to see if they continue to use this partner or product.
2020-2601-8-10402-1,2020-2601-8-10402,2020-04-28,2020,2020-04,2710192100,271019210000,271019,27,Gas oils for diesel engines,Gas oils for diesel engines,CR_HASH_023,Import,IM,CN,CN,BH,CN,CN,BH,CN,LTR,17534.66,0.2400896281992351,price_per_liter_gross_weight,4209.89,11196.51,2.13,16435.03,17534.66,0.2151836578106487,0.2635559281187505,0.0710560088433533,0.1979668243457394,0.3363424368265587,0.1383756124808193,-0.0095965943754896,0.5439058555477878,False,-0.4591680544518888,0.4591680544518888,NORMAL,19.0,0.0199161425576519,3.916224692281846,11.63690673320574,15.0,0.0157232704402515,4.152613470346076,11.051724646602178,8.0,2.375,1.407885953173359,5.0,2.1052631578947367,70.33492822966507,20.236796227363392,NORMAL,0,0.0,-0.394422662605606,9.860566565140152,1.0,0.0,1,True,91.66666666666666,True,True,100.0,1.0,100.0,78.45119829779905,MEDIUM,1,LOW,"LOW (driven by cr_profile; price_level=NORMAL, pattern_level=NORMAL, cr_profile_level=MEDIUM)",1,"The transaction shows a declared unit price of 0.240 BHD per liter for gas oils, which is within the normal price range based on the peer median price of 0.264 BHD. However, the trader is flagged for first-time use of both the product and partner, which raises some concern about potential misclassification or unusual trading behavior. The overall anomaly score is low, indicating that while there are some unusual aspects, they do not strongly suggest a genuine risk.",benign_outlier,FALSE_POSITIVE,"The price and trade pattern levels are normal, and while the trader is using a new product and partner, the overall composite score is low, indicating that this transaction does not present a significant risk.",medium,Monitor future transactions from this trader for consistency in product and partner usage.
2020-2701-3-10422-1,2020-2701-3-10422,2020-04-28,2020,2020-04,8517120000,851712000000,851712,85,Cellular telephones,Cellular telephones,CR_HASH_024,Import,IM,CN,SA,BH,CN,SA,BH,CN,NMB,2.11,48601.56398104266,price_per_item,102549.3,272737.5,2.11,912.73,1085.94,10.79143156530857,9.1609472788485,0.7778458576033893,8.086449359029473,9.737226953131788,1.6507775941023135,5.610282967876002,12.213393344285258,False,1.4138361398201982,1.4138361398201982,NORMAL,22.0,0.0230607966457023,3.769621218089971,7.23731259832573,1.0,0.0010482180293501,6.860663671448286,100.0,10.0,2.2,0.7888106377466155,3.0,1.3636363636363635,23.140495867768596,42.08973067932816,NORMAL,0,0.0,4.392574106593532,100.0,1.0,0.0,1,True,91.66666666666666,False,True,80.0,0.5714285714285714,57.14285714285714,86.42857142857143,HIGH,1,HIGH,"HIGH (driven by cr_profile; price_level=NORMAL, pattern_level=NORMAL, cr_profile_level=HIGH)",1,"This transaction is flagged due to a high CR Profile Score of 86.43, indicating significant deviation from the trader's historical behavior, particularly as this is the first time the trader has imported this specific product. Despite the price being within a normal range compared to peers, the unusual partner and the high rarity of the route raise concerns about the legitimacy of the transaction.",unusual_partner,TRUE_POSITIVE,"The high CR Profile Score and the first-time import of this product suggest a potential risk, warranting further scrutiny despite the normal price level.",high,Conduct a detailed investigation into the trader's history and the legitimacy of the partner involved in this transaction.
2020-2601-2-10843-1,2020-2601-2-10843,2020-04-29,2020,2020-04,102211000,102211000000,102211,10,"Live cattle, pure-bred breeding","Live cattle, pure-bred breeding",CR_HASH_003,Re-export,EX,BH,BH,CN,BH,BH,CN,CN,NMB,0.68,128982.17647058824,price_per_item,87707.88,233265.63,0.68,512.94,612.99,11.767437259882358,9.549317841384951,0.6971436999939566,8.846103941045365,10.18755556601122,1.3414516249658544,6.833926503596584,12.19973300346,False,2.146043995240964,2.146043995240964,LOW,11.0,0.0115303983228511,4.462768398649916,28.038772365976683,11.0,0.0115303983228511,4.462768398649916,21.2390343034744,9.0,1.2222222222222223,0.4409585518440984,2.0,1.6363636363636362,40.49586776859504,27.52742835449364,NORMAL,0,0.0,6.671921710607864,100.0,1.0,0.0,1,True,91.66666666666666,False,True,33.333333333333336,1.0,100.0,83.33333333333334,MEDIUM,1,MEDIUM,"MEDIUM (driven by price+cr_profile; price_level=LOW, pattern_level=NORMAL, cr_profile_level=MEDIUM)",1,"The transaction shows a high declared unit price for live cattle, which is significantly above the peer median price, indicating potential over-invoicing. However, the price anomaly score is only moderately high, and the trade pattern appears normal with no unusual partners or routes. The trader is also engaging in a first-time product and partner combination, which adds to the complexity of the transaction.",over_invoicing,TRUE_POSITIVE,"The high CR Price Severity indicates that this price is highly unusual for this trader, suggesting potential over-invoicing, while the first-time nature of the product and partner combination warrants further investigation.",medium,Conduct a detailed review of the trader's past transactions and verify the pricing with market standards for live cattle.
2020-2601-3-10630-1,2020-2601-3-10630,2020-04-30,2020,2020-04,8703221000,870322100000,870322,87,Passenger cars 1000-1500cc,Passenger cars 1000-1500cc,CR_HASH_006,Import,IM,AE,SA,BH,AE,SA,BH,AE,NMB,2.15,660233.8465116279,price_per_item,1419502.77,3775273.32,2.15,268.49,304.08,13.400350878758744,12.339741490828857,0.5298577154310848,11.445675964067552,12.647064860424424,1.201388896356871,9.643592619532246,14.44914820495973,False,1.3501194957420222,1.3501194957420222,NORMAL,7.0,0.0073375262054507,4.9147535223929735,41.6029195353019,1.0,0.0010482180293501,6.860663671448286,100.0,5.0,1.4,0.5477225575051661,2.0,1.4285714285714286,27.27272727272728,59.89236885856005,LOW,1,0.0,2.464296945136005,61.60742362840013,1.0,0.0,1,True,91.66666666666666,False,True,81.81818181818181,1.0,100.0,82.01714372448549,MEDIUM,1,MEDIUM,"MEDIUM (driven by pattern+cr_profile; price_level=NORMAL, pattern_level=LOW, cr_profile_level=MEDIUM)",1,"The transaction shows a declared unit price of approximately BHD 660,234 for passenger cars, which is significantly higher than the peer median price of BHD 12.34. However, the price anomaly score is within normal limits, and the trade pattern indicates a rare route. The trader is also engaging in a first-time transaction with this product and partner, which adds to the complexity of the situation.",over_invoicing,TRUE_POSITIVE,"The high declared unit price compared to the peer median, combined with the first-time use of this product and partner, suggests potential over-invoicing. The rarity of the route further supports the need for scrutiny.",medium,Conduct a detailed review of the invoice and supporting documents to verify the legitimacy of the declared price.
2020-2501-1-10805-1,2020-2501-1-10805,2020-04-30,2020,2020-04,3923301000,392330100000,392330,39,Plastic bottles for packaging,Plastic bottles for packaging,CR_HASH_001,Import,IM,SA,AE,BH,SA,AE,BH,SA,NMB,3.68,4.230978260869565,price_per_item,15.57,41.4,3.68,160.89,188.37,1.6545983085529536,1.6841288050356895,0.6442087840607709,1.0864174155799162,2.3469388358112164,1.2605214202313002,-0.8043647147670341,4.237720966158166,False,-0.0309186206291817,0.0309186206291817,NORMAL,8.0,0.0083857442348008,4.781222129768451,37.59562069704717,1.0,0.0010482180293501,6.860663671448286,100.0,6.0,1.3333333333333333,0.5163977794943222,2.0,1.5,31.818181818181824,58.57053762125086,LOW,1,0.0,-0.1089658333905602,2.724145834764006,1.0,0.0,2,False,83.33333333333334,True,True,100.0,0.8571428571428572,85.71428571428572,63.09630818502455,LOW,1,LOW,"LOW (driven by pattern+cr_profile; price_level=NORMAL, pattern_level=LOW, cr_profile_level=LOW)",1,"The transaction shows a normal price level with a robust Z-score close to zero, indicating no significant price anomaly. However, the trade pattern reveals a high route rarity score, suggesting this is an unusual route for the trader, and the partner is also a first-time partner, which adds to the risk. The combination of these factors suggests a need for further scrutiny despite the overall low anomaly score.",unusual_partner,TRUE_POSITIVE,"The unusual partner and route rarity indicate potential risks, warranting further investigation despite the overall low anomaly score.",medium,Conduct a detailed review of the trader's history with the new partner and assess the legitimacy of the transaction.
2020-2501-9-10663-1,2020-2501-9-10663,2020-04-30,2020,2020-04,6109100000,610910000000,610910,61,Cotton t-shirts,Cotton t-shirts,CR_HASH_012,Re-export,EX,BH,BH,SA,BH,BH,SA,SA,NMB,3.68,66.39130434782608,price_per_item,244.32,649.8,3.68,49.24,56.27,4.210515993984142,4.610526181303967,0.7708500247178713,3.916293548711598,5.585818334387825,1.6695247856762268,1.412006370197258,8.090105512902165,False,-0.3500073508364622,0.3500073508364622,NORMAL,4.0,0.0041928721174004,5.474369310328396,58.39708046469813,4.0,0.0041928721174004,5.474369310328396,54.46595026060942,4.0,1.0,0.0,1.0,1.0,0.0,48.26162282356236,LOW,1,0.0,-0.3336226903933995,8.34056725983499,1.0,0.0,1,True,91.66666666666666,True,True,100.0,1.0,100.0,77.91919854094225,MEDIUM,1,MEDIUM,"MEDIUM (driven by pattern+cr_profile; price_level=NORMAL, pattern_level=LOW, cr_profile_level=MEDIUM)",1,"This transaction is flagged due to a combination of medium-level anomalies in the CR Profile and trade pattern dimensions. The trader is re-exporting cotton t-shirts to Saudi Arabia for the first time, which raises concerns about the unusual partner and product combination. However, the price level is normal, and the robust Z-score indicates no significant under-invoicing or over-invoicing.",unusual_partner,TRUE_POSITIVE,"The first-time nature of both the product and partner, combined with a medium CR Profile score, suggests a need for further scrutiny despite the normal price level.",medium,Conduct a detailed review of the trader's history and the legitimacy of the re-export to the new partner.
2020-2701-3-10996-1,2020-2701-3-10996,2020-05-01,2020,2020-05,1006301000,100630100000,100630,10,Long-grain milled rice,Long-grain milled rice,CR_HASH_041,Import,IM,DE,US,BH,DE,US,BH,DE,KGM,1315.77,0.5000798011810575,price_per_kg,657.99,1749.97,4.62,1315.77,1534.19,0.4055183074804244,0.3286983897813914,0.0676786910787625,0.270176176769005,0.3986012849866289,0.1284251082176239,0.0775385144425691,0.5912389473130648,False,0.7655928890742021,0.7655928890742021,NORMAL,6.0,0.0062893081761006,5.068904202220232,46.22900654036249,1.0,0.0010482180293501,6.860663671448286,100.0,4.0,1.5,1.0,3.0,2.0,63.63636363636365,67.65995781563579,LOW,1,0.0,0.836376727414466,20.90941818536165,1.0,0.0,3,False,75.0,True,True,100.0,0.0,0.0,52.31829636487658,LOW,1,LOW,"LOW (driven by pattern+cr_profile; price_level=NORMAL, pattern_level=LOW, cr_profile_level=LOW)",1,"The transaction shows a declared unit price of 0.5001 BHD per kg for long-grain milled rice, which is within a normal price range despite a peer median price of 0.3287 BHD. The trade pattern indicates a rare route from the US to Bahrain, which could be a legitimate trade route for this product. Additionally, the trader has not previously worked with this partner, which may explain the unusual partner flag.",unusual_partner,FALSE_POSITIVE,"The price level is normal and the trade pattern score is low but not alarming, suggesting that this transaction is likely a legitimate trade despite the unusual partner flag.",medium,Monitor future transactions from this trader to the same partner for consistency.
2020-2801-8-10445-1,2020-2801-8-10445,2020-05-01,2020,2020-05,2710192100,271019210000,271019,27,Gas oils for diesel engines,Gas oils for diesel engines,CR_HASH_006,Import,IM,JP,JP,BH,JP,JP,BH,JP,LTR,3981.96,1.2983832082692943,price_per_liter_gross_weight,5170.11,13750.3,3.32,3695.73,3981.96,0.8322059228214544,0.2635559281187505,0.0710560088433533,0.1979668243457394,0.3363424368265587,0.1383756124808193,-0.0095965943754896,0.5439058555477878,True,5.397842815080461,5.397842815080461,HIGH,7.0,0.0073375262054507,4.9147535223929735,41.6029195353019,5.0,0.0052410901467505,5.251225759014186,47.13660531805522,6.0,1.1666666666666667,0.408248290463863,2.0,1.7142857142857142,45.45454545454546,44.117453447152094,NORMAL,0,0.0,6.687650779825761,100.0,1.0,0.0,2,False,83.33333333333334,False,True,91.66666666666666,0.9166666666666666,91.66666666666666,86.25,HIGH,1,HIGH,"HIGH (driven by price+cr_profile; price_level=HIGH, pattern_level=NORMAL, cr_profile_level=HIGH)",1,"This transaction shows a significantly high robust Z-score of 5.40, indicating potential over-invoicing compared to the peer median price of 0.26 BHD per liter for gas oils. Additionally, the CR Price Severity is at 100, suggesting that this price is highly unusual for this trader's past transactions. Despite the trade pattern being normal, the combination of high price anomalies and trader behavior deviations raises concerns about the legitimacy of this transaction.",over_invoicing,TRUE_POSITIVE,"The high robust Z-score and CR Price Severity strongly indicate over-invoicing, making this a genuine risk that warrants further scrutiny.",high,Conduct a detailed investigation into the pricing practices of CR_HASH_006 and request supporting documentation for the invoice.
2020-2601-8-10873-1,2020-2601-8-10873,2020-05-01,2020,2020-05,3923301000,392330100000,392330,39,Plastic bottles for packaging,Plastic bottles for packaging,CR_HASH_031,Re-export,EX,BH,BH,CN,BH,BH,CN,CN,NMB,1.02,11.647058823529411,price_per_item,11.88,31.59,1.02,133.25,146.11,2.5374246840714467,2.008077055471865,0.7629623078147538,1.1201351912780924,2.51712417371907,1.3969889824409778,-0.9753482823833745,4.612607647380537,False,0.4679655605319304,0.4679655605319304,NORMAL,14.0,0.0146750524109014,4.221606341833028,20.80145976765095,14.0,0.0146750524109014,4.221606341833028,13.317855801757728,7.0,2.0,0.816496580927726,3.0,1.5,31.818181818181824,19.83470668716795,NORMAL,0,0.0,1.500699277548298,37.517481938707455,1.0,0.0,1,True,91.66666666666666,False,True,88.88888888888889,1.0,100.0,75.35334090076984,MEDIUM,1,LOW,"LOW (driven by cr_profile; price_level=NORMAL, pattern_level=NORMAL, cr_profile_level=MEDIUM)",1,"The transaction involves a re-export of plastic bottles with a declared unit price significantly higher than the peer median price, indicating potential over-invoicing. However, the price anomaly score is within normal limits, and the trade pattern shows no unusual routes or partners. The trader is also engaging in a first-time product and partner combination, which may contribute to the flagged status but does not necessarily indicate a genuine risk.",over_invoicing,FALSE_POSITIVE,"The price level is normal despite the high unit price compared to peers, and the overall composite score is low, indicating that the flag is likely a false positive rather than a genuine risk.",medium,Monitor future transactions from this trader for consistency in pricing and product combinations.
2020-2501-3-10056-1,2020-2501-3-10056,2020-05-01,2020,2020-05,6109100000,610910000000,610910,61,Cotton t-shirts,Cotton t-shirts,CR_HASH_010,Import,IM,CN,AE,BH,CN,AE,BH,CN,NMB,2.85,19.010526315789477,price_per_item,54.18,144.1,2.85,71.08,77.6,2.9962584508878884,4.644105600231562,0.7882174659262975,3.892722458934984,5.444558727344917,1.5518362684099332,1.5649680563200845,7.772313129959818,False,-1.410090137949422,1.410090137949422,NORMAL,16.0,0.0167714884696016,4.088074949208505,16.794160929396217,1.0,0.0010482180293501,6.860663671448286,100.0,8.0,2.0,1.4142135623730951,5.0,2.5,95.45454545454548,57.71526228287993,LOW,1,0.0,-0.9065562778451256,22.66390694612814,1.0,0.0,2,False,83.33333333333334,False,True,85.71428571428572,0.875,87.5,56.86093885971628,LOW,1,LOW,"LOW (driven by pattern+cr_profile; price_level=NORMAL, pattern_level=LOW, cr_profile_level=LOW)",1,"The transaction shows a declared unit price of approximately 19 BHD for cotton t-shirts, which is significantly higher than the peer median price of 4.64 BHD, indicating potential over-invoicing. However, the price anomaly is not severe, and the trade pattern shows a high rarity for the route and a low partner rarity score, suggesting that this may not be a typical transaction for the trader. The overall composite score is LOW, indicating that the anomalies do not strongly suggest a genuine risk.",over_invoicing,FALSE_POSITIVE,"The price level is classified as NORMAL despite the high declared unit price, and the overall composite score is LOW, suggesting that the anomalies do not indicate a significant risk in this case.",medium,Monitor future transactions from this trader for similar patterns and prices.
2020-2701-4-10633-1,2020-2701-4-10633,2020-05-02,2020,2020-05,6109100000,610910000000,610910,61,Cotton t-shirts,Cotton t-shirts,CR_HASH_037,Re-export,EX,BH,BH,TR,BH,BH,TR,TR,NMB,4.44,48.50225225225225,price_per_item,215.35,572.73,4.44,81.19,93.5,3.902018168585049,4.610526181303967,0.7708500247178713,3.916293548711598,5.585818334387825,1.6695247856762268,1.412006370197258,8.090105512902165,False,-0.6199417425833764,0.6199417425833764,NORMAL,2.0,0.0020964360587002,6.1675164908883415,79.19854023234907,2.0,0.0020964360587002,6.1675164908883415,77.23297513030472,2.0,1.0,0.0,1.0,1.0,0.0,66.6308114117812,LOW,1,-1.9527909243191168,-0.5439396646398893,48.81977310797792,1.0,0.0,4,False,66.66666666666666,True,True,100.0,0.6923076923076923,69.23076923076923,75.93307443394612,MEDIUM,1,MEDIUM,"MEDIUM (driven by pattern+cr_profile; price_level=NORMAL, pattern_level=LOW, cr_profile_level=MEDIUM)",1,"The transaction involves a re-export of cotton t-shirts from Bahrain to Turkey, with a declared unit price significantly higher than the peer median price, indicating potential over-invoicing. The trader has a high partner rarity score, suggesting this is the first time they are exporting to this partner, which raises concerns about the legitimacy of the transaction. However, the price anomaly is not severe, and the overall price level is normal.",over_invoicing,TRUE_POSITIVE,"The combination of high declared unit price compared to the peer median and the unusual partner relationship indicates a potential risk of over-invoicing, warranting further investigation.",medium,Conduct a detailed review of the trader's previous transactions and the legitimacy of the pricing for this specific product.
2020-2701-9-10556-1,2020-2701-9-10556,2020-05-02,2020,2020-05,6109100000,610910000000,610910,61,Cotton t-shirts,Cotton t-shirts,CR_HASH_024,Import,IM,CN,IN,BH,CN,IN,BH,CN,NMB,2.89,166.75432525951558,price_per_item,481.92,1281.69,2.89,541.67,648.06,5.122500559480735,4.644105600231562,0.7882174659262975,3.892722458934984,5.444558727344917,1.5518362684099332,1.5649680563200845,7.772313129959818,False,0.4093705015969809,0.4093705015969809,NORMAL,16.0,0.0167714884696016,4.088074949208505,16.794160929396217,1.0,0.0010482180293501,6.860663671448286,100.0,8.0,2.0,1.4142135623730951,5.0,2.5,95.45454545454548,57.71526228287993,LOW,1,0.0,0.6942768485293713,17.356921213234283,1.0,0.0,2,False,83.33333333333334,False,True,66.66666666666667,0.875,87.5,50.24158909129866,LOW,1,LOW,"LOW (driven by pattern+cr_profile; price_level=NORMAL, pattern_level=LOW, cr_profile_level=LOW)",1,"The transaction shows a declared unit price of approximately 166.75 BHD for cotton t-shirts, significantly higher than the peer median price of 4.64 BHD, indicating potential over-invoicing. However, the price anomaly score is normal, and the trade pattern shows low rarity, suggesting that this may not be a genuine risk. The trader has previously used this partner, but this is the first time they are importing this specific product, which adds some uncertainty.",over_invoicing,FALSE_POSITIVE,"Despite the high declared unit price, the normal price level and low trade pattern rarity suggest that this transaction may not reflect a genuine risk, indicating it is likely a false positive.",medium,Monitor future transactions from this trader for similar patterns or price discrepancies.
2020-2601-3-10885-1,2020-2601-3-10885,2020-05-03,2020,2020-05,102211000,102211000000,102211,10,"Live cattle, pure-bred breeding","Live cattle, pure-bred breeding",CR_HASH_009,Import,IM,IN,IN,BH,IN,IN,BH,IN,NMB,1.71,87287.1403508772,price_per_item,149261.01,396970.76,1.71,994.92,1178.02,11.376969883239394,10.013369334439131,0.6855679350518233,9.327801399387308,10.638440798004725,1.3106393986174147,7.361842301461186,12.604399895930843,False,1.341567950831111,1.341567950831111,NORMAL,7.0,0.0073375262054507,4.9147535223929735,41.6029195353019,4.0,0.0041928721174004,5.474369310328396,54.46595026060942,6.0,1.1666666666666667,0.408248290463863,2.0,1.7142857142857142,45.45454545454546,46.68272417704606,LOW,1,0.0,4.071614675189417,100.0,1.0,0.0,2,False,83.33333333333334,True,True,100.0,0.8333333333333334,83.33333333333334,96.66666666666669,HIGH,1,HIGH,"HIGH (driven by pattern+cr_profile; price_level=NORMAL, pattern_level=LOW, cr_profile_level=HIGH)",1,"The transaction shows a very high declared unit price for live cattle, which is significantly above the peer median price, indicating potential over-invoicing. The trader has a high CR Profile Score, suggesting unusual behavior as this is the first time they are using this partner, which raises concerns about the legitimacy of the transaction. The price level is normal, but the combination of high CR price severity and first-time partner usage suggests a risk.",over_invoicing,TRUE_POSITIVE,"The high CR Price Severity and the first-time use of a partner indicate a significant deviation from the trader's normal behavior, warranting further scrutiny despite the normal price level.",high,Conduct a detailed investigation into the trader's past transactions and the legitimacy of the pricing with the supplier.
2020-2701-7-10795-1,2020-2701-7-10795,2020-05-04,2020,2020-05,8517120000,851712000000,851712,85,Cellular telephones,Cellular telephones,CR_HASH_023,Import,IM,AE,AE,BH,AE,AE,BH,AE,NMB,3.27,406.6146788990826,price_per_item,1329.63,3536.25,3.27,20.18,22.51,6.010322313700811,9.1609472788485,0.7778458576033893,8.086449359029473,9.737226953131788,1.6507775941023135,5.610282967876002,12.213393344285258,False,-2.731990412748232,2.731990412748232,LOW,11.0,0.0115303983228511,4.462768398649916,28.038772365976683,9.0,0.0094339622641509,4.663439094112067,27.830238657093965,7.0,1.5714285714285714,0.7867957924694431,3.0,1.9090909090909087,57.8512396694215,32.437655663384454,NORMAL,0,0.0,-0.9607381148686645,24.018452871716608,1.0,0.0,1,True,91.66666666666666,False,True,83.33333333333334,1.0,100.0,69.23979183843414,LOW,1,LOW,"LOW (driven by price+cr_profile; price_level=LOW, pattern_level=NORMAL, cr_profile_level=LOW)",1,"The transaction shows a significant under-invoicing with a robust Z-score of -2.73, indicating a price well below the peer median for cellular telephones. However, the trade pattern appears normal with no unusual routes or partners, and the trader has a low profile severity score, suggesting this may be a benign outlier rather than a genuine risk. The declared unit price is exceptionally high compared to the peer median, which raises questions about the accuracy of the pricing.",under_invoicing,FALSE_POSITIVE,"The low price anomaly is likely a false positive as the trade pattern is normal and the trader's profile does not indicate unusual behavior, suggesting this may be an isolated incident rather than a systemic issue.",medium,Monitor future transactions from this trader for consistency in pricing.
2020-2701-6-10528-1,2020-2701-6-10528,2020-05-04,2020,2020-05,8517120000,851712000000,851712,85,Cellular telephones,Cellular telephones,CR_HASH_007,Import,IM,AE,AE,BH,AE,AE,BH,AE,NMB,4.88,936.2254098360656,price_per_item,4568.78,12151.02,4.88,526.37,580.99,6.8429238187672405,9.1609472788485,0.7778458576033893,8.086449359029473,9.737226953131788,1.6507775941023135,5.610282967876002,12.213393344285258,False,-2.010019580090081,2.010019580090081,LOW,11.0,0.0115303983228511,4.462768398649916,28.038772365976683,9.0,0.0094339622641509,4.663439094112067,27.830238657093965,7.0,1.5714285714285714,0.7867957924694431,3.0,1.9090909090909087,57.8512396694215,32.437655663384454,NORMAL,0,0.0,-0.9029702837285312,22.57425709321328,1.0,0.0,1,True,91.66666666666666,True,True,100.0,1.0,100.0,82.90098998262465,MEDIUM,1,MEDIUM,"MEDIUM (driven by price+cr_profile; price_level=LOW, pattern_level=NORMAL, cr_profile_level=MEDIUM)",1,"The transaction shows a significant discrepancy in pricing, with a declared unit price of BHD 936.23 compared to a peer median price of BHD 9.16, indicating potential under-invoicing. Additionally, this is the first time the trader has imported this product and used this partner, which raises concerns about the legitimacy of the transaction. The low price level and medium CR profile suggest that while the price is anomalous, the trader's behavior is not entirely outside their norm.",under_invoicing,TRUE_POSITIVE,"The significant difference between the declared unit price and the peer median price, combined with the first-time use of the product and partner, strongly indicates potential under-invoicing, warranting further scrutiny.",high,Conduct a detailed investigation into the trader's past transactions and verify the legitimacy of the declared unit price with supporting documentation.
2020-2601-7-10782-1,2020-2601-7-10782,2020-05-06,2020,2020-05,102211000,102211000000,102211,10,"Live cattle, pure-bred breeding","Live cattle, pure-bred breeding",CR_HASH_046,Re-export,EX,BH,BH,IN,BH,BH,IN,IN,NMB,1.22,13730.090163934428,price_per_item,16750.71,44549.76,1.22,140.44,167.62,9.527417895750885,9.549317841384951,0.6971436999939566,8.846103941045365,10.18755556601122,1.3414516249658544,6.833926503596584,12.19973300346,False,-0.0211883302730098,0.0211883302730098,NORMAL,3.0,0.0031446540880503,5.762051382780177,67.03046630801344,3.0,0.0031446540880503,5.762051382780177,63.915119328547,3.0,1.0,0.0,1.0,1.0,0.0,55.88552491899817,LOW,1,0.0,-0.3092329278272684,7.730823195681712,1.0,0.0,3,False,75.0,False,True,92.3076923076923,0.8461538461538461,84.61538461538461,52.7057881184886,LOW,1,LOW,"LOW (driven by pattern+cr_profile; price_level=NORMAL, pattern_level=LOW, cr_profile_level=LOW)",1,"The transaction appears to be a benign outlier as the declared unit price of BHD 13730.09 for live cattle is significantly higher than the peer median price of BHD 9.55, but the price anomaly score is normal, indicating no under-invoicing. Additionally, while the trade pattern and CR profile levels are low, they do not indicate any significant risk, especially considering this is a re-export from Bahrain to India.",benign_outlier,FALSE_POSITIVE,"The price level is normal and the trade pattern and CR profile scores do not indicate significant anomalies, suggesting this transaction is likely a false positive.",medium,Monitor future transactions from this trader for similar patterns.
2020-2801-8-10408-1,2020-2801-8-10408,2020-05-06,2020,2020-05,2710192100,271019210000,271019,27,Gas oils for diesel engines,Gas oils for diesel engines,CR_HASH_019,Re-export,EX,BH,BH,IN,BH,BH,IN,IN,LTR,3118.4,0.4267156233966137,price_per_liter_gross_weight,1330.67,3539.01,3.73,2700.53,3118.4,0.3553750358017498,0.2773855677315066,0.0779894680702432,0.1639690098991207,0.3324464187701956,0.1684774088710749,-0.0887471034074916,0.585162532076808,False,0.6744907594765952,0.6744907594765952,NORMAL,2.0,0.0020964360587002,6.1675164908883415,79.19854023234907,2.0,0.0020964360587002,6.1675164908883415,77.23297513030472,2.0,1.0,0.0,1.0,1.0,0.0,66.6308114117812,LOW,1,0.0,0.868949674363748,21.7237418590937,1.0,0.0,1,True,91.66666666666666,True,True,100.0,1.0,100.0,82.6033096506828,MEDIUM,1,MEDIUM,"MEDIUM (driven by pattern+cr_profile; price_level=NORMAL, pattern_level=LOW, cr_profile_level=MEDIUM)",1,"This transaction shows a re-export of gas oils for diesel engines from Bahrain to India, with a declared unit price that is normal compared to market peers. However, the trader is using this product and partner for the first time, which raises concerns about potential misclassification or unusual trading behavior. The combination of a medium CR profile score and low trade pattern score suggests that while the price is acceptable, the trading pattern is atypical for this trader.",unusual_partner,TRUE_POSITIVE,"The first-time use of both the product and partner indicates a potential risk, warranting further investigation despite the normal price level.",medium,Conduct a detailed review of the trader's past transactions and verify the legitimacy of the trading partner in India.
2020-2801-1-10764-1,2020-2801-1-10764,2020-05-07,2020,2020-05,1006301000,100630100000,100630,10,Long-grain milled rice,Long-grain milled rice,CR_HASH_020,Import,IM,DE,DE,BH,DE,DE,BH,DE,KGM,3723.54,0.3271188170396987,price_per_kg,1218.04,3239.48,4.41,3723.54,4229.74,0.2830102894274564,0.3286983897813914,0.0676786910787625,0.270176176769005,0.3986012849866289,0.1284251082176239,0.0775385144425691,0.5912389473130648,False,-0.4553309323152469,0.4553309323152469,NORMAL,6.0,0.0062893081761006,5.068904202220232,46.22900654036249,4.0,0.0041928721174004,5.474369310328396,54.46595026060942,4.0,1.5,1.0,3.0,2.0,63.63636363636365,51.72304040684909,LOW,1,0.0,-0.4199727322112296,10.499318305280742,1.0,0.0,1,True,91.66666666666666,False,True,87.5,0.75,75.0,60.54976140684826,LOW,1,LOW,"LOW (driven by pattern+cr_profile; price_level=NORMAL, pattern_level=LOW, cr_profile_level=LOW)",1,"The transaction involves the import of long-grain milled rice from Germany to Bahrain, with a declared unit price that is consistent with the peer median price, indicating normal pricing. However, the trader is flagged for using this product and partner for the first time, which contributes to a low CR Profile Level. The overall low anomaly score suggests that this transaction is likely a benign outlier rather than a genuine risk.",benign_outlier,FALSE_POSITIVE,"The price is normal and the trade pattern is not unusual, despite the first-time use of the product and partner, which does not indicate a significant risk.",high,Monitor future transactions from this trader for any patterns of concern.
2020-2501-1-10631-1,2020-2501-1-10631,2020-05-12,2020,2020-05,9018390000,901839000000,901839,90,Medical syringes and needles,Medical syringes and needles,CR_HASH_045,Re-export,EX,BH,BH,CN,BH,BH,CN,CN,NMB,3.83,0.2819843342036554,price_per_item,1.08,2.88,3.83,42.52,44.89,0.2484091386138746,1.4183722013465885,0.3403115864896454,0.9528936868330796,1.614923227688858,0.6620295408557785,-0.0401506244505881,2.6079675389725256,False,-2.3188433954956222,2.3188433954956222,LOW,6.0,0.0062893081761006,5.068904202220232,46.22900654036249,6.0,0.0062893081761006,5.068904202220232,41.148094458851695,4.0,1.5,0.5773502691896257,2.0,1.3333333333333333,21.21212121212121,40.69815451259752,NORMAL,0,0.0,-0.9354381871555588,23.38595467888897,1.0,0.0,2,False,83.33333333333334,False,False,75.0,0.8,80.0,42.93508413761114,LOW,1,LOW,"LOW (driven by price+cr_profile; price_level=LOW, pattern_level=NORMAL, cr_profile_level=LOW)",1,"The transaction shows a declared unit price of approximately 0.28 BHD for medical syringes, which is significantly lower than the peer median price of 1.42 BHD, indicating potential under-invoicing. However, the price anomaly is not severe enough to warrant a high risk classification, and the trade pattern appears normal with no unusual partners or routes.",under_invoicing,FALSE_POSITIVE,"The low price level and Z-score suggest under-invoicing, but the overall composite score is low, indicating that this may be a benign outlier rather than a genuine risk.",medium,Monitor future transactions from this trader for similar pricing patterns.
2020-2501-9-10372-1,2020-2501-9-10372,2020-05-13,2020,2020-05,8471300000,847130000000,847130,84,Portable laptop computers,Portable laptop computers,CR_HASH_043,Import,IM,IN,US,BH,IN,US,BH,IN,NMB,2.53,9866.521739130436,price_per_item,24962.3,66389.1,2.53,300.72,316.78,9.19700401063875,8.71824987064452,0.6999612932513521,7.750041925937837,9.126895264901794,1.376853338963957,5.684761917491901,11.192175273347727,False,0.4613330002682237,0.4613330002682237,NORMAL,5.0,0.0052410901467505,5.251225759014186,51.700506150822136,1.0,0.0010482180293501,6.860663671448286,100.0,5.0,1.0,0.0,1.0,1.0,0.0,60.85025307541107,LOW,1,0.0,0.582976371341501,14.574409283537529,1.0,0.0,1,True,91.66666666666666,False,True,85.71428571428572,1.0,100.0,66.52961467780956,LOW,1,LOW,"LOW (driven by pattern+cr_profile; price_level=NORMAL, pattern_level=LOW, cr_profile_level=LOW)",1,"The transaction shows a high declared unit price for portable laptop computers at approximately BHD 9866.52, which is significantly above the peer median price of BHD 8.72. However, the price anomaly score is normal, and the trade pattern indicates a rare route with a low overall pattern score. Additionally, this is the first time the trader is importing this product, which may explain the unusual pricing without indicating a risk.",benign_outlier,FALSE_POSITIVE,"The high unit price is likely a benign outlier given the normal price anomaly score and the context of the trader's first-time import of this product, suggesting no immediate risk.",medium,Monitor future transactions from this trader for consistency in pricing and product selection.
2020-2701-5-10675-1,2020-2701-5-10675,2020-05-13,2020,2020-05,8504400090,850440009000,850440,85,Static converters,Static converters,CR_HASH_042,Re-export,EX,BH,BH,CN,BH,BH,CN,CN,NMB,4.82,929.3879668049792,price_per_item,4479.65,11913.95,4.82,451.96,516.5,6.835601667764175,7.211981005295417,0.7196345903205628,6.668983974826631,7.961818755725377,1.2928347808987457,4.729731803478512,9.901070927073494,False,-0.3527684586557475,0.3527684586557475,NORMAL,2.0,0.0020964360587002,6.1675164908883415,79.19854023234907,2.0,0.0020964360587002,6.1675164908883415,77.23297513030472,2.0,1.0,0.0,1.0,1.0,0.0,66.6308114117812,LOW,1,0.0,-0.508386170527917,12.709654263197926,1.0,0.0,1,True,91.66666666666666,False,True,55.55555555555556,0.8888888888888888,88.88888888888889,56.115045658785945,LOW,1,LOW,"LOW (driven by pattern+cr_profile; price_level=NORMAL, pattern_level=LOW, cr_profile_level=LOW)",1,"The transaction shows a declared unit price of 929.39 BHD for static converters, which is significantly higher than the peer median price of 7.21 BHD, indicating potential over-invoicing. However, the price anomaly is classified as NORMAL, and the trade pattern and CR profile levels are LOW, suggesting that while the price is unusual for this trader, it may not reflect a genuine risk given the context of the re-export from Bahrain to China.",over_invoicing,FALSE_POSITIVE,"The price level is classified as NORMAL despite the high declared unit price, and the overall composite level is LOW, indicating that the anomaly does not present a significant risk at this time.",medium,Monitor future transactions from this trader for similar patterns but no immediate action is necessary.
2020-2701-2-10356-1,2020-2701-2-10356,2020-05-13,2020,2020-05,3923301000,392330100000,392330,39,Plastic bottles for packaging,Plastic bottles for packaging,CR_HASH_032,Import,IM,IN,JP,BH,IN,JP,BH,IN,NMB,1.76,13.221590909090908,price_per_item,23.27,61.88,1.76,679.82,753.97,2.6547612963936222,1.6841288050356895,0.6442087840607709,1.0864174155799162,2.3469388358112164,1.2605214202313002,-0.8043647147670341,4.237720966158166,False,1.01625849020853,1.01625849020853,NORMAL,13.0,0.0136268343815513,4.29571431398675,23.025452080470465,1.0,0.0010482180293501,6.860663671448286,100.0,9.0,1.4444444444444444,0.5270462766947299,2.0,1.3846153846153846,24.47552447552448,50.18405471156391,LOW,1,0.0,1.625247542236092,40.63118855590231,1.0,0.0,3,False,75.0,False,True,85.71428571428572,0.7142857142857143,71.42857142857143,59.93520170885152,LOW,1,LOW,"LOW (driven by pattern+cr_profile; price_level=NORMAL, pattern_level=LOW, cr_profile_level=LOW)",1,"The transaction shows a normal price level with a robust Z-score of 1.02, indicating no significant price anomaly. However, the trade pattern indicates a high route rarity score of 100, suggesting that this specific origin-destination route is uncommon. The CR profile also shows a low score, indicating that the trader has not frequently engaged in this type of transaction, particularly with this partner, which is a first-time combination.",unusual_route,TRUE_POSITIVE,The unusual route combined with the trader's low engagement in this type of transaction suggests a potential risk that warrants further scrutiny.,medium,Conduct further investigation into the trader's history and the legitimacy of the route used for this transaction.
2020-2601-2-10262-1,2020-2601-2-10262,2020-05-13,2020,2020-05,9018390000,901839000000,901839,90,Medical syringes and needles,Medical syringes and needles,CR_HASH_028,Import,IM,CN,CN,BH,CN,CN,BH,CN,NMB,3.53,3.2719546742209635,price_per_item,11.55,30.72,3.53,433.05,498.12,1.4520714916346047,1.1592369104845446,0.5792846449150362,0.6041021775947832,1.748109664393657,1.1440074867988734,-1.111909052603527,3.464120894591967,False,0.3409622899116964,0.3409622899116964,NORMAL,23.0,0.0241090146750524,3.725169455519137,5.903307964603629,18.0,0.0188679245283018,3.970291913552122,5.063213787398673,12.0,1.9166666666666667,0.996204919895622,4.0,2.0869565217391304,69.16996047430831,15.099272879037596,NORMAL,0,0.0,0.2068980228247893,5.172450570619732,1.0,0.0,1,True,91.66666666666666,True,True,100.0,1.0,100.0,76.8103576997169,MEDIUM,1,LOW,"LOW (driven by cr_profile; price_level=NORMAL, pattern_level=NORMAL, cr_profile_level=MEDIUM)",1,"The transaction shows a normal price level with a robust Z-score of 0.34, indicating no significant price anomalies. However, the trader is using a first-time product and partner combination, which contributes to a medium CR profile level. Despite this, the overall composite level is low, suggesting that while there are some unusual aspects, they do not indicate a significant risk.",other,FALSE_POSITIVE,"The price and trade pattern levels are normal, and the composite score is low, indicating that the flagged transaction does not present a genuine risk despite the first-time product and partner usage.",high,Monitor future transactions from this trader for similar patterns.
2020-2601-5-10660-1,2020-2601-5-10660,2020-05-14,2020,2020-05,102211000,102211000000,102211,10,"Live cattle, pure-bred breeding","Live cattle, pure-bred breeding",CR_HASH_021,Import,IM,DE,US,BH,DE,US,BH,DE,NMB,0.53,131033.67924528304,price_per_item,69447.85,184701.72,0.53,868.8,1009.64,11.783217294212491,10.013369334439131,0.6855679350518233,9.327801399387308,10.638440798004725,1.3106393986174147,7.361842301461186,12.604399895930843,False,1.7412513530922336,1.7412513530922336,NORMAL,4.0,0.0041928721174004,5.474369310328396,58.39708046469813,1.0,0.0010482180293501,6.860663671448286,100.0,3.0,1.3333333333333333,0.5773502691896258,2.0,1.5,31.818181818181824,68.97126750507633,LOW,1,0.0,6.762303140536449,100.0,1.0,0.0,2,False,83.33333333333334,True,True,100.0,0.6666666666666667,66.66666666666667,93.33333333333334,HIGH,1,HIGH,"HIGH (driven by pattern+cr_profile; price_level=NORMAL, pattern_level=LOW, cr_profile_level=HIGH)",1,"This transaction is flagged due to a high CR Profile Score and unusual partner, as it involves a first-time partner for the trader. The declared unit price is significantly higher than the peer median price, indicating potential over-invoicing, but the price level is classified as NORMAL. The trade pattern shows a rarity in the route, which could suggest a genuine risk.",over_invoicing,TRUE_POSITIVE,"The combination of a high CR Profile Score and the unusual partner indicates a potential risk, despite the price level being normal. The significant deviation in pricing compared to the peer median suggests the need for further investigation.",medium,Conduct a detailed review of the trader's past transactions and the legitimacy of the pricing for live cattle from the US to Bahrain.
2020-2601-5-10168-1,2020-2601-5-10168,2020-05-14,2020,2020-05,102211000,102211000000,102211,10,"Live cattle, pure-bred breeding","Live cattle, pure-bred breeding",CR_HASH_007,Import,IM,CN,US,BH,CN,US,BH,CN,NMB,4.31,10881.069605568448,price_per_item,46897.41,124727.16,4.31,647.75,738.64,9.294871723420234,10.013369334439131,0.6855679350518233,9.327801399387308,10.638440798004725,1.3106393986174147,7.361842301461186,12.604399895930843,False,-0.7068883688406777,0.7068883688406777,NORMAL,18.0,0.0188679245283018,3.970291913552122,13.25947284837593,1.0,0.0010482180293501,6.860663671448286,100.0,10.0,1.8,0.7888106377466155,3.0,1.6666666666666663,42.42424242424242,47.99337278782433,LOW,1,0.0,-0.4650450082149057,11.626125205372642,1.0,0.0,2,False,83.33333333333334,False,False,77.77777777777779,0.7777777777777778,77.77777777777779,39.06914382188043,LOW,1,LOW,"LOW (driven by pattern+cr_profile; price_level=NORMAL, pattern_level=LOW, cr_profile_level=LOW)",1,"The transaction shows a normal price level with a robust Z-score indicating no significant under- or over-invoicing. The trade pattern indicates a low rarity for the partner and a high rarity for the route, but the overall composite score is low, suggesting that while there are some unusual aspects, they do not indicate a strong risk. The declared goods description matches the commercial description, further supporting the legitimacy of the transaction.",benign_outlier,FALSE_POSITIVE,"The price level is normal, and the trade pattern does not present significant anomalies, indicating this transaction is likely a benign outlier rather than a genuine risk.",high,Monitor future transactions from this trader for any emerging patterns.
2020-2601-1-10176-1,2020-2601-1-10176,2020-05-14,2020,2020-05,8504400090,850440009000,850440,85,Static converters,Static converters,CR_HASH_017,Import,IM,JP,JP,BH,JP,JP,BH,JP,NMB,2.23,354.35426008968614,price_per_item,790.21,2101.63,2.23,65.58,69.9,5.873115207634099,7.466827051260017,0.5715840105867187,6.914775863803976,8.032836322465545,1.11806045866157,5.23768517581162,9.7099270104579,False,-1.8806402766422443,1.8806402766422443,NORMAL,3.0,0.0031446540880503,5.762051382780177,67.03046630801344,3.0,0.0031446540880503,5.762051382780177,63.915119328547,3.0,1.0,0.0,1.0,1.0,0.0,55.88552491899817,LOW,1,0.0,-0.8792977858827175,21.982444647067936,1.0,0.0,2,False,83.33333333333334,True,True,100.0,0.8888888888888888,88.88888888888889,70.47163340425155,LOW,1,LOW,"LOW (driven by pattern+cr_profile; price_level=NORMAL, pattern_level=LOW, cr_profile_level=LOW)",1,"The transaction shows a declared unit price of 354.35 BHD for static converters, which is significantly higher than the peer median price of 7.47 BHD, indicating potential under-invoicing. However, the price anomaly score is not severe enough to warrant a high risk classification, and the trade pattern and CR profile levels are both low, suggesting that this transaction may not be suspicious despite the high unit price.",under_invoicing,FALSE_POSITIVE,"The price level is classified as normal, and while there is a notable price discrepancy, the overall low scores in trade pattern and CR profile suggest this may not be a genuine risk at this time.",medium,Monitor future transactions from this trader for similar patterns.
2020-2501-6-10478-1,2020-2501-6-10478,2020-05-16,2020,2020-05,6109100000,610910000000,610910,61,Cotton t-shirts,Cotton t-shirts,CR_HASH_034,Import,IM,JP,US,BH,JP,US,BH,JP,NMB,4.04,106.4480198019802,price_per_item,430.05,1143.75,4.04,1385.48,1464.45,4.677007193900371,4.644105600231562,0.7882174659262975,3.892722458934984,5.444558727344917,1.5518362684099332,1.5649680563200845,7.772313129959818,False,0.0281544394294612,0.0281544394294612,NORMAL,6.0,0.0062893081761006,5.068904202220232,46.22900654036249,1.0,0.0010482180293501,6.860663671448286,100.0,4.0,1.5,1.0,3.0,2.0,63.63636363636365,67.65995781563579,LOW,1,0.0,0.0435393004919738,1.088482512299347,1.0,0.0,2,False,83.33333333333334,True,True,100.0,0.8333333333333334,83.33333333333334,62.04763554597144,LOW,1,LOW,"LOW (driven by pattern+cr_profile; price_level=NORMAL, pattern_level=LOW, cr_profile_level=LOW)",1,"The transaction shows a declared unit price of 106.45 BHD for cotton t-shirts, which is significantly higher than the peer median price of 4.64 BHD, indicating potential over-invoicing. However, the price anomaly score is normal, and the trade pattern shows a high route rarity score, suggesting this is an unusual route for this trader. The trader has also used this product before, but the partner is new, which adds to the complexity of the transaction.",over_invoicing,FALSE_POSITIVE,"Despite the high declared unit price, the price level is normal and the trade pattern is low, indicating that this may not be a genuine risk. The unusual route and new partner may have contributed to the flag, but the overall context suggests this is a benign outlier.",medium,Monitor future transactions from this trader to see if the pricing pattern continues.
2020-2701-5-10955-1,2020-2701-5-10955,2020-05-16,2020,2020-05,8517120000,851712000000,851712,85,Cellular telephones,Cellular telephones,CR_HASH_046,Import,IM,CN,IN,BH,CN,IN,BH,CN,NMB,4.68,218.8824786324786,price_per_item,1024.37,2724.4,4.68,42.59,51.09,5.393093215588913,9.1609472788485,0.7778458576033893,8.086449359029473,9.737226953131788,1.6507775941023135,5.610282967876002,12.213393344285258,True,-3.2672061230166536,3.2672061230166536,MEDIUM,22.0,0.0230607966457023,3.769621218089971,7.23731259832573,3.0,0.0031446540880503,5.762051382780177,63.915119328547,10.0,2.2,0.7888106377466155,3.0,1.3636363636363635,23.140495867768596,29.4600224443196,NORMAL,0,0.0,-0.9708969431923496,24.272423579808738,1.0,0.0,1,True,91.66666666666666,False,True,64.28571428571428,0.9333333333333332,93.33333333333331,63.2334434910283,LOW,1,MEDIUM,"MEDIUM (driven by price+cr_profile; price_level=MEDIUM, pattern_level=NORMAL, cr_profile_level=LOW)",1,"The transaction shows a significant under-invoicing with a robust Z-score of -3.27, indicating the declared unit price of 218.88 BHD is far below the peer median price of 9.16 BHD for cellular telephones. Additionally, this is the first time the trader is importing this product, which raises concerns about potential misclassification or fraudulent activity. The trade pattern appears normal, but the price anomaly is severe enough to warrant further investigation.",under_invoicing,TRUE_POSITIVE,"The strong negative Z-score indicates significant under-invoicing, and the first-time import of this product raises red flags about the trader's intentions and compliance with customs regulations.",high,Conduct a detailed review of the trader's past transactions and request additional documentation to verify the pricing and classification of the goods.
2020-2801-5-10547-1,2020-2801-5-10547,2020-05-16,2020,2020-05,102211000,102211000000,102211,10,"Live cattle, pure-bred breeding","Live cattle, pure-bred breeding",CR_HASH_008,Import,IM,CN,CN,BH,CN,CN,BH,CN,NMB,4.97,2757.128772635815,price_per_item,13702.93,36443.96,4.97,60.27,67.77,7.922307747849141,10.013369334439131,0.6855679350518233,9.327801399387308,10.638440798004725,1.3106393986174147,7.361842301461186,12.604399895930843,False,-2.0572749184146164,2.0572749184146164,LOW,18.0,0.0188679245283018,3.970291913552122,13.25947284837593,16.0,0.0167714884696016,4.088074949208505,8.931900521218806,10.0,1.8,0.7888106377466155,3.0,1.6666666666666663,42.42424242424242,16.11953797025091,NORMAL,0,0.0,-0.901359245538408,22.5339811384602,1.0,0.0,1,True,91.66666666666666,False,True,44.44444444444444,0.8888888888888888,88.88888888888889,56.77578228734996,LOW,1,LOW,"LOW (driven by price+cr_profile; price_level=LOW, pattern_level=NORMAL, cr_profile_level=LOW)",1,"The transaction shows a significantly high declared unit price for live cattle at 2757.13 BHD, which is anomalous compared to the peer median price of 10.01 BHD, indicating potential under-invoicing. Additionally, this is the first time the trader has imported this product, which adds to the risk profile. However, the overall anomaly score is low, and the trade pattern appears normal.",under_invoicing,TRUE_POSITIVE,"The significant discrepancy between the declared unit price and the peer median price, combined with the first-time import of this product, suggests a genuine risk of under-invoicing despite the overall low anomaly score.",medium,Conduct a detailed review of the trader's previous import transactions and request additional documentation to justify the declared price.
2020-2801-8-10883-1,2020-2801-8-10883,2020-05-17,2020,2020-05,8517120000,851712000000,851712,85,Cellular telephones,Cellular telephones,CR_HASH_044,Import,IM,AE,SA,BH,AE,SA,BH,AE,NMB,0.98,470.9081632653061,price_per_item,461.49,1227.36,0.98,60.96,66.88,6.156784397301318,9.1609472788485,0.7778458576033893,8.086449359029473,9.737226953131788,1.6507775941023135,5.610282967876002,12.213393344285258,False,-2.604989258166522,2.604989258166522,LOW,11.0,0.0115303983228511,4.462768398649916,28.038772365976683,1.0,0.0010482180293501,6.860663671448286,100.0,7.0,1.5714285714285714,0.7867957924694431,3.0,1.9090909090909087,57.8512396694215,57.69707213340157,LOW,1,0.0,-0.9625450465067472,24.063626162668683,1.0,0.0,2,False,83.33333333333334,False,True,85.71428571428572,0.8571428571428572,85.71428571428572,56.99369772836262,LOW,1,LOW,"LOW (driven by price+pattern+cr_profile; price_level=LOW, pattern_level=LOW, cr_profile_level=LOW)",1,"The transaction shows a significant price anomaly with a robust Z-score of -2.60, indicating potential under-invoicing, as the declared unit price of BHD 470.91 is far above the peer median price of BHD 9.16 for cellular telephones. However, the overall composite score is LOW, suggesting that while the price is anomalous, the trade pattern and CR profile do not indicate significant risk. The route rarity score is 100, indicating this is a common route, and the trader has previously imported similar goods.",under_invoicing,FALSE_POSITIVE,"The high unit price appears anomalous compared to market norms, but the overall LOW composite score and the trader's history suggest this may not be a genuine risk. The trader has imported similar goods before, which reduces the likelihood of a significant issue.",medium,Monitor future transactions from this trader for similar pricing patterns.
2020-2501-7-10756-1,2020-2501-7-10756,2020-05-17,2020,2020-05,8471300000,847130000000,847130,84,Portable laptop computers,Portable laptop computers,CR_HASH_024,Import,IM,CN,IN,BH,CN,IN,BH,CN,NMB,4.64,4208.519396551724,price_per_item,19527.53,51934.92,4.64,191.98,210.36,8.34510376257129,8.71824987064452,0.6999612932513521,7.750041925937837,9.126895264901794,1.376853338963957,5.684761917491901,11.192175273347727,False,-0.3595678850482819,0.3595678850482819,NORMAL,21.0,0.0220125786163522,3.816141233724864,8.633385843315326,1.0,0.0010482180293501,6.860663671448286,100.0,10.0,2.1,1.449137674618944,5.0,2.380952380952381,87.87878787878789,52.49851110347585,LOW,1,0.0,-0.3436617793777511,8.591544484443778,1.0,0.0,1,True,91.66666666666666,False,True,57.14285714285714,1.0,100.0,57.29275485526961,LOW,1,LOW,"LOW (driven by pattern+cr_profile; price_level=NORMAL, pattern_level=LOW, cr_profile_level=LOW)",1,"The transaction shows a declared unit price of approximately 4208.52 BHD for portable laptop computers, which is significantly higher than the peer median price of 8.72 BHD. However, the price anomaly score is normal, indicating no under-invoicing or over-invoicing. The trade pattern shows a very rare route and a low partner rarity score, suggesting this may be a first-time import from an unusual partner, but the overall composite score is low, indicating no strong evidence of risk.",benign_outlier,FALSE_POSITIVE,"The price level is normal, and while the trade pattern indicates some rarity, the overall composite score is low, suggesting this transaction does not pose a genuine risk.",medium,Monitor future transactions from this trader for consistency in pricing and partner usage.
2020-2701-1-10153-1,2020-2701-1-10153,2020-05-17,2020,2020-05,8517120000,851712000000,851712,85,Cellular telephones,Cellular telephones,CR_HASH_025,Import,IM,IN,IN,BH,IN,IN,BH,IN,NMB,1.14,36453.0701754386,price_per_item,41556.5,110522.61,1.14,1189.31,1388.77,10.50380839582386,9.1609472788485,0.7778458576033893,8.086449359029473,9.737226953131788,1.6507775941023135,5.610282967876002,12.213393344285258,False,1.164430466276424,1.164430466276424,NORMAL,9.0,0.0094339622641509,4.663439094112067,34.06093261602687,8.0,0.0083857442348008,4.781222129768451,31.698925390914116,6.0,1.5,0.5477225575051662,2.0,1.3333333333333333,21.21212121212121,31.30690837665156,NORMAL,0,0.0,3.0417661501213136,76.04415375303284,1.0,0.0,1,True,91.66666666666666,False,True,83.33333333333334,0.8333333333333334,83.33333333333334,84.11545381356149,MEDIUM,1,LOW,"LOW (driven by cr_profile; price_level=NORMAL, pattern_level=NORMAL, cr_profile_level=MEDIUM)",1,"The transaction shows a declared unit price of BHD 36,453 for a cellular telephone, which is significantly higher than the peer median price of BHD 9.16, indicating potential over-invoicing. However, the price anomaly score is within normal limits, and the trade pattern and price levels are also normal. The trader has a high CR profile score, but this is the first time they are importing this product, which raises a flag for potential misclassification or unusual pricing.",over_invoicing,TRUE_POSITIVE,"The high declared unit price compared to the peer median suggests over-invoicing, and the first-time import of this product indicates a need for further scrutiny despite the overall low anomaly score.",medium,Conduct a detailed review of the invoice and the declared goods to verify the pricing and classification.
2020-2601-7-10604-1,2020-2601-7-10604,2020-05-19,2020,2020-05,8504400090,850440009000,850440,85,Static converters,Static converters,CR_HASH_010,Import,IM,US,IN,BH,US,IN,BH,US,NMB,3.31,3808.930513595166,price_per_item,12607.56,33530.75,3.31,677.07,765.73,8.245366230052904,7.466827051260017,0.5715840105867187,6.914775863803976,8.032836322465545,1.11806045866157,5.23768517581162,9.7099270104579,False,0.918705688508111,0.918705688508111,NORMAL,14.0,0.0146750524109014,4.221606341833028,20.80145976765095,1.0,0.0010482180293501,6.860663671448286,100.0,9.0,1.5555555555555556,1.130388330520878,4.0,2.571428571428571,100.0,60.40072988382548,LOW,1,0.0,1.4414827585645855,36.03706896411464,1.0,0.0,2,False,83.33333333333334,False,False,77.77777777777779,0.9,90.0,50.05741858188457,LOW,1,LOW,"LOW (driven by pattern+cr_profile; price_level=NORMAL, pattern_level=LOW, cr_profile_level=LOW)",1,"The transaction shows a high declared unit price of 3808.93 BHD for static converters, which is significantly above the peer median price of 7.47 BHD. However, the robust Z-score indicates this is not anomalous, and the price level is normal. The trade pattern shows a high route rarity and burstiness, but the overall pattern level is low, suggesting this is not a typical transaction for the trader. Given these factors, it appears to be a benign outlier rather than a genuine risk.",benign_outlier,FALSE_POSITIVE,"The price level is normal despite the high declared unit price, and the trade pattern does not indicate significant anomalies. The overall composite score is low, supporting the conclusion that this is likely a false positive.",high,Monitor future transactions from this trader for consistency in pricing and trade patterns.
2020-2801-2-10777-1,2020-2801-2-10777,2020-05-20,2020,2020-05,2710192100,271019210000,271019,27,Gas oils for diesel engines,Gas oils for diesel engines,CR_HASH_024,Import,IM,SA,SA,BH,SA,SA,BH,SA,LTR,4815.49,0.021381001725681,price_per_liter_gross_weight,102.96,273.82,1.39,4542.83,4815.49,0.0211556348290105,0.2635559281187505,0.0710560088433533,0.1979668243457394,0.3363424368265587,0.1383756124808193,-0.0095965943754896,0.5439058555477878,False,-2.300956113068259,2.300956113068259,LOW,7.0,0.0073375262054507,4.9147535223929735,41.6029195353019,4.0,0.0041928721174004,5.474369310328396,54.46595026060942,4.0,1.75,0.5,2.0,1.1428571428571428,9.090909090909088,41.2281787225006,NORMAL,0,0.0,-1.833532001711453,45.83830004278632,1.0,0.0,3,False,75.0,False,False,87.5,0.8,80.0,53.91840501497521,LOW,1,LOW,"LOW (driven by price+cr_profile; price_level=LOW, pattern_level=NORMAL, cr_profile_level=LOW)",1,"The transaction shows a significantly low declared unit price of 0.021 BHD per liter for gas oils, which is well below the peer median price of 0.264 BHD. However, the price anomaly is not extreme enough to indicate under-invoicing, as the robust Z-score of -2.30 suggests a mild deviation rather than a strong risk. Additionally, the trade pattern and CR profile levels are normal, indicating typical trading behavior for this trader.",benign_outlier,FALSE_POSITIVE,"The low price level and Z-score suggest a benign outlier rather than a genuine risk, supported by normal trade patterns and trader behavior.",medium,Monitor future transactions from this trader for any significant changes in pricing or trading patterns.
2020-2601-5-10260-1,2020-2601-5-10260,2020-05-22,2020,2020-05,9018390000,901839000000,901839,90,Medical syringes and needles,Medical syringes and needles,CR_HASH_047,Import,IM,CN,AE,BH,CN,AE,BH,CN,NMB,1.79,1.11731843575419,price_per_item,2.0,5.33,1.79,91.27,107.92,0.7501503992416713,1.1592369104845446,0.5792846449150362,0.6041021775947832,1.748109664393657,1.1440074867988734,-1.111909052603527,3.464120894591967,False,-0.4763203618150561,0.4763203618150561,NORMAL,23.0,0.0241090146750524,3.725169455519137,5.903307964603629,1.0,0.0010482180293501,6.860663671448286,100.0,12.0,1.9166666666666667,0.996204919895622,4.0,2.0869565217391304,69.16996047430831,48.327148053448056,LOW,1,0.0,-0.6014504670959764,15.036261677399407,1.0,0.0,1,True,91.66666666666666,False,True,90.0,1.0,100.0,67.76269158708979,LOW,1,LOW,"LOW (driven by pattern+cr_profile; price_level=NORMAL, pattern_level=LOW, cr_profile_level=LOW)",1,"The transaction shows a normal price level with a robust Z-score indicating no significant under- or over-invoicing. However, the trade pattern indicates a very rare route (100.0) and a low partner rarity score (5.9), suggesting that this is an unusual trading scenario for the trader. Given that this is the first time the trader is importing this product and using this partner, it raises some flags, but the overall anomaly score is low, indicating it may not be a genuine risk.",unusual_route,FALSE_POSITIVE,"The price and trade pattern dimensions do not indicate significant anomalies, and the low final level suggests that this transaction is likely a benign outlier rather than a genuine risk.",medium,Monitor future transactions from this trader for similar patterns.
2020-2501-3-10084-1,2020-2501-3-10084,2020-05-26,2020,2020-05,1006301000,100630100000,100630,10,Long-grain milled rice,Long-grain milled rice,CR_HASH_015,Import,IM,DE,DE,BH,DE,DE,BH,DE,KGM,2926.62,0.4850407637479413,price_per_kg,1419.53,3775.34,2.29,2926.62,3289.67,0.3954422222132234,0.3286983897813914,0.0676786910787625,0.270176176769005,0.3986012849866289,0.1284251082176239,0.0775385144425691,0.5912389473130648,False,0.6651738901825706,0.6651738901825706,NORMAL,6.0,0.0062893081761006,5.068904202220232,46.22900654036249,4.0,0.0041928721174004,5.474369310328396,54.46595026060942,4.0,1.5,1.0,3.0,2.0,63.63636363636365,51.72304040684909,LOW,1,0.0,0.6745038659226779,16.862596648066948,1.0,0.0,1,True,91.66666666666666,True,True,100.0,0.9230769230769232,92.3076923076923,79.3634472883619,MEDIUM,1,MEDIUM,"MEDIUM (driven by pattern+cr_profile; price_level=NORMAL, pattern_level=LOW, cr_profile_level=MEDIUM)",1,"This transaction is flagged due to the trader's unusual partner and the first-time use of both the product and partner, which raises concerns. The declared unit price is normal compared to the peer median, and the overall price anomaly score is low, suggesting that the pricing is consistent with market expectations. However, the combination of a new partner and product indicates a potential risk that should be investigated further.",unusual_partner,TRUE_POSITIVE,"The combination of first-time use of both the product and partner, along with a medium CR profile score, indicates a deviation from the trader's typical behavior, warranting further scrutiny.",medium,Conduct a deeper investigation into the trader's history with this partner and assess the legitimacy of the transaction.
2020-2601-7-10617-1,2020-2601-7-10617,2020-05-26,2020,2020-05,1006301000,100630100000,100630,10,Long-grain milled rice,Long-grain milled rice,CR_HASH_037,Import,IM,IN,IN,BH,IN,IN,BH,IN,KGM,2875.97,0.4286414670528552,price_per_kg,1232.76,3278.61,0.73,2875.97,3290.25,0.35672396967395,0.3286983897813914,0.0676786910787625,0.270176176769005,0.3986012849866289,0.1284251082176239,0.0775385144425691,0.5912389473130648,False,0.2793049683024316,0.2793049683024316,NORMAL,5.0,0.0052410901467505,5.251225759014186,51.700506150822136,4.0,0.0041928721174004,5.474369310328396,54.46595026060942,4.0,1.25,0.5,2.0,1.6,38.181818181818194,50.64060839389709,LOW,1,0.0,0.3507355937831001,8.768389844577504,1.0,0.0,2,False,83.33333333333334,False,True,73.33333333333334,0.9333333333333332,93.33333333333331,50.06893644560213,LOW,1,LOW,"LOW (driven by pattern+cr_profile; price_level=NORMAL, pattern_level=LOW, cr_profile_level=LOW)",1,"The transaction involves the import of long-grain milled rice from India to Bahrain, with a declared unit price that aligns with the peer median price, indicating no significant price anomaly. The trade pattern and CR profile scores are low, suggesting that while this combination of product and partner is somewhat unusual for the trader, it does not raise enough concern to classify it as a genuine risk.",other,FALSE_POSITIVE,"The price level is normal, and although there is some unusualness in the CR profile, it does not indicate a significant risk, leading to a classification of false positive.",high,Monitor future transactions from this trader for similar patterns.
2020-2601-2-10738-1,2020-2601-2-10738,2020-05-26,2020,2020-05,8471300000,847130000000,847130,84,Portable laptop computers,Portable laptop computers,CR_HASH_041,Import,IM,AE,AE,BH,AE,AE,BH,AE,NMB,2.64,6552.227272727273,price_per_item,17297.88,46005.0,2.64,1193.64,1399.12,8.787712920679388,8.71824987064452,0.6999612932513521,7.750041925937837,9.126895264901794,1.376853338963957,5.684761917491901,11.192175273347727,False,0.0669353946072476,0.0669353946072476,NORMAL,8.0,0.0083857442348008,4.781222129768451,37.59562069704717,5.0,0.0052410901467505,5.251225759014186,47.13660531805522,6.0,1.3333333333333333,0.5163977794943223,2.0,1.5,31.818181818181824,40.06834948257018,NORMAL,0,0.0,0.0151359232713574,0.3783980817839353,1.0,0.0,1,True,91.66666666666666,True,True,100.0,1.0,100.0,75.13243932862437,MEDIUM,1,LOW,"LOW (driven by cr_profile; price_level=NORMAL, pattern_level=NORMAL, cr_profile_level=MEDIUM)",1,"The transaction shows a high declared unit price for portable laptop computers, significantly above the peer median price, which raises a flag. However, the price anomaly score is low, and both the trade pattern and price levels are normal, indicating that this may be a benign outlier rather than a genuine risk. The trader is also engaging with a first-time product and partner, which could explain the unusual pricing without indicating fraud.",benign_outlier,FALSE_POSITIVE,"The low anomaly score and normal levels in price and trade pattern suggest that the high unit price may not indicate under-invoicing or misclassification, making this a likely false positive.",medium,Monitor future transactions from this trader for consistency in pricing and product selection.
2020-2701-5-10531-1,2020-2701-5-10531,2020-05-27,2020,2020-05,8471300000,847130000000,847130,84,Portable laptop computers,Portable laptop computers,CR_HASH_043,Import,IM,AE,DE,BH,AE,DE,BH,AE,NMB,3.72,239.12634408602148,price_per_item,889.55,2365.83,3.72,45.1,52.87,5.481165218516143,8.71824987064452,0.6999612932513521,7.750041925937837,9.126895264901794,1.376853338963957,5.684761917491901,11.192175273347727,True,-3.1192920330811185,3.1192920330811185,MEDIUM,8.0,0.0083857442348008,4.781222129768451,37.59562069704717,2.0,0.0020964360587002,6.1675164908883415,77.23297513030472,6.0,1.3333333333333333,0.5163977794943223,2.0,1.5,31.818181818181824,50.60207891685752,LOW,1,0.0,-0.9777901460609864,24.44475365152466,1.0,0.0,1,True,91.66666666666666,False,True,75.0,0.875,87.5,64.80566377803363,LOW,1,MEDIUM,"MEDIUM (driven by price+pattern+cr_profile; price_level=MEDIUM, pattern_level=LOW, cr_profile_level=LOW)",1,"The transaction shows a significant under-invoicing with a robust Z-score of -3.12, indicating the declared unit price of BHD 239.13 is much lower than the peer median price of BHD 8.72 for portable laptop computers. Additionally, this is the first time the trader has imported this product, which raises concerns about potential misclassification or pricing strategies. The trade pattern is low risk, but the price anomaly suggests a genuine risk of under-invoicing.",under_invoicing,TRUE_POSITIVE,"The strong negative Z-score indicates significant under-invoicing, and the first-time import of this product raises further suspicion, warranting a true positive classification.",high,Conduct a detailed review of the trader's pricing practices and request additional documentation to justify the declared unit price.
2020-2601-7-10698-1,2020-2601-7-10698,2020-05-27,2020,2020-05,6109100000,610910000000,610910,61,Cotton t-shirts,Cotton t-shirts,CR_HASH_039,Import,IM,CN,CN,BH,CN,CN,BH,CN,NMB,2.48,23.625,price_per_item,58.59,155.82,2.48,214.61,244.79,3.2037621870581527,4.644105600231562,0.7882174659262975,3.892722458934984,5.444558727344917,1.5518362684099332,1.5649680563200845,7.772313129959818,False,-1.2325257491176735,1.2325257491176735,NORMAL,16.0,0.0167714884696016,4.088074949208505,16.794160929396217,13.0,0.0136268343815513,4.29571431398675,15.75199690827349,8.0,2.0,1.4142135623730951,5.0,2.5,95.45454545454548,28.228461200775648,NORMAL,0,0.0,-0.8407181692937663,21.01795423234416,1.0,0.0,1,True,91.66666666666666,True,True,100.0,1.0,100.0,82.35628398132044,MEDIUM,1,LOW,"LOW (driven by cr_profile; price_level=NORMAL, pattern_level=NORMAL, cr_profile_level=MEDIUM)",1,"The transaction shows a declared unit price of 23.625 BHD for cotton t-shirts, which is significantly higher than the peer median price of 4.644 BHD, indicating potential over-invoicing. However, the price anomaly score is normal, and the trade pattern and CR profile levels are also normal, suggesting that the high price may be a benign outlier rather than a genuine risk. The trader is also using this product and partner for the first time, which adds to the uncertainty.",over_invoicing,FALSE_POSITIVE,"Despite the high declared unit price, the overall anomaly signals indicate that this transaction does not present a strong risk, as the price level is normal and the trade pattern is typical for the trader's history.",medium,Monitor future transactions from this trader for consistency in pricing and product selection.
2020-2801-8-10562-1,2020-2801-8-10562,2020-05-27,2020,2020-05,2710192100,271019210000,271019,27,Gas oils for diesel engines,Gas oils for diesel engines,CR_HASH_034,Re-export,EX,BH,BH,US,BH,BH,US,US,LTR,13267.45,0.3729978255052779,price_per_liter_gross_weight,4948.73,13161.51,0.75,12446.32,13267.45,0.3169965430302301,0.2773855677315066,0.0779894680702432,0.1639690098991207,0.3324464187701956,0.1684774088710749,-0.0887471034074916,0.585162532076808,False,0.3425749331791975,0.3425749331791975,NORMAL,4.0,0.0041928721174004,5.474369310328396,58.39708046469813,4.0,0.0041928721174004,5.474369310328396,54.46595026060942,4.0,1.0,0.0,1.0,1.0,0.0,48.26162282356236,LOW,1,0.0,0.5155903754780926,12.889759386952315,1.0,0.0,2,False,83.33333333333334,True,True,100.0,0.8571428571428572,85.71428571428572,66.65427292829045,LOW,1,LOW,"LOW (driven by pattern+cr_profile; price_level=NORMAL, pattern_level=LOW, cr_profile_level=LOW)",1,"The transaction shows a re-export of gas oils for diesel engines from Bahrain to the US, which is a legitimate trade route. The price level is normal, and while the CR profile indicates a high rarity for the partner, the overall composite score is low, suggesting that the flagged anomalies do not indicate a significant risk. The trader has not previously engaged with this partner, but this alone does not imply wrongdoing.",unusual_partner,FALSE_POSITIVE,"The price and trade pattern are within normal ranges, and the unusual partner score does not provide enough evidence of risk given the context of the transaction.",medium,Monitor future transactions from this trader to the same partner for consistency.
2020-2601-6-10657-1,2020-2601-6-10657,2020-05-27,2020,2020-05,8504400090,850440009000,850440,85,Static converters,Static converters,CR_HASH_034,Import,IM,IN,IN,BH,IN,IN,BH,IN,NMB,2.71,3395.0295202952034,price_per_item,9200.53,24469.5,2.71,306.04,361.72,8.130362240059888,7.466827051260017,0.5715840105867187,6.914775863803976,8.032836322465545,1.11806045866157,5.23768517581162,9.7099270104579,False,0.7829966289184198,0.7829966289184198,NORMAL,10.0,0.010482180293501,4.558078578454241,30.899046383171186,7.0,0.0073375262054507,4.9147535223929735,36.08488067145304,6.0,1.6666666666666667,1.2110601416389966,4.0,2.4,89.0909090909091,41.44286779023052,NORMAL,0,0.0,1.1970833878125038,29.927084695312598,1.0,0.0,1,True,91.66666666666666,True,True,100.0,0.8571428571428572,85.71428571428572,82.61733678621655,MEDIUM,1,LOW,"LOW (driven by cr_profile; price_level=NORMAL, pattern_level=NORMAL, cr_profile_level=MEDIUM)",1,"The transaction shows a high declared unit price of 3395.03 BHD for static converters, which is significantly above the peer median price of 7.47 BHD. However, the price anomaly score is within the normal range, and the trade pattern and price levels are also normal. The trader is using a first-time product and partner, which adds some risk but does not indicate a clear anomaly given the context.",benign_outlier,FALSE_POSITIVE,"The high declared price is likely a benign outlier given the normal price level and trade pattern scores, despite the first-time usage of the product and partner.",medium,Monitor future transactions from this trader for consistency in pricing and partner usage.
2020-2601-2-10520-1,2020-2601-2-10520,2020-05-28,2020,2020-05,9018390000,901839000000,901839,90,Medical syringes and needles,Medical syringes and needles,CR_HASH_001,Import,IM,US,DE,BH,US,DE,BH,US,NMB,1.48,0.1283783783783783,price_per_item,0.19,0.51,1.48,22.82,25.42,0.12078153865264,1.1592369104845446,0.5792846449150362,0.6041021775947832,1.748109664393657,1.1440074867988734,-1.111909052603527,3.464120894591967,False,-1.2091267368776597,1.2091267368776597,NORMAL,11.0,0.0115303983228511,4.462768398649916,28.038772365976683,1.0,0.0010482180293501,6.860663671448286,100.0,7.0,1.5714285714285714,0.7867957924694432,3.0,1.9090909090909087,57.8512396694215,57.69707213340157,LOW,1,0.0,-0.963332830030464,24.0833207507616,1.0,0.0,2,False,83.33333333333334,True,True,100.0,0.875,87.5,70.92916226276657,LOW,1,LOW,"LOW (driven by pattern+cr_profile; price_level=NORMAL, pattern_level=LOW, cr_profile_level=LOW)",1,"The transaction shows a low anomaly score with a declared unit price that is significantly below the peer median price for medical syringes and needles, indicating potential under-invoicing. However, the price level is classified as NORMAL, and the trade pattern shows a high route rarity score, suggesting that this specific route is uncommon. The trader is also using a new partner for this transaction, which adds to the complexity of the analysis.",under_invoicing,TRUE_POSITIVE,"The combination of a low declared unit price compared to the peer median and the unusual partner indicates a potential risk of under-invoicing, warranting further investigation despite the overall low anomaly score.",medium,Conduct a detailed review of the trader's past transactions and the pricing of similar goods to assess the legitimacy of the declared price.
2020-2501-8-10240-1,2020-2501-8-10240,2020-05-28,2020,2020-05,9018390000,901839000000,901839,90,Medical syringes and needles,Medical syringes and needles,CR_HASH_018,Re-export,EX,BH,BH,CN,BH,BH,CN,CN,NMB,2.86,1.993006993006993,price_per_item,5.7,15.15,2.86,70.35,76.43,1.0962785653218896,1.4183722013465885,0.3403115864896454,0.9528936868330796,1.614923227688858,0.6620295408557785,-0.0401506244505881,2.6079675389725256,False,-0.6383831459452445,0.6383831459452445,NORMAL,6.0,0.0062893081761006,5.068904202220232,46.22900654036249,6.0,0.0062893081761006,5.068904202220232,41.148094458851695,4.0,1.5,0.5773502691896257,2.0,1.3333333333333333,21.21212121212121,40.69815451259752,NORMAL,0,0.0,-0.3026277553487044,7.56569388371761,1.0,0.0,1,True,91.66666666666666,True,True,100.0,1.0,100.0,77.64799285930116,MEDIUM,1,LOW,"LOW (driven by cr_profile; price_level=NORMAL, pattern_level=NORMAL, cr_profile_level=MEDIUM)",1,"The transaction involves a re-export of medical syringes and needles from Bahrain to China, with a declared unit price that is slightly above the peer median price, indicating normal pricing behavior. The trader is using this product and partner for the first time, which contributes to a medium CR profile level, but the overall composite score is low, suggesting no significant anomalies. Given the context of the COVID-19 pandemic in 2020, the demand for medical supplies may justify the transaction.",benign_outlier,FALSE_POSITIVE,"The price level is normal and the trade pattern is consistent with the trader's history, despite being a first-time use of the product and partner, indicating this is likely a benign outlier rather than a genuine risk.",high,Monitor future transactions from this trader for consistency in pricing and partner usage.
2020-2601-4-10300-1,2020-2601-4-10300,2020-05-28,2020,2020-05,3923301000,392330100000,392330,39,Plastic bottles for packaging,Plastic bottles for packaging,CR_HASH_021,Import,IM,IN,US,BH,IN,US,BH,IN,NMB,2.79,7.562724014336918,price_per_item,21.1,56.12,2.79,729.99,835.12,2.147418365504444,1.6841288050356895,0.6442087840607709,1.0864174155799162,2.3469388358112164,1.2605214202313002,-0.8043647147670341,4.237720966158166,False,0.4850671633634078,0.4850671633634078,NORMAL,13.0,0.0136268343815513,4.29571431398675,23.025452080470465,1.0,0.0010482180293501,6.860663671448286,100.0,9.0,1.4444444444444444,0.5270462766947299,2.0,1.3846153846153846,24.47552447552448,50.18405471156391,LOW,1,0.0,0.6403736321419262,16.009340803548156,1.0,0.0,2,False,83.33333333333334,True,True,100.0,0.8571428571428572,85.71428571428572,67.746126424099,LOW,1,LOW,"LOW (driven by pattern+cr_profile; price_level=NORMAL, pattern_level=LOW, cr_profile_level=LOW)",1,"The transaction shows a normal price level with a robust Z-score of 0.485, indicating no significant price anomalies. However, the trade pattern indicates a high route rarity score of 100, suggesting that this is an unusual route for the trader, who is also engaging with a new partner for the first time. This combination raises some concerns about the legitimacy of the transaction.",unusual_route,TRUE_POSITIVE,"The unusual route and new partner combination, despite a normal price level, suggest a potential risk that warrants further scrutiny.",medium,Conduct further investigation into the trader's history with the new partner and the legitimacy of the route used for this import.
2020-2801-5-10979-1,2020-2801-5-10979,2020-05-29,2020,2020-05,1006301000,100630100000,100630,10,Long-grain milled rice,Long-grain milled rice,CR_HASH_014,Import,IM,AE,JP,BH,AE,JP,BH,AE,KGM,2263.23,0.5188823053777123,price_per_kg,1174.35,3123.26,1.33,2263.23,2428.41,0.4179747389644522,0.3286983897813914,0.0676786910787625,0.270176176769005,0.3986012849866289,0.1284251082176239,0.0775385144425691,0.5912389473130648,False,0.889734591552644,0.889734591552644,NORMAL,10.0,0.010482180293501,4.558078578454241,30.899046383171186,1.0,0.0010482180293501,6.860663671448286,100.0,8.0,1.25,0.4629100498862757,2.0,1.6,38.181818181818194,56.17679591885832,LOW,1,0.0,0.9339564233471936,23.34891058367984,1.0,0.0,1,True,91.66666666666666,False,True,87.5,0.8,80.0,66.04711870428794,LOW,1,LOW,"LOW (driven by pattern+cr_profile; price_level=NORMAL, pattern_level=LOW, cr_profile_level=LOW)",1,"The transaction shows a declared unit price of 0.518 BHD per kg for long-grain milled rice, which is above the peer median price of 0.329 BHD, but the robust Z-score indicates this is not anomalous. The trade pattern shows a high route rarity score, suggesting this route is uncommon, but the overall trade pattern score is low, indicating no significant concerns. Additionally, this is the first time the trader has imported this product, which may explain the unusual partner and route without indicating a risk.",benign_outlier,FALSE_POSITIVE,"The price level is normal and the trade pattern score is low, indicating no significant anomalies. The first-time import of this product suggests a benign outlier rather than a genuine risk.",medium,Monitor future transactions from this trader for consistency in pricing and partner selection.
2020-2801-8-10639-1,2020-2801-8-10639,2020-05-30,2020,2020-05,102211000,102211000000,102211,10,"Live cattle, pure-bred breeding","Live cattle, pure-bred breeding",CR_HASH_020,Import,IM,AE,AE,BH,AE,AE,BH,AE,NMB,0.57,112960.77192982456,price_per_item,64387.64,171243.72,0.57,417.24,454.39,11.634804738951637,10.013369334439131,0.6855679350518233,9.327801399387308,10.638440798004725,1.3106393986174147,7.361842301461186,12.604399895930843,False,1.595236797866297,1.595236797866297,NORMAL,11.0,0.0115303983228511,4.462768398649916,28.038772365976683,8.0,0.0083857442348008,4.781222129768451,31.698925390914116,8.0,1.375,0.7440238091428449,3.0,2.1818181818181817,75.20661157024794,36.39500180534547,NORMAL,0,0.0,5.679451378705255,100.0,1.0,0.0,3,False,75.0,True,True,100.0,0.6666666666666667,66.66666666666667,93.33333333333334,HIGH,1,HIGH,"HIGH (driven by cr_profile; price_level=NORMAL, pattern_level=NORMAL, cr_profile_level=HIGH)",1,"The transaction shows an extremely high declared unit price for live cattle, which is inconsistent with typical market prices, as indicated by the robust Z-score of 1.595, suggesting it is not an outlier. Additionally, the trader has a high CR Profile Score, indicating unusual behavior with a first-time partner, which raises concerns about the legitimacy of this transaction. The combination of these factors suggests a potential risk of over-invoicing.",over_invoicing,TRUE_POSITIVE,"The high CR Price Severity and the first-time use of a partner indicate significant deviations from the trader's typical behavior, supporting the classification as a true positive risk for over-invoicing.",high,Conduct a detailed investigation into the trader's past transactions and the legitimacy of the declared unit price.
2020-2601-1-10363-1,2020-2601-1-10363,2020-05-30,2020,2020-05,1006301000,100630100000,100630,10,Long-grain milled rice,Long-grain milled rice,CR_HASH_016,Re-export,EX,BH,BH,JP,BH,BH,JP,JP,KGM,1120.57,0.4850388641494954,price_per_kg,543.52,1445.54,1.88,1120.57,1214.24,0.3954409430566458,0.2942812331971436,0.0786514342671003,0.2366195387420564,0.3954409430566458,0.1588214043145894,-0.0016125677298277,0.63367304952853,False,0.8675148796378477,0.8675148796378477,NORMAL,4.0,0.0041928721174004,5.474369310328396,58.39708046469813,4.0,0.0041928721174004,5.474369310328396,54.46595026060942,4.0,1.0,0.0,1.0,1.0,0.0,48.26162282356236,LOW,1,0.0,0.6744776532851872,16.86194133212968,1.0,0.0,2,False,83.33333333333334,False,True,85.71428571428572,0.7142857142857143,71.42857142857143,51.61596518053111,LOW,1,LOW,"LOW (driven by pattern+cr_profile; price_level=NORMAL, pattern_level=LOW, cr_profile_level=LOW)",1,"The transaction shows a normal price level with a robust Z-score indicating no significant price anomaly. However, the trade pattern and CR profile levels are low, suggesting that while the trader has not previously engaged in this specific product-partner combination, the overall transaction does not raise significant concerns. The declared unit price is consistent with market norms for this period.",benign_outlier,FALSE_POSITIVE,"The price level is normal, and the trade pattern does not indicate any unusual behavior, making this transaction likely a false positive despite the low scores in some dimensions.",high,Monitor future transactions from this trader for similar patterns.
2020-2701-9-10305-1,2020-2701-9-10305,2020-05-30,2020,2020-05,8703221000,870322100000,870322,87,Passenger cars 1000-1500cc,Passenger cars 1000-1500cc,CR_HASH_011,Import,IM,CN,JP,BH,CN,JP,BH,CN,NMB,0.98,491910.18367346935,price_per_item,482071.98,1282106.32,0.98,219.32,233.65,13.106053458189686,12.339741490828857,0.5298577154310848,11.445675964067552,12.647064860424424,1.201388896356871,9.643592619532246,14.44914820495973,False,0.9754889394045934,0.9754889394045934,NORMAL,20.0,0.020964360587002,3.864931397894296,10.097586615520235,1.0,0.0010482180293501,6.860663671448286,100.0,9.0,2.2222222222222223,1.3017082793177757,5.0,2.25,79.54545454545456,51.98061148957831,LOW,1,0.0,1.466409157675616,36.6602289418904,1.0,0.0,2,False,83.33333333333334,True,True,100.0,0.8,80.0,73.83108012966164,LOW,1,LOW,"LOW (driven by pattern+cr_profile; price_level=NORMAL, pattern_level=LOW, cr_profile_level=LOW)",1,"The transaction shows a declared unit price of approximately BHD 491,910 for a passenger car, which is significantly higher than the peer median price of BHD 12.34. However, the price anomaly score is normal, indicating that the price is not unusually high compared to the market. The trade pattern shows a low rarity for the partner and a high rarity for the route, suggesting that while the partner is new to this trader, the route is uncommon. Given the context of the date and the normal price level, this flag is likely a false positive.",benign_outlier,FALSE_POSITIVE,"The price level is normal despite the high declared unit price, and the trade pattern indicates low risk due to the partner's rarity and the unusual route. Thus, this transaction does not present a genuine risk.",high,Monitor future transactions from this trader for consistency in pricing and partner usage.
2020-2801-3-10696-1,2020-2801-3-10696,2020-05-31,2020,2020-05,8703221000,870322100000,870322,87,Passenger cars 1000-1500cc,Passenger cars 1000-1500cc,CR_HASH_047,Re-export,EX,BH,BH,AE,BH,BH,AE,AE,NMB,3.48,53555.95977011494,price_per_item,186374.74,495677.5,3.48,174.38,203.61,10.888501035126716,12.004283802979176,0.6624296738554509,11.2719045323345,12.594725507248622,1.3228209749141229,9.287673069963317,14.578956969619806,False,-1.1360982096703691,1.1360982096703691,NORMAL,2.0,0.0020964360587002,6.1675164908883415,79.19854023234907,2.0,0.0020964360587002,6.1675164908883415,77.23297513030472,2.0,1.0,0.0,1.0,1.0,0.0,66.6308114117812,LOW,1,0.0,-0.9048730597061208,22.62182649265302,1.0,0.0,2,False,83.33333333333334,False,True,72.72727272727273,0.9166666666666666,91.66666666666666,54.43279078758008,LOW,1,LOW,"LOW (driven by pattern+cr_profile; price_level=NORMAL, pattern_level=LOW, cr_profile_level=LOW)",1,"The transaction involves a re-export of passenger cars with a declared unit price significantly higher than the peer median price, but the price anomaly is classified as NORMAL. The trade pattern shows high rarity for both the partner and route, indicating that this combination is not common for this trader. However, the overall composite score is LOW, suggesting that while there are some unusual aspects, they do not indicate a strong risk.",unusual_partner,FALSE_POSITIVE,"The price level is NORMAL despite the high declared unit price, and the composite score is LOW, indicating that the anomalies do not present a significant risk at this time.",medium,Monitor future transactions from this trader for similar patterns.
2020-2801-8-10608-1,2020-2801-8-10608,2020-05-31,2020,2020-05,3923301000,392330100000,392330,39,Plastic bottles for packaging,Plastic bottles for packaging,CR_HASH_008,Import,IM,JP,JP,BH,JP,JP,BH,JP,NMB,3.45,4.391304347826087,price_per_item,15.15,40.3,3.45,94.96,109.65,1.6847873496758872,1.6841288050356895,0.6442087840607709,1.0864174155799162,2.3469388358112164,1.2605214202313002,-0.8043647147670341,4.237720966158166,False,0.0006895004934832,0.0006895004934832,NORMAL,4.0,0.0041928721174004,5.474369310328396,58.39708046469813,4.0,0.0041928721174004,5.474369310328396,54.46595026060942,4.0,1.0,0.0,1.0,1.0,0.0,48.26162282356236,LOW,1,0.0,-0.0687509002363192,1.7187725059079813,1.0,0.0,3,False,75.0,True,True,100.0,0.8181818181818181,81.81818181818181,61.96520674070416,LOW,1,LOW,"LOW (driven by pattern+cr_profile; price_level=NORMAL, pattern_level=LOW, cr_profile_level=LOW)",1,"The transaction shows a normal price level with a robust Z-score close to zero, indicating no significant price anomaly. However, the trader has a high partner rarity score, suggesting this is the first time they are importing from this partner, which could indicate a potential risk in the trade pattern. The overall composite score is low, suggesting that while there are some unusual aspects, they do not strongly indicate a genuine risk.",unusual_partner,FALSE_POSITIVE,"The price level is normal and the overall composite score is low, indicating that while there is an unusual partner, it does not present a strong risk based on the current transaction details.",medium,Monitor future transactions from this trader to the new partner for any patterns.
2020-2701-1-10392-1,2020-2701-1-10392,2020-06-01,2020,2020-06,8471300000,847130000000,847130,84,Portable laptop computers,Portable laptop computers,CR_HASH_003,Re-export,EX,BH,BH,DE,BH,BH,DE,DE,NMB,1.15,40619.53913043479,price_per_item,46712.47,124235.28,1.15,626.8,731.86,10.612029107582847,9.057918359570245,1.044460022767316,7.958447179146432,9.968345476103028,2.009898296956594,4.943599733711541,12.983192921537915,False,1.0036126954485511,1.0036126954485511,NORMAL,2.0,0.0020964360587002,6.1675164908883415,79.19854023234907,2.0,0.0020964360587002,6.1675164908883415,77.23297513030472,2.0,1.0,0.0,1.0,1.0,0.0,66.6308114117812,LOW,1,0.0,5.267582956411855,100.0,1.0,0.0,1,True,91.66666666666666,True,True,100.0,1.0,100.0,100.0,HIGH,1,HIGH,"HIGH (driven by pattern+cr_profile; price_level=NORMAL, pattern_level=LOW, cr_profile_level=HIGH)",1,"This transaction is flagged due to a high CR Profile Score and unusual partner and product combination, as it is the first time the trader has engaged in this specific re-export of portable laptop computers to Germany. The declared unit price is significantly above the peer median price, indicating potential over-invoicing, but the price anomaly score is normal, suggesting that the price may not be the main issue. Given the context of the transaction and the trader's history, this raises concerns about the legitimacy of the transaction.",over_invoicing,TRUE_POSITIVE,"The combination of a high CR Profile Score and first-time use of a partner and product indicates a significant deviation from the trader's typical behavior, warranting further investigation despite the normal price level.",high,Conduct a detailed review of the trader's previous transactions and request additional documentation to verify the legitimacy of the pricing.
2020-2501-2-10543-1,2020-2501-2-10543,2020-06-02,2020,2020-06,8471300000,847130000000,847130,84,Portable laptop computers,Portable laptop computers,CR_HASH_043,Re-export,EX,BH,BH,JP,BH,BH,JP,JP,NMB,2.97,15941.94276094276,price_per_item,47347.57,125924.39,2.97,522.69,614.71,9.676771550169644,9.057918359570245,1.044460022767316,7.958447179146432,9.968345476103028,2.009898296956594,4.943599733711541,12.983192921537915,False,0.3996426377583752,0.3996426377583752,NORMAL,2.0,0.0020964360587002,6.1675164908883415,79.19854023234907,2.0,0.0020964360587002,6.1675164908883415,77.23297513030472,2.0,1.0,0.0,1.0,1.0,0.0,66.6308114117812,LOW,1,0.0,1.5679066999378304,39.19766749844576,1.0,0.0,2,False,83.33333333333334,False,True,88.88888888888889,0.7777777777777778,77.77777777777779,61.496961402233794,LOW,1,LOW,"LOW (driven by pattern+cr_profile; price_level=NORMAL, pattern_level=LOW, cr_profile_level=LOW)",1,"The transaction shows a declared unit price of approximately BHD 15,942, which is significantly higher than the peer median price of BHD 9.06 for portable laptop computers. However, the price anomaly score is normal, and the trade pattern and CR profile levels are low, indicating that while the price is high, it may not be unusual for this trader's specific circumstances. The re-export to Japan, a common destination for electronics, further supports the legitimacy of this transaction.",benign_outlier,FALSE_POSITIVE,"The price level is normal, and while the declared unit price is high, it does not indicate a clear anomaly when considering the trader's history and the nature of the goods being re-exported.",medium,Monitor future transactions from this trader for consistency in pricing and patterns.
2020-2601-7-10526-1,2020-2601-7-10526,2020-06-03,2020,2020-06,102211000,102211000000,102211,10,"Live cattle, pure-bred breeding","Live cattle, pure-bred breeding",CR_HASH_036,Re-export,EX,BH,BH,SA,BH,BH,SA,SA,NMB,3.01,18372.64784053156,price_per_item,55301.67,147078.9,3.01,465.84,542.5,9.81867273446354,9.549317841384951,0.6971436999939566,8.846103941045365,10.18755556601122,1.3414516249658544,6.833926503596584,12.19973300346,False,0.260602493292112,0.260602493292112,NORMAL,5.0,0.0052410901467505,5.251225759014186,51.700506150822136,5.0,0.0052410901467505,5.251225759014186,47.13660531805522,4.0,1.25,0.5,2.0,1.6,38.181818181818194,48.07533766400312,LOW,1,0.0,-0.0458455020085592,1.1461375502139806,1.0,0.0,1,True,91.66666666666666,False,True,66.66666666666667,1.0,100.0,57.06781480924156,LOW,1,LOW,"LOW (driven by pattern+cr_profile; price_level=NORMAL, pattern_level=LOW, cr_profile_level=LOW)",1,"The transaction involves a re-export of live cattle with a declared unit price significantly higher than the peer median price, but the price anomaly is classified as normal with a robust Z-score of 0.26. The trade pattern and CR profile levels are both low, indicating that while this is a first-time product and partner combination for the trader, the overall transaction does not exhibit strong anomalies. The context of the transaction being a re-export from Bahrain to Saudi Arabia also aligns with typical trade patterns.",benign_outlier,FALSE_POSITIVE,"The price level is normal and the trade pattern is low, suggesting that this transaction does not present a genuine risk despite the first-time combination of product and partner.",medium,Monitor future transactions from this trader for similar patterns.
2020-2501-3-10775-1,2020-2501-3-10775,2020-06-03,2020,2020-06,8703221000,870322100000,870322,87,Passenger cars 1000-1500cc,Passenger cars 1000-1500cc,CR_HASH_003,Import,IM,AE,AE,BH,AE,AE,BH,AE,NMB,2.64,268298.11742424243,price_per_item,708307.03,1883795.28,2.64,521.27,553.89,12.499857746897469,12.339741490828857,0.5298577154310848,11.445675964067552,12.647064860424424,1.201388896356871,9.643592619532246,14.44914820495973,False,0.2038225206787869,0.2038225206787869,NORMAL,7.0,0.0073375262054507,4.9147535223929735,41.6029195353019,6.0,0.0062893081761006,5.068904202220232,41.148094458851695,5.0,1.4,0.5477225575051661,2.0,1.4285714285714286,27.27272727272728,39.29420191915813,NORMAL,0,0.0,0.2831842744151235,7.079606860378089,1.0,0.0,1,True,91.66666666666666,True,True,100.0,1.0,100.0,77.47786240113233,MEDIUM,1,LOW,"LOW (driven by cr_profile; price_level=NORMAL, pattern_level=NORMAL, cr_profile_level=MEDIUM)",1,"The transaction involves the import of passenger cars with a declared unit price significantly higher than the peer median price, indicating a potential misclassification or over-invoicing. However, the price anomaly is classified as NORMAL, and the trade pattern shows no unusual characteristics. The trader is also engaging in a first-time transaction with a new partner, which contributes to the medium CR profile level but does not indicate a clear risk.",benign_outlier,FALSE_POSITIVE,"The price level is normal and the trade pattern does not exhibit any significant anomalies, suggesting that this transaction is likely a benign outlier rather than a genuine risk.",medium,Monitor future transactions from this trader for consistency in pricing and partner relationships.
2020-2601-8-10651-1,2020-2601-8-10651,2020-06-04,2020,2020-06,9018390000,901839000000,901839,90,Medical syringes and needles,Medical syringes and needles,CR_HASH_029,Import,IM,SA,SA,BH,SA,SA,BH,SA,NMB,2.34,11.055555555555555,price_per_item,25.87,68.8,2.34,791.15,887.36,2.489525595644295,1.1592369104845446,0.5792846449150362,0.6041021775947832,1.748109664393657,1.1440074867988734,-1.111909052603527,3.464120894591967,False,1.5489231994197326,1.5489231994197326,NORMAL,6.0,0.0062893081761006,5.068904202220232,46.22900654036249,5.0,0.0052410901467505,5.251225759014186,47.13660531805522,5.0,1.2,0.4472135954999579,2.0,1.6666666666666667,42.42424242424244,45.97595149513693,LOW,1,0.0,3.30972794396082,82.74319859902049,1.0,0.0,2,False,83.33333333333334,False,False,83.33333333333334,0.8333333333333334,83.33333333333334,66.46011950965718,LOW,1,LOW,"LOW (driven by pattern+cr_profile; price_level=NORMAL, pattern_level=LOW, cr_profile_level=LOW)",1,"The transaction shows a declared unit price of 11.06 BHD for medical syringes, which is significantly higher than the peer median price of 1.16 BHD, but the robust Z-score indicates this is not anomalous. The trade pattern and CR profile levels are both low, suggesting that while the price is higher than average, it aligns with the trader's historical behavior and the trade route is not unusual. The context of the transaction in 2020, during a time of heightened demand for medical supplies, supports the legitimacy of the price.",benign_outlier,FALSE_POSITIVE,"The price anomaly is not significant enough to indicate a risk, and the trade pattern and CR profile suggest normal behavior for this trader, indicating this is likely a benign outlier.",medium,Monitor future transactions from this trader for consistency in pricing and patterns.
2020-2701-3-10292-1,2020-2701-3-10292,2020-06-04,2020,2020-06,8703221000,870322100000,870322,87,Passenger cars 1000-1500cc,Passenger cars 1000-1500cc,CR_HASH_021,Import,IM,SA,SA,BH,SA,SA,BH,SA,NMB,4.76,144333.9117647059,price_per_item,687029.42,1827205.9,4.76,253.55,278.2,11.879891654270848,12.339741490828857,0.5298577154310848,11.445675964067552,12.647064860424424,1.201388896356871,9.643592619532246,14.44914820495973,False,-0.585373122769108,0.585373122769108,NORMAL,5.0,0.0052410901467505,5.251225759014186,51.700506150822136,4.0,0.0041928721174004,5.474369310328396,54.46595026060942,4.0,1.25,0.5,2.0,1.6,38.181818181818194,50.64060839389709,LOW,1,-33.19663032332808,-0.3944689274618355,100.0,3.0,50.0,3,False,75.0,True,True,100.0,0.6666666666666667,66.66666666666667,98.33333333333334,HIGH,1,HIGH,"HIGH (driven by pattern+cr_profile; price_level=NORMAL, pattern_level=LOW, cr_profile_level=HIGH)",1,"This transaction is flagged due to a high CR Profile Score (98.33), indicating unusual behavior for the trader, particularly because it involves a first-time partner. The declared unit price is significantly higher than the peer median price, but the price anomaly score is normal, suggesting that the high price may not be indicative of under-invoicing. The trade pattern score is low, indicating that the route and partner are not commonly used by this trader, which raises suspicion.",unusual_partner,TRUE_POSITIVE,"The combination of a high CR Profile Score and the use of a first-time partner suggests a genuine risk, warranting further investigation despite the normal price level.",medium,Conduct a detailed review of the trader's history and the legitimacy of the first-time partner involved in this transaction.
2020-2701-5-10267-1,2020-2701-5-10267,2020-06-04,2020,2020-06,8471300000,847130000000,847130,84,Portable laptop computers,Portable laptop computers,CR_HASH_030,Import,IM,DE,DE,BH,DE,DE,BH,DE,NMB,2.94,1000.6224489795918,price_per_item,2941.83,7824.02,2.94,124.34,131.28,6.909376413213266,8.71824987064452,0.6999612932513521,7.750041925937837,9.126895264901794,1.376853338963957,5.684761917491901,11.192175273347727,False,-1.7430512856397924,1.7430512856397924,NORMAL,5.0,0.0052410901467505,5.251225759014186,51.700506150822136,3.0,0.0031446540880503,5.762051382780177,63.915119328547,3.0,1.6666666666666667,1.1547005383792517,3.0,1.7999999999999998,50.90909090909091,55.85690847676615,LOW,1,0.0,-0.792264723210375,19.806618080259376,1.0,0.0,2,False,83.33333333333334,False,True,85.71428571428572,0.8571428571428572,85.71428571428572,55.50374489951936,LOW,1,LOW,"LOW (driven by pattern+cr_profile; price_level=NORMAL, pattern_level=LOW, cr_profile_level=LOW)",1,"The transaction shows a declared unit price of approximately 1000.62 BHD for portable laptop computers, which is significantly higher than the peer median price of 8.72 BHD, indicating potential over-invoicing. However, the price anomaly is not strong enough to classify it as a high risk, as the robust Z-score is only -1.74 and the price level is normal. Additionally, the trade pattern and CR profile levels are low, suggesting that this transaction does not deviate significantly from the trader's historical behavior.",over_invoicing,FALSE_POSITIVE,"The price level is classified as normal despite the high declared unit price, and the overall composite score is low, indicating that this transaction is likely a benign outlier rather than a genuine risk.",medium,Monitor future transactions from this trader for similar pricing patterns.
2020-2601-7-10786-1,2020-2601-7-10786,2020-06-06,2020,2020-06,8517120000,851712000000,851712,85,Cellular telephones,Cellular telephones,CR_HASH_021,Import,IM,AE,AE,BH,AE,AE,BH,AE,NMB,2.55,21033.83921568628,price_per_item,53636.29,142649.72,2.55,800.25,914.24,9.953935352338943,9.1609472788485,0.7778458576033893,8.086449359029473,9.737226953131788,1.6507775941023135,5.610282967876002,12.213393344285258,False,0.6876209762078196,0.6876209762078196,NORMAL,11.0,0.0115303983228511,4.462768398649916,28.038772365976683,9.0,0.0094339622641509,4.663439094112067,27.830238657093965,7.0,1.5714285714285714,0.7867957924694431,3.0,1.9090909090909087,57.8512396694215,32.437655663384454,NORMAL,0,0.0,1.3417858400950835,33.54464600237709,1.0,0.0,1,True,91.66666666666666,True,True,100.0,1.0,100.0,86.74062610083197,HIGH,1,HIGH,"HIGH (driven by cr_profile; price_level=NORMAL, pattern_level=NORMAL, cr_profile_level=HIGH)",1,"This transaction is flagged due to a high CR Profile Score, indicating significant deviation from the trader's typical behavior, particularly as this is the first time the trader has imported this product and used this partner. However, the price level is normal and the trade pattern is also normal, suggesting that while the trader's profile is unusual, the transaction itself does not exhibit clear signs of risk.",cr_profile_deviation,FALSE_POSITIVE,"The high CR Profile Score indicates a deviation from the trader's usual patterns, but the normal price and trade pattern levels suggest that this transaction is not inherently risky, making it likely a false positive.",medium,Monitor future transactions from this trader for consistency in product and partner usage.
2020-2501-5-10891-1,2020-2501-5-10891,2020-06-07,2020,2020-06,2710192100,271019210000,271019,27,Gas oils for diesel engines,Gas oils for diesel engines,CR_HASH_042,Re-export,EX,BH,BH,SA,BH,BH,SA,SA,LTR,2656.08,0.1737786512454444,price_per_liter_gross_weight,461.57,1227.58,1.15,2440.07,2656.08,0.1602281612491846,0.2773855677315066,0.0779894680702432,0.1639690098991207,0.3324464187701956,0.1684774088710749,-0.0887471034074916,0.585162532076808,False,-1.0132340947036167,1.0132340947036167,NORMAL,4.0,0.0041928721174004,5.474369310328396,58.39708046469813,4.0,0.0041928721174004,5.474369310328396,54.46595026060942,4.0,1.0,0.0,1.0,1.0,0.0,48.26162282356236,LOW,1,0.0,-0.8548264701623765,21.37066175405941,1.0,0.0,3,False,75.0,False,False,80.0,0.8,80.0,43.47973161392079,LOW,1,LOW,"LOW (driven by pattern+cr_profile; price_level=NORMAL, pattern_level=LOW, cr_profile_level=LOW)",1,"The transaction shows a declared unit price of BHD 0.1738 for gas oils, which is below the peer median price of BHD 0.2774, resulting in a negative Z-score of -1.01. However, the price level is classified as NORMAL, and both the trade pattern and CR profile levels are LOW, indicating no significant anomalies in trading behavior or patterns. Given the context of the date and the nature of the goods, this appears to be a benign outlier rather than a genuine risk.",benign_outlier,FALSE_POSITIVE,"The price level is NORMAL and the anomaly signals do not indicate significant risk, suggesting this transaction is consistent with expected trading behavior.",high,No further action required; monitor for future transactions.
2020-2701-5-10860-1,2020-2701-5-10860,2020-06-07,2020,2020-06,8504400090,850440009000,850440,85,Static converters,Static converters,CR_HASH_041,Import,IM,IN,IN,BH,IN,IN,BH,IN,NMB,1.49,4688.6308724832215,price_per_item,6986.06,18579.96,1.49,1060.64,1241.91,8.453109153115449,7.466827051260017,0.5715840105867187,6.914775863803976,8.032836322465545,1.11806045866157,5.23768517581162,9.7099270104579,False,1.1638501980763774,1.1638501980763774,NORMAL,10.0,0.010482180293501,4.558078578454241,30.899046383171186,7.0,0.0073375262054507,4.9147535223929735,36.08488067145304,6.0,1.6666666666666667,1.2110601416389966,4.0,2.4,89.0909090909091,41.44286779023052,NORMAL,0,0.0,2.105936382788104,52.6484095697026,1.0,0.0,1,True,91.66666666666666,False,True,80.0,1.0,100.0,78.42694334939591,MEDIUM,1,LOW,"LOW (driven by cr_profile; price_level=NORMAL, pattern_level=NORMAL, cr_profile_level=MEDIUM)",1,"The transaction shows a high declared unit price for static converters at approximately 4688.63 BHD, significantly above the peer median price of 7.47 BHD. However, the price anomaly score is within the normal range, and the trade pattern and CR profile levels are also normal. The trader is using this product and partner for the first time, which may contribute to the flagged anomaly but does not indicate a genuine risk.",benign_outlier,FALSE_POSITIVE,"The price level is normal despite the high unit price, and the trade pattern is not unusual. The first-time use of the product and partner does not indicate a risk, making this a likely benign outlier.",high,Monitor future transactions from this trader for consistency in pricing and product usage.
2020-2601-5-10621-1,2020-2601-5-10621,2020-06-08,2020,2020-06,8471300000,847130000000,847130,84,Portable laptop computers,Portable laptop computers,CR_HASH_031,Import,IM,AE,DE,BH,AE,DE,BH,AE,NMB,4.25,2347.8682352941178,price_per_item,9978.44,26538.4,4.25,905.54,1019.25,7.76168888912821,8.71824987064452,0.6999612932513521,7.750041925937837,9.126895264901794,1.376853338963957,5.684761917491901,11.192175273347727,False,-0.9217531728242708,0.9217531728242708,NORMAL,8.0,0.0083857442348008,4.781222129768451,37.59562069704717,2.0,0.0020964360587002,6.1675164908883415,77.23297513030472,6.0,1.3333333333333333,0.5163977794943223,2.0,1.5,31.818181818181824,50.60207891685752,LOW,1,0.0,-0.6043344563979379,15.108361409948447,1.0,0.0,1,True,91.66666666666666,False,True,90.0,1.0,100.0,67.78792649348196,LOW,1,LOW,"LOW (driven by pattern+cr_profile; price_level=NORMAL, pattern_level=LOW, cr_profile_level=LOW)",1,"The transaction shows a declared unit price of approximately 2347.87 BHD for portable laptop computers, which is significantly higher than the peer median price of 8.72 BHD, indicating a potential misclassification or over-invoicing. However, the robust Z-score is negative, suggesting under-invoicing, while the overall price level is normal. The trader is also flagged for using a first-time product and has a high partner rarity score, which may indicate unusual trading behavior.",misclassification,TRUE_POSITIVE,"The combination of a high declared unit price compared to the peer median and the first-time use of this product suggests a potential misclassification, warranting further investigation despite the normal price level.",medium,Conduct a detailed review of the product specifications and pricing justification from the trader.
2020-2701-8-10102-1,2020-2701-8-10102,2020-06-08,2020,2020-06,6109100000,610910000000,610910,61,Cotton t-shirts,Cotton t-shirts,CR_HASH_027,Import,IM,IN,IN,BH,IN,IN,BH,IN,NMB,1.09,437.5779816513761,price_per_item,476.96,1268.52,1.09,1120.52,1253.81,6.083537633290403,4.644105600231562,0.7882174659262975,3.892722458934984,5.444558727344917,1.5518362684099332,1.5649680563200845,7.772313129959818,False,1.231745866036899,1.231745866036899,NORMAL,3.0,0.0031446540880503,5.762051382780177,67.03046630801344,3.0,0.0031446540880503,5.762051382780177,63.915119328547,2.0,1.5,0.7071067811865476,2.0,1.3333333333333333,21.21212121212121,59.06734310081635,LOW,1,0.0,3.4598255422311484,86.49563855577871,1.0,0.0,2,False,83.33333333333334,True,True,100.0,0.9,90.0,93.27347349452256,HIGH,1,HIGH,"HIGH (driven by pattern+cr_profile; price_level=NORMAL, pattern_level=LOW, cr_profile_level=HIGH)",1,"This transaction shows a high CR Profile Score and CR Partner Rarity, indicating that the trader is engaging with an unusual partner for this type of product. Additionally, the declared unit price is significantly high compared to the peer median price, suggesting potential over-invoicing. The combination of these factors, particularly the unusual partner, raises concerns about the legitimacy of the transaction.",unusual_partner,TRUE_POSITIVE,"The high CR Partner Rarity and elevated CR Price Severity indicate that this transaction is atypical for the trader, suggesting a genuine risk associated with the unusual partner and potential over-invoicing.",high,Conduct a detailed investigation into the trader's relationship with the partner and the pricing justification for the declared unit price.
2020-2601-4-10994-1,2020-2601-4-10994,2020-06-09,2020,2020-06,8471300000,847130000000,847130,84,Portable laptop computers,Portable laptop computers,CR_HASH_016,Import,IM,DE,DE,BH,DE,DE,BH,DE,NMB,3.36,2240.949404761905,price_per_item,7529.59,20025.5,3.36,279.11,309.96,7.715101036366719,8.71824987064452,0.6999612932513521,7.750041925937837,9.126895264901794,1.376853338963957,5.684761917491901,11.192175273347727,False,-0.9666457640210208,0.9666457640210208,NORMAL,5.0,0.0052410901467505,5.251225759014186,51.700506150822136,3.0,0.0031446540880503,5.762051382780177,63.915119328547,3.0,1.6666666666666667,1.1547005383792517,3.0,1.7999999999999998,50.90909090909091,55.85690847676615,LOW,1,0.0,-0.6434519529335309,16.08629882333827,1.0,0.0,2,False,83.33333333333334,True,True,100.0,0.75,75.0,65.6302045881684,LOW,1,LOW,"LOW (driven by pattern+cr_profile; price_level=NORMAL, pattern_level=LOW, cr_profile_level=LOW)",1,"The transaction shows a declared unit price of approximately BHD 2240.95 for portable laptop computers, which is significantly higher than the peer median price of BHD 8.72. However, the price anomaly score is normal, indicating that this high price may not be unusual for this trader's historical context. The trade pattern and CR profile levels are low, suggesting that while the partner is new to the trader, the overall transaction does not exhibit strong anomalies.",benign_outlier,FALSE_POSITIVE,"The price level is normal despite the high declared unit price, and the trade pattern and CR profile levels are low, indicating that this transaction does not present a significant risk.",medium,Monitor future transactions from this trader for consistency in pricing and partner selection.
2020-2601-9-10662-1,2020-2601-9-10662,2020-06-09,2020,2020-06,6109100000,610910000000,610910,61,Cotton t-shirts,Cotton t-shirts,CR_HASH_019,Import,IM,SA,SA,BH,SA,SA,BH,SA,NMB,1.83,20.25136612021858,price_per_item,37.06,98.56,1.83,25.19,29.18,3.0564211813143265,4.644105600231562,0.7882174659262975,3.892722458934984,5.444558727344917,1.5518362684099332,1.5649680563200845,7.772313129959818,False,-1.358607891625654,1.358607891625654,NORMAL,14.0,0.0146750524109014,4.221606341833028,20.80145976765095,10.0,0.010482180293501,4.558078578454241,24.369580448359905,8.0,1.75,0.8864052604279183,3.0,1.7142857142857142,45.45454545454546,25.74826485893326,NORMAL,0,0.0,-0.8984774837398863,22.46193709349716,1.0,0.0,1,True,91.66666666666666,True,True,100.0,1.0,100.0,82.861677982724,MEDIUM,1,LOW,"LOW (driven by cr_profile; price_level=NORMAL, pattern_level=NORMAL, cr_profile_level=MEDIUM)",1,"The transaction shows a declared unit price of BHD 20.25 for cotton t-shirts, which is significantly higher than the peer median price of BHD 4.64, indicating potential over-invoicing. However, the price anomaly score is not extreme, and the trade pattern and price levels are normal. Additionally, this is the first time the trader is using this product and partner, which may contribute to the unusual pricing.",over_invoicing,FALSE_POSITIVE,"While the price is high compared to the median, the overall anomaly signals are not strong enough to indicate a genuine risk, especially given the normal price level and trade pattern.",medium,Monitor future transactions from this trader for consistency in pricing and product usage.
2020-2501-3-10019-1,2020-2501-3-10019,2020-06-10,2020,2020-06,8703221000,870322100000,870322,87,Passenger cars 1000-1500cc,Passenger cars 1000-1500cc,CR_HASH_033,Import,IM,DE,IN,BH,DE,IN,BH,DE,NMB,3.43,413768.38192419824,price_per_item,1419225.55,3774536.04,3.43,1240.14,1321.94,12.933064049106024,12.339741490828857,0.5298577154310848,11.445675964067552,12.647064860424424,1.201388896356871,9.643592619532246,14.44914820495973,False,0.7552793349840599,0.7552793349840599,NORMAL,2.0,0.0020964360587002,6.1675164908883415,79.19854023234907,1.0,0.0010482180293501,6.860663671448286,100.0,2.0,1.0,0.0,1.0,1.0,0.0,74.59927011617454,LOW,1,0.0,1.0900024388316791,27.250060970791974,1.0,0.0,2,False,83.33333333333334,True,True,100.0,0.9333333333333332,93.33333333333331,73.20418800644386,LOW,1,LOW,"LOW (driven by pattern+cr_profile; price_level=NORMAL, pattern_level=LOW, cr_profile_level=LOW)",1,"The transaction shows a declared unit price of approximately BHD 413,768 for passenger cars, which is significantly higher than the peer median price of BHD 12.34, indicating potential over-invoicing. However, the price anomaly score is normal, and the trade pattern shows a high rarity for the route and partner, suggesting that this may be a legitimate transaction despite the unusual pricing. The trader has not previously engaged with this partner, which adds to the complexity of the situation.",over_invoicing,FALSE_POSITIVE,"The price anomaly is flagged due to the high declared unit price, but the normal price level and the trader's established history suggest this may not be a genuine risk. The unusual partner and route rarity indicate a potential legitimate business relationship rather than a fraudulent transaction.",medium,Monitor future transactions from this trader for consistency in pricing and partner engagement.
2020-2701-7-10824-1,2020-2701-7-10824,2020-06-11,2020,2020-06,8703221000,870322100000,870322,87,Passenger cars 1000-1500cc,Passenger cars 1000-1500cc,CR_HASH_008,Import,IM,CN,US,BH,CN,US,BH,CN,NMB,4.37,281092.6292906178,price_per_item,1228374.79,3266954.24,4.37,156.47,180.07,12.546443093139466,12.339741490828857,0.5298577154310848,11.445675964067552,12.647064860424424,1.201388896356871,9.643592619532246,14.44914820495973,False,0.2631240740055717,0.2631240740055717,NORMAL,20.0,0.020964360587002,3.864931397894296,10.097586615520235,1.0,0.0010482180293501,6.860663671448286,100.0,9.0,2.2222222222222223,1.3017082793177757,5.0,2.25,79.54545454545456,51.98061148957831,LOW,1,0.0,0.344182571456523,8.604564286413074,1.0,0.0,1,True,91.66666666666666,False,True,50.0,1.0,100.0,55.51159750024458,LOW,1,LOW,"LOW (driven by pattern+cr_profile; price_level=NORMAL, pattern_level=LOW, cr_profile_level=LOW)",1,"The transaction shows a declared unit price of approximately BHD 281,092, which is significantly higher than the peer median price of BHD 12.34, indicating potential over-invoicing. However, the robust Z-score is low (0.26), and the price level is classified as NORMAL, suggesting that the price anomaly may not be significant. Additionally, the trade pattern indicates a low rarity for the partner and a high rarity for the route, which could suggest unusual trading behavior.",over_invoicing,FALSE_POSITIVE,"Despite the high declared unit price, the low Z-score and normal price level suggest that this transaction may not represent a genuine risk, indicating it could be a false positive.",medium,Monitor future transactions from this trader for consistency in pricing and partner selection.
2020-2701-8-10759-1,2020-2701-8-10759,2020-06-12,2020,2020-06,8504400090,850440009000,850440,85,Static converters,Static converters,CR_HASH_039,Import,IM,AE,CN,BH,AE,CN,BH,AE,NMB,4.19,2384.467780429594,price_per_item,9990.92,26571.6,4.19,364.25,397.49,7.777150518442645,7.466827051260017,0.5715840105867187,6.914775863803976,8.032836322465545,1.11806045866157,5.23768517581162,9.7099270104579,False,0.3661934329628439,0.3661934329628439,NORMAL,12.0,0.0125786163522012,4.375757021660286,25.427546772711544,1.0,0.0010482180293501,6.860663671448286,100.0,8.0,1.5,0.5345224838248488,2.0,1.3333333333333333,21.21212121212121,50.89559156817395,LOW,1,0.0,0.4365728302959975,10.914320757399938,1.0,0.0,1,True,91.66666666666666,False,True,75.0,0.8,80.0,58.57001226508998,LOW,1,LOW,"LOW (driven by pattern+cr_profile; price_level=NORMAL, pattern_level=LOW, cr_profile_level=LOW)",1,"The transaction shows a declared unit price of BHD 2384.47 for static converters, which is significantly higher than the peer median price of BHD 7.47, indicating potential over-invoicing. However, the price anomaly score is normal, and the trade pattern shows a low rarity for the partner and route, suggesting that this may be a benign outlier rather than a genuine risk. Additionally, this is the first time the trader is using this product, which could explain the unusual pricing.",over_invoicing,FALSE_POSITIVE,"The price level is normal despite the high declared unit price, and the trade pattern and CR profile levels are low, indicating that this transaction is likely a benign outlier rather than a genuine risk.",medium,Monitor future transactions from this trader for similar patterns.
2020-2501-4-10729-1,2020-2501-4-10729,2020-06-13,2020,2020-06,1006301000,100630100000,100630,10,Long-grain milled rice,Long-grain milled rice,CR_HASH_035,Import,IM,AE,CN,BH,AE,CN,BH,AE,KGM,4556.65,0.3572010139027575,price_per_kg,1627.64,4328.82,4.32,4556.65,4937.91,0.3054245009824464,0.3286983897813914,0.0676786910787625,0.270176176769005,0.3986012849866289,0.1284251082176239,0.0775385144425691,0.5912389473130648,False,-0.2319492691385727,0.2319492691385727,NORMAL,10.0,0.010482180293501,4.558078578454241,30.899046383171186,1.0,0.0010482180293501,6.860663671448286,100.0,8.0,1.25,0.4629100498862757,2.0,1.6,38.181818181818194,56.17679591885832,LOW,1,0.0,-0.181580473018995,4.539511825474875,1.0,0.0,3,False,75.0,False,True,75.0,0.7777777777777778,77.77777777777779,45.89438469447177,LOW,1,LOW,"LOW (driven by pattern+cr_profile; price_level=NORMAL, pattern_level=LOW, cr_profile_level=LOW)",1,"The transaction appears to be a benign outlier as the price level is normal with a robust Z-score close to zero, indicating no significant under- or over-invoicing. Although the route rarity score is high, suggesting an unusual route from China to Bahrain, the overall trade pattern and CR profile levels are low, indicating that this transaction does not present a significant risk.",benign_outlier,FALSE_POSITIVE,"The price and trade pattern are consistent with normal behavior, and while the route is rare, it does not indicate a fraudulent activity given the overall context of the transaction.",high,Monitor future transactions from this trader for any patterns of concern.
2020-2801-9-10918-1,2020-2801-9-10918,2020-06-13,2020,2020-06,8703221000,870322100000,870322,87,Passenger cars 1000-1500cc,Passenger cars 1000-1500cc,CR_HASH_033,Re-export,EX,BH,BH,EG,BH,BH,EG,EG,NMB,4.43,40282.1309255079,price_per_item,178449.84,474600.63,4.43,34.58,37.12,10.60368807284621,12.004283802979176,0.6624296738554509,11.2719045323345,12.594725507248622,1.3228209749141229,9.287673069963317,14.578956969619806,False,-1.4260968598203254,1.4260968598203254,NORMAL,1.0,0.0010482180293501,6.860663671448286,100.0,1.0,0.0010482180293501,6.860663671448286,100.0,1.0,1.0,0.0,1.0,1.0,0.0,85.0,HIGH,1,0.0,-0.9736334013275127,24.340835033187822,1.0,0.0,2,False,83.33333333333334,True,True,100.0,0.875,87.5,71.01929226161573,LOW,1,HIGH,"HIGH (driven by pattern+cr_profile; price_level=NORMAL, pattern_level=HIGH, cr_profile_level=LOW)",1,"This transaction is flagged due to a high trade pattern score and unusual partner rarity, as the trader has never exported to Egypt before. However, the price anomaly is normal, and the declared unit price is significantly higher than the peer median price, indicating potential over-invoicing. The context of re-exporting passenger cars, which can have variable pricing, suggests that this may be a legitimate transaction despite the anomalies.",unusual_partner,FALSE_POSITIVE,"The high partner rarity score indicates this is the first transaction with this destination, but the price level is normal and does not indicate a genuine risk of over-invoicing.",medium,Monitor future transactions from this trader to Egypt for consistency.
2020-2601-9-10535-1,2020-2601-9-10535,2020-06-13,2020,2020-06,9018390000,901839000000,901839,90,Medical syringes and needles,Medical syringes and needles,CR_HASH_028,Re-export,EX,BH,BH,IN,BH,BH,IN,IN,NMB,1.94,1.927835051546392,price_per_item,3.74,9.94,1.94,653.22,688.08,1.0742632596578232,1.4183722013465885,0.3403115864896454,0.9528936868330796,1.614923227688858,0.6620295408557785,-0.0401506244505881,2.6079675389725256,False,-0.6820170415484944,0.6820170415484944,NORMAL,5.0,0.0052410901467505,5.251225759014186,51.700506150822136,5.0,0.0052410901467505,5.251225759014186,47.13660531805522,4.0,1.25,0.5,2.0,1.6,38.181818181818194,48.07533766400312,LOW,1,0.0,-0.29685019588423,7.42125489710575,1.0,0.0,2,False,83.33333333333334,True,True,100.0,0.8,80.0,63.597439213987016,LOW,1,LOW,"LOW (driven by pattern+cr_profile; price_level=NORMAL, pattern_level=LOW, cr_profile_level=LOW)",1,"The transaction involves the re-export of medical syringes and needles from Bahrain to India, with a declared unit price that is normal compared to market peers. However, the trader has a high partner rarity score, indicating this is the first time they are exporting to this partner, which raises some concerns about the legitimacy of the transaction. The low trade pattern score and CR profile level suggest that this transaction does not align with the trader's usual behavior, but the overall anomaly signals do not indicate a strong risk.",unusual_partner,FALSE_POSITIVE,"The price level is normal and the overall anomaly signals do not indicate a significant risk, despite the unusual partner. The trader's behavior does not strongly deviate from their past transactions, suggesting this may be a benign outlier.",medium,Monitor future transactions from this trader to the same partner for consistency.
2020-2601-5-10488-1,2020-2601-5-10488,2020-06-14,2020,2020-06,8517120000,851712000000,851712,85,Cellular telephones,Cellular telephones,CR_HASH_031,Import,IM,CN,IN,BH,CN,IN,BH,CN,NMB,0.82,82561.78048780489,price_per_item,67700.66,180054.95,0.82,378.46,416.63,11.321314258537395,9.1609472788485,0.7778458576033893,8.086449359029473,9.737226953131788,1.6507775941023135,5.610282967876002,12.213393344285258,False,1.873311467349224,1.873311467349224,NORMAL,22.0,0.0230607966457023,3.769621218089971,7.23731259832573,3.0,0.0031446540880503,5.762051382780177,63.915119328547,10.0,2.2,0.7888106377466155,3.0,1.3636363636363635,23.140495867768596,29.4600224443196,NORMAL,0,0.0,8.02981921792986,100.0,1.0,0.0,1,True,91.66666666666666,False,True,83.33333333333334,1.0,100.0,95.83333333333334,HIGH,1,HIGH,"HIGH (driven by cr_profile; price_level=NORMAL, pattern_level=NORMAL, cr_profile_level=HIGH)",1,"The transaction shows a declared unit price of approximately BHD 82,561.78 for a cellular telephone, which is significantly higher than the peer median price of BHD 9.16. This extreme price discrepancy, combined with a CR Price Severity of 100, indicates potential over-invoicing. Additionally, the trader is using this product and partner for the first time, which raises concerns about the legitimacy of the transaction.",over_invoicing,TRUE_POSITIVE,"The high CR Price Severity and the significant difference between the declared unit price and the peer median price strongly support the conclusion of over-invoicing, warranting further scrutiny.",high,Conduct a detailed investigation into the trader's past transactions and the legitimacy of the declared price.
2020-2801-4-10590-1,2020-2801-4-10590,2020-06-14,2020,2020-06,3923301000,392330100000,392330,39,Plastic bottles for packaging,Plastic bottles for packaging,CR_HASH_010,Re-export,EX,BH,BH,JP,BH,BH,JP,JP,NMB,0.92,11.77173913043478,price_per_item,10.83,28.8,0.92,659.52,777.31,2.547234849529219,2.008077055471865,0.7629623078147538,1.1201351912780924,2.51712417371907,1.3969889824409778,-0.9753482823833745,4.612607647380537,False,0.4766381592729555,0.4766381592729555,NORMAL,4.0,0.0041928721174004,5.474369310328396,58.39708046469813,4.0,0.0041928721174004,5.474369310328396,54.46595026060942,2.0,2.0,0.0,2.0,1.0,0.0,48.26162282356236,LOW,1,0.0,1.4244786961121787,35.61196740280447,1.0,0.0,2,False,83.33333333333334,False,True,84.61538461538461,0.9285714285714286,92.85714285714286,62.18946331625629,LOW,1,LOW,"LOW (driven by pattern+cr_profile; price_level=NORMAL, pattern_level=LOW, cr_profile_level=LOW)",1,"The transaction shows a re-export of plastic bottles with a declared unit price significantly higher than the peer median price, but the robust Z-score indicates this is not anomalous. The trade pattern and CR profile levels are both low, suggesting that while the partner and route are somewhat unusual, they do not raise significant concerns. The transaction appears to be a benign outlier given the context of the date and the nature of the goods.",benign_outlier,FALSE_POSITIVE,"The price level is normal and the robust Z-score indicates no significant price anomaly, while the trade pattern and CR profile levels being low do not indicate a genuine risk.",high,Monitor future transactions from this trader for similar patterns.
2020-2501-4-10999-1,2020-2501-4-10999,2020-06-14,2020,2020-06,8471300000,847130000000,847130,84,Portable laptop computers,Portable laptop computers,CR_HASH_029,Import,IM,DE,JP,BH,DE,JP,BH,DE,NMB,1.99,17012.81407035176,price_per_item,33855.5,90041.22,1.99,603.61,695.4,9.741780885437548,8.71824987064452,0.6999612932513521,7.750041925937837,9.126895264901794,1.376853338963957,5.684761917491901,11.192175273347727,False,0.9862862677860876,0.9862862677860876,NORMAL,5.0,0.0052410901467505,5.251225759014186,51.700506150822136,1.0,0.0010482180293501,6.860663671448286,100.0,3.0,1.6666666666666667,1.1547005383792517,3.0,1.7999999999999998,50.90909090909091,68.4866167117747,LOW,1,0.0,1.7415133729361003,43.53783432340251,1.0,0.0,2,False,83.33333333333334,False,True,87.5,0.875,87.5,64.61324201319087,LOW,1,LOW,"LOW (driven by pattern+cr_profile; price_level=NORMAL, pattern_level=LOW, cr_profile_level=LOW)",1,"The transaction shows a declared unit price of approximately 17,012 BHD for a portable laptop computer, which is significantly higher than the peer median price of 8.72 BHD. However, the robust Z-score indicates that this price is within a normal range, suggesting it may not be anomalous. The trade pattern shows a high route rarity score, indicating this specific origin-destination route is uncommon, which could raise concerns about the legitimacy of the transaction.",unusual_route,TRUE_POSITIVE,"The unusual route combined with the high declared price compared to the peer median suggests a potential risk, warranting further investigation despite the price anomaly being classified as normal.",medium,Conduct a detailed review of the transaction's documentation and the trader's history with similar products and routes.
2020-2801-1-10077-1,2020-2801-1-10077,2020-06-15,2020,2020-06,8471300000,847130000000,847130,84,Portable laptop computers,Portable laptop computers,CR_HASH_016,Import,IM,SA,SA,BH,SA,SA,BH,SA,NMB,1.44,69864.78472222222,price_per_item,100605.29,267567.25,1.44,520.79,583.13,11.154331319430604,8.71824987064452,0.6999612932513521,7.750041925937837,9.126895264901794,1.376853338963957,5.684761917491901,11.192175273347727,False,2.347436125940948,2.347436125940948,LOW,12.0,0.0125786163522012,4.375757021660286,25.427546772711544,8.0,0.0083857442348008,4.781222129768451,31.698925390914116,7.0,1.7142857142857142,0.9511897312113418,3.0,1.75,47.727272727272734,30.96748818226662,NORMAL,0,32.846535258090135,9.361641650146057,100.0,1.0,0.0,2,False,83.33333333333334,False,False,88.88888888888889,0.6666666666666667,66.66666666666667,70.55555555555556,LOW,1,LOW,"LOW (driven by price+cr_profile; price_level=LOW, pattern_level=NORMAL, cr_profile_level=LOW)",1,"The transaction shows a declared unit price of approximately BHD 69,865 for a portable laptop computer, which is significantly higher than the peer median price of BHD 8.72, indicating potential over-invoicing. However, the price anomaly score is only moderately high (Z-score of 2.35), and the trade pattern and CR profile levels are normal, suggesting that this may be a benign outlier rather than a genuine risk.",over_invoicing,FALSE_POSITIVE,"The high unit price is anomalous compared to market norms, but the overall context and normal pattern scores suggest this may not indicate a serious compliance issue.",medium,Monitor future transactions from this trader for similar pricing patterns.
2020-2701-3-10071-1,2020-2701-3-10071,2020-06-16,2020,2020-06,6109100000,610910000000,610910,61,Cotton t-shirts,Cotton t-shirts,CR_HASH_043,Import,IM,AE,AE,BH,AE,AE,BH,AE,NMB,0.53,527.132075471698,price_per_item,279.38,743.04,0.53,276.24,323.87,6.269346395364555,4.644105600231562,0.7882174659262975,3.892722458934984,5.444558727344917,1.5518362684099332,1.5649680563200845,7.772313129959818,False,1.3907455056877658,1.3907455056877658,NORMAL,10.0,0.010482180293501,4.558078578454241,30.899046383171186,9.0,0.0094339622641509,4.663439094112067,27.830238657093965,8.0,1.25,0.4629100498862757,2.0,1.6,38.181818181818194,30.91737944884121,NORMAL,0,0.0,4.366374029238079,100.0,1.0,0.0,1,True,91.66666666666666,False,True,63.63636363636363,1.0,100.0,90.9090909090909,HIGH,1,HIGH,"HIGH (driven by cr_profile; price_level=NORMAL, pattern_level=NORMAL, cr_profile_level=HIGH)",1,"This transaction is flagged due to a high CR Profile Score, indicating significant deviation from the trader's historical behavior, particularly with a declared unit price that is extraordinarily high compared to the peer median price. The declared quantity of 0.53 items and the unit price of 527.13 BHD suggest a potential misclassification or over-invoicing, especially given that this is the first time the trader is using this product. The context of the transaction in 2020, during a period of economic fluctuations, may also contribute to unusual pricing.",over_invoicing,TRUE_POSITIVE,"The high CR Profile Score and the first-time use of this product indicate a significant deviation from the trader's normal behavior, warranting further investigation into potential over-invoicing.",high,Conduct a detailed review of the trader's past transactions and request additional documentation to justify the high unit price.
2020-2801-6-10919-1,2020-2801-6-10919,2020-06-17,2020,2020-06,2710192100,271019210000,271019,27,Gas oils for diesel engines,Gas oils for diesel engines,CR_HASH_009,Import,IM,JP,US,BH,JP,US,BH,JP,LTR,7604.99,0.4989947389805904,price_per_liter_gross_weight,3794.85,10092.68,4.95,6731.83,7604.99,0.4047947094282378,0.2635559281187505,0.0710560088433533,0.1979668243457394,0.3363424368265587,0.1383756124808193,-0.0095965943754896,0.5439058555477878,False,1.340692425928394,1.340692425928394,NORMAL,7.0,0.0073375262054507,4.9147535223929735,41.6029195353019,1.0,0.0010482180293501,6.860663671448286,100.0,6.0,1.1666666666666667,0.408248290463863,2.0,1.7142857142857142,45.45454545454546,62.61964158583277,LOW,1,0.0,1.365736093164016,34.143402329100404,1.0,0.0,2,False,83.33333333333334,True,True,100.0,0.9090909090909092,90.9090909090909,75.13200899700333,MEDIUM,1,MEDIUM,"MEDIUM (driven by pattern+cr_profile; price_level=NORMAL, pattern_level=LOW, cr_profile_level=MEDIUM)",1,"The transaction shows a moderate anomaly due to the unusual partner and route rarity, as the trader has not previously imported from the US for this HS code. The price level is normal, and the declared unit price aligns with the peer median, suggesting no under- or over-invoicing. However, the combination of a new trading partner and a rare route raises concerns about the legitimacy of this transaction.",unusual_partner,TRUE_POSITIVE,"The unusual partner and route rarity indicate a potential risk, warranting further investigation despite the normal pricing, as the trader has not previously engaged with this partner.",medium,Conduct a detailed review of the trader's history and the legitimacy of the US supplier.
2020-2601-4-10846-1,2020-2601-4-10846,2020-06-18,2020,2020-06,8703221000,870322100000,870322,87,Passenger cars 1000-1500cc,Passenger cars 1000-1500cc,CR_HASH_021,Import,IM,SA,SA,BH,SA,SA,BH,SA,NMB,2.43,504590.9547325103,price_per_item,1226156.02,3261053.25,2.43,174.91,192.49,13.131505371210444,12.339741490828857,0.5298577154310848,11.445675964067552,12.647064860424424,1.201388896356871,9.643592619532246,14.44914820495973,False,1.007888354650508,1.007888354650508,NORMAL,5.0,0.0052410901467505,5.251225759014186,51.700506150822136,4.0,0.0041928721174004,5.474369310328396,54.46595026060942,4.0,1.25,0.5,2.0,1.6,38.181818181818194,50.64060839389709,LOW,1,4.991180103983432,1.574884543300126,100.0,3.0,50.0,3,False,75.0,False,False,90.9090909090909,0.6666666666666667,66.66666666666667,76.06060606060606,MEDIUM,1,MEDIUM,"MEDIUM (driven by pattern+cr_profile; price_level=NORMAL, pattern_level=LOW, cr_profile_level=MEDIUM)",1,"The transaction shows a declared unit price of approximately BHD 504,591 for passenger cars, which is significantly higher than the peer median price of BHD 12.34, indicating potential over-invoicing. However, the price anomaly score is within normal limits, and the trade pattern and CR profile levels are low to medium, suggesting that while the price is anomalous, it may not be a genuine risk given the context of the trader's history and the nature of the goods.",over_invoicing,FALSE_POSITIVE,"The high unit price is likely a false positive due to the trader's established history and the normal price level, despite the significant deviation from the peer median.",medium,Monitor future transactions from this trader for similar pricing patterns.
2020-2501-7-10502-1,2020-2501-7-10502,2020-06-18,2020,2020-06,8703221000,870322100000,870322,87,Passenger cars 1000-1500cc,Passenger cars 1000-1500cc,CR_HASH_029,Re-export,EX,BH,BH,AE,BH,BH,AE,AE,NMB,4.88,30215.89549180328,price_per_item,147453.57,392163.74,4.88,450.3,506.18,10.316156500298236,12.004283802979176,0.6624296738554509,11.2719045323345,12.594725507248622,1.3228209749141229,9.287673069963317,14.578956969619806,False,-1.7188636189128574,1.7188636189128574,NORMAL,2.0,0.0020964360587002,6.1675164908883415,79.19854023234907,2.0,0.0020964360587002,6.1675164908883415,77.23297513030472,2.0,1.0,0.0,1.0,1.0,0.0,66.6308114117812,LOW,1,0.0,-1.026629952877783,25.66574882194457,1.0,0.0,1,True,91.66666666666666,True,True,100.0,1.0,100.0,83.9830120876806,MEDIUM,1,MEDIUM,"MEDIUM (driven by pattern+cr_profile; price_level=NORMAL, pattern_level=LOW, cr_profile_level=MEDIUM)",1,"This transaction is flagged due to a combination of medium-level anomalies in the trade pattern and CR profile dimensions. The trader is re-exporting passenger cars, which is unusual given the high partner rarity and the fact that this is the first time they are using this product and partner combination. However, the price level is normal, indicating that the pricing is consistent with market expectations.",unusual_partner,TRUE_POSITIVE,"The combination of high partner rarity and first-time use of both the product and partner suggests a genuine risk, despite the normal pricing. This warrants further investigation to ensure compliance and legitimacy.",medium,Conduct a detailed review of the trader's past transactions and the legitimacy of the destination market.
2020-2501-8-10424-1,2020-2501-8-10424,2020-06-19,2020,2020-06,8703221000,870322100000,870322,87,Passenger cars 1000-1500cc,Passenger cars 1000-1500cc,CR_HASH_041,Re-export,EX,BH,BH,IN,BH,BH,IN,IN,NMB,1.1,330816.65454545454,price_per_item,363898.32,967814.68,1.1,322.83,361.39,12.709322609950194,12.004283802979176,0.6624296738554509,11.2719045323345,12.594725507248622,1.3228209749141229,9.287673069963317,14.578956969619806,False,0.7178756917796554,0.7178756917796554,NORMAL,4.0,0.0041928721174004,5.474369310328396,58.39708046469813,4.0,0.0041928721174004,5.474369310328396,54.46595026060942,4.0,1.0,0.0,1.0,1.0,0.0,48.26162282356236,LOW,1,0.0,0.5985279683449627,14.963199208624069,1.0,0.0,1,True,91.66666666666666,False,True,66.66666666666667,1.0,100.0,61.903786389685095,LOW,1,LOW,"LOW (driven by pattern+cr_profile; price_level=NORMAL, pattern_level=LOW, cr_profile_level=LOW)",1,"The transaction involves a re-export of a passenger car with a declared unit price significantly higher than the peer median price, but the price anomaly score is normal, indicating no under- or over-invoicing. The trade pattern and CR profile levels are low, suggesting this is a first-time combination for the trader, which may not necessarily indicate a risk. The overall low anomaly score suggests this transaction is likely a benign outlier rather than a genuine risk.",benign_outlier,FALSE_POSITIVE,"The price level is normal, and while the trade pattern and CR profile levels are low, they are not indicative of a significant risk. The first-time nature of the product and partner combination does not warrant further action at this time.",high,Monitor future transactions from this trader for similar patterns.
2020-2601-9-10036-1,2020-2601-9-10036,2020-06-19,2020,2020-06,102211000,102211000000,102211,10,"Live cattle, pure-bred breeding","Live cattle, pure-bred breeding",CR_HASH_003,Import,IM,AE,US,BH,AE,US,BH,AE,NMB,0.99,66935.33333333333,price_per_item,66265.98,176239.32,0.99,546.89,577.27,11.111497197844317,10.013369334439131,0.6855679350518233,9.327801399387308,10.638440798004725,1.3106393986174147,7.361842301461186,12.604399895930843,False,1.0803846835902322,1.0803846835902322,NORMAL,11.0,0.0115303983228511,4.462768398649916,28.038772365976683,2.0,0.0020964360587002,6.1675164908883415,77.23297513030472,8.0,1.375,0.7440238091428449,3.0,2.1818181818181817,75.20661157024794,52.331919214132185,LOW,1,0.0,2.9336550782267747,73.34137695566938,1.0,0.0,2,False,83.33333333333334,False,True,77.77777777777779,0.7777777777777778,77.77777777777779,70.66948193448428,LOW,1,LOW,"LOW (driven by pattern+cr_profile; price_level=NORMAL, pattern_level=LOW, cr_profile_level=LOW)",1,"The transaction shows a declared unit price of BHD 66,935.33 for live cattle, which is significantly higher than the peer median price of BHD 10.01, indicating potential over-invoicing. However, the price anomaly score is within normal limits, and the trade pattern and CR profile levels are low, suggesting that the trader's behavior is consistent with their history despite the high price. The unusual price may be due to a specific breed or quality of cattle not reflected in the median.",over_invoicing,FALSE_POSITIVE,"The price level is classified as normal despite the high unit price, and the trader has a consistent history with the product and partner, indicating that this transaction may not represent a genuine risk.",medium,Monitor future transactions from this trader for similar pricing patterns.
2020-2801-2-10936-1,2020-2801-2-10936,2020-06-20,2020,2020-06,102211000,102211000000,102211,10,"Live cattle, pure-bred breeding","Live cattle, pure-bred breeding",CR_HASH_024,Re-export,EX,BH,BH,AE,BH,BH,AE,AE,NMB,3.97,6225.604534005038,price_per_item,24715.65,65733.12,3.97,106.91,113.21,8.73658644458609,9.549317841384951,0.6971436999939566,8.846103941045365,10.18755556601122,1.3414516249658544,6.833926503596584,12.19973300346,False,-0.786322557432695,0.786322557432695,NORMAL,3.0,0.0031446540880503,5.762051382780177,67.03046630801344,3.0,0.0031446540880503,5.762051382780177,63.915119328547,3.0,1.0,0.0,1.0,1.0,0.0,55.88552491899817,LOW,1,0.0,-0.7302613233065901,18.256533082664752,1.0,0.0,1,True,91.66666666666666,False,True,90.9090909090909,0.8461538461538461,84.61538461538461,66.04013622928231,LOW,1,LOW,"LOW (driven by pattern+cr_profile; price_level=NORMAL, pattern_level=LOW, cr_profile_level=LOW)",1,"The transaction involves a re-export of live cattle with a declared unit price significantly higher than the peer median price, but the price anomaly score is within the normal range. The trader is using this product and partner combination for the first time, which contributes to the low CR Profile Level. However, the overall price level is normal, and the trade pattern score indicates a typical trading behavior.",benign_outlier,FALSE_POSITIVE,"The price level is normal despite the high declared unit price, and the trade pattern does not indicate any unusual behavior. The first-time use of the product and partner combination does not alone indicate a risk.",medium,Monitor future transactions from this trader for consistency in pricing and product use.
2020-2801-4-10274-1,2020-2801-4-10274,2020-06-20,2020,2020-06,1006301000,100630100000,100630,10,Long-grain milled rice,Long-grain milled rice,CR_HASH_041,Re-export,EX,BH,BH,DE,BH,BH,DE,DE,KGM,3551.85,0.1842391992905105,price_per_kg,654.39,1740.41,1.52,3551.85,3774.72,0.1691005424850194,0.2942812331971436,0.0786514342671003,0.2366195387420564,0.3954409430566458,0.1588214043145894,-0.0016125677298277,0.63367304952853,False,-1.0735114996567017,1.0735114996567017,NORMAL,1.0,0.0010482180293501,6.860663671448286,100.0,1.0,0.0010482180293501,6.860663671448286,100.0,1.0,1.0,0.0,1.0,1.0,0.0,85.0,HIGH,1,-21.12807586917556,-1.4299154232541773,100.0,1.0,0.0,4,False,66.66666666666666,False,False,85.71428571428572,0.4285714285714286,42.85714285714286,65.0,LOW,1,HIGH,"HIGH (driven by pattern+cr_profile; price_level=NORMAL, pattern_level=HIGH, cr_profile_level=LOW)",1,"The transaction shows a high trade pattern score due to the rarity of both the trading partner and the route, indicating an unusual trading scenario. However, the price level is normal, and the trader's profile shows a significant price severity, suggesting that the trader's pricing is highly unusual compared to their past behavior. This combination of high anomaly signals with a normal price level indicates a potential risk.",unusual_partner,TRUE_POSITIVE,"The high partner rarity and route rarity scores indicate that this transaction is atypical for the trader, which raises concerns about the legitimacy of the re-export activity.",medium,Conduct a detailed review of the trader's past transactions and the legitimacy of the trading partner.
2020-2701-1-10768-1,2020-2701-1-10768,2020-06-20,2020,2020-06,8703221000,870322100000,870322,87,Passenger cars 1000-1500cc,Passenger cars 1000-1500cc,CR_HASH_027,Import,IM,US,US,BH,US,US,BH,US,NMB,3.47,310848.7204610951,price_per_item,1078645.06,2868736.85,3.47,807.16,904.62,12.647064860424424,12.339741490828857,0.5298577154310848,11.445675964067552,12.647064860424424,1.201388896356871,9.643592619532246,14.44914820495973,False,0.3912121441786964,0.3912121441786964,NORMAL,10.0,0.010482180293501,4.558078578454241,30.899046383171186,8.0,0.0083857442348008,4.781222129768451,31.698925390914116,7.0,1.4285714285714286,0.5345224838248488,2.0,1.4,25.454545454545453,30.362328896587343,NORMAL,0,0.0,0.5292855868821922,13.232139672054805,1.0,0.0,1,True,91.66666666666666,True,True,100.0,1.0,100.0,79.63124888521918,MEDIUM,1,LOW,"LOW (driven by cr_profile; price_level=NORMAL, pattern_level=NORMAL, cr_profile_level=MEDIUM)",1,"The transaction involves the import of passenger cars with a declared unit price that is significantly higher than the peer median price, but the price anomaly score is within the normal range. The trader is also engaging in a first-time transaction with a new partner, which contributes to a medium CR profile level. However, the overall composite score is low, indicating that while there are some unusual elements, they do not strongly suggest a genuine risk.",other,FALSE_POSITIVE,"The price level is normal and the trade pattern is also normal, suggesting that the flagged anomalies are not indicative of a genuine risk at this time.",medium,Monitor future transactions from this trader for consistency in pricing and partner usage.
2020-2501-4-10053-1,2020-2501-4-10053,2020-06-20,2020,2020-06,3923301000,392330100000,392330,39,Plastic bottles for packaging,Plastic bottles for packaging,CR_HASH_044,Re-export,EX,BH,BH,JP,BH,BH,JP,JP,NMB,2.21,2.1628959276018103,price_per_item,4.78,12.72,2.21,110.83,124.18,1.1514880407160577,2.008077055471865,0.7629623078147538,1.1201351912780924,2.51712417371907,1.3969889824409778,-0.9753482823833745,4.612607647380537,False,-0.7572607050232325,0.7572607050232325,NORMAL,4.0,0.0041928721174004,5.474369310328396,58.39708046469813,4.0,0.0041928721174004,5.474369310328396,54.46595026060942,2.0,2.0,0.0,2.0,1.0,0.0,48.26162282356236,LOW,1,0.0,-0.4858939137145258,12.147347842863146,1.0,0.0,3,False,75.0,False,True,88.88888888888889,0.7777777777777778,77.77777777777779,52.02934952277988,LOW,1,LOW,"LOW (driven by pattern+cr_profile; price_level=NORMAL, pattern_level=LOW, cr_profile_level=LOW)",1,"The transaction shows a normal price level with a robust Z-score indicating no significant price anomaly. However, the low trade pattern score and CR profile level suggest that the trader is using a new product-partner combination, which is unusual for them. Given the context of re-exporting plastic bottles to Japan, this could be a benign outlier rather than a genuine risk.",benign_outlier,FALSE_POSITIVE,"The price level is normal, and while the trader is using a new combination, there is no strong evidence of risk in the price or trade pattern dimensions.",medium,Monitor future transactions from this trader for similar patterns.
2020-2701-4-10308-1,2020-2701-4-10308,2020-06-20,2020,2020-06,8504400090,850440009000,850440,85,Static converters,Static converters,CR_HASH_049,Import,IM,IN,IN,BH,IN,IN,BH,IN,NMB,2.79,6442.677419354838,price_per_item,17975.07,47806.05,2.79,763.49,891.34,8.770854683974166,7.466827051260017,0.5715840105867187,6.914775863803976,8.032836322465545,1.11806045866157,5.23768517581162,9.7099270104579,False,1.5388019470051113,1.5388019470051113,NORMAL,10.0,0.010482180293501,4.558078578454241,30.899046383171186,7.0,0.0073375262054507,4.9147535223929735,36.08488067145304,6.0,1.6666666666666667,1.2110601416389966,4.0,2.4,89.0909090909091,41.44286779023052,NORMAL,0,0.0,3.1655782051825705,79.13945512956427,1.0,0.0,1,True,91.66666666666666,False,True,90.9090909090909,0.8333333333333334,83.33333333333334,87.09274868928688,HIGH,1,HIGH,"HIGH (driven by cr_profile; price_level=NORMAL, pattern_level=NORMAL, cr_profile_level=HIGH)",1,"The transaction shows a high CR Profile Score indicating significant deviation from the trader's usual behavior, particularly due to the first-time use of this product and the high partner rarity score. Despite the price level being normal, the combination of a high CR Price Severity and first-time flags suggests a potential risk of misclassification or unusual trading behavior. The declared unit price is significantly higher than the peer median price, which raises concerns about the legitimacy of the transaction.",cr_profile_deviation,TRUE_POSITIVE,"The high CR Profile Score and first-time flags indicate a significant deviation from the trader's historical behavior, warranting further investigation despite the normal price level.",high,Conduct a detailed review of the trader's past transactions and the nature of the goods to assess the legitimacy of this import.
2020-2601-4-10210-1,2020-2601-4-10210,2020-06-22,2020,2020-06,6109100000,610910000000,610910,61,Cotton t-shirts,Cotton t-shirts,CR_HASH_035,Import,IM,JP,JP,BH,JP,JP,BH,JP,NMB,0.55,330.94545454545454,price_per_item,182.02,484.1,0.55,415.96,456.82,5.80497066188104,4.644105600231562,0.7882174659262975,3.892722458934984,5.444558727344917,1.5518362684099332,1.5649680563200845,7.772313129959818,False,0.9933714881103825,0.9933714881103825,NORMAL,6.0,0.0062893081761006,5.068904202220232,46.22900654036249,2.0,0.0020964360587002,6.1675164908883415,77.23297513030472,4.0,1.5,1.0,3.0,2.0,63.63636363636365,59.69149911124244,LOW,1,0.0,2.3669704323490626,59.174260808726565,1.0,0.0,2,False,83.33333333333334,True,True,100.0,0.8,80.0,81.7109912830543,MEDIUM,1,MEDIUM,"MEDIUM (driven by pattern+cr_profile; price_level=NORMAL, pattern_level=LOW, cr_profile_level=MEDIUM)",1,"The transaction shows a high declared unit price of BHD 330.95 for cotton t-shirts, which is significantly above the peer median price of BHD 4.64. However, the price anomaly score is normal, indicating that the price is not anomalous when compared to the market. The trader has a high partner rarity score, suggesting that this is a new trading partner, which could indicate a potential risk.",unusual_partner,TRUE_POSITIVE,"The combination of a high partner rarity score and the trader's medium profile level indicates a potential risk associated with this unusual trading partner, warranting further scrutiny despite the normal price level.",medium,Conduct further investigation into the trader's relationship with the new partner and the legitimacy of the pricing.
2020-2501-6-10217-1,2020-2501-6-10217,2020-06-22,2020,2020-06,8517120000,851712000000,851712,85,Cellular telephones,Cellular telephones,CR_HASH_004,Import,IM,IN,IN,BH,IN,IN,BH,IN,NMB,1.54,3928.8246753246754,price_per_item,6050.39,16091.46,1.54,210.1,245.5,8.276350091991494,9.1609472788485,0.7778458576033893,8.086449359029473,9.737226953131788,1.6507775941023135,5.610282967876002,12.213393344285258,False,-0.7670576664538395,0.7670576664538395,NORMAL,9.0,0.0094339622641509,4.663439094112067,34.06093261602687,8.0,0.0083857442348008,4.781222129768451,31.698925390914116,6.0,1.5,0.5477225575051662,2.0,1.3333333333333333,21.21212121212121,31.30690837665156,NORMAL,0,0.0,-0.5689818640353048,14.22454660088262,1.0,0.0,1,True,91.66666666666666,True,True,100.0,0.8571428571428572,85.71428571428572,77.12144845316607,MEDIUM,1,LOW,"LOW (driven by cr_profile; price_level=NORMAL, pattern_level=NORMAL, cr_profile_level=MEDIUM)",1,"The transaction involves the import of cellular telephones from India, which is a common trade route for this product. The declared unit price is significantly higher than the peer median price, but the price anomaly score is normal, indicating no under-invoicing. The trader is using this product and partner for the first time, which contributes to the medium CR profile level, but overall, the composite level is low, suggesting no immediate risk.",benign_outlier,FALSE_POSITIVE,"The price level is normal despite the high declared unit price, and the trade pattern is typical for the product. The first-time use of the product and partner raises some flags, but the overall composite score indicates no significant risk.",medium,Monitor future transactions from this trader for consistency in pricing and product classification.
2020-2801-3-10810-1,2020-2801-3-10810,2020-06-23,2020,2020-06,102211000,102211000000,102211,10,"Live cattle, pure-bred breeding","Live cattle, pure-bred breeding",CR_HASH_047,Import,IM,IN,US,BH,IN,US,BH,IN,NMB,4.84,2122.772727272727,price_per_item,10274.22,27325.06,4.84,69.58,79.92,7.660949374411037,10.013369334439131,0.6855679350518233,9.327801399387308,10.638440798004725,1.3106393986174147,7.361842301461186,12.604399895930843,False,-2.314410351364101,2.314410351364101,LOW,7.0,0.0073375262054507,4.9147535223929735,41.6029195353019,1.0,0.0010482180293501,6.860663671448286,100.0,6.0,1.1666666666666667,0.408248290463863,2.0,1.7142857142857142,45.45454545454546,62.61964158583277,LOW,1,0.0,-0.9598976872752178,23.997442181880444,1.0,0.0,2,False,83.33333333333334,True,True,100.0,0.7857142857142857,78.57142857142857,69.11339047794387,LOW,1,LOW,"LOW (driven by price+pattern+cr_profile; price_level=LOW, pattern_level=LOW, cr_profile_level=LOW)",1,"The transaction shows a declared unit price of BHD 2122.77 for live cattle, which is significantly higher than the peer median price of BHD 10.01, resulting in a robust Z-score of -2.31 indicating potential under-invoicing. However, the overall anomaly signals are low across price, trade pattern, and CR profile dimensions, suggesting that this may be a benign outlier rather than a genuine risk.",benign_outlier,FALSE_POSITIVE,"The low anomaly scores across multiple dimensions indicate that while the price appears anomalous, it does not align with other risk indicators, suggesting this transaction is likely a false positive.",high,Monitor future transactions from this trader for consistency in pricing and partner usage.
2020-2601-3-10939-1,2020-2601-3-10939,2020-06-23,2020,2020-06,8703221000,870322100000,870322,87,Passenger cars 1000-1500cc,Passenger cars 1000-1500cc,CR_HASH_029,Re-export,EX,BH,BH,SA,BH,BH,SA,SA,NMB,1.73,828263.8034682081,price_per_item,1432896.38,3810894.64,1.73,956.5,1139.15,13.627088193190716,12.004283802979176,0.6624296738554509,11.2719045323345,12.594725507248622,1.3228209749141229,9.287673069963317,14.578956969619806,False,1.652351349638634,1.652351349638634,NORMAL,5.0,0.0052410901467505,5.251225759014186,51.700506150822136,5.0,0.0052410901467505,5.251225759014186,47.13660531805522,5.0,1.0,0.0,1.0,1.0,0.0,42.3480649367304,NORMAL,0,0.0,3.2826385341034747,82.06596335258686,1.0,0.0,1,True,91.66666666666666,False,True,80.0,0.9090909090909092,90.9090909090909,86.90490535522358,HIGH,1,HIGH,"HIGH (driven by cr_profile; price_level=NORMAL, pattern_level=NORMAL, cr_profile_level=HIGH)",1,"This transaction is flagged due to a high CR Profile Score of 86.90, indicating significant deviation from the trader's historical behavior, particularly as this is the first time the trader has used this specific product and combination. The declared unit price of BHD 828,263.80 is extraordinarily high compared to the peer median price of BHD 12.00, suggesting potential over-invoicing. However, the price anomaly score is within normal limits, which may indicate a false positive.",over_invoicing,TRUE_POSITIVE,"The high CR Profile Score and the first-time use of this product indicate a significant deviation from the trader's norms, warranting further investigation despite the normal price level.",high,Conduct a detailed review of the trader's previous transactions and the legitimacy of the declared price.
2020-2801-7-10647-1,2020-2801-7-10647,2020-06-24,2020,2020-06,8471300000,847130000000,847130,84,Portable laptop computers,Portable laptop computers,CR_HASH_009,Import,IM,IN,IN,BH,IN,IN,BH,IN,NMB,3.05,3385.8229508196723,price_per_item,10326.76,27464.8,3.05,31.01,35.63,8.1276475782952,8.71824987064452,0.6999612932513521,7.750041925937837,9.126895264901794,1.376853338963957,5.684761917491901,11.192175273347727,False,-0.5691111673688847,0.5691111673688847,NORMAL,5.0,0.0052410901467505,5.251225759014186,51.700506150822136,3.0,0.0031446540880503,5.762051382780177,63.915119328547,5.0,1.0,0.0,1.0,1.0,0.0,48.22054484040252,LOW,1,0.0,-0.4490728387110237,11.226820967775597,1.0,0.0,3,False,75.0,False,True,91.66666666666666,0.8333333333333334,83.33333333333334,53.51272067205479,LOW,1,LOW,"LOW (driven by pattern+cr_profile; price_level=NORMAL, pattern_level=LOW, cr_profile_level=LOW)",1,"The transaction shows a declared unit price of approximately BHD 3385.82 for portable laptop computers, which is significantly higher than the peer median price of BHD 8.72, indicating a potential over-invoicing issue. However, the price anomaly is classified as NORMAL, and the trade pattern and CR profile levels are LOW, suggesting that while the price is high, it may not be unusual for this trader's history or the specific circumstances of the transaction.",over_invoicing,FALSE_POSITIVE,"The price anomaly is classified as NORMAL, and the trader has a history of using this partner, which reduces the likelihood of this being a genuine risk despite the high declared price.",medium,Monitor future transactions from this trader for similar pricing patterns.
2020-2701-7-10032-1,2020-2701-7-10032,2020-06-25,2020,2020-06,6109100000,610910000000,610910,61,Cotton t-shirts,Cotton t-shirts,CR_HASH_025,Re-export,EX,BH,BH,AE,BH,BH,AE,AE,NMB,0.97,564.0824742268042,price_per_item,547.16,1455.2,0.97,1169.1,1287.28,6.336971692576392,4.610526181303967,0.7708500247178713,3.916293548711598,5.585818334387825,1.6695247856762268,1.412006370197258,8.090105512902165,False,1.510633076154197,1.510633076154197,NORMAL,6.0,0.0062893081761006,5.068904202220232,46.22900654036249,6.0,0.0062893081761006,5.068904202220232,41.148094458851695,4.0,1.5,0.5773502691896257,2.0,1.3333333333333333,21.21212121212121,40.69815451259752,NORMAL,0,0.0,4.675787483699579,100.0,1.0,0.0,2,False,83.33333333333334,False,True,88.88888888888889,0.7777777777777778,77.77777777777779,82.77777777777777,MEDIUM,1,LOW,"LOW (driven by cr_profile; price_level=NORMAL, pattern_level=NORMAL, cr_profile_level=MEDIUM)",1,"The transaction involves a re-export of cotton t-shirts with a declared unit price significantly higher than the peer median price, indicating potential over-invoicing. However, the price anomaly score is within the normal range, and the trade pattern and CR profile levels are also normal, suggesting that the high unit price may not reflect a genuine risk. The trader has previously engaged with this product, but this specific combination of product and partner is a first-time occurrence.",over_invoicing,FALSE_POSITIVE,"The price level is classified as normal despite a high CR price severity, indicating that the high unit price may not be unusual in the context of the trader's overall history. The combination of product and partner being first-time does raise a flag, but the overall transaction context suggests it is likely a benign outlier.",medium,Monitor future transactions from this trader for similar patterns.
2020-2801-5-10377-1,2020-2801-5-10377,2020-06-26,2020,2020-06,8517120000,851712000000,851712,85,Cellular telephones,Cellular telephones,CR_HASH_044,Re-export,EX,BH,BH,US,BH,BH,US,US,NMB,3.32,15943.22590361446,price_per_item,52931.51,140775.29,3.32,1054.8,1127.18,9.67685203035814,8.864077348542533,0.8102493638708186,8.21372138236038,9.675589371385747,1.461867989025368,6.020919398822327,11.8683913549238,False,0.6765929562748295,0.6765929562748295,NORMAL,4.0,0.0041928721174004,5.474369310328396,58.39708046469813,4.0,0.0041928721174004,5.474369310328396,54.46595026060942,4.0,1.0,0.0,1.0,1.0,0.0,48.26162282356236,LOW,1,0.0,0.740720847222082,18.51802118055205,1.0,0.0,3,False,75.0,False,True,90.0,0.8,80.0,54.98130741319322,LOW,1,LOW,"LOW (driven by pattern+cr_profile; price_level=NORMAL, pattern_level=LOW, cr_profile_level=LOW)",1,"The transaction shows a declared unit price of approximately 15,943 BHD for cellular telephones, which is significantly higher than the peer median price of 8.86 BHD. However, the price anomaly is classified as NORMAL, indicating that the price is not considered anomalous in this context. Additionally, the trade pattern and CR profile levels are LOW, suggesting that while the partner and route are somewhat unusual, they do not raise significant concerns.",benign_outlier,FALSE_POSITIVE,"The price level is classified as NORMAL, and the overall composite score is LOW, indicating that there is no strong evidence of risk despite the high unit price. The combination of factors suggests this is a benign outlier rather than a genuine risk.",medium,Monitor future transactions from this trader for consistency in pricing and patterns.
2020-2701-3-10831-1,2020-2701-3-10831,2020-06-26,2020,2020-06,9018390000,901839000000,901839,90,Medical syringes and needles,Medical syringes and needles,CR_HASH_001,Re-export,EX,BH,BH,AE,BH,BH,AE,AE,NMB,3.47,2.590778097982709,price_per_item,8.99,23.92,3.47,224.11,247.2,1.2783689194005392,1.4183722013465885,0.3403115864896454,0.9528936868330796,1.614923227688858,0.6620295408557785,-0.0401506244505881,2.6079675389725256,False,-0.2774837052804246,0.2774837052804246,NORMAL,3.0,0.0031446540880503,5.762051382780177,67.03046630801344,3.0,0.0031446540880503,5.762051382780177,63.915119328547,3.0,1.0,0.0,1.0,1.0,0.0,55.88552491899817,LOW,1,0.0,-0.0976732431539544,2.4418310788488604,1.0,0.0,3,False,75.0,False,False,77.77777777777779,0.7777777777777778,77.77777777777779,35.854640877597106,LOW,1,LOW,"LOW (driven by pattern+cr_profile; price_level=NORMAL, pattern_level=LOW, cr_profile_level=LOW)",1,"The transaction appears to be a benign outlier as the price level is classified as NORMAL, indicating no significant under- or over-invoicing. The trade pattern and CR profile levels are both LOW, suggesting that while the partner and route are somewhat unusual, they do not raise significant concerns given the context of re-exporting medical supplies. Additionally, the declared quantity and unit price align with typical market behavior for such goods.",benign_outlier,FALSE_POSITIVE,"The price anomaly signals do not indicate any significant issues, and the transaction aligns with typical trade practices for medical supplies, suggesting it is not a genuine risk.",high,Monitor future transactions from this trader for any emerging patterns.
2020-2701-5-10865-1,2020-2701-5-10865,2020-06-27,2020,2020-06,8517120000,851712000000,851712,85,Cellular telephones,Cellular telephones,CR_HASH_020,Re-export,EX,BH,BH,DE,BH,BH,DE,DE,NMB,3.16,16140.18987341772,price_per_item,51003.0,135646.28,3.16,917.67,974.09,9.689129661127527,8.864077348542533,0.8102493638708186,8.21372138236038,9.675589371385747,1.461867989025368,6.020919398822327,11.8683913549238,False,0.6868134499542765,0.6868134499542765,NORMAL,2.0,0.0020964360587002,6.1675164908883415,79.19854023234907,2.0,0.0020964360587002,6.1675164908883415,77.23297513030472,2.0,1.0,0.0,1.0,1.0,0.0,66.6308114117812,LOW,1,0.0,0.7727242506181811,19.318106265454528,1.0,0.0,2,False,83.33333333333334,False,False,80.0,0.8181818181818181,81.81818181818181,43.12497355654545,LOW,1,LOW,"LOW (driven by pattern+cr_profile; price_level=NORMAL, pattern_level=LOW, cr_profile_level=LOW)",1,"The transaction involves the re-export of cellular telephones from Bahrain to Germany, with a declared unit price significantly higher than the peer median price, but the price anomaly is classified as normal. The trade pattern shows high rarity for both the partner and route, but the overall trade pattern score is low, indicating that this is not a common transaction for this trader. Given these factors, the flag appears to be a false positive.",benign_outlier,FALSE_POSITIVE,"The price level is normal despite the high declared unit price, and the trade pattern is low, suggesting that this transaction does not present a genuine risk.",high,Monitor future transactions from this trader for similar patterns.
2020-2501-2-10922-1,2020-2501-2-10922,2020-06-28,2020,2020-06,2710192100,271019210000,271019,27,Gas oils for diesel engines,Gas oils for diesel engines,CR_HASH_020,Import,IM,AE,AE,BH,AE,AE,BH,AE,LTR,5063.78,1.1542326088416164,price_per_liter_gross_weight,5844.78,15544.64,3.77,4412.58,5063.78,0.7674345621524389,0.2635559281187505,0.0710560088433533,0.1979668243457394,0.3363424368265587,0.1383756124808193,-0.0095965943754896,0.5439058555477878,True,4.783008335053745,4.783008335053745,MEDIUM,12.0,0.0125786163522012,4.375757021660286,25.427546772711544,10.0,0.010482180293501,4.558078578454241,24.369580448359905,7.0,1.7142857142857142,0.7559289460184544,3.0,1.75,47.727272727272734,28.40221745237265,NORMAL,0,0.0,5.828801381717246,100.0,1.0,0.0,2,False,83.33333333333334,False,True,90.9090909090909,0.9166666666666666,91.66666666666666,86.06060606060606,HIGH,1,HIGH,"HIGH (driven by price+cr_profile; price_level=MEDIUM, pattern_level=NORMAL, cr_profile_level=HIGH)",1,"The transaction shows a significantly high price anomaly with a robust Z-score of 4.78, indicating over-invoicing compared to the peer median price of 0.26 BHD per liter. Additionally, the trader's price severity is at 100, suggesting this price is highly unusual for them. Despite the trade pattern being normal, the combination of high price and CR profile severity raises concerns about potential over-invoicing.",over_invoicing,TRUE_POSITIVE,"The high Z-score and CR price severity strongly indicate over-invoicing, making this a genuine risk that warrants further investigation.",high,Conduct a detailed review of the trader's previous transactions and pricing history for similar goods to assess consistency.
2020-2801-2-10229-1,2020-2801-2-10229,2020-06-28,2020,2020-06,8471300000,847130000000,847130,84,Portable laptop computers,Portable laptop computers,CR_HASH_010,Re-export,EX,BH,BH,IN,BH,BH,IN,IN,NMB,2.99,305.3511705685618,price_per_item,913.0,2428.2,2.99,18.9,20.66,5.724732060181376,9.057918359570245,1.044460022767316,7.958447179146432,9.968345476103028,2.009898296956594,4.943599733711541,12.983192921537915,False,-2.1525030250512835,2.1525030250512835,LOW,3.0,0.0031446540880503,5.762051382780177,67.03046630801344,3.0,0.0031446540880503,5.762051382780177,63.915119328547,3.0,1.0,0.0,1.0,1.0,0.0,55.88552491899817,LOW,1,0.0,-0.9211318172325572,23.02829543081393,1.0,0.0,2,False,83.33333333333334,False,True,92.85714285714286,0.9333333333333332,93.33333333333331,59.940855781737255,LOW,1,LOW,"LOW (driven by price+pattern+cr_profile; price_level=LOW, pattern_level=LOW, cr_profile_level=LOW)",1,"The transaction shows a declared unit price of approximately 305.35 BHD for portable laptop computers, which is significantly higher than the peer median price of 9.06 BHD, resulting in a negative Z-score indicating potential under-invoicing. However, the overall anomaly scores across price, trade pattern, and CR profile dimensions are low, suggesting that this transaction may not pose a genuine risk. The trader has a history of using this partner and product combination, albeit for the first time together.",under_invoicing,FALSE_POSITIVE,"Despite the negative Z-score indicating under-invoicing, the low anomaly scores across all dimensions suggest that this transaction is likely a benign outlier rather than a genuine risk.",medium,Monitor future transactions from this trader for similar patterns.
2020-2701-5-10511-1,2020-2701-5-10511,2020-06-29,2020,2020-06,102211000,102211000000,102211,10,"Live cattle, pure-bred breeding","Live cattle, pure-bred breeding",CR_HASH_044,Re-export,EX,BH,BH,SA,BH,BH,SA,SA,NMB,4.85,13381.408247422682,price_per_item,64899.83,172605.93,4.85,697.01,806.65,9.501696306082827,9.549317841384951,0.6971436999939566,8.846103941045365,10.18755556601122,1.3414516249658544,6.833926503596584,12.19973300346,False,-0.046074124335701,0.046074124335701,NORMAL,5.0,0.0052410901467505,5.251225759014186,51.700506150822136,5.0,0.0052410901467505,5.251225759014186,47.13660531805522,4.0,1.25,0.5,2.0,1.6,38.181818181818194,48.07533766400312,LOW,1,0.0,-0.3223975199832766,8.059937999581916,1.0,0.0,2,False,83.33333333333334,False,True,90.9090909090909,0.7272727272727273,72.72727272727273,50.093705572580944,LOW,1,LOW,"LOW (driven by pattern+cr_profile; price_level=NORMAL, pattern_level=LOW, cr_profile_level=LOW)",1,"The transaction involves the re-export of live cattle with a declared unit price significantly higher than the peer median price, but the price anomaly score is normal, indicating no under- or over-invoicing. The trade pattern and CR profile levels are low, suggesting that while the partner is unusual for this trader, the overall transaction does not raise significant concerns given the context of the date and product type.",unusual_partner,FALSE_POSITIVE,"The price level is normal, and while the partner rarity is high, the overall transaction does not exhibit strong anomalies that would indicate a genuine risk.",medium,Monitor future transactions from this trader for similar patterns.
2020-2501-4-10185-1,2020-2501-4-10185,2020-06-30,2020,2020-06,1006301000,100630100000,100630,10,Long-grain milled rice,Long-grain milled rice,CR_HASH_002,Import,IM,SA,SA,BH,SA,SA,BH,SA,KGM,4718.27,2.7259991479928023,price_per_kg,12862.0,34207.46,3.26,4718.27,5487.44,1.3153350435139928,0.3286983897813914,0.0676786910787625,0.270176176769005,0.3986012849866289,0.1284251082176239,0.0775385144425691,0.5912389473130648,True,9.832892677092184,9.832892677092184,HIGH,11.0,0.0115303983228511,4.462768398649916,28.038772365976683,8.0,0.0083857442348008,4.781222129768451,31.698925390914116,9.0,1.2222222222222223,0.4409585518440984,2.0,1.6363636363636362,40.49586776859504,31.188390235097536,NORMAL,0,0.0,15.844433461608611,100.0,1.0,0.0,2,False,83.33333333333334,True,True,100.0,0.8888888888888888,88.88888888888889,97.77777777777776,HIGH,1,HIGH,"HIGH (driven by price+cr_profile; price_level=HIGH, pattern_level=NORMAL, cr_profile_level=HIGH)",1,"The transaction shows a significantly high declared unit price of 2.73 BHD per kg for long-grain milled rice, which is anomalous compared to the peer median price of 0.33 BHD per kg, resulting in a robust Z-score of 9.83. Additionally, the trader has a high CR Profile Score indicating unusual behavior, particularly with a first-time partner, which raises concerns about potential over-invoicing.",over_invoicing,TRUE_POSITIVE,"The combination of a high robust Z-score and a high CR Profile Score indicates a significant deviation from expected pricing norms, suggesting a genuine risk of over-invoicing in this transaction.",high,Conduct a detailed review of the trader's past transactions and the pricing of similar goods in the market to verify the legitimacy of the declared price.
2020-2701-7-10796-1,2020-2701-7-10796,2020-07-04,2020,2020-07,8471300000,847130000000,847130,84,Portable laptop computers,Portable laptop computers,CR_HASH_049,Import,IM,CN,CN,BH,CN,CN,BH,CN,NMB,3.25,239.0430769230769,price_per_item,776.89,2066.2,3.25,7.08,8.48,5.480818394415582,8.71824987064452,0.6999612932513521,7.750041925937837,9.126895264901794,1.376853338963957,5.684761917491901,11.192175273347727,True,-3.1196262367767336,3.1196262367767336,MEDIUM,21.0,0.0220125786163522,3.816141233724864,8.633385843315326,15.0,0.0157232704402515,4.152613470346076,11.051724646602178,10.0,2.1,1.449137674618944,5.0,2.380952380952381,87.87878787878789,21.36661472978661,NORMAL,0,0.0,-0.9216531388946494,23.041328472366235,1.0,0.0,3,False,75.0,False,True,76.92307692307692,0.8571428571428572,85.71428571428572,54.43809133895456,LOW,1,MEDIUM,"MEDIUM (driven by price+cr_profile; price_level=MEDIUM, pattern_level=NORMAL, cr_profile_level=LOW)",1,"The transaction shows a significant under-invoicing with a robust Z-score of -3.12, indicating the declared unit price of BHD 239.04 is much lower than the peer median price of BHD 8.72 for portable laptop computers. This is particularly concerning given the trader's history, as the CR Price Severity is 23.04, suggesting this price is unusual for them. Additionally, the CR Profile Level is LOW, indicating a deviation from the trader's typical behavior.",under_invoicing,TRUE_POSITIVE,"The combination of a strong negative Z-score indicating under-invoicing and the trader's low profile score suggests a genuine risk of mispricing, warranting further scrutiny.",high,Conduct a detailed investigation into the trader's pricing practices and request additional documentation to justify the declared unit price.
2020-2801-9-10500-1,2020-2801-9-10500,2020-07-04,2020,2020-07,8517120000,851712000000,851712,85,Cellular telephones,Cellular telephones,CR_HASH_014,Import,IM,SA,SA,BH,SA,SA,BH,SA,NMB,4.78,495.5585774058577,price_per_item,2368.77,6299.93,4.78,76.98,91.05,6.207701457202505,9.1609472788485,0.7778458576033893,8.086449359029473,9.737226953131788,1.6507775941023135,5.610282967876002,12.213393344285258,False,-2.5608377259993635,2.5608377259993635,LOW,6.0,0.0062893081761006,5.068904202220232,46.22900654036249,5.0,0.0052410901467505,5.251225759014186,47.13660531805522,4.0,1.5,1.0,3.0,2.0,63.63636363636365,49.15776967695511,LOW,1,0.0,-0.9510364683389684,23.775911708474208,1.0,0.0,1,True,91.66666666666666,True,True,100.0,0.8333333333333334,83.33333333333334,79.98823576463263,MEDIUM,1,MEDIUM,"MEDIUM (driven by price+pattern+cr_profile; price_level=LOW, pattern_level=LOW, cr_profile_level=MEDIUM)",1,"The transaction shows a significant price anomaly with a robust Z-score of -2.56, indicating potential under-invoicing, as the declared unit price is substantially higher than the peer median price of 9.16 BHD. Additionally, this is the first time the trader has imported this product and used this partner, which raises concerns about the legitimacy of the transaction. The trade pattern and CR profile dimensions also indicate unusual behavior, contributing to the medium risk flag.",under_invoicing,TRUE_POSITIVE,"The combination of a low price level, first-time product and partner usage, and a negative Z-score suggests genuine risk of under-invoicing, warranting further investigation.",medium,Conduct a detailed review of the trader's past transactions and request supporting documentation for the declared unit price.
2020-2501-2-10569-1,2020-2501-2-10569,2020-07-05,2020,2020-07,6109100000,610910000000,610910,61,Cotton t-shirts,Cotton t-shirts,CR_HASH_012,Re-export,EX,BH,BH,US,BH,BH,US,US,NMB,0.7,342.1857142857143,price_per_item,239.53,637.05,0.7,590.09,657.3,5.838271741705836,4.610526181303967,0.7708500247178713,3.916293548711598,5.585818334387825,1.6695247856762268,1.412006370197258,8.090105512902165,False,1.0742725678481466,1.0742725678481466,NORMAL,4.0,0.0041928721174004,5.474369310328396,58.39708046469813,4.0,0.0041928721174004,5.474369310328396,54.46595026060942,4.0,1.0,0.0,1.0,1.0,0.0,48.26162282356236,LOW,1,28.517917523510743,2.4366412129020927,100.0,0.6666666666666666,0.0,3,False,75.0,False,True,85.71428571428572,0.6666666666666667,66.66666666666667,79.76190476190476,MEDIUM,1,MEDIUM,"MEDIUM (driven by pattern+cr_profile; price_level=NORMAL, pattern_level=LOW, cr_profile_level=MEDIUM)",1,"The transaction shows a declared unit price of BHD 342.19 for cotton t-shirts, which is significantly higher than the peer median price of BHD 4.61, indicating potential over-invoicing. Additionally, the trader has a high CR Price Severity score of 100, suggesting this price is unusual compared to their historical pricing. However, the price anomaly is not corroborated by other dimensions, as the price level is classified as NORMAL.",over_invoicing,TRUE_POSITIVE,"The high unit price compared to the peer median and the trader's historical pricing indicates a genuine risk of over-invoicing, warranting further investigation.",high,Conduct a detailed review of the trader's pricing history and the justification for the high unit price in this transaction.
2020-2801-5-10517-1,2020-2801-5-10517,2020-07-05,2020,2020-07,3923301000,392330100000,392330,39,Plastic bottles for packaging,Plastic bottles for packaging,CR_HASH_049,Import,IM,AE,AE,BH,AE,AE,BH,AE,NMB,1.53,87.04575163398692,price_per_item,133.18,354.2,1.53,383.66,438.07,4.477856584306132,1.6841288050356895,0.6442087840607709,1.0864174155799162,2.3469388358112164,1.2605214202313002,-0.8043647147670341,4.237720966158166,True,2.925051036611176,2.925051036611176,LOW,13.0,0.0136268343815513,4.29571431398675,23.025452080470465,11.0,0.0115303983228511,4.462768398649916,21.2390343034744,7.0,1.8571428571428568,1.2149857925879115,4.0,2.1538461538461537,73.42657342657343,29.960374060437285,NORMAL,0,0.0,16.390006666861247,100.0,1.0,0.0,2,False,83.33333333333334,False,True,85.71428571428572,0.9333333333333332,93.33333333333331,85.0952380952381,HIGH,1,HIGH,"HIGH (driven by price+cr_profile; price_level=LOW, pattern_level=NORMAL, cr_profile_level=HIGH)",1,"The transaction shows a significantly high declared unit price of 87.05 BHD for plastic bottles, which is anomalous compared to the peer median price of 1.68 BHD. The high CR Price Severity indicates that this price is highly unusual for this trader's historical transactions. Despite the trade pattern being normal, the combination of high price anomaly and CR profile deviation suggests a potential risk of over-invoicing.",over_invoicing,TRUE_POSITIVE,"The robust Z-score indicates significant deviation from the market median price, and the CR Price Severity confirms this trader's pricing is highly unusual, warranting further investigation.",high,Conduct a detailed review of the invoice and supplier documentation to verify the pricing justification.
2020-2701-1-10995-1,2020-2701-1-10995,2020-07-06,2020,2020-07,8504400090,850440009000,850440,85,Static converters,Static converters,CR_HASH_043,Re-export,EX,BH,BH,CN,BH,BH,CN,CN,NMB,2.53,4732.517786561265,price_per_item,11973.27,31843.8,2.53,819.43,957.88,8.462423923153787,7.211981005295417,0.7196345903205628,6.668983974826631,7.961818755725377,1.2928347808987457,4.729731803478512,9.901070927073494,False,1.1720006301708237,1.1720006301708237,NORMAL,2.0,0.0020964360587002,6.1675164908883415,79.19854023234907,2.0,0.0020964360587002,6.1675164908883415,77.23297513030472,2.0,1.0,0.0,1.0,1.0,0.0,66.6308114117812,LOW,1,0.0,2.136770266219504,53.4192566554876,1.0,0.0,2,False,83.33333333333334,True,True,100.0,0.6923076923076923,69.23076923076923,77.5428936755745,MEDIUM,1,MEDIUM,"MEDIUM (driven by pattern+cr_profile; price_level=NORMAL, pattern_level=LOW, cr_profile_level=MEDIUM)",1,"The transaction shows a high declared unit price for static converters, significantly above the peer median price, but the price anomaly score is within normal limits. The trade pattern indicates a high rarity for both the partner and route, suggesting that this re-export to China is unusual for this trader. Additionally, the trader has never worked with this partner before, which raises concerns about the legitimacy of the transaction.",unusual_partner,TRUE_POSITIVE,"The combination of high partner rarity and the trader's first-time engagement with this partner suggests a potential risk, warranting further scrutiny despite the price being classified as normal.",medium,Conduct a detailed investigation into the trader's history and the legitimacy of the partner in China.
2020-2701-8-10270-1,2020-2701-8-10270,2020-07-07,2020,2020-07,8517120000,851712000000,851712,85,Cellular telephones,Cellular telephones,CR_HASH_038,Re-export,EX,BH,BH,DE,BH,BH,DE,DE,NMB,4.58,7072.264192139738,price_per_item,32390.97,86146.2,4.58,203.55,235.39,8.864077348542533,8.864077348542533,0.8102493638708186,8.21372138236038,9.675589371385747,1.461867989025368,6.020919398822327,11.8683913549238,False,0.0,0.0,NORMAL,2.0,0.0020964360587002,6.1675164908883415,79.19854023234907,2.0,0.0020964360587002,6.1675164908883415,77.23297513030472,2.0,1.0,0.0,1.0,1.0,0.0,66.6308114117812,LOW,1,0.0,-0.2236100246592739,5.590250616481848,1.0,0.0,2,False,83.33333333333334,False,False,80.0,0.8571428571428572,85.71428571428572,39.09944485862579,LOW,1,LOW,"LOW (driven by pattern+cr_profile; price_level=NORMAL, pattern_level=LOW, cr_profile_level=LOW)",1,"The transaction shows a declared unit price of BHD 7072.26 for cellular telephones, which is significantly higher than the peer median price of BHD 8.86. However, the robust Z-score is 0.0, indicating no price anomaly. The trade pattern and CR profile levels are both low, suggesting that while the price is high, it may not be unusual for this trader given their history and the context of the transaction.",benign_outlier,FALSE_POSITIVE,"The price level is normal despite the high declared unit price, and both trade pattern and CR profile dimensions indicate no significant anomalies, suggesting this transaction is likely a benign outlier.",medium,Monitor future transactions from this trader for similar pricing patterns.
2020-2701-4-10785-1,2020-2701-4-10785,2020-07-07,2020,2020-07,2710192100,271019210000,271019,27,Gas oils for diesel engines,Gas oils for diesel engines,CR_HASH_011,Re-export,EX,BH,BH,US,BH,BH,US,US,LTR,14029.76,0.4011936055926829,price_per_liter_gross_weight,5628.65,14969.81,2.79,13197.9,14029.76,0.3373244488085744,0.2773855677315066,0.0779894680702432,0.1639690098991207,0.3324464187701956,0.1684774088710749,-0.0887471034074916,0.585162532076808,False,0.5183805252195857,0.5183805252195857,NORMAL,4.0,0.0041928721174004,5.474369310328396,58.39708046469813,4.0,0.0041928721174004,5.474369310328396,54.46595026060942,4.0,1.0,0.0,1.0,1.0,0.0,48.26162282356236,LOW,1,0.0,0.6973452123013844,17.43363030753461,1.0,0.0,2,False,83.33333333333334,False,False,57.14285714285714,0.8571428571428572,85.71428571428572,37.53034203620855,LOW,1,LOW,"LOW (driven by pattern+cr_profile; price_level=NORMAL, pattern_level=LOW, cr_profile_level=LOW)",1,"The transaction appears to be a benign outlier as the price level is normal, and the trade pattern and CR profile levels are low but not indicative of any significant risk. The declared unit price of 0.401 BHD per liter for gas oils is consistent with market trends in 2020, and the transaction involves a re-export from Bahrain to the US, which is not unusual for this trader. Additionally, there are no significant anomalies in the price or trading patterns.",benign_outlier,FALSE_POSITIVE,"The transaction shows no significant anomalies in price or trading patterns, and the price is consistent with market norms, indicating it is likely a false positive.",high,Monitor future transactions from this trader for any emerging patterns.
2020-2801-5-10669-1,2020-2801-5-10669,2020-07-09,2020,2020-07,2710192100,271019210000,271019,27,Gas oils for diesel engines,Gas oils for diesel engines,CR_HASH_006,Import,IM,JP,JP,BH,JP,JP,BH,JP,LTR,15468.1,1.5582301640149727,price_per_liter_gross_weight,24102.86,64103.36,2.14,14638.66,15468.1,0.9393156772226132,0.2635559281187505,0.0710560088433533,0.1979668243457394,0.3363424368265587,0.1383756124808193,-0.0095965943754896,0.5439058555477878,True,6.414569489845658,6.414569489845658,HIGH,7.0,0.0073375262054507,4.9147535223929735,41.6029195353019,5.0,0.0052410901467505,5.251225759014186,47.13660531805522,6.0,1.1666666666666667,0.408248290463863,2.0,1.7142857142857142,45.45454545454546,44.117453447152094,NORMAL,0,0.0,8.417577321420438,100.0,1.0,0.0,3,False,75.0,False,False,85.71428571428572,0.8571428571428572,85.71428571428572,73.57142857142858,LOW,1,HIGH,"HIGH (driven by price+cr_profile; price_level=HIGH, pattern_level=NORMAL, cr_profile_level=LOW)",1,"The transaction shows a significantly high declared unit price of 1.56 BHD per liter for gas oils, which is far above the peer median price of 0.26 BHD, resulting in a robust Z-score of 6.41 indicating over-invoicing. Additionally, the trader's price severity score is at 100, suggesting this price is highly unusual compared to their historical pricing. Given the context of the date in 2020, this price anomaly raises concerns about potential over-invoicing.",over_invoicing,TRUE_POSITIVE,"The high robust Z-score and the trader's price severity indicate a strong likelihood of over-invoicing, making this a genuine risk that requires further investigation.",high,Conduct a detailed review of the trader's pricing history and request additional documentation to justify the high unit price.
2020-2701-7-10059-1,2020-2701-7-10059,2020-07-10,2020,2020-07,102211000,102211000000,102211,10,"Live cattle, pure-bred breeding","Live cattle, pure-bred breeding",CR_HASH_021,Re-export,EX,BH,BH,IN,BH,BH,IN,IN,NMB,0.95,9955.0,price_per_item,9457.25,25152.27,0.95,346.64,412.93,9.205930663487482,9.549317841384951,0.6971436999939566,8.846103941045365,10.18755556601122,1.3414516249658544,6.833926503596584,12.19973300346,False,-0.3322291780254165,0.3322291780254165,NORMAL,3.0,0.0031446540880503,5.762051382780177,67.03046630801344,3.0,0.0031446540880503,5.762051382780177,63.915119328547,3.0,1.0,0.0,1.0,1.0,0.0,55.88552491899817,LOW,1,0.0,-0.5091415764622663,12.72853941155666,1.0,0.0,3,False,75.0,False,True,91.66666666666666,0.7692307692307692,76.92307692307692,52.75627084532688,LOW,1,LOW,"LOW (driven by pattern+cr_profile; price_level=NORMAL, pattern_level=LOW, cr_profile_level=LOW)",1,"The transaction involves a re-export of live cattle with a declared unit price of 9955 BHD, which is significantly higher than the peer median price of approximately 9.55 BHD. However, the price anomaly signals indicate a normal price level, and the trade pattern and CR profile levels are low, suggesting that this transaction does not exhibit strong anomalies. The trader has previously engaged in similar transactions, although this specific combination of product and partner is a first-time occurrence.",benign_outlier,FALSE_POSITIVE,"The price level is normal despite the high declared unit price, and the overall composite score is low, indicating that this transaction is likely a benign outlier rather than a genuine risk.",medium,Monitor future transactions from this trader for similar patterns.
2020-2801-8-10926-1,2020-2801-8-10926,2020-07-12,2020,2020-07,1006301000,100630100000,100630,10,Long-grain milled rice,Long-grain milled rice,CR_HASH_043,Re-export,EX,BH,BH,SA,BH,BH,SA,SA,KGM,1465.38,0.4963217731919365,price_per_kg,727.3,1934.3,2.31,1465.38,1654.73,0.4030099454559991,0.2942812331971436,0.0786514342671003,0.2366195387420564,0.3954409430566458,0.1588214043145894,-0.0016125677298277,0.63367304952853,False,0.932424340277594,0.932424340277594,NORMAL,1.0,0.0010482180293501,6.860663671448286,100.0,1.0,0.0010482180293501,6.860663671448286,100.0,1.0,1.0,0.0,1.0,1.0,0.0,85.0,HIGH,1,0.0,0.7523235611229911,18.80808902807478,1.0,0.0,1,True,91.66666666666666,True,True,100.0,0.8666666666666667,86.66666666666667,78.9161644931595,MEDIUM,1,HIGH,"HIGH (driven by pattern+cr_profile; price_level=NORMAL, pattern_level=HIGH, cr_profile_level=MEDIUM)",1,"This transaction is flagged due to a high trade pattern score and unusual partner and route rarity, indicating that the trader is engaging in a re-export of long-grain milled rice to Saudi Arabia, which is uncommon for this trader. Additionally, this is the first time the trader has used this product and partner combination, raising concerns about potential misclassification or unusual trading behavior.",unusual_partner,TRUE_POSITIVE,"The combination of high partner rarity and first-time usage of both product and partner suggests a genuine risk, warranting further investigation despite the normal price level.",medium,Conduct a detailed review of the trader's past transactions and verify the legitimacy of the re-export to Saudi Arabia.
2020-2501-8-10521-1,2020-2501-8-10521,2020-07-12,2020,2020-07,2710192100,271019210000,271019,27,Gas oils for diesel engines,Gas oils for diesel engines,CR_HASH_011,Import,IM,DE,SA,BH,DE,SA,BH,DE,LTR,5302.15,0.4169591580773837,price_per_liter_gross_weight,2210.78,5879.74,3.91,4534.71,5302.15,0.348513137482561,0.2635559281187505,0.0710560088433533,0.1979668243457394,0.3363424368265587,0.1383756124808193,-0.0095965943754896,0.5439058555477878,False,0.8064462611900384,0.8064462611900384,NORMAL,4.0,0.0041928721174004,5.474369310328396,58.39708046469813,1.0,0.0010482180293501,6.860663671448286,100.0,4.0,1.0,0.0,1.0,1.0,0.0,64.19854023234906,LOW,1,0.0,0.8033493368199547,20.083733420498863,1.0,0.0,2,False,83.33333333333334,True,True,100.0,0.75,75.0,67.0293066971746,LOW,1,LOW,"LOW (driven by pattern+cr_profile; price_level=NORMAL, pattern_level=LOW, cr_profile_level=LOW)",1,"The transaction shows a normal price level with a declared unit price of 0.417 BHD per liter, which is consistent with the peer median price of 0.264 BHD. However, the trade pattern indicates a high route rarity score of 100, suggesting that this route is unusual for the trader, who is also engaging with a new partner for the first time. This combination of factors raises some concerns about the legitimacy of the transaction.",unusual_partner,TRUE_POSITIVE,"The unusual partner and route rarity, combined with the trader's low profile level, suggest potential risks that warrant further scrutiny despite the normal price level.",medium,Conduct a deeper investigation into the trader's relationship with the new partner and the legitimacy of the trade route.
2020-2601-3-10064-1,2020-2601-3-10064,2020-07-13,2020,2020-07,6109100000,610910000000,610910,61,Cotton t-shirts,Cotton t-shirts,CR_HASH_025,Import,IM,CN,JP,BH,CN,JP,BH,CN,NMB,1.94,436.3556701030928,price_per_item,846.53,2251.41,1.94,248.01,283.93,6.080746754462497,4.644105600231562,0.7882174659262975,3.892722458934984,5.444558727344917,1.5518362684099332,1.5649680563200845,7.772313129959818,False,1.229357664732543,1.229357664732543,NORMAL,16.0,0.0167714884696016,4.088074949208505,16.794160929396217,1.0,0.0010482180293501,6.860663671448286,100.0,8.0,2.0,1.4142135623730951,5.0,2.5,95.45454545454548,57.71526228287993,LOW,1,17.150535162276228,3.389990668648978,100.0,0.6666666666666666,0.0,3,False,75.0,False,False,66.66666666666667,0.75,75.0,66.66666666666667,LOW,1,LOW,"LOW (driven by pattern+cr_profile; price_level=NORMAL, pattern_level=LOW, cr_profile_level=LOW)",1,"The transaction shows a declared unit price of BHD 436.36 for cotton t-shirts, which is significantly higher than the peer median price of BHD 4.64, indicating potential over-invoicing. However, the price anomaly score is within normal limits, and the trade pattern and CR profile levels are low, suggesting that this may not be a genuine risk. The unusual route from Japan to Bahrain also contributes to the complexity of the transaction.",over_invoicing,FALSE_POSITIVE,"The price level is classified as normal despite the high declared unit price, and both the trade pattern and CR profile levels are low, indicating that this transaction is likely a false positive rather than a genuine risk.",medium,Monitor future transactions from this trader for similar patterns.
2020-2501-2-10966-1,2020-2501-2-10966,2020-07-14,2020,2020-07,8471300000,847130000000,847130,84,Portable laptop computers,Portable laptop computers,CR_HASH_011,Import,IM,SA,JP,BH,SA,JP,BH,SA,NMB,2.41,4423.780082987551,price_per_item,10661.31,28354.56,2.41,39.33,45.0,8.39497585744713,8.71824987064452,0.6999612932513521,7.750041925937837,9.126895264901794,1.376853338963957,5.684761917491901,11.192175273347727,False,-0.3115105603450207,0.3115105603450207,NORMAL,12.0,0.0125786163522012,4.375757021660286,25.427546772711544,1.0,0.0010482180293501,6.860663671448286,100.0,7.0,1.7142857142857142,0.9511897312113418,3.0,1.75,47.727272727272734,54.87286429544668,LOW,1,0.0,-0.3005206106240433,7.513015265601084,1.0,0.0,1,True,91.66666666666666,False,True,88.88888888888889,1.0,100.0,64.8517775651826,LOW,1,LOW,"LOW (driven by pattern+cr_profile; price_level=NORMAL, pattern_level=LOW, cr_profile_level=LOW)",1,"The transaction shows a declared unit price of BHD 4423.78 for portable laptop computers, which is significantly higher than the peer median price of BHD 8.72, indicating potential over-invoicing. However, the price anomaly is classified as NORMAL, and the trade pattern and CR profile levels are both LOW, suggesting that while the price is high, it may not be unusual for this trader's specific circumstances. The trader is also using a first-time product and has a high partner rarity score, which could indicate a legitimate transaction despite the price anomaly.",over_invoicing,FALSE_POSITIVE,"The price anomaly is classified as NORMAL, and the overall composite score is LOW, indicating that the transaction does not present strong evidence of a genuine risk despite the high unit price.",medium,Monitor future transactions from this trader for consistency in pricing and product selection.
2020-2601-9-10583-1,2020-2601-9-10583,2020-07-14,2020,2020-07,1006301000,100630100000,100630,10,Long-grain milled rice,Long-grain milled rice,CR_HASH_038,Re-export,EX,BH,BH,AE,BH,BH,AE,AE,KGM,833.48,0.3083217353745741,price_per_kg,256.98,683.45,2.12,833.48,884.41,0.2687451978451163,0.2942812331971436,0.0786514342671003,0.2366195387420564,0.3954409430566458,0.1588214043145894,-0.0016125677298277,0.63367304952853,False,-0.2189892662366197,0.2189892662366197,NORMAL,5.0,0.0052410901467505,5.251225759014186,51.700506150822136,5.0,0.0052410901467505,5.251225759014186,47.13660531805522,4.0,1.25,0.5,2.0,1.6,38.181818181818194,48.07533766400312,LOW,1,0.0,-0.5217678408635663,13.044196021589158,1.0,0.0,2,False,83.33333333333334,False,True,66.66666666666667,0.75,75.0,46.23213527422287,LOW,1,LOW,"LOW (driven by pattern+cr_profile; price_level=NORMAL, pattern_level=LOW, cr_profile_level=LOW)",1,"The transaction involves the re-export of long-grain milled rice from Bahrain to the UAE, with a declared unit price that is consistent with market norms (Z-score of -0.22 indicates normal pricing). The trade pattern and CR profile scores are low, suggesting that while this transaction is not typical for the trader, it does not raise significant red flags. The combination of these factors indicates that this transaction is likely a benign outlier rather than a genuine risk.",benign_outlier,FALSE_POSITIVE,"The price level is normal, and both the trade pattern and CR profile scores are low, indicating that there is no significant risk associated with this transaction despite its atypical nature for the trader.",high,Monitor future transactions from this trader for any patterns of concern.
2020-2801-3-10380-1,2020-2801-3-10380,2020-07-17,2020,2020-07,6109100000,610910000000,610910,61,Cotton t-shirts,Cotton t-shirts,CR_HASH_004,Import,IM,CN,CN,BH,CN,CN,BH,CN,NMB,2.53,21.897233201581027,price_per_item,55.4,147.35,2.53,31.17,37.08,3.131016082369104,4.644105600231562,0.7882174659262975,3.892722458934984,5.444558727344917,1.5518362684099332,1.5649680563200845,7.772313129959818,False,-1.2947757975139222,1.2947757975139222,NORMAL,16.0,0.0167714884696016,4.088074949208505,16.794160929396217,13.0,0.0136268343815513,4.29571431398675,15.75199690827349,8.0,2.0,1.4142135623730951,5.0,2.5,95.45454545454548,28.228461200775648,NORMAL,0,0.0,-0.862973926187278,21.57434815468195,1.0,0.0,1,True,91.66666666666666,True,True,100.0,1.0,100.0,82.55102185413868,MEDIUM,1,LOW,"LOW (driven by cr_profile; price_level=NORMAL, pattern_level=NORMAL, cr_profile_level=MEDIUM)",1,"The transaction shows a declared unit price of approximately 21.90 BHD for cotton t-shirts, which is significantly higher than the peer median price of 4.64 BHD, indicating potential over-invoicing. However, the price anomaly score is not extreme, and the price level is classified as NORMAL. Additionally, this is the first time the trader has imported this product and partner, which may suggest a lack of historical context rather than a deliberate misrepresentation.",over_invoicing,FALSE_POSITIVE,"While the unit price is high compared to the median, the overall price anomaly score is not extreme, and the trade pattern is normal. The first-time nature of the product and partner suggests this could be a benign outlier rather than a deliberate attempt to over-invoice.",medium,Monitor future transactions from this trader for consistency in pricing and product classification.
2020-2701-6-10026-1,2020-2701-6-10026,2020-07-19,2020,2020-07,6109100000,610910000000,610910,61,Cotton t-shirts,Cotton t-shirts,CR_HASH_040,Import,IM,US,US,BH,US,US,BH,US,NMB,4.64,122.0,price_per_item,566.08,1505.52,4.64,394.21,444.24,4.812184355372418,4.644105600231562,0.7882174659262975,3.892722458934984,5.444558727344917,1.5518362684099332,1.5649680563200845,7.772313129959818,False,0.1438277786367107,0.1438277786367107,NORMAL,13.0,0.0136268343815513,4.29571431398675,23.025452080470465,11.0,0.0115303983228511,4.462768398649916,21.2390343034744,10.0,1.3,0.4830458915396479,2.0,1.5384615384615383,34.26573426573426,24.08624818631141,NORMAL,0,0.0,0.2294178094878985,5.735445237197464,1.0,0.0,1,True,91.66666666666666,True,True,100.0,1.0,100.0,77.0074058330191,MEDIUM,1,LOW,"LOW (driven by cr_profile; price_level=NORMAL, pattern_level=NORMAL, cr_profile_level=MEDIUM)",1,"The transaction shows a declared unit price of 122 BHD for cotton t-shirts, which is significantly higher than the peer median price of approximately 4.64 BHD. However, the price anomaly score is normal, and the trade pattern is also typical for this trader. The high CR Profile Score indicates that this is the first time the trader is using this product and partner combination, which may explain the unusual pricing without indicating a genuine risk.",benign_outlier,FALSE_POSITIVE,"The price level is normal, and while the trader's profile shows some unusual aspects, they do not indicate a genuine risk given the context of first-time use of the product and partner.",medium,Monitor future transactions from this trader for consistency in pricing and product selection.
2020-2701-8-10580-1,2020-2701-8-10580,2020-07-19,2020,2020-07,8517120000,851712000000,851712,85,Cellular telephones,Cellular telephones,CR_HASH_037,Import,IM,IN,IN,BH,IN,IN,BH,IN,NMB,0.68,40523.75,price_per_item,27556.15,73287.64,0.68,268.74,316.1,10.609668177553386,9.1609472788485,0.7778458576033893,8.086449359029473,9.737226953131788,1.6507775941023135,5.610282967876002,12.213393344285258,False,1.256224288765585,1.256224288765585,NORMAL,9.0,0.0094339622641509,4.663439094112067,34.06093261602687,8.0,0.0083857442348008,4.781222129768451,31.698925390914116,6.0,1.5,0.5477225575051662,2.0,1.3333333333333333,21.21212121212121,31.30690837665156,NORMAL,0,0.0,3.494390712742561,87.35976781856402,1.0,0.0,1,True,91.66666666666666,False,True,72.22222222222221,1.0,100.0,88.63147429205296,HIGH,1,HIGH,"HIGH (driven by cr_profile; price_level=NORMAL, pattern_level=NORMAL, cr_profile_level=HIGH)",1,"The transaction shows an unusually high declared unit price of 40,523.75 BHD for cellular telephones, which is significantly above the peer median price of 9.16 BHD. This is compounded by the trader's high price severity score of 87.36, indicating that this price is far from their historical norms. Additionally, this is the first time the trader has imported this product, which raises concerns about potential misclassification or over-invoicing.",over_invoicing,TRUE_POSITIVE,"The combination of a high CR price severity and the first-time import of this product strongly indicates a risk of over-invoicing, warranting further investigation.",high,Conduct a detailed review of the invoice and product specifications to verify the legitimacy of the declared price.
2020-2501-2-10364-1,2020-2501-2-10364,2020-07-21,2020,2020-07,3923301000,392330100000,392330,39,Plastic bottles for packaging,Plastic bottles for packaging,CR_HASH_016,Re-export,EX,BH,BH,SA,BH,BH,SA,SA,NMB,2.62,0.7328244274809159,price_per_item,1.92,5.1,2.62,161.43,183.92,0.5497526942802511,2.008077055471865,0.7629623078147538,1.1201351912780924,2.51712417371907,1.3969889824409778,-0.9753482823833745,4.612607647380537,False,-1.2892200517226275,1.2892200517226275,NORMAL,3.0,0.0031446540880503,5.762051382780177,67.03046630801344,3.0,0.0031446540880503,5.762051382780177,63.915119328547,3.0,1.0,0.0,1.0,1.0,0.0,55.88552491899817,LOW,1,0.0,-0.7742297496415865,19.355743741039664,1.0,0.0,2,False,83.33333333333334,False,True,75.0,0.9166666666666666,91.66666666666666,53.85784364269722,LOW,1,LOW,"LOW (driven by pattern+cr_profile; price_level=NORMAL, pattern_level=LOW, cr_profile_level=LOW)",1,"The transaction shows a declared unit price of approximately 0.73 BHD for plastic bottles, which is significantly lower than the peer median price of 2.01 BHD, indicating potential under-invoicing. However, the price anomaly score is within a normal range, and the trade pattern and CR profile levels are low, suggesting that this transaction may not pose a significant risk despite the price discrepancy.",under_invoicing,FALSE_POSITIVE,"The price level is normal, and while there is a low trade pattern score, the overall composite level is low, indicating that the anomaly may not reflect a genuine risk at this time.",medium,Monitor future transactions from this trader for similar pricing patterns.
2020-2801-8-10840-1,2020-2801-8-10840,2020-07-21,2020,2020-07,9018390000,901839000000,901839,90,Medical syringes and needles,Medical syringes and needles,CR_HASH_003,Import,IM,JP,JP,BH,JP,JP,BH,JP,NMB,1.29,3.069767441860465,price_per_item,3.96,10.54,1.29,75.0,83.29,1.4035858582299516,1.1592369104845446,0.5792846449150362,0.6041021775947832,1.748109664393657,1.1440074867988734,-1.111909052603527,3.464120894591967,False,0.2845079854762581,0.2845079854762581,NORMAL,2.0,0.0020964360587002,6.1675164908883415,79.19854023234907,2.0,0.0020964360587002,6.1675164908883415,77.23297513030472,2.0,1.0,0.0,1.0,1.0,0.0,66.6308114117812,LOW,1,0.0,0.1648141059808703,4.120352649521759,1.0,0.0,1,True,91.66666666666666,True,True,100.0,1.0,100.0,76.44212342733262,MEDIUM,1,MEDIUM,"MEDIUM (driven by pattern+cr_profile; price_level=NORMAL, pattern_level=LOW, cr_profile_level=MEDIUM)",1,"This transaction is flagged due to the combination of a medium CR profile level and a low trade pattern level, indicating unusual trading behavior for this trader. The trader is importing medical syringes and needles for the first time from a partner that is also new to them, which raises concerns about the legitimacy of the transaction despite the normal price level. The declared unit price is significantly higher than the peer median price, which could suggest potential misclassification or over-invoicing.",unusual_partner,TRUE_POSITIVE,"The combination of first-time product and partner, along with the medium CR profile level, suggests that this transaction may not align with the trader's typical behavior, warranting further investigation.",medium,Conduct a detailed review of the trader's history and the legitimacy of the new partner before allowing the transaction.
2020-2601-4-10822-1,2020-2601-4-10822,2020-07-22,2020,2020-07,102211000,102211000000,102211,10,"Live cattle, pure-bred breeding","Live cattle, pure-bred breeding",CR_HASH_006,Import,IM,US,US,BH,US,US,BH,US,NMB,4.8,2005.4937500000003,price_per_item,9626.37,25602.06,4.8,85.04,90.79,7.604144074825469,10.013369334439131,0.6855679350518233,9.327801399387308,10.638440798004725,1.3106393986174147,7.361842301461186,12.604399895930843,False,-2.370297810069223,2.370297810069223,LOW,10.0,0.010482180293501,4.558078578454241,30.899046383171186,7.0,0.0073375262054507,4.9147535223929735,36.08488067145304,7.0,1.4285714285714286,0.7867957924694432,3.0,2.1,70.00000000000001,38.57923142659416,NORMAL,0,0.0,-1.01659087702011,25.414771925502748,1.0,0.0,2,False,83.33333333333334,False,True,73.33333333333334,0.8,80.0,53.2285035072593,LOW,1,LOW,"LOW (driven by price+cr_profile; price_level=LOW, pattern_level=NORMAL, cr_profile_level=LOW)",1,"The transaction shows a declared unit price of approximately 2005.49 BHD for live cattle, which is significantly higher than the peer median price of 10.01 BHD, resulting in a robust Z-score of -2.37 indicating potential under-invoicing. However, the price level is classified as LOW, and the trade pattern appears normal with no unusual partners or routes. Given the context of the transaction date in 2020, this price may reflect market conditions at that time.",under_invoicing,FALSE_POSITIVE,"The high declared unit price is likely a false positive due to the low price level and normal trade pattern, suggesting that the trader's pricing may align with specific market conditions rather than indicative of a genuine risk.",medium,Monitor future transactions from this trader for similar pricing patterns.
2020-2601-5-10492-1,2020-2601-5-10492,2020-07-23,2020,2020-07,8703221000,870322100000,870322,87,Passenger cars 1000-1500cc,Passenger cars 1000-1500cc,CR_HASH_017,Re-export,EX,BH,BH,IN,BH,BH,IN,IN,NMB,3.75,55730.328,price_per_item,208988.73,555821.1,3.75,352.97,385.41,10.928297709456055,12.004283802979176,0.6624296738554509,11.2719045323345,12.594725507248622,1.3228209749141229,9.287673069963317,14.578956969619806,False,-1.0955769435609988,1.0955769435609988,NORMAL,4.0,0.0041928721174004,5.474369310328396,58.39708046469813,4.0,0.0041928721174004,5.474369310328396,54.46595026060942,4.0,1.0,0.0,1.0,1.0,0.0,48.26162282356236,LOW,1,0.0,-0.8795578313669071,21.98894578417268,1.0,0.0,1,True,91.66666666666666,False,True,92.85714285714286,1.0,100.0,70.91041673874615,LOW,1,LOW,"LOW (driven by pattern+cr_profile; price_level=NORMAL, pattern_level=LOW, cr_profile_level=LOW)",1,"The transaction involves the re-export of passenger cars from Bahrain to India, with a declared unit price that is significantly higher than the peer median price, indicating potential over-invoicing. However, the price anomaly score is normal, and the trade pattern and CR profile levels are low, suggesting that this may not be a genuine risk. The trader is also using a first-time product and a combination that is unusual for them, which adds to the complexity of the analysis.",over_invoicing,FALSE_POSITIVE,"The price level is normal despite the high unit price, and the overall composite score is low, indicating that the flagged anomaly may not represent a genuine risk but rather a benign outlier in the context of this trader's history.",medium,Monitor future transactions from this trader for similar patterns and verify the pricing with market data.
2020-2601-9-10134-1,2020-2601-9-10134,2020-07-23,2020,2020-07,1006301000,100630100000,100630,10,Long-grain milled rice,Long-grain milled rice,CR_HASH_022,Import,IM,US,US,BH,US,US,BH,US,KGM,1862.36,0.2443995790287592,price_per_kg,455.16,1210.53,3.25,1862.36,1960.63,0.2186531477487444,0.3286983897813914,0.0676786910787625,0.270176176769005,0.3986012849866289,0.1284251082176239,0.0775385144425691,0.5912389473130648,False,-1.0967188888006916,1.0967188888006916,NORMAL,8.0,0.0083857442348008,4.781222129768451,37.59562069704717,7.0,0.0073375262054507,4.9147535223929735,36.08488067145304,5.0,1.6,0.5477225575051662,2.0,1.25,15.909090909090912,33.81388221989579,NORMAL,0,0.0,-1.0183472178315598,25.458680445789,1.0,0.0,1,True,91.66666666666666,True,True,100.0,0.8571428571428572,85.71428571428572,81.05339529888329,MEDIUM,1,LOW,"LOW (driven by cr_profile; price_level=NORMAL, pattern_level=NORMAL, cr_profile_level=MEDIUM)",1,"This transaction is flagged due to the trader's unusual partner and product combination, as indicated by the high CR Partner Rarity score of 100. However, the price level is normal, and the robust Z-score indicates no significant under-invoicing. Given that this is the first time the trader is using this product and partner, it suggests a benign outlier rather than a genuine risk.",unusual_partner,FALSE_POSITIVE,"The high rarity scores suggest an unusual combination, but the normal price level and absence of significant anomalies in other dimensions indicate this is likely a false positive.",medium,Monitor future transactions from this trader for consistency in product and partner usage.
2020-2501-6-10248-1,2020-2501-6-10248,2020-07-24,2020,2020-07,3923301000,392330100000,392330,39,Plastic bottles for packaging,Plastic bottles for packaging,CR_HASH_030,Import,IM,AE,AE,BH,AE,AE,BH,AE,NMB,1.35,14.74074074074074,price_per_item,19.9,52.92,1.35,571.84,601.04,2.756252302920088,1.6841288050356895,0.6442087840607709,1.0864174155799162,2.3469388358112164,1.2605214202313002,-0.8043647147670341,4.237720966158166,False,1.122520229827439,1.122520229827439,NORMAL,13.0,0.0136268343815513,4.29571431398675,23.025452080470465,11.0,0.0115303983228511,4.462768398649916,21.2390343034744,7.0,1.8571428571428568,1.2149857925879115,4.0,2.1538461538461537,73.42657342657343,29.960374060437285,NORMAL,0,0.0,2.142431510896615,53.560787772415374,1.0,0.0,2,False,83.33333333333334,True,True,100.0,0.9090909090909092,90.9090909090909,81.92809390216357,MEDIUM,1,LOW,"LOW (driven by cr_profile; price_level=NORMAL, pattern_level=NORMAL, cr_profile_level=MEDIUM)",1,"The transaction shows a declared unit price of 14.74 BHD for plastic bottles, which is significantly higher than the peer median price of 1.68 BHD, indicating potential over-invoicing. However, the price anomaly score is within the normal range, and the trade pattern and CR profile levels are also normal, suggesting that this may be a benign outlier rather than a genuine risk.",over_invoicing,FALSE_POSITIVE,"The price level is categorized as normal despite the high declared unit price, and the overall composite score is low, indicating that this transaction does not present a significant risk.",medium,Monitor future transactions from this trader for similar pricing patterns.
2020-2501-6-10659-1,2020-2501-6-10659,2020-07-26,2020,2020-07,2710192100,271019210000,271019,27,Gas oils for diesel engines,Gas oils for diesel engines,CR_HASH_045,Import,IM,JP,IN,BH,JP,IN,BH,JP,LTR,6864.78,0.1695393006039523,price_per_liter_gross_weight,1163.85,3095.34,2.49,6322.1,6864.78,0.1566099110982114,0.2635559281187505,0.0710560088433533,0.1979668243457394,0.3363424368265587,0.1383756124808193,-0.0095965943754896,0.5439058555477878,False,-1.0151724170464411,1.0151724170464411,NORMAL,7.0,0.0073375262054507,4.9147535223929735,41.6029195353019,1.0,0.0010482180293501,6.860663671448286,100.0,6.0,1.1666666666666667,0.408248290463863,2.0,1.7142857142857142,45.45454545454546,62.61964158583277,LOW,1,0.0,-0.8738923423069023,21.847308557672555,1.0,0.0,2,False,83.33333333333334,True,True,100.0,0.8333333333333334,83.33333333333334,69.31322466185206,LOW,1,LOW,"LOW (driven by pattern+cr_profile; price_level=NORMAL, pattern_level=LOW, cr_profile_level=LOW)",1,"The transaction shows a normal price level with a robust Z-score of -1.01, indicating no significant under-invoicing. However, the trade pattern reveals a high route rarity score of 100, suggesting that this route is uncommon for this trader, combined with a first-time partner, which raises some concern about the legitimacy of the transaction. The overall composite score is low, indicating that while there are some unusual aspects, they do not strongly indicate a risk.",unusual_partner,FALSE_POSITIVE,"The price and trade pattern dimensions do not provide strong evidence of risk, and the unusual partner aspect alone does not warrant a high risk classification.",medium,Monitor future transactions involving this partner for any patterns of concern.
2020-2501-9-10177-1,2020-2501-9-10177,2020-07-28,2020,2020-07,6109100000,610910000000,610910,61,Cotton t-shirts,Cotton t-shirts,CR_HASH_011,Import,IM,JP,DE,BH,JP,DE,BH,JP,NMB,2.74,178.5875912408759,price_per_item,489.33,1301.4,2.74,794.89,900.48,5.190663062394763,4.644105600231562,0.7882174659262975,3.892722458934984,5.444558727344917,1.5518362684099332,1.5649680563200845,7.772313129959818,False,0.4676982859277676,0.4676982859277676,NORMAL,6.0,0.0062893081761006,5.068904202220232,46.22900654036249,1.0,0.0010482180293501,6.860663671448286,100.0,4.0,1.5,1.0,3.0,2.0,63.63636363636365,67.65995781563579,LOW,1,0.0,0.7950977869502173,19.87744467375543,1.0,0.0,1,True,91.66666666666666,True,True,100.0,1.0,100.0,81.9571056358144,MEDIUM,1,MEDIUM,"MEDIUM (driven by pattern+cr_profile; price_level=NORMAL, pattern_level=LOW, cr_profile_level=MEDIUM)",1,"This transaction shows a high declared unit price for cotton t-shirts at approximately 178.59 BHD per item, which is significantly above the peer median price of 4.64 BHD. However, the price anomaly score is normal, and the trade pattern indicates a rare route from Japan to Bahrain, which could be legitimate. The trader is also engaging with a first-time product and partner, contributing to the medium risk level.",over_invoicing,TRUE_POSITIVE,"The high declared unit price compared to the peer median suggests potential over-invoicing, especially given the trader's first-time engagement with this product and partner, warranting further investigation.",medium,Conduct a detailed review of the trader's past transactions and the legitimacy of the pricing for similar goods.
2020-2501-5-10793-1,2020-2501-5-10793,2020-07-29,2020,2020-07,8471300000,847130000000,847130,84,Portable laptop computers,Portable laptop computers,CR_HASH_028,Import,IM,US,SA,BH,US,SA,BH,US,NMB,4.43,2713.1828442437923,price_per_item,12019.4,31966.5,4.43,1029.3,1188.51,7.906246208885931,8.71824987064452,0.6999612932513521,7.750041925937837,9.126895264901794,1.376853338963957,5.684761917491901,11.192175273347727,False,-0.7824560754970991,0.7824560754970991,NORMAL,12.0,0.0125786163522012,4.375757021660286,25.427546772711544,1.0,0.0010482180293501,6.860663671448286,100.0,9.0,1.3333333333333333,0.5,2.0,1.5,31.818181818181824,52.48650065908304,LOW,1,0.0,-0.5647282690952881,14.1182067273822,1.0,0.0,2,False,83.33333333333334,False,False,80.0,0.9,90.0,42.94137235458377,LOW,1,LOW,"LOW (driven by pattern+cr_profile; price_level=NORMAL, pattern_level=LOW, cr_profile_level=LOW)",1,"The transaction shows a declared unit price of approximately 2713 BHD for portable laptop computers, which is significantly higher than the peer median price of 8.72 BHD. However, the robust Z-score indicates that this price is not anomalous, suggesting that the trader may have a valid reason for the high price. The trade pattern and CR profile levels are both low, indicating that there are no significant deviations from the trader's usual behavior or trading patterns.",benign_outlier,FALSE_POSITIVE,"The price level is normal and the robust Z-score indicates no significant under-invoicing or over-invoicing, suggesting that this transaction is likely a benign outlier rather than a genuine risk.",high,Monitor future transactions from this trader for any patterns of unusual pricing.
2020-2801-5-10734-1,2020-2801-5-10734,2020-07-29,2020,2020-07,8471300000,847130000000,847130,84,Portable laptop computers,Portable laptop computers,CR_HASH_046,Import,IM,IN,IN,BH,IN,IN,BH,IN,NMB,1.41,586.7872340425532,price_per_item,827.37,2200.44,1.41,19.43,22.42,6.376365035549847,8.71824987064452,0.6999612932513521,7.750041925937837,9.126895264901794,1.376853338963957,5.684761917491901,11.192175273347727,False,-2.2566671846846096,2.2566671846846096,LOW,5.0,0.0052410901467505,5.251225759014186,51.700506150822136,3.0,0.0031446540880503,5.762051382780177,63.915119328547,5.0,1.0,0.0,1.0,1.0,0.0,48.22054484040252,LOW,1,0.0,-0.8623042708511338,21.557606771278344,1.0,0.0,3,False,75.0,False,True,86.66666666666667,0.875,87.5,56.71182903661409,LOW,1,LOW,"LOW (driven by price+pattern+cr_profile; price_level=LOW, pattern_level=LOW, cr_profile_level=LOW)",1,"The transaction shows a declared unit price of BHD 586.79 for a portable laptop computer, which is significantly higher than the peer median price of BHD 8.72, resulting in a robust Z-score of -2.26 indicating potential under-invoicing. However, the overall anomaly scores across price, trade pattern, and CR profile dimensions are low, suggesting that this may be a benign outlier rather than a genuine risk.",under_invoicing,FALSE_POSITIVE,"Despite the negative Z-score indicating under-invoicing, the low scores across all dimensions suggest that this transaction does not present a significant risk and may be a one-off anomaly.",medium,Monitor future transactions from this trader for similar pricing patterns.
2020-2801-4-10680-1,2020-2801-4-10680,2020-07-30,2020,2020-07,8471300000,847130000000,847130,84,Portable laptop computers,Portable laptop computers,CR_HASH_030,Import,IM,DE,AE,BH,DE,AE,BH,DE,NMB,3.47,2118.92795389049,price_per_item,7352.68,19554.99,3.47,717.79,834.01,7.659137383074668,8.71824987064452,0.6999612932513521,7.750041925937837,9.126895264901794,1.376853338963957,5.684761917491901,11.192175273347727,False,-1.0205729845344638,1.0205729845344638,NORMAL,5.0,0.0052410901467505,5.251225759014186,51.700506150822136,1.0,0.0010482180293501,6.860663671448286,100.0,3.0,1.6666666666666667,1.1547005383792517,3.0,1.7999999999999998,50.90909090909091,68.4866167117747,LOW,1,0.0,-0.6381819444940415,15.954548612351038,1.0,0.0,3,False,75.0,False,False,81.81818181818181,0.8333333333333334,83.33333333333334,42.70530413553499,LOW,1,LOW,"LOW (driven by pattern+cr_profile; price_level=NORMAL, pattern_level=LOW, cr_profile_level=LOW)",1,"The transaction shows a declared unit price of approximately 2119 BHD for portable laptop computers, which is significantly higher than the peer median price of 8.72 BHD. However, the price anomaly score is normal, indicating that the price is not unusually high or low compared to the market. The trade pattern shows a high route rarity score, suggesting that this specific route is uncommon, but the overall trade pattern score is moderate, indicating that the transaction is not highly suspicious.",benign_outlier,FALSE_POSITIVE,"The price level is normal and does not indicate under or over-invoicing, while the trade pattern and CR profile levels are low but not alarming, suggesting this transaction is likely a benign outlier rather than a genuine risk.",medium,Monitor future transactions from this trader for similar patterns.
2020-2501-6-10289-1,2020-2501-6-10289,2020-07-30,2020,2020-07,102211000,102211000000,102211,10,"Live cattle, pure-bred breeding","Live cattle, pure-bred breeding",CR_HASH_011,Import,IM,SA,SA,BH,SA,SA,BH,SA,NMB,0.82,86064.28048780489,price_per_item,70572.71,187693.38,0.82,689.18,783.73,11.362861362723184,10.013369334439131,0.6855679350518233,9.327801399387308,10.638440798004725,1.3106393986174147,7.361842301461186,12.604399895930843,False,1.3276873910331235,1.3276873910331235,NORMAL,7.0,0.0073375262054507,4.9147535223929735,41.6029195353019,5.0,0.0052410901467505,5.251225759014186,47.13660531805522,4.0,1.75,0.5,2.0,1.1428571428571428,9.090909090909088,38.66290799260664,NORMAL,0,0.0,4.061641892330672,100.0,1.0,0.0,1,True,91.66666666666666,False,True,81.81818181818181,1.0,100.0,95.45454545454544,HIGH,1,HIGH,"HIGH (driven by cr_profile; price_level=NORMAL, pattern_level=NORMAL, cr_profile_level=HIGH)",1,"This transaction is flagged due to a high CR Profile Score, indicating significant deviation from the trader's historical behavior, particularly in price. The declared unit price of BHD 86064.28 for live cattle is extraordinarily high compared to the peer median price of BHD 10.01, suggesting potential over-invoicing. Additionally, this is the first time the trader is importing this product, which raises concerns about the legitimacy of the transaction.",over_invoicing,TRUE_POSITIVE,"The high CR Price Severity and the first-time import of this product strongly indicate a risk of over-invoicing, corroborated by the significant price discrepancy with the peer median.",high,Conduct a detailed investigation into the trader's past transactions and the legitimacy of the pricing for this product.
2020-2701-3-10499-1,2020-2701-3-10499,2020-07-31,2020,2020-07,8471300000,847130000000,847130,84,Portable laptop computers,Portable laptop computers,CR_HASH_017,Import,IM,SA,IN,BH,SA,IN,BH,SA,NMB,3.12,6627.778846153846,price_per_item,20678.67,54996.45,3.12,787.4,871.04,8.79917588011509,8.71824987064452,0.6999612932513521,7.750041925937837,9.126895264901794,1.376853338963957,5.684761917491901,11.192175273347727,False,0.0779812342703557,0.0779812342703557,NORMAL,12.0,0.0125786163522012,4.375757021660286,25.427546772711544,2.0,0.0020964360587002,6.1675164908883415,77.23297513030472,7.0,1.7142857142857142,0.9511897312113418,3.0,1.75,47.727272727272734,46.90440559105333,LOW,1,0.0,0.010630274924567,0.2657568731141765,1.0,0.0,3,False,75.0,False,True,86.66666666666667,0.8666666666666667,86.66666666666667,49.09301490558997,LOW,1,LOW,"LOW (driven by pattern+cr_profile; price_level=NORMAL, pattern_level=LOW, cr_profile_level=LOW)",1,"The transaction shows a declared unit price of approximately 6627.78 BHD for portable laptop computers, which is significantly higher than the peer median price of 8.72 BHD. However, the price anomaly score is normal, indicating no under- or over-invoicing. The trade pattern and CR profile levels are both low, suggesting that while the partner and route are somewhat unusual, they do not present a strong risk.",benign_outlier,FALSE_POSITIVE,"The price level is normal and does not indicate any pricing anomalies, while the trade pattern and CR profile scores are low but not alarming, suggesting this is likely a benign outlier rather than a genuine risk.",medium,Monitor future transactions from this trader for consistency in pricing and partner usage.
2020-2701-3-10243-1,2020-2701-3-10243,2020-08-02,2020,2020-08,6109100000,610910000000,610910,61,Cotton t-shirts,Cotton t-shirts,CR_HASH_018,Re-export,EX,BH,BH,CN,BH,BH,CN,CN,NMB,0.55,422.7636363636364,price_per_item,232.52,618.4,0.55,553.1,594.29,6.049175838386059,4.610526181303967,0.7708500247178713,3.916293548711598,5.585818334387825,1.6695247856762268,1.412006370197258,8.090105512902165,False,1.2588128283205169,1.2588128283205169,NORMAL,5.0,0.0052410901467505,5.251225759014186,51.700506150822136,5.0,0.0052410901467505,5.251225759014186,47.13660531805522,3.0,1.6666666666666667,1.1547005383792517,3.0,1.7999999999999998,50.90909090909091,49.98442857309403,LOW,1,0.0,3.308547054212821,82.71367635532052,1.0,0.0,2,False,83.33333333333334,False,True,80.0,0.9,90.0,76.94978672436218,MEDIUM,1,MEDIUM,"MEDIUM (driven by pattern+cr_profile; price_level=NORMAL, pattern_level=LOW, cr_profile_level=MEDIUM)",1,"The transaction shows a high declared unit price for cotton t-shirts at approximately BHD 422.76, which is significantly above the peer median price of BHD 4.61. However, the price anomaly score is within normal limits, and the trade pattern and CR profile levels indicate some unusual behavior, particularly as this is the first time the trader is using this specific product and partner combination. Given the context of the transaction and the price level, this flag is likely a false positive.",benign_outlier,FALSE_POSITIVE,"The price level is normal despite the high declared unit price, and the trade pattern and CR profile levels do not indicate significant risk, suggesting this is an isolated incident rather than a systemic issue.",medium,Monitor future transactions from this trader for similar patterns.
2020-2601-9-10636-1,2020-2601-9-10636,2020-08-04,2020,2020-08,6109100000,610910000000,610910,61,Cotton t-shirts,Cotton t-shirts,CR_HASH_041,Import,IM,SA,US,BH,SA,US,BH,SA,NMB,2.35,2.05531914893617,price_per_item,4.83,12.85,2.35,31.48,36.17,1.116884054904065,4.644105600231562,0.7882174659262975,3.892722458934984,5.444558727344917,1.5518362684099332,1.5649680563200845,7.772313129959818,True,-3.0183019811091185,3.0183019811091185,MEDIUM,14.0,0.0146750524109014,4.221606341833028,20.80145976765095,1.0,0.0010482180293501,6.860663671448286,100.0,8.0,1.75,0.8864052604279183,3.0,1.7142857142857142,45.45454545454546,52.2189117020073,LOW,1,0.0,-1.0699389850586998,26.74847462646749,1.0,0.0,1,True,91.66666666666666,True,True,100.0,1.0,100.0,84.36196611926363,MEDIUM,1,HIGH,"HIGH (driven by price+pattern+cr_profile; price_level=MEDIUM, pattern_level=LOW, cr_profile_level=MEDIUM)",1,"The transaction shows a significant under-invoicing issue, with a robust Z-score of -3.02 indicating a price well below the peer median for cotton t-shirts. Additionally, the trader is using a first-time product and partner, which raises concerns about the legitimacy of this transaction. The declared unit price of 2.06 BHD is substantially lower than the peer median of 4.64 BHD, suggesting potential misclassification or intent to evade duties.",under_invoicing,TRUE_POSITIVE,"The combination of a significant negative Z-score and the first-time use of both product and partner strongly indicates under-invoicing, warranting further scrutiny.",high,Conduct a detailed investigation into the trader's past transactions and verify the legitimacy of the declared goods.
2020-2701-2-10006-1,2020-2701-2-10006,2020-08-06,2020,2020-08,6109100000,610910000000,610910,61,Cotton t-shirts,Cotton t-shirts,CR_HASH_022,Import,IM,DE,DE,BH,DE,DE,BH,DE,NMB,0.58,416.0344827586208,price_per_item,241.3,641.76,0.58,1259.61,1474.57,6.033168910846684,4.644105600231562,0.7882174659262975,3.892722458934984,5.444558727344917,1.5518362684099332,1.5649680563200845,7.772313129959818,False,1.1886445147936795,1.1886445147936795,NORMAL,5.0,0.0052410901467505,5.251225759014186,51.700506150822136,5.0,0.0052410901467505,5.251225759014186,47.13660531805522,3.0,1.6666666666666667,1.1547005383792517,3.0,1.7999999999999998,50.90909090909091,49.98442857309403,LOW,1,0.0,3.232836652695048,80.82091631737619,1.0,0.0,1,True,91.66666666666666,True,True,100.0,1.0,100.0,100.0,HIGH,1,HIGH,"HIGH (driven by pattern+cr_profile; price_level=NORMAL, pattern_level=LOW, cr_profile_level=HIGH)",1,"This transaction is flagged due to a high CR Profile Score of 100, indicating that the trader has never imported this product or worked with this partner before. The declared unit price is significantly higher than the peer median price, but the price level is normal, suggesting that the high price may not be suspicious in this context. However, the combination of first-time product and partner raises concerns about the legitimacy of the transaction.",unusual_partner,TRUE_POSITIVE,"The high CR Profile Score indicates a deviation from the trader's usual behavior, combined with the first-time use of both the product and partner, which suggests potential risk in this transaction.",medium,Conduct a detailed review of the trader's history and the legitimacy of the supplier in Germany.
2020-2501-9-10016-1,2020-2501-9-10016,2020-08-07,2020,2020-08,9018390000,901839000000,901839,90,Medical syringes and needles,Medical syringes and needles,CR_HASH_017,Import,IM,SA,SA,BH,SA,SA,BH,SA,NMB,3.93,0.2290076335877862,price_per_item,0.9,2.4,3.93,151.38,174.19,0.2062070417833114,1.1592369104845446,0.5792846449150362,0.6041021775947832,1.748109664393657,1.1440074867988734,-1.111909052603527,3.464120894591967,False,-1.1096614515623069,1.1096614515623069,NORMAL,6.0,0.0062893081761006,5.068904202220232,46.22900654036249,5.0,0.0052410901467505,5.251225759014186,47.13660531805522,5.0,1.2,0.4472135954999579,2.0,1.6666666666666667,42.42424242424244,45.97595149513693,LOW,1,0.0,-0.934546119763342,23.363652994083548,1.0,0.0,3,False,75.0,False,True,81.25,0.875,87.5,55.98977854792924,LOW,1,LOW,"LOW (driven by pattern+cr_profile; price_level=NORMAL, pattern_level=LOW, cr_profile_level=LOW)",1,"The transaction shows a declared unit price of BHD 0.229 for medical syringes, which is significantly lower than the peer median price of BHD 1.159. However, the price anomaly score is within the normal range, and the trade pattern and CR profile levels are low, indicating no unusual behavior for this trader. Given the context of the transaction date in 2020, this pricing could be consistent with market conditions at that time.",benign_outlier,FALSE_POSITIVE,"The price level is normal, and the trade pattern and CR profile do not indicate any significant anomalies, suggesting that this transaction is likely a benign outlier rather than a genuine risk.",high,Monitor future transactions from this trader for any significant changes in pricing or patterns.
2020-2501-2-10710-1,2020-2501-2-10710,2020-08-08,2020,2020-08,6109100000,610910000000,610910,61,Cotton t-shirts,Cotton t-shirts,CR_HASH_049,Re-export,EX,BH,BH,CN,BH,BH,CN,CN,NMB,1.97,51.41116751269036,price_per_item,101.28,269.36,1.97,198.74,233.26,3.959119689091245,4.610526181303967,0.7708500247178713,3.916293548711598,5.585818334387825,1.6695247856762268,1.412006370197258,8.090105512902165,False,-0.5699781352687259,0.5699781352687259,NORMAL,5.0,0.0052410901467505,5.251225759014186,51.700506150822136,5.0,0.0052410901467505,5.251225759014186,47.13660531805522,3.0,1.6666666666666667,1.1547005383792517,3.0,1.7999999999999998,50.90909090909091,49.98442857309403,LOW,1,0.0,-0.5523412778035929,13.808531945089822,1.0,0.0,1,True,91.66666666666666,False,True,75.0,1.0,100.0,63.58298618078143,LOW,1,LOW,"LOW (driven by pattern+cr_profile; price_level=NORMAL, pattern_level=LOW, cr_profile_level=LOW)",1,"The transaction shows a declared unit price of 51.41 BHD for cotton t-shirts, which is significantly higher than the peer median price of 4.61 BHD, indicating potential over-invoicing. However, the robust Z-score is within the normal range, and the overall anomaly signals are low, suggesting this may be a benign outlier rather than a genuine risk. The trader is also using this product and partner combination for the first time, which adds to the uncertainty.",over_invoicing,FALSE_POSITIVE,"Despite the high declared unit price, the overall anomaly signals are low, and the price level is normal, indicating that this transaction may not reflect a genuine risk.",medium,Monitor future transactions from this trader for consistency in pricing and product combinations.
2020-2501-2-10645-1,2020-2501-2-10645,2020-08-08,2020,2020-08,2710192100,271019210000,271019,27,Gas oils for diesel engines,Gas oils for diesel engines,CR_HASH_010,Re-export,EX,BH,BH,SA,BH,BH,SA,SA,LTR,11487.6,0.1995603955569483,price_per_liter_gross_weight,2292.47,6096.99,2.89,10898.93,11487.6,0.181955152640274,0.2773855677315066,0.0779894680702432,0.1639690098991207,0.3324464187701956,0.1684774088710749,-0.0887471034074916,0.585162532076808,False,-0.8253285314637415,0.8253285314637415,NORMAL,4.0,0.0041928721174004,5.474369310328396,58.39708046469813,4.0,0.0041928721174004,5.474369310328396,54.46595026060942,4.0,1.0,0.0,1.0,1.0,0.0,48.26162282356236,LOW,1,0.363515151064172,-0.7449140683787493,18.622851709468733,2.0,25.0,3,False,75.0,False,False,93.75,0.8235294117647058,82.35294117647058,48.92608633360817,LOW,1,LOW,"LOW (driven by pattern+cr_profile; price_level=NORMAL, pattern_level=LOW, cr_profile_level=LOW)",1,"The transaction appears to be a benign outlier as the price level is normal and the robust Z-score indicates no significant under-invoicing. The trade pattern and CR profile scores are low, suggesting that while there is some rarity in the partner and route, it does not indicate a strong risk. The declared goods and commercial description match, reinforcing the legitimacy of the transaction.",benign_outlier,FALSE_POSITIVE,"The price level is normal and the Z-score does not indicate any significant pricing anomalies, while the trade pattern and CR profile scores suggest that this transaction does not present a genuine risk.",high,Monitor future transactions from this trader for any unusual patterns.
2020-2501-7-10143-1,2020-2501-7-10143,2020-08-08,2020,2020-08,3923301000,392330100000,392330,39,Plastic bottles for packaging,Plastic bottles for packaging,CR_HASH_027,Import,IM,JP,JP,BH,JP,JP,BH,JP,NMB,4.94,2.8198380566801617,price_per_item,13.93,37.05,4.94,218.71,247.59,1.3402080281806277,1.6841288050356895,0.6442087840607709,1.0864174155799162,2.3469388358112164,1.2605214202313002,-0.8043647147670341,4.237720966158166,False,-0.3600872756166399,0.3600872756166399,NORMAL,4.0,0.0041928721174004,5.474369310328396,58.39708046469813,4.0,0.0041928721174004,5.474369310328396,54.46595026060942,4.0,1.0,0.0,1.0,1.0,0.0,48.26162282356236,LOW,1,0.0,-0.3398682876308194,8.496707190770486,1.0,0.0,3,False,75.0,False,True,92.3076923076923,0.8666666666666667,86.66666666666667,53.38410392702608,LOW,1,LOW,"LOW (driven by pattern+cr_profile; price_level=NORMAL, pattern_level=LOW, cr_profile_level=LOW)",1,"The transaction shows a normal price level with a robust Z-score indicating no significant price anomaly. The trade pattern and CR profile levels are low, suggesting that while the partner and route are somewhat common, the trader's profile indicates a significant deviation in partner rarity. However, the overall composite score is low, indicating no strong evidence of risk.",benign_outlier,FALSE_POSITIVE,"The price is within normal ranges, and while there is a deviation in partner rarity, it does not indicate a significant risk given the overall low composite score.",high,Monitor future transactions from this trader for any changes in partner or product mix.
2020-2501-1-10214-1,2020-2501-1-10214,2020-08-09,2020,2020-08,8504400090,850440009000,850440,85,Static converters,Static converters,CR_HASH_016,Import,IM,CN,CN,BH,CN,CN,BH,CN,NMB,3.03,263.65016501650166,price_per_item,798.86,2124.64,3.03,315.14,369.75,5.5784088218311085,7.466827051260017,0.5715840105867187,6.914775863803976,8.032836322465545,1.11806045866157,5.23768517581162,9.7099270104579,False,-2.228404962674699,2.228404962674699,LOW,19.0,0.0199161425576519,3.916224692281846,11.63690673320574,15.0,0.0157232704402515,4.152613470346076,11.051724646602178,9.0,2.111111111111111,0.9279607271383372,4.0,1.894736842105263,56.9377990430622,18.22722684937296,NORMAL,0,0.0,-0.9378042734677092,23.445106836692734,1.0,0.0,3,False,75.0,False,True,84.61538461538461,0.8461538461538461,84.61538461538461,56.28271046976553,LOW,1,LOW,"LOW (driven by price+cr_profile; price_level=LOW, pattern_level=NORMAL, cr_profile_level=LOW)",1,"The transaction shows a significant price anomaly with a robust Z-score of -2.23, indicating potential under-invoicing, as the declared unit price is much higher than the peer median price. However, the trade pattern and CR profile levels are normal, suggesting that the trader has a consistent history with this partner and product combination, despite it being their first time using this specific combination. The low price level and normal trade pattern indicate that this flag is likely a false positive.",under_invoicing,FALSE_POSITIVE,"The price anomaly is significant, but the overall context of the trade pattern and trader's history suggests that this may not represent a genuine risk, leading to a classification as a false positive.",medium,Monitor future transactions from this trader for similar patterns.
2020-2701-7-10643-1,2020-2701-7-10643,2020-08-10,2020,2020-08,2710192100,271019210000,271019,27,Gas oils for diesel engines,Gas oils for diesel engines,CR_HASH_039,Re-export,EX,BH,BH,CN,BH,BH,CN,CN,LTR,4706.92,0.0169388899747605,price_per_liter_gross_weight,79.73,212.06,0.55,4010.05,4706.92,0.0167970267406426,0.2773855677315066,0.0779894680702432,0.1639690098991207,0.3324464187701956,0.1684774088710749,-0.0887471034074916,0.585162532076808,False,-2.2536961370927524,2.2536961370927524,LOW,10.0,0.010482180293501,4.558078578454241,30.899046383171186,10.0,0.010482180293501,4.558078578454241,24.369580448359905,7.0,1.4285714285714286,0.5345224838248488,2.0,1.4,25.454545454545453,27.797058166693372,NORMAL,0,0.0,-1.93811312962558,48.45282824063951,1.0,0.0,2,False,83.33333333333334,False,True,85.71428571428572,0.875,87.5,65.88706131279525,LOW,1,LOW,"LOW (driven by price+cr_profile; price_level=LOW, pattern_level=NORMAL, cr_profile_level=LOW)",1,"The transaction shows a significantly low declared unit price of BHD 0.0169 per liter for gas oils, which is well below the peer median price of BHD 0.2774, resulting in a robust Z-score of -2.25 indicating potential under-invoicing. However, the trade pattern and CR profile levels are normal, suggesting that while the price is anomalous, it may not reflect a genuine risk given the trader's consistent behavior with this product and partner in the past.",under_invoicing,FALSE_POSITIVE,"The low price anomaly is not corroborated by unusual trading patterns or trader behavior, indicating that this may be a benign outlier rather than a genuine risk.",medium,Monitor future transactions from this trader for similar pricing patterns.
2020-2501-6-10101-1,2020-2501-6-10101,2020-08-11,2020,2020-08,3923301000,392330100000,392330,39,Plastic bottles for packaging,Plastic bottles for packaging,CR_HASH_021,Import,IM,CN,SA,BH,CN,SA,BH,CN,NMB,4.35,0.2528735632183908,price_per_item,1.1,2.92,4.35,21.45,25.04,0.22543976357456,1.6841288050356895,0.6442087840607709,1.0864174155799162,2.3469388358112164,1.2605214202313002,-0.8043647147670341,4.237720966158166,False,-1.5272568517514833,1.5272568517514833,NORMAL,28.0,0.0293501048218029,3.5284591612730827,0.0,1.0,0.0010482180293501,6.860663671448286,100.0,12.0,2.333333333333333,1.2309149097933274,5.0,2.142857142857143,72.72727272727273,45.90909090909091,LOW,1,0.0,-0.8703989024345121,21.759972560862803,1.0,0.0,3,False,75.0,False,False,60.0,0.875,87.5,40.11599039630198,LOW,1,LOW,"LOW (driven by pattern+cr_profile; price_level=NORMAL, pattern_level=LOW, cr_profile_level=LOW)",1,"The transaction shows a normal price level with a robust Z-score of -1.53, indicating no significant under-invoicing. The trade pattern score is low, but the partner rarity score is 0, suggesting that the trader has not previously engaged with this partner, which could raise some concern. However, the overall composite score is low, indicating that the anomalies do not present a strong risk.",unusual_partner,FALSE_POSITIVE,"The low composite score and normal price level suggest that while the partner is unusual, it does not indicate a significant risk in this instance.",medium,Monitor future transactions from this trader to the same partner for any patterns.
2020-2501-6-10157-1,2020-2501-6-10157,2020-08-12,2020,2020-08,8471300000,847130000000,847130,84,Portable laptop computers,Portable laptop computers,CR_HASH_020,Re-export,EX,BH,BH,CN,BH,BH,CN,CN,NMB,1.94,172.2938144329897,price_per_item,334.25,888.96,1.94,182.97,212.66,5.15498850325703,9.057918359570245,1.044460022767316,7.958447179146432,9.968345476103028,2.009898296956594,4.943599733711541,12.983192921537915,False,-2.5204316733863568,2.5204316733863568,LOW,12.0,0.0125786163522012,4.375757021660286,25.427546772711544,12.0,0.0125786163522012,4.375757021660286,18.381069589156382,6.0,2.0,1.095445115010332,3.0,1.5,31.818181818181824,23.91987501528778,NORMAL,0,0.0,-0.9495140494799938,23.737851236999845,1.0,0.0,2,False,83.33333333333334,False,False,85.71428571428572,0.9333333333333332,93.33333333333331,48.40348602818804,LOW,1,LOW,"LOW (driven by price+cr_profile; price_level=LOW, pattern_level=NORMAL, cr_profile_level=LOW)",1,"The transaction shows a low declared unit price of 172.29 BHD for a portable laptop computer, which is significantly below the peer median price of 9.06 BHD, indicating potential under-invoicing. However, the trade pattern and CR profile levels are normal, suggesting that the trader's behavior and the trade route are consistent with their history. Given the context of the transaction in 2020, this pricing anomaly may be a false positive.",under_invoicing,FALSE_POSITIVE,"The low price anomaly is likely a false positive due to the normal trade pattern and CR profile levels, indicating that the trader's behavior is consistent with their historical data.",medium,Monitor future transactions from this trader for similar pricing patterns.
2020-2501-5-10905-1,2020-2501-5-10905,2020-08-12,2020,2020-08,8504400090,850440009000,850440,85,Static converters,Static converters,CR_HASH_017,Import,IM,DE,DE,BH,DE,DE,BH,DE,NMB,1.87,3158.0641711229946,price_per_item,5905.58,15706.32,1.87,637.65,754.55,8.058031114341567,7.466827051260017,0.5715840105867187,6.914775863803976,8.032836322465545,1.11806045866157,5.23768517581162,9.7099270104579,False,0.6976431637830514,0.6976431637830514,NORMAL,5.0,0.0052410901467505,5.251225759014186,51.700506150822136,3.0,0.0031446540880503,5.762051382780177,63.915119328547,4.0,1.25,0.5,2.0,1.6,38.181818181818194,53.94781756767525,LOW,1,2.3167179804057927,0.9291676309150336,57.917949510144815,0.6666666666666666,0.0,3,False,75.0,True,True,100.0,0.8235294117647058,82.35294117647058,81.7418705638448,MEDIUM,1,MEDIUM,"MEDIUM (driven by pattern+cr_profile; price_level=NORMAL, pattern_level=LOW, cr_profile_level=MEDIUM)",1,"The transaction shows a high declared unit price of 3158.06 BHD for static converters, which is significantly above the peer median price of 7.47 BHD. However, the price anomaly score is normal, indicating no under- or over-invoicing. The trader has a high partner rarity score, suggesting this is the first time they are dealing with this partner, which raises concerns about the legitimacy of the transaction.",unusual_partner,TRUE_POSITIVE,"The combination of a high CR Partner Rarity score and the first-time engagement with this partner indicates a potential risk, warranting further investigation despite the normal price level.",medium,Conduct a thorough review of the trader's history and the legitimacy of the partner involved in this transaction.
2020-2601-6-10439-1,2020-2601-6-10439,2020-08-12,2020,2020-08,6109100000,610910000000,610910,61,Cotton t-shirts,Cotton t-shirts,CR_HASH_034,Import,IM,DE,DE,BH,DE,DE,BH,DE,NMB,3.07,42.64169381107492,price_per_item,130.91,348.16,3.07,178.4,205.73,3.776012973481016,4.644105600231562,0.7882174659262975,3.892722458934984,5.444558727344917,1.5518362684099332,1.5649680563200845,7.772313129959818,False,-0.742841259454859,0.742841259454859,NORMAL,5.0,0.0052410901467505,5.251225759014186,51.700506150822136,5.0,0.0052410901467505,5.251225759014186,47.13660531805522,3.0,1.6666666666666667,1.1547005383792517,3.0,1.7999999999999998,50.90909090909091,49.98442857309403,LOW,1,0.0,-0.598082483181802,14.952062079545051,1.0,0.0,3,False,75.0,True,True,100.0,0.8,80.0,66.23322172784077,LOW,1,LOW,"LOW (driven by pattern+cr_profile; price_level=NORMAL, pattern_level=LOW, cr_profile_level=LOW)",1,"The transaction shows a declared unit price of approximately 42.64 BHD for cotton t-shirts, which is significantly higher than the peer median price of 4.64 BHD, indicating potential over-invoicing. However, the price anomaly score is negative, suggesting under-invoicing, and the overall price level is classified as normal. Additionally, the trade pattern and CR profile levels are low, indicating no unusual trading behavior for this trader.",over_invoicing,FALSE_POSITIVE,"The price level is normal despite the high declared unit price, and the trade pattern and CR profile levels do not indicate any significant anomalies, suggesting this flag is likely a false positive.",medium,Monitor future transactions from this trader for consistency in pricing.
2020-2601-2-10365-1,2020-2601-2-10365,2020-08-13,2020,2020-08,8703221000,870322100000,870322,87,Passenger cars 1000-1500cc,Passenger cars 1000-1500cc,CR_HASH_035,Import,IM,CN,CN,BH,CN,CN,BH,CN,NMB,1.56,647036.7948717949,price_per_item,1009377.4,2684514.36,1.56,832.28,955.14,13.38015998734383,12.339741490828857,0.5298577154310848,11.445675964067552,12.647064860424424,1.201388896356871,9.643592619532246,14.44914820495973,False,1.324417181161448,1.324417181161448,NORMAL,20.0,0.020964360587002,3.864931397894296,10.097586615520235,14.0,0.0146750524109014,4.221606341833028,13.317855801757728,9.0,2.2222222222222223,1.3017082793177757,5.0,2.25,79.54545454545456,21.641861020193502,NORMAL,0,0.0,2.378888056571334,59.47220141428336,1.0,0.0,1,True,91.66666666666666,False,True,60.0,1.0,100.0,75.81527049499917,MEDIUM,1,LOW,"LOW (driven by cr_profile; price_level=NORMAL, pattern_level=NORMAL, cr_profile_level=MEDIUM)",1,"The transaction involves the import of a passenger car with a declared unit price of approximately BHD 647,037, which is significantly higher than the peer median price of BHD 12.34. However, the price anomaly score is within normal limits, and the trade pattern and price levels are also normal. The trader is using this product and partner for the first time, which may contribute to the unusual price but does not indicate a clear risk.",benign_outlier,FALSE_POSITIVE,"The high declared unit price is likely a benign outlier given the normal price levels and trade patterns, despite the first-time use of the product and partner.",medium,Monitor future transactions from this trader for consistency in pricing and product selection.
2020-2801-8-10811-1,2020-2801-8-10811,2020-08-13,2020,2020-08,8517120000,851712000000,851712,85,Cellular telephones,Cellular telephones,CR_HASH_009,Re-export,EX,BH,BH,SA,BH,BH,SA,SA,NMB,4.64,55.07974137931035,price_per_item,255.57,679.72,4.64,3.27,3.58,4.026774631077156,8.864077348542533,0.8102493638708186,8.21372138236038,9.675589371385747,1.461867989025368,6.020919398822327,11.8683913549238,True,-4.0268047458061424,4.0268047458061424,MEDIUM,4.0,0.0041928721174004,5.474369310328396,58.39708046469813,4.0,0.0041928721174004,5.474369310328396,54.46595026060942,4.0,1.0,0.0,1.0,1.0,0.0,48.26162282356236,LOW,1,0.0,-0.9880632773732604,24.701581934331507,1.0,0.0,2,False,83.33333333333334,False,True,93.33333333333331,0.9333333333333332,93.33333333333331,60.645553677016025,LOW,1,MEDIUM,"MEDIUM (driven by price+pattern+cr_profile; price_level=MEDIUM, pattern_level=LOW, cr_profile_level=LOW)",1,"The transaction shows a significant under-invoicing with a robust Z-score of -4.03, indicating the declared unit price of BHD 55.08 is far below the peer median price of BHD 8.86 for cellular telephones. Additionally, the trader has a high partner rarity score, suggesting that this combination of product and partner is unusual for them, which raises concerns about the legitimacy of the transaction. The date context of 2020 also suggests that market conditions may have been different, but the price discrepancy is substantial.",under_invoicing,TRUE_POSITIVE,"The strong negative Z-score indicates significant under-invoicing, corroborated by the trader's unusual partner and product combination, which supports the classification as a true positive risk.",high,Conduct a detailed investigation into the trader's pricing practices and the legitimacy of the transaction.
2020-2701-1-10735-1,2020-2701-1-10735,2020-08-15,2020,2020-08,8504400090,850440009000,850440,85,Static converters,Static converters,CR_HASH_012,Import,IM,IN,IN,BH,IN,IN,BH,IN,NMB,1.87,204.37967914438505,price_per_item,382.19,1016.45,1.87,26.28,31.1,5.324860359515472,7.466827051260017,0.5715840105867187,6.914775863803976,8.032836322465545,1.11806045866157,5.23768517581162,9.7099270104579,False,-2.5276017417026013,2.5276017417026013,LOW,10.0,0.010482180293501,4.558078578454241,30.899046383171186,7.0,0.0073375262054507,4.9147535223929735,36.08488067145304,6.0,1.6666666666666667,1.2110601416389966,4.0,2.4,89.0909090909091,41.44286779023052,NORMAL,0,0.0,-0.976035270017926,24.400881750448157,1.0,0.0,3,False,75.0,False,True,87.5,0.8181818181818181,81.81818181818181,56.77894497629322,LOW,1,LOW,"LOW (driven by price+cr_profile; price_level=LOW, pattern_level=NORMAL, cr_profile_level=LOW)",1,"The transaction shows a significant discrepancy in pricing, with a robust Z-score of -2.53 indicating potential under-invoicing. However, the declared unit price of BHD 204.38 for static converters is unusually high compared to the peer median price of BHD 7.47, suggesting a possible misclassification or pricing error. The trader has a low CR profile score, indicating that this combination of product and partner is not typical for them, which raises concerns about the legitimacy of the transaction.",under_invoicing,TRUE_POSITIVE,"The negative Z-score indicates under-invoicing, and the low CR profile score suggests that this transaction is atypical for the trader, warranting further investigation.",medium,Conduct a detailed review of the trader's previous transactions and request additional documentation to verify the pricing and classification of the goods.
2020-2601-4-10116-1,2020-2601-4-10116,2020-08-15,2020,2020-08,8517120000,851712000000,851712,85,Cellular telephones,Cellular telephones,CR_HASH_040,Import,IM,AE,AE,BH,AE,AE,BH,AE,NMB,3.55,13628.414084507043,price_per_item,48380.87,128672.52,3.55,1261.13,1496.93,9.51998553656976,9.1609472788485,0.7778458576033893,8.086449359029473,9.737226953131788,1.6507775941023135,5.610282967876002,12.213393344285258,False,0.3113315893687554,0.3113315893687554,NORMAL,11.0,0.0115303983228511,4.462768398649916,28.038772365976683,9.0,0.0094339622641509,4.663439094112067,27.830238657093965,7.0,1.5714285714285714,0.7867957924694431,3.0,1.9090909090909087,57.8512396694215,32.437655663384454,NORMAL,0,0.0,0.497120774371552,12.4280193592888,1.0,0.0,1,True,91.66666666666666,True,True,100.0,0.875,87.5,76.84980677575108,MEDIUM,1,LOW,"LOW (driven by cr_profile; price_level=NORMAL, pattern_level=NORMAL, cr_profile_level=MEDIUM)",1,"The transaction shows a declared unit price of approximately BHD 13,628 for cellular telephones, which is significantly higher than the peer median price of BHD 9.16, indicating potential over-invoicing. However, the robust Z-score is low, and the price level is classified as NORMAL, suggesting that the price anomaly is not severe. Additionally, this is the first time the trader has engaged in this product and partner combination, which may indicate a legitimate business expansion rather than a risk.",over_invoicing,FALSE_POSITIVE,"The price anomaly is not corroborated by other dimensions, and the transaction is classified as LOW risk overall, suggesting that the high unit price may not reflect a genuine risk.",medium,Monitor future transactions from this trader for consistency in pricing and product selection.
2020-2501-7-10103-1,2020-2501-7-10103,2020-08-17,2020,2020-08,102211000,102211000000,102211,10,"Live cattle, pure-bred breeding","Live cattle, pure-bred breeding",CR_HASH_026,Import,IM,DE,DE,BH,DE,DE,BH,DE,NMB,3.92,21691.80357142857,price_per_item,85031.87,226148.6,3.92,354.87,388.12,9.98473585187322,10.013369334439131,0.6855679350518233,9.327801399387308,10.638440798004725,1.3106393986174147,7.361842301461186,12.604399895930843,False,-0.0281708324075579,0.0281708324075579,NORMAL,4.0,0.0041928721174004,5.474369310328396,58.39708046469813,2.0,0.0020964360587002,6.1675164908883415,77.23297513030472,3.0,1.3333333333333333,0.5773502691896258,2.0,1.5,31.818181818181824,61.00280880068299,LOW,1,0.0,0.1910111340460012,4.775278351150031,1.0,0.0,1,True,91.66666666666666,False,True,90.9090909090909,0.8333333333333334,83.33333333333334,61.06528681684191,LOW,1,LOW,"LOW (driven by pattern+cr_profile; price_level=NORMAL, pattern_level=LOW, cr_profile_level=LOW)",1,"The transaction involves the import of live cattle with a declared unit price that is significantly higher than the peer median price, but the price anomaly score is normal, indicating no under-invoicing. The trade pattern and CR profile levels are low, suggesting that while this is a first-time product and partner for the trader, the overall context does not indicate a significant risk.",benign_outlier,FALSE_POSITIVE,"The price level is normal and the trade pattern is not unusual for this trader, indicating that this transaction is likely a benign outlier rather than a genuine risk.",medium,Monitor future transactions from this trader for similar patterns.
2020-2801-4-10682-1,2020-2801-4-10682,2020-08-17,2020,2020-08,102211000,102211000000,102211,10,"Live cattle, pure-bred breeding","Live cattle, pure-bred breeding",CR_HASH_001,Re-export,EX,BH,BH,US,BH,BH,US,US,NMB,4.92,7739.315040650406,price_per_item,38077.43,101269.77,4.92,74.07,78.99,8.95419766868184,9.549317841384951,0.6971436999939566,8.846103941045365,10.18755556601122,1.3414516249658544,6.833926503596584,12.19973300346,False,-0.5757823778223131,0.5757823778223131,NORMAL,2.0,0.0020964360587002,6.1675164908883415,79.19854023234907,2.0,0.0020964360587002,6.1675164908883415,77.23297513030472,2.0,1.0,0.0,1.0,1.0,0.0,66.6308114117812,LOW,1,0.0,-0.6279728725402742,15.699321813506856,1.0,0.0,1,True,91.66666666666666,False,True,91.66666666666666,0.9166666666666666,91.66666666666666,66.7447626347274,LOW,1,LOW,"LOW (driven by pattern+cr_profile; price_level=NORMAL, pattern_level=LOW, cr_profile_level=LOW)",1,"The transaction involves a re-export of live cattle with a declared unit price significantly higher than the peer median price, but the price anomaly score is normal, indicating no under-invoicing. The trade pattern shows high rarity for both the partner and route, which is unusual for this trader, especially since this is their first time exporting this product. However, the overall composite score is low, suggesting that while there are some unusual aspects, they do not indicate a strong risk.",unusual_partner,FALSE_POSITIVE,"The price level is normal and does not indicate under-invoicing, while the composite score suggests that the unusual aspects do not warrant further action at this time.",medium,Monitor future transactions from this trader for similar patterns or anomalies.
2020-2601-8-10494-1,2020-2601-8-10494,2020-08-17,2020,2020-08,6109100000,610910000000,610910,61,Cotton t-shirts,Cotton t-shirts,CR_HASH_007,Import,IM,US,US,BH,US,US,BH,US,NMB,2.25,319.7911111111111,price_per_item,719.53,1913.64,2.25,494.72,550.5,5.77079016710196,4.644105600231562,0.7882174659262975,3.892722458934984,5.444558727344917,1.5518362684099332,1.5649680563200845,7.772313129959818,False,0.9641226717881832,0.9641226717881832,NORMAL,13.0,0.0136268343815513,4.29571431398675,23.025452080470465,11.0,0.0115303983228511,4.462768398649916,21.2390343034744,10.0,1.3,0.4830458915396479,2.0,1.5384615384615383,34.26573426573426,24.08624818631141,NORMAL,0,0.0,2.291022728650445,57.27556821626113,1.0,0.0,2,False,83.33333333333334,True,True,100.0,0.8333333333333334,83.33333333333334,81.71311554235805,MEDIUM,1,LOW,"LOW (driven by cr_profile; price_level=NORMAL, pattern_level=NORMAL, cr_profile_level=MEDIUM)",1,"The transaction shows a declared unit price of approximately 319.79 BHD for cotton t-shirts, which is significantly higher than the peer median price of 4.64 BHD. However, the price anomaly score is within normal limits, and the trade pattern and price levels are also normal. The trader has a high partner rarity score, indicating this is their first transaction with this partner, which may contribute to the flag but does not indicate a clear risk.",unusual_partner,FALSE_POSITIVE,"The high unit price is likely a false positive due to the trader's first-time engagement with a new partner, while the overall price and trade pattern levels are normal.",medium,Monitor future transactions from this trader to the same partner for consistency.
2020-2701-4-10033-1,2020-2701-4-10033,2020-08-18,2020,2020-08,8517120000,851712000000,851712,85,Cellular telephones,Cellular telephones,CR_HASH_028,Import,IM,JP,JP,BH,JP,JP,BH,JP,NMB,3.66,63.849726775956285,price_per_item,233.69,621.52,3.66,5.61,6.39,4.172072697584052,9.1609472788485,0.7778458576033893,8.086449359029473,9.737226953131788,1.6507775941023135,5.610282967876002,12.213393344285258,True,-4.325985376612072,4.325985376612072,MEDIUM,5.0,0.0052410901467505,5.251225759014186,51.700506150822136,5.0,0.0052410901467505,5.251225759014186,47.13660531805522,5.0,1.0,0.0,1.0,1.0,0.0,42.3480649367304,NORMAL,0,0.0,-0.9945561898377548,24.86390474594387,1.0,0.0,2,False,83.33333333333334,True,True,100.0,0.7692307692307692,76.92307692307692,69.08698204569575,LOW,1,MEDIUM,"MEDIUM (driven by price+cr_profile; price_level=MEDIUM, pattern_level=NORMAL, cr_profile_level=LOW)",1,"The transaction shows a significant under-invoicing with a robust Z-score of -4.33, indicating a price far below the market median for cellular telephones. Additionally, the trader has a high partner rarity score of 100, suggesting this is the first time they are importing from this partner, which raises concerns about the legitimacy of the transaction.",under_invoicing,TRUE_POSITIVE,The combination of a strong negative Z-score indicating under-invoicing and the unusual partner for this trader suggests a genuine risk that warrants further scrutiny.,high,Conduct a detailed investigation into the trader's history and the legitimacy of the supplier in Japan.
2020-2701-8-10845-1,2020-2701-8-10845,2020-08-19,2020,2020-08,102211000,102211000000,102211,10,"Live cattle, pure-bred breeding","Live cattle, pure-bred breeding",CR_HASH_015,Import,IM,DE,DE,BH,DE,DE,BH,DE,NMB,1.79,10983.882681564246,price_per_item,19661.15,52290.3,1.79,33.7,39.93,9.304275304885872,10.013369334439131,0.6855679350518233,9.327801399387308,10.638440798004725,1.3106393986174147,7.361842301461186,12.604399895930843,False,-0.6976367272742175,0.6976367272742175,NORMAL,4.0,0.0041928721174004,5.474369310328396,58.39708046469813,2.0,0.0020964360587002,6.1675164908883415,77.23297513030472,3.0,1.3333333333333333,0.5773502691896258,2.0,1.5,31.818181818181824,61.00280880068299,LOW,1,0.0,-0.4477413373090084,11.19353343272521,1.0,0.0,2,False,83.33333333333334,False,True,93.33333333333331,0.8,80.0,53.25107003478716,LOW,1,LOW,"LOW (driven by pattern+cr_profile; price_level=NORMAL, pattern_level=LOW, cr_profile_level=LOW)",1,"The transaction involves the import of live cattle with a declared unit price significantly higher than the peer median price, yet the price anomaly score is normal, indicating no under-invoicing. The trade pattern and CR profile scores are low, suggesting that while the partner and route are somewhat unusual, they do not raise significant red flags given the context of the transaction date in 2020.",benign_outlier,FALSE_POSITIVE,"The price level is normal and the overall composite score is low, indicating that the flagged anomalies do not represent a genuine risk but rather a benign outlier in the trader's activity.",medium,Monitor future transactions from this trader for consistency in pricing and partner selection.
2020-2501-2-10953-1,2020-2501-2-10953,2020-08-20,2020,2020-08,102211000,102211000000,102211,10,"Live cattle, pure-bred breeding","Live cattle, pure-bred breeding",CR_HASH_002,Re-export,EX,BH,BH,CN,BH,BH,CN,CN,NMB,1.43,115049.8111888112,price_per_item,164521.23,437556.45,1.43,1087.27,1249.76,11.653129146188862,9.549317841384951,0.6971436999939566,8.846103941045365,10.18755556601122,1.3414516249658544,6.833926503596584,12.19973300346,False,2.035450201708681,2.035450201708681,LOW,11.0,0.0115303983228511,4.462768398649916,28.038772365976683,11.0,0.0115303983228511,4.462768398649916,21.2390343034744,9.0,1.2222222222222223,0.4409585518440984,2.0,1.6363636363636362,40.49586776859504,27.52742835449364,NORMAL,0,0.0,5.725205196868321,100.0,1.0,0.0,1,True,91.66666666666666,False,True,70.0,0.8333333333333334,83.33333333333334,89.16666666666667,HIGH,1,HIGH,"HIGH (driven by price+cr_profile; price_level=LOW, pattern_level=NORMAL, cr_profile_level=HIGH)",1,"The transaction involves a re-export of live cattle with a declared unit price significantly higher than the peer median price, indicating potential over-invoicing. The trader's price severity score is at the maximum, suggesting this price is highly unusual for them. Additionally, this is the first time the trader is using this product and partner combination, which raises concerns about the legitimacy of the transaction.",over_invoicing,TRUE_POSITIVE,"The combination of a high CR price severity and a significant deviation from the peer median price strongly supports the conclusion of over-invoicing, warranting further scrutiny.",high,Conduct a detailed investigation into the trader's past transactions and the legitimacy of the pricing for live cattle.
2020-2501-2-10613-1,2020-2501-2-10613,2020-08-20,2020,2020-08,1006301000,100630100000,100630,10,Long-grain milled rice,Long-grain milled rice,CR_HASH_023,Import,IM,SA,CN,BH,SA,CN,BH,SA,KGM,4583.2,0.2932798045034037,price_per_kg,1344.16,3574.9,3.53,4583.2,4818.28,0.2571814758399902,0.3286983897813914,0.0676786910787625,0.270176176769005,0.3986012849866289,0.1284251082176239,0.0775385144425691,0.5912389473130648,False,-0.7127427677881737,0.7127427677881737,NORMAL,11.0,0.0115303983228511,4.462768398649916,28.038772365976683,1.0,0.0010482180293501,6.860663671448286,100.0,9.0,1.2222222222222223,0.4409585518440984,2.0,1.6363636363636362,40.49586776859504,55.0937663482776,LOW,1,0.0,-0.6496526766170104,16.241316915425262,1.0,0.0,2,False,83.33333333333334,False,True,90.0,0.9,90.0,56.18446092039884,LOW,1,LOW,"LOW (driven by pattern+cr_profile; price_level=NORMAL, pattern_level=LOW, cr_profile_level=LOW)",1,"The transaction appears to be a benign outlier as the price level is normal and the robust Z-score indicates no significant under-invoicing or over-invoicing. The trade pattern shows a high route rarity score, indicating that this specific origin-destination route is uncommon, but the overall trade pattern score is moderate. Additionally, while the trader has a low profile score, this is the first time they are using this specific product-partner combination, which may explain the anomaly without indicating a genuine risk.",benign_outlier,FALSE_POSITIVE,"The transaction does not exhibit significant anomalies in price or trader behavior, and the trade pattern is not concerning enough to warrant further investigation at this time.",medium,Monitor future transactions from this trader for similar patterns.
2020-2501-3-10303-1,2020-2501-3-10303,2020-08-21,2020,2020-08,8504400090,850440009000,850440,85,Static converters,Static converters,CR_HASH_035,Import,IM,US,US,BH,US,US,BH,US,NMB,3.25,55.02769230769231,price_per_item,178.84,475.64,3.25,31.87,34.87,4.025846074002105,7.466827051260017,0.5715840105867187,6.914775863803976,8.032836322465545,1.11806045866157,5.23768517581162,9.7099270104579,True,-4.060487749321122,4.060487749321122,MEDIUM,14.0,0.0146750524109014,4.221606341833028,20.80145976765095,11.0,0.0115303983228511,4.462768398649916,21.2390343034744,9.0,1.5555555555555556,1.130388330520878,4.0,2.571428571428571,100.0,32.83439189004152,NORMAL,0,0.0,-1.0991274002402345,27.478185006005862,1.0,0.0,2,False,83.33333333333334,True,True,100.0,0.9230769230769232,92.3076923076923,73.07890321364052,LOW,1,MEDIUM,"MEDIUM (driven by price+cr_profile; price_level=MEDIUM, pattern_level=NORMAL, cr_profile_level=LOW)",1,"The transaction shows a significant under-invoicing with a robust Z-score of -4.06, indicating a price far below the peer median price for static converters. Additionally, the trader is using a new partner for this transaction, which raises concerns about the legitimacy of the pricing. Given the context of 2020, this price anomaly is particularly suspicious as it deviates from typical market values.",under_invoicing,TRUE_POSITIVE,"The strong negative Z-score indicates significant under-invoicing, and the use of a new partner heightens the risk of potential fraud or misclassification, justifying a TRUE_POSITIVE classification.",high,Conduct a detailed investigation into the trader's pricing practices and the legitimacy of the transaction with the new partner.
2020-2801-1-10747-1,2020-2801-1-10747,2020-08-22,2020,2020-08,2710192100,271019210000,271019,27,Gas oils for diesel engines,Gas oils for diesel engines,CR_HASH_034,Import,IM,AE,SA,BH,AE,SA,BH,AE,LTR,18811.19,0.1921053373018932,price_per_liter_gross_weight,3613.73,9610.98,1.29,17492.6,18811.19,0.1757209349584492,0.2635559281187505,0.0710560088433533,0.1979668243457394,0.3363424368265587,0.1383756124808193,-0.0095965943754896,0.5439058555477878,False,-0.8337632834954102,0.8337632834954102,NORMAL,12.0,0.0125786163522012,4.375757021660286,25.427546772711544,1.0,0.0010482180293501,6.860663671448286,100.0,7.0,1.7142857142857142,0.7559289460184544,3.0,1.75,47.727272727272734,54.87286429544668,LOW,1,-16.68829603811094,-0.6628177925178186,100.0,2.0,25.0,3,False,75.0,False,False,75.0,0.75,75.0,71.25,LOW,1,LOW,"LOW (driven by pattern+cr_profile; price_level=NORMAL, pattern_level=LOW, cr_profile_level=LOW)",1,"The transaction appears to be a benign outlier as the price level is classified as NORMAL, and while the trade pattern shows a high route rarity score, the overall trade pattern score is moderate. The trader's profile indicates some deviation in price severity, but this is not unusual given the context of the transaction date in 2020, when market conditions may have fluctuated.",benign_outlier,FALSE_POSITIVE,"The price level is normal and the trade pattern score is not alarming, indicating that this transaction does not represent a significant risk despite some deviations in the trader's profile.",medium,Monitor future transactions from this trader for any emerging patterns.
2020-2701-7-10430-1,2020-2701-7-10430,2020-08-24,2020,2020-08,3923301000,392330100000,392330,39,Plastic bottles for packaging,Plastic bottles for packaging,CR_HASH_032,Re-export,EX,BH,BH,SA,BH,BH,SA,SA,NMB,1.04,15.990384615384611,price_per_item,16.63,44.22,1.04,195.94,211.47,2.832647573178324,2.008077055471865,0.7629623078147538,1.1201351912780924,2.51712417371907,1.3969889824409778,-0.9753482823833745,4.612607647380537,False,0.7289550073879596,0.7289550073879596,NORMAL,3.0,0.0031446540880503,5.762051382780177,67.03046630801344,3.0,0.0031446540880503,5.762051382780177,63.915119328547,3.0,1.0,0.0,1.0,1.0,0.0,55.88552491899817,LOW,1,2.472577306523011,2.158240151671152,61.81443266307528,3.0,50.0,4,False,66.66666666666666,False,True,91.66666666666666,0.6153846153846154,61.53846153846154,71.85941040643532,LOW,1,LOW,"LOW (driven by pattern+cr_profile; price_level=NORMAL, pattern_level=LOW, cr_profile_level=LOW)",1,"The transaction involves the re-export of plastic bottles from Bahrain to Saudi Arabia, with a declared unit price significantly higher than the peer median price, indicating potential over-invoicing. However, the price anomaly score is normal, and the trade pattern and CR profile levels are low, suggesting that this transaction does not exhibit strong evidence of risk despite the high declared unit price.",over_invoicing,FALSE_POSITIVE,"The price level is normal, and while the declared unit price is high compared to the median, the overall composite score is low, indicating that there is insufficient evidence to classify this as a genuine risk.",medium,Monitor future transactions from this trader for similar patterns.
2020-2501-6-10832-1,2020-2501-6-10832,2020-08-25,2020,2020-08,8471300000,847130000000,847130,84,Portable laptop computers,Portable laptop computers,CR_HASH_009,Import,IM,CN,CN,BH,CN,CN,BH,CN,NMB,1.23,322.0731707317073,price_per_item,396.15,1053.6,1.23,5.6,6.44,5.777878832340617,8.71824987064452,0.6999612932513521,7.750041925937837,9.126895264901794,1.376853338963957,5.684761917491901,11.192175273347727,False,-2.833375379310309,2.833375379310309,LOW,21.0,0.0220125786163522,3.816141233724864,8.633385843315326,15.0,0.0157232704402515,4.152613470346076,11.051724646602178,10.0,2.1,1.449137674618944,5.0,2.380952380952381,87.87878787878789,21.36661472978661,NORMAL,0,-1.6584921656900915,-0.8734607253027252,41.462304142252286,1.0,0.0,4,False,66.66666666666666,False,False,62.5,0.8125,81.25,46.386806449788295,LOW,1,LOW,"LOW (driven by price+cr_profile; price_level=LOW, pattern_level=NORMAL, cr_profile_level=LOW)",1,"The transaction shows a significant under-invoicing with a robust Z-score of -2.83, indicating the declared unit price is much lower than the peer median price for portable laptop computers. However, the trade pattern and CR profile levels are normal, suggesting that the trader has a consistent history with this product and partner. Given the context of the transaction date in 2020, this pricing anomaly may reflect market fluctuations rather than a deliberate misclassification or risk.",under_invoicing,FALSE_POSITIVE,"The low price level is likely a market anomaly rather than a genuine risk, supported by the trader's consistent history with the product and partner.",medium,Monitor future transactions from this trader for similar pricing patterns.
2020-2601-7-10451-1,2020-2601-7-10451,2020-08-25,2020,2020-08,8504400090,850440009000,850440,85,Static converters,Static converters,CR_HASH_014,Re-export,EX,BH,BH,IN,BH,BH,IN,IN,NMB,0.94,6033.297872340426,price_per_item,5671.3,15083.25,0.94,383.97,423.81,8.705214784151943,7.211981005295417,0.7196345903205628,6.668983974826631,7.961818755725377,1.2928347808987457,4.729731803478512,9.901070927073494,False,1.3995608314608632,1.3995608314608632,NORMAL,2.0,0.0020964360587002,6.1675164908883415,79.19854023234907,2.0,0.0020964360587002,6.1675164908883415,77.23297513030472,2.0,1.0,0.0,1.0,1.0,0.0,66.6308114117812,LOW,1,0.0,3.0324474890719118,75.81118722679778,1.0,0.0,3,False,75.0,False,True,91.66666666666666,0.7857142857142857,78.57142857142857,75.1648679103316,MEDIUM,1,MEDIUM,"MEDIUM (driven by pattern+cr_profile; price_level=NORMAL, pattern_level=LOW, cr_profile_level=MEDIUM)",1,"The transaction shows a high declared unit price for static converters, which is significantly above the peer median price, indicating potential over-invoicing. However, the price anomaly score is within normal limits, and the trade pattern indicates a low burstiness with a high partner rarity score, suggesting that the trader is dealing with a known partner. The combination of these factors leads to a medium risk classification.",over_invoicing,TRUE_POSITIVE,"The high unit price compared to the peer median and the medium CR profile score indicate a potential risk of over-invoicing, warranting further investigation despite the normal price level.",medium,Conduct a detailed review of the invoice and pricing justification from the trader.
2020-2501-8-10970-1,2020-2501-8-10970,2020-08-26,2020,2020-08,6109100000,610910000000,610910,61,Cotton t-shirts,Cotton t-shirts,CR_HASH_036,Import,IM,DE,DE,BH,DE,DE,BH,DE,NMB,4.0,158.235,price_per_item,632.94,1683.36,4.0,669.96,714.3,5.070381098493209,4.644105600231562,0.7882174659262975,3.892722458934984,5.444558727344917,1.5518362684099332,1.5649680563200845,7.772313129959818,False,0.3647710143429468,0.3647710143429468,NORMAL,5.0,0.0052410901467505,5.251225759014186,51.700506150822136,5.0,0.0052410901467505,5.251225759014186,47.13660531805522,3.0,1.6666666666666667,1.1547005383792517,3.0,1.7999999999999998,50.90909090909091,49.98442857309403,LOW,1,0.0,0.6188951207733475,15.472378019333688,1.0,0.0,1,True,91.66666666666666,True,True,100.0,1.0,100.0,80.41533230676679,MEDIUM,1,MEDIUM,"MEDIUM (driven by pattern+cr_profile; price_level=NORMAL, pattern_level=LOW, cr_profile_level=MEDIUM)",1,"The transaction shows a high declared unit price of 158.235 BHD for cotton t-shirts, which is significantly above the peer median price of 4.644 BHD. However, the price anomaly score is normal, indicating no under- or over-invoicing concerns. The trader is also engaging in a first-time transaction with a new partner and product, which raises some flags but does not necessarily indicate a genuine risk given the normal price level.",over_invoicing,FALSE_POSITIVE,"The high unit price is anomalous compared to market norms, but the price level is classified as normal, suggesting this may be a benign outlier rather than a genuine risk.",medium,Monitor future transactions from this trader for consistency in pricing and partner usage.
2020-2501-9-10183-1,2020-2501-9-10183,2020-08-27,2020,2020-08,2710192100,271019210000,271019,27,Gas oils for diesel engines,Gas oils for diesel engines,CR_HASH_040,Re-export,EX,BH,BH,AE,BH,BH,AE,AE,LTR,11475.48,0.0372638007299041,price_per_liter_gross_weight,427.62,1137.29,4.67,9939.71,11475.48,0.0365862852567209,0.2773855677315066,0.0779894680702432,0.1639690098991207,0.3324464187701956,0.1684774088710749,-0.0887471034074916,0.585162532076808,False,-2.0825490279219805,2.0825490279219805,LOW,8.0,0.0083857442348008,4.781222129768451,37.59562069704717,8.0,0.0083857442348008,4.781222129768451,31.698925390914116,6.0,1.3333333333333333,0.5163977794943222,2.0,1.5,31.818181818181824,34.6651615080708,NORMAL,0,0.0,-1.7681482903897294,44.20370725974323,1.0,0.0,1,True,91.66666666666666,False,True,88.88888888888889,1.0,100.0,77.69351976313234,MEDIUM,1,MEDIUM,"MEDIUM (driven by price+cr_profile; price_level=LOW, pattern_level=NORMAL, cr_profile_level=MEDIUM)",1,"The transaction shows a significantly low declared unit price of 0.037 BHD per liter for gas oils, which is anomalous compared to the peer median price of 0.277 BHD. This under-invoicing signal is further supported by the trader's high partner rarity score, indicating that this is a first-time combination for both the product and partner. Given the context of the 2020 market, this price is suspiciously low for gas oils.",under_invoicing,TRUE_POSITIVE,"The low declared unit price relative to the peer median and the first-time use of this product and partner combination strongly indicate potential under-invoicing, warranting further investigation.",high,Conduct a detailed review of the trader's previous transactions and request additional documentation to justify the low pricing.
2020-2701-5-10819-1,2020-2701-5-10819,2020-08-27,2020,2020-08,8471300000,847130000000,847130,84,Portable laptop computers,Portable laptop computers,CR_HASH_042,Re-export,EX,BH,BH,US,BH,BH,US,US,NMB,4.6,36947.39565217392,price_per_item,169958.02,452016.0,4.6,474.97,569.61,10.51727750600674,9.057918359570245,1.044460022767316,7.958447179146432,9.968345476103028,2.009898296956594,4.943599733711541,12.983192921537915,False,0.9424240637004782,0.9424240637004782,NORMAL,3.0,0.0031446540880503,5.762051382780177,67.03046630801344,3.0,0.0031446540880503,5.762051382780177,63.915119328547,3.0,1.0,0.0,1.0,1.0,0.0,55.88552491899817,LOW,1,7.201675795360431,4.9732521968501455,100.0,1.0,0.0,4,False,66.66666666666666,False,True,80.0,0.7333333333333334,73.33333333333334,79.66666666666667,MEDIUM,1,MEDIUM,"MEDIUM (driven by pattern+cr_profile; price_level=NORMAL, pattern_level=LOW, cr_profile_level=MEDIUM)",1,"The transaction shows a high declared unit price for portable laptop computers, significantly above the peer median price, which raises concerns about potential over-invoicing. However, the price anomaly score is normal, and the trade pattern indicates a low rarity for the route and partners involved, suggesting that this transaction is not unusual for the trader's profile. The combination of a medium CR profile level and low trade pattern score indicates that while there are some anomalies, they do not strongly suggest a genuine risk.",over_invoicing,FALSE_POSITIVE,"The price level is normal despite the high declared unit price, and the trade pattern is low, indicating that this transaction does not present a significant risk based on the trader's historical behavior.",medium,Monitor future transactions from this trader for similar patterns and prices.
2020-2701-9-10304-1,2020-2701-9-10304,2020-08-27,2020,2020-08,8517120000,851712000000,851712,85,Cellular telephones,Cellular telephones,CR_HASH_006,Re-export,EX,BH,BH,US,BH,BH,US,US,NMB,0.81,16162.148148148148,price_per_item,13091.34,34817.4,0.81,1071.69,1254.98,9.69048912424964,8.864077348542533,0.8102493638708186,8.21372138236038,9.675589371385747,1.461867989025368,6.020919398822327,11.8683913549238,False,0.6879451328097028,0.6879451328097028,NORMAL,4.0,0.0041928721174004,5.474369310328396,58.39708046469813,4.0,0.0041928721174004,5.474369310328396,54.46595026060942,4.0,1.0,0.0,1.0,1.0,0.0,48.26162282356236,LOW,1,0.90935294658257,0.7664223830861936,22.733823664564248,1.0,0.0,4,False,66.66666666666666,False,False,70.58823529411764,0.7058823529411764,70.58823529411764,39.72154416495043,LOW,1,LOW,"LOW (driven by pattern+cr_profile; price_level=NORMAL, pattern_level=LOW, cr_profile_level=LOW)",1,"The transaction shows a declared unit price of BHD 16,162.15 for cellular telephones, which is significantly higher than the peer median price of BHD 8.86, but the price anomaly score is within the normal range. Additionally, the trade pattern and CR profile levels are both low, indicating that this transaction does not exhibit unusual characteristics for this trader. Given the context of the date and the nature of the goods, this flag is likely a false positive.",benign_outlier,FALSE_POSITIVE,"The price level is normal, and both the trade pattern and CR profile scores are low, indicating no significant anomalies in this transaction.",high,Monitor future transactions from this trader for any significant changes in pricing or patterns.
2020-2701-5-10293-1,2020-2701-5-10293,2020-08-30,2020,2020-08,6109100000,610910000000,610910,61,Cotton t-shirts,Cotton t-shirts,CR_HASH_016,Import,IM,AE,AE,BH,AE,AE,BH,AE,NMB,2.2,267.27272727272725,price_per_item,588.0,1563.84,2.2,258.86,287.05,5.5920041021445686,4.644105600231562,0.7882174659262975,3.892722458934984,5.444558727344917,1.5518362684099332,1.5649680563200845,7.772313129959818,False,0.8111324705431142,0.8111324705431142,NORMAL,10.0,0.010482180293501,4.558078578454241,30.899046383171186,9.0,0.0094339622641509,4.663439094112067,27.830238657093965,8.0,1.25,0.4629100498862757,2.0,1.6,38.181818181818194,30.91737944884121,NORMAL,0,0.0,1.6990622053737998,42.476555134345,1.0,0.0,2,False,83.33333333333334,True,True,100.0,0.9333333333333332,93.33333333333331,78.53346096368742,MEDIUM,1,LOW,"LOW (driven by cr_profile; price_level=NORMAL, pattern_level=NORMAL, cr_profile_level=MEDIUM)",1,"The transaction shows a declared unit price of BHD 267.27 for cotton t-shirts, which is significantly higher than the peer median price of BHD 4.64, indicating potential over-invoicing. However, the price anomaly score is within the normal range, and the trade pattern and CR profile levels are also normal, suggesting that this may be a benign outlier rather than a genuine risk.",over_invoicing,FALSE_POSITIVE,"The price level is normal despite the high declared unit price, and the trade pattern shows no unusual characteristics. This suggests that the anomaly may not indicate a genuine risk.",medium,Monitor future transactions from this trader for similar pricing patterns.
2020-2501-2-10394-1,2020-2501-2-10394,2020-08-30,2020,2020-08,8517120000,851712000000,851712,85,Cellular telephones,Cellular telephones,CR_HASH_021,Import,IM,US,SA,BH,US,SA,BH,US,NMB,1.97,17364.55837563452,price_per_item,34208.18,90979.2,1.97,322.2,359.27,9.762244119894982,9.1609472788485,0.7778458576033893,8.086449359029473,9.737226953131788,1.6507775941023135,5.610282967876002,12.213393344285258,False,0.5214004278918614,0.5214004278918614,NORMAL,13.0,0.0136268343815513,4.29571431398675,23.025452080470465,2.0,0.0020964360587002,6.1675164908883415,77.23297513030472,8.0,1.625,1.0606601717798212,4.0,2.4615384615384617,93.00699300699304,52.495316286890834,LOW,1,0.0,0.934233282352126,23.35583205880315,1.0,0.0,3,False,75.0,False,True,87.5,0.8235294117647058,82.35294117647058,56.52012945587522,LOW,1,LOW,"LOW (driven by pattern+cr_profile; price_level=NORMAL, pattern_level=LOW, cr_profile_level=LOW)",1,"The transaction shows a declared unit price of approximately BHD 17,364.56 for a cellular telephone, which is significantly higher than the peer median price of BHD 9.16, indicating potential over-invoicing. However, the price anomaly score is normal, and the trade pattern and CR profile levels are low, suggesting that while the price is high, it may not be unusual for this trader's history or trading patterns.",over_invoicing,FALSE_POSITIVE,"The price level is normal despite the high declared unit price, and the trade pattern and CR profile do not indicate significant anomalies, suggesting this may be a benign outlier rather than a genuine risk.",medium,Monitor future transactions from this trader for similar pricing patterns.
2020-2601-2-10155-1,2020-2601-2-10155,2020-08-30,2020,2020-08,2710192100,271019210000,271019,27,Gas oils for diesel engines,Gas oils for diesel engines,CR_HASH_036,Import,IM,DE,AE,BH,DE,AE,BH,DE,LTR,14941.53,0.2122694262234188,price_per_liter_gross_weight,3171.63,8435.19,4.43,14021.41,14941.53,0.1924941618065983,0.2635559281187505,0.0710560088433533,0.1979668243457394,0.3363424368265587,0.1383756124808193,-0.0095965943754896,0.5439058555477878,False,-0.6745454115681778,0.6745454115681778,NORMAL,4.0,0.0041928721174004,5.474369310328396,58.39708046469813,1.0,0.0010482180293501,6.860663671448286,100.0,4.0,1.0,0.0,1.0,1.0,0.0,64.19854023234906,LOW,1,0.0,-0.5394731049521634,13.486827623804084,1.0,0.0,2,False,83.33333333333334,False,True,88.88888888888889,0.7777777777777778,77.77777777777779,52.49816744610921,LOW,1,LOW,"LOW (driven by pattern+cr_profile; price_level=NORMAL, pattern_level=LOW, cr_profile_level=LOW)",1,"The transaction shows a normal price level with a robust Z-score of -0.67, indicating no significant under-invoicing. However, the trade pattern reveals a high route rarity score of 100, suggesting an unusual route from the UAE to Bahrain for this trader. The CR profile indicates a low score, but the trader has previously imported this product, which mitigates the risk of misclassification.",unusual_route,FALSE_POSITIVE,"The combination of a normal price level and the trader's previous experience with the product suggests that the flagged anomaly is likely a false positive, despite the unusual route.",medium,Monitor future transactions from this trader to the same destination for consistency.
2020-2601-3-10946-1,2020-2601-3-10946,2020-08-30,2020,2020-08,9018390000,901839000000,901839,90,Medical syringes and needles,Medical syringes and needles,CR_HASH_012,Import,IM,CN,CN,BH,CN,CN,BH,CN,NMB,0.93,14.82795698924731,price_per_item,13.79,36.68,0.93,785.78,872.01,2.7617778061355653,1.1592369104845446,0.5792846449150362,0.6041021775947832,1.748109664393657,1.1440074867988734,-1.111909052603527,3.464120894591967,False,1.865920381781388,1.865920381781388,NORMAL,23.0,0.0241090146750524,3.725169455519137,5.903307964603629,18.0,0.0188679245283018,3.970291913552122,5.063213787398673,12.0,1.9166666666666667,0.996204919895622,4.0,2.0869565217391304,69.16996047430831,15.099272879037596,NORMAL,0,0.0,4.773025258144344,100.0,1.0,0.0,1,True,91.66666666666666,False,True,72.72727272727273,1.0,100.0,93.1818181818182,HIGH,1,HIGH,"HIGH (driven by cr_profile; price_level=NORMAL, pattern_level=NORMAL, cr_profile_level=HIGH)",1,"This transaction is flagged due to a high CR Profile Score, indicating that the trader's behavior is significantly different from their historical patterns. The declared unit price is within a normal range, and the trade pattern shows no unusual characteristics. However, the fact that this is the first time the trader is importing this product and the partner is relatively rare raises concerns about potential misclassification or unusual trading behavior.",unusual_partner,TRUE_POSITIVE,"The high CR Profile Score combined with the first-time product and the rarity of the partner suggests that this transaction may not align with the trader's typical activities, warranting further investigation.",medium,Conduct a detailed review of the trader's past transactions and verify the legitimacy of the product and partner.
2020-2501-3-10933-1,2020-2501-3-10933,2020-08-31,2020,2020-08,8517120000,851712000000,851712,85,Cellular telephones,Cellular telephones,CR_HASH_033,Import,IM,US,SA,BH,US,SA,BH,US,NMB,2.2,3596.2499999999995,price_per_item,7911.75,21041.9,2.2,219.68,233.35,8.187924943643527,9.1609472788485,0.7778458576033893,8.086449359029473,9.737226953131788,1.6507775941023135,5.610282967876002,12.213393344285258,False,-0.8437334562431087,0.8437334562431087,NORMAL,13.0,0.0136268343815513,4.29571431398675,23.025452080470465,2.0,0.0020964360587002,6.1675164908883415,77.23297513030472,8.0,1.625,1.0606601717798212,4.0,2.4615384615384617,93.00699300699304,52.495316286890834,LOW,1,0.0,-0.5939860088881489,14.849650222203724,1.0,0.0,3,False,75.0,False,True,84.21052631578947,0.8421052631578947,84.21052631578947,53.092114419876566,LOW,1,LOW,"LOW (driven by pattern+cr_profile; price_level=NORMAL, pattern_level=LOW, cr_profile_level=LOW)",1,"This transaction shows a high declared unit price for cellular telephones at 3596.25 BHD, which is significantly above the peer median price of 9.16 BHD, indicating a potential misclassification or over-invoicing. However, the price anomaly score is normal, and the trade pattern and CR profile levels are low, suggesting that this may not be a genuine risk. The trader has previously imported similar goods, but this specific combination of product and partner is flagged as first-time, which adds some uncertainty.",misclassification,FALSE_POSITIVE,"The price level is normal despite the high declared unit price, and the low trade pattern and CR profile levels suggest that the anomaly may not indicate a genuine risk but rather a misclassification in this specific instance.",medium,Monitor future transactions from this trader for similar patterns and verify the classification of goods.
2020-2501-8-10189-1,2020-2501-8-10189,2020-08-31,2020,2020-08,8471300000,847130000000,847130,84,Portable laptop computers,Portable laptop computers,CR_HASH_020,Re-export,EX,BH,BH,SA,BH,BH,SA,SA,NMB,0.98,32142.54081632653,price_per_item,31499.69,83775.78,0.98,771.51,917.36,10.377966801746314,9.057918359570245,1.044460022767316,7.958447179146432,9.968345476103028,2.009898296956594,4.943599733711541,12.983192921537915,False,0.8524600816699592,0.8524600816699592,NORMAL,3.0,0.0031446540880503,5.762051382780177,67.03046630801344,3.0,0.0031446540880503,5.762051382780177,63.915119328547,3.0,1.0,0.0,1.0,1.0,0.0,55.88552491899817,LOW,1,0.0,3.780553570404485,94.5138392601121,1.0,0.0,2,False,83.33333333333334,False,True,93.33333333333331,0.875,87.5,83.91317707437257,MEDIUM,1,MEDIUM,"MEDIUM (driven by pattern+cr_profile; price_level=NORMAL, pattern_level=LOW, cr_profile_level=MEDIUM)",1,"The transaction shows a re-export of portable laptop computers with a declared unit price significantly higher than the peer median price, indicating potential over-invoicing. However, the price anomaly score is normal, and the trade pattern and CR profile levels are low to medium, suggesting that while the price is high, it may not be unusual for this trader's profile. The combination of a first-time product and partner also raises questions about the legitimacy of the transaction.",over_invoicing,TRUE_POSITIVE,"The high CR Price Severity indicates that the price is unusual for this trader, and the first-time combination of product and partner suggests potential risk, warranting further investigation.",medium,Conduct a detailed review of the trader's past transactions and the legitimacy of the declared price with supporting documentation.
2020-2801-2-10391-1,2020-2801-2-10391,2020-08-31,2020,2020-08,1006301000,100630100000,100630,10,Long-grain milled rice,Long-grain milled rice,CR_HASH_046,Re-export,EX,BH,BH,TR,BH,BH,TR,TR,KGM,3790.47,0.4211192807224434,price_per_kg,1596.24,4245.33,2.38,3790.47,4494.18,0.3514447869871863,0.2942812331971436,0.0786514342671003,0.2366195387420564,0.3954409430566458,0.1588214043145894,-0.0016125677298277,0.63367304952853,False,0.4902172372253235,0.4902172372253235,NORMAL,1.0,0.0010482180293501,6.860663671448286,100.0,1.0,0.0010482180293501,6.860663671448286,100.0,1.0,1.0,0.0,1.0,1.0,0.0,85.0,HIGH,1,0.0,0.233467450882939,5.836686272073475,1.0,0.0,1,True,91.66666666666666,True,True,100.0,0.8235294117647058,82.35294117647058,73.51342843051984,LOW,1,HIGH,"HIGH (driven by pattern+cr_profile; price_level=NORMAL, pattern_level=HIGH, cr_profile_level=LOW)",1,"This transaction is flagged due to a high Trade Pattern Score and CR Profile Score, indicating unusual trading behavior with a first-time partner and product. However, the price anomaly is normal, and the declared unit price is above the peer median, suggesting no under- or over-invoicing. The high rarity scores for both the partner and route further indicate that this is an unusual transaction for the trader, but the context of a re-export of rice from Bahrain to Turkey is plausible.",unusual_partner,TRUE_POSITIVE,"The combination of high rarity scores and first-time engagement with a partner raises concerns about the legitimacy of the transaction, warranting further scrutiny despite the normal pricing.",medium,Conduct a deeper investigation into the trader's history and the legitimacy of the transaction with the new partner.
2020-2801-6-10350-1,2020-2801-6-10350,2020-09-05,2020,2020-09,8504400090,850440009000,850440,85,Static converters,Static converters,CR_HASH_030,Import,IM,US,SA,BH,US,SA,BH,US,NMB,3.11,1037.1993569131832,price_per_item,3225.69,8578.96,3.11,674.91,750.02,6.945243103968147,7.466827051260017,0.5715840105867187,6.914775863803976,8.032836322465545,1.11806045866157,5.23768517581162,9.7099270104579,False,-0.6154887929397732,0.6154887929397732,NORMAL,14.0,0.0146750524109014,4.221606341833028,20.80145976765095,2.0,0.0020964360587002,6.1675164908883415,77.23297513030472,9.0,1.5555555555555556,1.130388330520878,4.0,2.571428571428571,100.0,52.43227117943213,LOW,1,0.0,-0.4475523486011606,11.188808715029015,1.0,0.0,2,False,83.33333333333334,False,True,91.66666666666666,0.9230769230769232,92.3076923076923,55.29428817846528,LOW,1,LOW,"LOW (driven by pattern+cr_profile; price_level=NORMAL, pattern_level=LOW, cr_profile_level=LOW)",1,"The transaction shows a declared unit price significantly higher than the peer median price, but the robust Z-score indicates it is not anomalous in terms of under-invoicing. The trade pattern score is low due to a high burstiness score, suggesting a sudden spike in activity, but the partner rarity and route rarity scores indicate that the trading partner and route are not unusual for this trader. Overall, the combination of a normal price level and low anomaly scores suggests this is likely a benign outlier.",benign_outlier,FALSE_POSITIVE,"The price level is normal and the trade pattern does not indicate a significant risk, despite the burstiness score. The trader's history with the partner and product combination also supports the conclusion of a false positive.",medium,Monitor future transactions from this trader for consistency in pricing and trade patterns.
2020-2701-2-10672-1,2020-2701-2-10672,2020-09-05,2020,2020-09,6109100000,610910000000,610910,61,Cotton t-shirts,Cotton t-shirts,CR_HASH_039,Re-export,EX,BH,BH,SA,BH,BH,SA,SA,NMB,1.03,51.8252427184466,price_per_item,53.38,141.96,1.03,28.42,31.27,3.9669891582562897,4.610526181303967,0.7708500247178713,3.916293548711598,5.585818334387825,1.6695247856762268,1.412006370197258,8.090105512902165,False,-0.5630923804998246,0.5630923804998246,NORMAL,4.0,0.0041928721174004,5.474369310328396,58.39708046469813,4.0,0.0041928721174004,5.474369310328396,54.46595026060942,4.0,1.0,0.0,1.0,1.0,0.0,48.26162282356236,LOW,1,0.0,-0.5480438258205296,13.70109564551324,1.0,0.0,2,False,83.33333333333334,True,True,100.0,0.8888888888888888,88.88888888888889,67.57316125370741,LOW,1,LOW,"LOW (driven by pattern+cr_profile; price_level=NORMAL, pattern_level=LOW, cr_profile_level=LOW)",1,"The transaction shows a declared unit price of 51.83 BHD for cotton t-shirts, which is significantly higher than the peer median price of 4.61 BHD. However, the price anomaly score is normal, indicating no under-invoicing. The trade pattern and CR profile levels are low, with the trader using a new partner for this re-export, which raises some concern but does not indicate a strong risk.",unusual_partner,FALSE_POSITIVE,"While there is an unusual partner involved, the price level is normal and the overall composite score is low, suggesting this transaction does not present a significant risk at this time.",medium,Monitor future transactions from this trader to the new partner for consistency.
2020-2701-6-10476-1,2020-2701-6-10476,2020-09-06,2020,2020-09,8517120000,851712000000,851712,85,Cellular telephones,Cellular telephones,CR_HASH_049,Import,IM,CN,CN,BH,CN,CN,BH,CN,NMB,4.88,149.375,price_per_item,728.95,1938.7,4.88,12.36,13.84,5.013132174294843,9.1609472788485,0.7778458576033893,8.086449359029473,9.737226953131788,1.6507775941023135,5.610282967876002,12.213393344285258,True,-3.5966804125675127,3.5966804125675127,MEDIUM,22.0,0.0230607966457023,3.769621218089971,7.23731259832573,14.0,0.0146750524109014,4.221606341833028,13.317855801757728,10.0,2.2,0.7888106377466155,3.0,1.3636363636363635,23.140495867768596,11.75098020994336,NORMAL,0,-6.348486991212515,-0.9852006561255048,100.0,1.0,0.0,4,False,66.66666666666666,False,False,70.58823529411764,0.7777777777777778,77.77777777777779,68.20261437908496,LOW,1,MEDIUM,"MEDIUM (driven by price+cr_profile; price_level=MEDIUM, pattern_level=NORMAL, cr_profile_level=LOW)",1,"The transaction shows a significant under-invoicing with a robust Z-score of -3.60, indicating a price far below the peer median price of BHD 9.16 for cellular telephones. The declared unit price of BHD 149.375 for 4.88 units results in an invoice total that is inconsistent with typical market values, suggesting potential misclassification or fraudulent pricing. Given the context of 2020, the price anomaly raises concerns about the legitimacy of the transaction.",under_invoicing,TRUE_POSITIVE,The strong under-invoicing signal combined with the trader's high price severity score indicates a genuine risk of misrepresentation in this transaction.,high,Conduct a detailed investigation into the trader's past transactions and request additional documentation to verify the pricing and classification of the goods.
2020-2601-3-10536-1,2020-2601-3-10536,2020-09-06,2020,2020-09,9018390000,901839000000,901839,90,Medical syringes and needles,Medical syringes and needles,CR_HASH_030,Import,IM,SA,DE,BH,SA,DE,BH,SA,NMB,3.73,0.7131367292225201,price_per_item,2.66,7.08,3.73,406.29,466.63,0.5383260347337193,1.1592369104845446,0.5792846449150362,0.6041021775947832,1.748109664393657,1.1440074867988734,-1.111909052603527,3.464120894591967,False,-0.7229583104414538,0.7229583104414538,NORMAL,6.0,0.0062893081761006,5.068904202220232,46.22900654036249,1.0,0.0010482180293501,6.860663671448286,100.0,5.0,1.2,0.4472135954999579,2.0,1.6666666666666667,42.42424242424244,64.4781396338176,LOW,1,0.0,-0.7596837003776984,18.99209250944246,1.0,0.0,1,True,91.66666666666666,False,True,92.3076923076923,1.0,100.0,69.72415545522793,LOW,1,LOW,"LOW (driven by pattern+cr_profile; price_level=NORMAL, pattern_level=LOW, cr_profile_level=LOW)",1,"The transaction appears to be a benign outlier as the price level is classified as NORMAL, and the robust Z-score indicates no significant under-invoicing. Although there is a low trade pattern score and a high partner rarity score, the declared goods match the commercial description, and the transaction is consistent with the trader's profile despite being a first-time product and partner combination.",benign_outlier,FALSE_POSITIVE,"The transaction does not exhibit significant anomalies in price or trade patterns, and the goods description aligns with the declared items, indicating it is likely a false positive.",high,Monitor future transactions from this trader for similar patterns.
2020-2501-1-10551-1,2020-2501-1-10551,2020-09-06,2020,2020-09,8517120000,851712000000,851712,85,Cellular telephones,Cellular telephones,CR_HASH_022,Import,IM,IN,IN,BH,IN,IN,BH,IN,NMB,1.74,30461.954022988502,price_per_item,53003.8,140967.54,1.74,735.9,815.45,10.324266602147006,9.1609472788485,0.7778458576033893,8.086449359029473,9.737226953131788,1.6507775941023135,5.610282967876002,12.213393344285258,False,1.0087450183291802,1.0087450183291802,NORMAL,9.0,0.0094339622641509,4.663439094112067,34.06093261602687,8.0,0.0083857442348008,4.781222129768451,31.698925390914116,6.0,1.5,0.5477225575051662,2.0,1.3333333333333333,21.21212121212121,31.30690837665156,NORMAL,0,0.0,2.343827543846346,58.595688596158645,1.0,0.0,3,False,75.0,True,True,100.0,0.7272727272727273,72.72727272727273,80.05394555411007,MEDIUM,1,LOW,"LOW (driven by cr_profile; price_level=NORMAL, pattern_level=NORMAL, cr_profile_level=MEDIUM)",1,"The transaction shows a high declared unit price for a cellular telephone at approximately BHD 30,462, which is significantly above the peer median price of BHD 9.16. However, the price anomaly score is within normal limits, and the trade pattern and price levels are also normal. The trader has a high partner rarity score, indicating this is the first time they are trading with this partner, which could suggest a benign outlier rather than a genuine risk.",benign_outlier,FALSE_POSITIVE,"The price level is normal despite the high declared unit price, and the trade pattern is also normal, indicating that this transaction is likely a benign outlier rather than a genuine risk.",medium,Monitor future transactions from this trader to see if this pattern continues.
2020-2501-1-10454-1,2020-2501-1-10454,2020-09-07,2020,2020-09,8504400090,850440009000,850440,85,Static converters,Static converters,CR_HASH_024,Import,IM,AE,JP,BH,AE,JP,BH,AE,NMB,2.37,69.61603375527426,price_per_item,164.99,438.8,2.37,7.6,8.2,4.257257225729518,7.466827051260017,0.5715840105867187,6.914775863803976,8.032836322465545,1.11806045866157,5.23768517581162,9.7099270104579,True,-3.7874138343951977,3.7874138343951977,MEDIUM,12.0,0.0125786163522012,4.375757021660286,25.427546772711544,1.0,0.0010482180293501,6.860663671448286,100.0,8.0,1.5,0.5345224838248488,2.0,1.3333333333333333,21.21212121212121,50.89559156817395,LOW,1,-6.372809304428516,-1.0894056557052327,100.0,1.0,0.0,4,False,66.66666666666666,False,False,85.71428571428572,0.75,75.0,71.42857142857143,LOW,1,MEDIUM,"MEDIUM (driven by price+pattern+cr_profile; price_level=MEDIUM, pattern_level=LOW, cr_profile_level=LOW)",1,"The transaction shows a significant under-invoicing with a robust Z-score of -3.79, indicating the declared unit price of 69.62 BHD is far below the peer median price of 7.47 BHD for static converters. Additionally, the trade pattern indicates a rare route from Japan to Bahrain, which raises concerns about the legitimacy of the transaction. Given the context of the 2020 market, this price anomaly is suspicious.",under_invoicing,TRUE_POSITIVE,"The strong evidence of under-invoicing combined with the unusual trade route suggests a genuine risk, warranting further scrutiny of the transaction.",high,Conduct a detailed investigation into the trader's past transactions and request additional documentation to justify the declared price.
2020-2501-1-10538-1,2020-2501-1-10538,2020-09-08,2020,2020-09,6109100000,610910000000,610910,61,Cotton t-shirts,Cotton t-shirts,CR_HASH_002,Import,IM,SA,DE,BH,SA,DE,BH,SA,NMB,1.07,658.9345794392523,price_per_item,705.06,1875.16,1.07,811.77,907.45,6.492140708045816,4.644105600231562,0.7882174659262975,3.892722458934984,5.444558727344917,1.5518362684099332,1.5649680563200845,7.772313129959818,False,1.5813942944593418,1.5813942944593418,NORMAL,14.0,0.0146750524109014,4.221606341833028,20.80145976765095,1.0,0.0010482180293501,6.860663671448286,100.0,8.0,1.75,0.8864052604279183,3.0,1.7142857142857142,45.45454545454546,52.2189117020073,LOW,1,0.0,5.630642148855718,100.0,1.0,0.0,1,True,91.66666666666666,False,True,92.3076923076923,0.9333333333333332,93.33333333333331,96.74358974358977,HIGH,1,HIGH,"HIGH (driven by pattern+cr_profile; price_level=NORMAL, pattern_level=LOW, cr_profile_level=HIGH)",1,"This transaction is flagged due to a high CR Profile Score and unusual partner rarity, indicating that the trader has not previously imported cotton t-shirts from Germany. The declared unit price is significantly higher than the peer median price, but the price anomaly score is within normal limits. Given the context of the transaction date in 2020, the high price could be a result of market fluctuations or specific supplier pricing.",unusual_partner,TRUE_POSITIVE,"The high CR Profile Score and unusual partner rarity suggest that this transaction may pose a risk, particularly since it involves a first-time import of a specific product from an uncommon partner.",medium,Conduct a detailed review of the trader's past import activities and verify the legitimacy of the supplier in Germany.
2020-2501-4-10472-1,2020-2501-4-10472,2020-09-09,2020,2020-09,6109100000,610910000000,610910,61,Cotton t-shirts,Cotton t-shirts,CR_HASH_020,Re-export,EX,BH,BH,CN,BH,BH,CN,CN,NMB,1.11,384.19819819819816,price_per_item,426.46,1134.2,1.11,70.9,75.66,5.953758002338259,4.610526181303967,0.7708500247178713,3.916293548711598,5.585818334387825,1.6695247856762268,1.412006370197258,8.090105512902165,False,1.1753225946307029,1.1753225946307029,NORMAL,5.0,0.0052410901467505,5.251225759014186,51.700506150822136,5.0,0.0052410901467505,5.251225759014186,47.13660531805522,3.0,1.6666666666666667,1.1547005383792517,3.0,1.7999999999999998,50.90909090909091,49.98442857309403,LOW,1,0.0,2.908008565981239,72.70021414953098,1.0,0.0,1,True,91.66666666666666,False,True,81.25,1.0,100.0,85.75757495233584,HIGH,1,HIGH,"HIGH (driven by pattern+cr_profile; price_level=NORMAL, pattern_level=LOW, cr_profile_level=HIGH)",1,"The transaction shows a declared unit price of 384.20 BHD for a cotton t-shirt, which is significantly higher than the peer median price of 4.61 BHD, indicating potential over-invoicing. Additionally, the trader is using this product and partner combination for the first time, which raises concerns about the legitimacy of the transaction. The high CR Profile Score suggests unusual behavior for this trader, further supporting the need for scrutiny.",over_invoicing,TRUE_POSITIVE,"The significant discrepancy between the declared unit price and the peer median price, combined with the trader's first-time use of this product and the high CR Profile Score, indicates a genuine risk of over-invoicing.",high,Conduct a detailed investigation into the trader's past transactions and the legitimacy of the pricing for the declared goods.
2020-2601-9-10190-1,2020-2601-9-10190,2020-09-09,2020,2020-09,2710192100,271019210000,271019,27,Gas oils for diesel engines,Gas oils for diesel engines,CR_HASH_023,Re-export,EX,BH,BH,JP,BH,BH,JP,JP,LTR,4598.01,0.3205169192759476,price_per_liter_gross_weight,1473.74,3919.51,2.51,4046.75,4598.01,0.2780232654529347,0.2773855677315066,0.0779894680702432,0.1639690098991207,0.3324464187701956,0.1684774088710749,-0.0887471034074916,0.585162532076808,False,0.0055151192986108,0.0055151192986108,NORMAL,2.0,0.0020964360587002,6.1675164908883415,79.19854023234907,2.0,0.0020964360587002,6.1675164908883415,77.23297513030472,2.0,1.0,0.0,1.0,1.0,0.0,66.6308114117812,LOW,1,0.0,0.125450761373198,3.136269034329952,1.0,0.0,2,False,83.33333333333334,False,True,90.9090909090909,0.9090909090909092,90.9090909090909,52.00678507110639,LOW,1,LOW,"LOW (driven by pattern+cr_profile; price_level=NORMAL, pattern_level=LOW, cr_profile_level=LOW)",1,"The transaction appears to be a benign outlier as the price level is normal, and the robust Z-score indicates no significant price anomaly. Although the trade pattern and CR profile dimensions show low levels, the partner and route rarity scores are high, suggesting that while this is a less common transaction, it does not indicate a risk. The declared goods and commercial description match, reinforcing the legitimacy of the transaction.",benign_outlier,FALSE_POSITIVE,"The price and trade pattern dimensions do not indicate significant anomalies, and the transaction aligns with the trader's historical behavior, suggesting it is a false positive.",high,Monitor future transactions from this trader for any unusual patterns.
2020-2601-7-10872-1,2020-2601-7-10872,2020-09-10,2020,2020-09,8517120000,851712000000,851712,85,Cellular telephones,Cellular telephones,CR_HASH_041,Import,IM,DE,DE,BH,DE,DE,BH,DE,NMB,2.13,6817.338028169014,price_per_item,14520.93,38619.49,2.13,250.62,297.3,8.827371030255751,9.1609472788485,0.7778458576033893,8.086449359029473,9.737226953131788,1.6507775941023135,5.610282967876002,12.213393344285258,False,-0.2892528063977908,0.2892528063977908,NORMAL,6.0,0.0062893081761006,5.068904202220232,46.22900654036249,5.0,0.0052410901467505,5.251225759014186,47.13660531805522,4.0,1.5,1.0,3.0,2.0,63.63636363636365,49.15776967695511,LOW,1,0.0,-0.2793865634472296,6.98466408618074,1.0,0.0,1,True,91.66666666666666,False,True,77.77777777777779,0.8888888888888888,88.88888888888889,59.66685465238548,LOW,1,LOW,"LOW (driven by pattern+cr_profile; price_level=NORMAL, pattern_level=LOW, cr_profile_level=LOW)",1,"The transaction shows a declared unit price of approximately BHD 6817.34 for cellular telephones, which is significantly higher than the peer median price of BHD 9.16. However, the price anomaly score is normal, indicating no under-invoicing. The trade pattern and CR profile levels are low, suggesting that this is a first-time product and product-partner combination for the trader, which may explain the unusual pricing without indicating a genuine risk.",benign_outlier,FALSE_POSITIVE,"The price level is normal despite the high declared unit price, and the trade pattern and CR profile levels are low, indicating that this transaction is likely an outlier rather than a genuine risk.",medium,Monitor future transactions from this trader for consistency in pricing and product selection.
2020-2701-1-10572-1,2020-2701-1-10572,2020-09-12,2020,2020-09,8703221000,870322100000,870322,87,Passenger cars 1000-1500cc,Passenger cars 1000-1500cc,CR_HASH_029,Re-export,EX,BH,BH,IN,BH,BH,IN,IN,NMB,4.59,150676.9063180828,price_per_item,691607.0,1839380.31,4.59,428.21,507.61,11.92289976682016,12.004283802979176,0.6624296738554509,11.2719045323345,12.594725507248622,1.3228209749141229,9.287673069963317,14.578956969619806,False,-0.0828658233842124,0.0828658233842124,NORMAL,4.0,0.0041928721174004,5.474369310328396,58.39708046469813,4.0,0.0041928721174004,5.474369310328396,54.46595026060942,4.0,1.0,0.0,1.0,1.0,0.0,48.26162282356236,LOW,1,0.0,-0.3761692065049697,9.404230162624245,1.0,0.0,2,False,83.33333333333334,False,True,92.3076923076923,0.8571428571428572,85.71428571428572,53.51126077669871,LOW,1,LOW,"LOW (driven by pattern+cr_profile; price_level=NORMAL, pattern_level=LOW, cr_profile_level=LOW)",1,"The transaction shows a re-export of passenger cars with a declared unit price that is significantly higher than the peer median price, but the price anomaly score is normal, indicating no under-invoicing. The trade pattern and CR profile levels are low, suggesting that while the partner and route are somewhat unusual, they do not strongly indicate a risk. The transaction appears to be a benign outlier given the context of the trade.",benign_outlier,FALSE_POSITIVE,"The price level is normal, and while there are some low-level anomalies in the trade pattern and CR profile, they do not provide strong evidence of risk, leading to a classification as a false positive.",medium,Monitor future transactions from this trader for any unusual patterns.
2020-2801-4-10720-1,2020-2801-4-10720,2020-09-13,2020,2020-09,6109100000,610910000000,610910,61,Cotton t-shirts,Cotton t-shirts,CR_HASH_024,Re-export,EX,BH,BH,TR,BH,BH,TR,TR,NMB,0.89,355.3033707865169,price_per_item,316.22,841.0,0.89,752.71,790.54,5.875782533096136,4.610526181303967,0.7708500247178713,3.916293548711598,5.585818334387825,1.6695247856762268,1.412006370197258,8.090105512902165,False,1.107094363738562,1.107094363738562,NORMAL,2.0,0.0020964360587002,6.1675164908883415,79.19854023234907,2.0,0.0020964360587002,6.1675164908883415,77.23297513030472,2.0,1.0,0.0,1.0,1.0,0.0,66.6308114117812,LOW,1,1.662147418048363,2.619668350523682,65.49170876309205,1.0,0.0,4,False,66.66666666666666,True,True,100.0,0.8235294117647058,82.35294117647058,84.39268630237633,MEDIUM,1,MEDIUM,"MEDIUM (driven by pattern+cr_profile; price_level=NORMAL, pattern_level=LOW, cr_profile_level=MEDIUM)",1,"The transaction shows a re-export of cotton t-shirts from Bahrain to Turkey with a declared unit price significantly higher than the peer median price, indicating potential over-invoicing. However, the price anomaly score is within a normal range, and the trade pattern shows high rarity for both the partner and route, which could suggest a legitimate transaction despite the unusual pricing. The trader has not previously worked with this partner, adding to the complexity of the situation.",over_invoicing,TRUE_POSITIVE,"The combination of high partner rarity and unusual pricing suggests a potential risk of over-invoicing, warranting further investigation despite the normal price level score.",medium,Conduct a detailed review of the trader's previous transactions and the pricing of similar goods in the market to assess the legitimacy of the declared price.
2020-2801-6-10772-1,2020-2801-6-10772,2020-09-13,2020,2020-09,3923301000,392330100000,392330,39,Plastic bottles for packaging,Plastic bottles for packaging,CR_HASH_049,Import,IM,CN,CN,BH,CN,CN,BH,CN,NMB,2.78,56.906474820143885,price_per_item,158.2,420.75,2.78,1190.3,1369.77,4.058829205963042,1.6841288050356895,0.6442087840607709,1.0864174155799162,2.3469388358112164,1.2605214202313002,-0.8043647147670341,4.237720966158166,False,2.486326663934109,2.486326663934109,LOW,28.0,0.0293501048218029,3.5284591612730827,0.0,21.0,0.0220125786163522,3.816141233724864,0.0,12.0,2.333333333333333,1.2309149097933274,5.0,2.142857142857143,72.72727272727273,10.90909090909091,NORMAL,0,0.0,10.39789630666978,100.0,2.0,25.0,3,False,75.0,False,True,66.66666666666667,0.8947368421052632,89.47368421052632,82.06140350877193,MEDIUM,1,MEDIUM,"MEDIUM (driven by price+cr_profile; price_level=LOW, pattern_level=NORMAL, cr_profile_level=MEDIUM)",1,"The transaction shows a high declared unit price of 56.91 BHD for plastic bottles, significantly above the peer median price of 1.68 BHD, resulting in a robust Z-score close to the anomaly threshold. However, the price level is classified as LOW, indicating that while the price is anomalous, it may not be a strong indicator of risk. Additionally, the CR Profile shows a medium level of deviation, suggesting that the trader's past behavior does not strongly align with this transaction.",over_invoicing,FALSE_POSITIVE,"The high unit price is likely a false positive due to the low price level classification and the trader's historical behavior not indicating a significant risk, despite the anomaly score being close to the threshold.",medium,Monitor future transactions from this trader for similar patterns.
2020-2701-3-10745-1,2020-2701-3-10745,2020-09-14,2020,2020-09,8703221000,870322100000,870322,87,Passenger cars 1000-1500cc,Passenger cars 1000-1500cc,CR_HASH_017,Import,IM,SA,SA,BH,SA,SA,BH,SA,NMB,3.67,294853.96185286104,price_per_item,1082114.04,2877962.88,3.67,774.65,887.32,12.594238859684074,12.339741490828857,0.5298577154310848,11.445675964067552,12.647064860424424,1.201388896356871,9.643592619532246,14.44914820495973,False,0.3239664510014611,0.3239664510014611,NORMAL,5.0,0.0052410901467505,5.251225759014186,51.700506150822136,4.0,0.0041928721174004,5.474369310328396,54.46595026060942,4.0,1.25,0.5,2.0,1.6,38.181818181818194,50.64060839389709,LOW,1,0.0,0.4189080182444937,10.472700456112344,1.0,0.0,2,False,83.33333333333334,False,True,77.77777777777779,0.9444444444444444,94.44444444444444,51.998778492972654,LOW,1,LOW,"LOW (driven by pattern+cr_profile; price_level=NORMAL, pattern_level=LOW, cr_profile_level=LOW)",1,"The transaction shows a declared unit price of approximately BHD 294,854 for passenger cars, which is significantly higher than the peer median price of BHD 12.34, indicating a potential over-invoicing issue. However, the price anomaly score is low, and the trade pattern and CR profile levels are also low, suggesting that this may not be a genuine risk but rather a benign outlier given the context of the transaction date in 2020.",over_invoicing,FALSE_POSITIVE,"The price level is normal despite the high declared unit price, and both the trade pattern and CR profile dimensions do not indicate significant anomalies, suggesting that this transaction is likely a false positive.",medium,Monitor future transactions from this trader for similar patterns.
2020-2501-8-10433-1,2020-2501-8-10433,2020-09-14,2020,2020-09,8504400090,850440009000,850440,85,Static converters,Static converters,CR_HASH_028,Import,IM,AE,AE,BH,AE,AE,BH,AE,NMB,1.73,8029.699421965318,price_per_item,13891.38,36945.15,1.73,247.93,296.07,8.991026904264203,7.466827051260017,0.5715840105867187,6.914775863803976,8.032836322465545,1.11806045866157,5.23768517581162,9.7099270104579,False,1.7986134975882684,1.7986134975882684,NORMAL,12.0,0.0125786163522012,4.375757021660286,25.427546772711544,8.0,0.0083857442348008,4.781222129768451,31.698925390914116,8.0,1.5,0.5345224838248488,2.0,1.3333333333333333,21.21212121212121,26.99021545499389,NORMAL,0,0.0,4.235104979417526,100.0,1.0,0.0,3,False,75.0,False,True,87.5,0.75,75.0,81.875,MEDIUM,1,LOW,"LOW (driven by cr_profile; price_level=NORMAL, pattern_level=NORMAL, cr_profile_level=MEDIUM)",1,"The transaction shows a very high declared unit price of 8029.70 BHD for static converters, which is significantly above the peer median price of 7.47 BHD. However, the price anomaly score is only 1.80, indicating it is not extreme enough to be flagged as a high anomaly. The CR Profile shows a high price severity of 100, suggesting that this price is unusual for this trader, but the overall composite score is low, indicating that the anomaly may not represent a genuine risk.",over_invoicing,FALSE_POSITIVE,"The high unit price is anomalous compared to the peer median, but the overall composite score is low, indicating that this may not be a genuine risk. The trader has a history of using this partner and product, which reduces the likelihood of a serious issue.",medium,Monitor future transactions from this trader for similar pricing patterns.
2020-2501-9-10429-1,2020-2501-9-10429,2020-09-15,2020,2020-09,8504400090,850440009000,850440,85,Static converters,Static converters,CR_HASH_022,Import,IM,DE,SA,BH,DE,SA,BH,DE,NMB,3.21,3504.489096573209,price_per_item,11249.41,29918.64,3.21,661.04,745.03,8.162085332265123,7.466827051260017,0.5715840105867187,6.914775863803976,8.032836322465545,1.11806045866157,5.23768517581162,9.7099270104579,False,0.8204310780250201,0.8204310780250201,NORMAL,5.0,0.0052410901467505,5.251225759014186,51.700506150822136,1.0,0.0010482180293501,6.860663671448286,100.0,4.0,1.25,0.5,2.0,1.6,38.181818181818194,66.5775258026838,LOW,1,0.0,1.2739870363443786,31.849675908609463,1.0,0.0,2,False,83.33333333333334,False,True,91.66666666666666,0.6666666666666667,66.66666666666667,57.39738656801331,LOW,1,LOW,"LOW (driven by pattern+cr_profile; price_level=NORMAL, pattern_level=LOW, cr_profile_level=LOW)",1,"The transaction shows a high declared unit price of 3504.49 BHD for static converters, which is significantly above the peer median price of 7.47 BHD. However, the price anomaly score is normal, indicating no under- or over-invoicing. The trade pattern shows a rare route, but the trader has a low profile severity, suggesting this may not be a genuine risk despite the unusual route.",benign_outlier,FALSE_POSITIVE,"The price level is normal and the trade pattern score is low, indicating that while the route is unusual, the overall transaction does not present a significant risk based on the available data.",medium,Monitor future transactions from this trader for similar patterns.
2020-2601-9-10760-1,2020-2601-9-10760,2020-09-16,2020,2020-09,102211000,102211000000,102211,10,"Live cattle, pure-bred breeding","Live cattle, pure-bred breeding",CR_HASH_002,Import,IM,US,CN,BH,US,CN,BH,US,NMB,4.06,8004.04433497537,price_per_item,32496.42,86426.64,4.06,61.58,68.25,8.987827163825893,10.013369334439131,0.6855679350518233,9.327801399387308,10.638440798004725,1.3106393986174147,7.361842301461186,12.604399895930843,False,-1.0089718059522592,1.0089718059522592,NORMAL,10.0,0.010482180293501,4.558078578454241,30.899046383171186,2.0,0.0020964360587002,6.1675164908883415,77.23297513030472,7.0,1.4285714285714286,0.7867957924694432,3.0,2.1,70.00000000000001,52.98106448719224,LOW,1,0.0,-0.6160011896931862,15.400029742329654,1.0,0.0,2,False,83.33333333333334,False,True,92.85714285714286,0.8125,81.25,54.8542961241011,LOW,1,LOW,"LOW (driven by pattern+cr_profile; price_level=NORMAL, pattern_level=LOW, cr_profile_level=LOW)",1,"The transaction involves the import of live cattle from the US to Bahrain, with a declared unit price significantly higher than the peer median price, but the price anomaly score is within the normal range. The trade pattern shows a low rarity for the partner and route, indicating that while the trader is using a new product-partner combination, this is not unusual for the industry context. The overall low anomaly score suggests that this transaction is likely a benign outlier rather than a genuine risk.",benign_outlier,FALSE_POSITIVE,"The price level is normal, and while the partner rarity is high, the overall composite score is low, indicating no significant risk factors present in this transaction.",medium,Monitor future transactions from this trader for similar patterns.
2020-2601-6-10940-1,2020-2601-6-10940,2020-09-16,2020,2020-09,8504400090,850440009000,850440,85,Static converters,Static converters,CR_HASH_001,Import,IM,SA,SA,BH,SA,SA,BH,SA,NMB,2.82,2651.205673758865,price_per_item,7476.4,19884.05,2.82,1005.2,1134.72,7.883146902506298,7.466827051260017,0.5715840105867187,6.914775863803976,8.032836322465545,1.11806045866157,5.23768517581162,9.7099270104579,False,0.4912731767357315,0.4912731767357315,NORMAL,2.0,0.0020964360587002,6.1675164908883415,79.19854023234907,2.0,0.0020964360587002,6.1675164908883415,77.23297513030472,2.0,1.0,0.0,1.0,1.0,0.0,66.6308114117812,LOW,1,0.0,0.604541355965856,15.1135338991464,1.0,0.0,1,True,91.66666666666666,False,True,92.3076923076923,0.9230769230769232,92.3076923076923,66.82819840316279,LOW,1,LOW,"LOW (driven by pattern+cr_profile; price_level=NORMAL, pattern_level=LOW, cr_profile_level=LOW)",1,"The transaction shows a declared unit price of BHD 2651.21 for static converters, which is significantly higher than the peer median price of BHD 7.47, indicating potential over-invoicing. However, the robust Z-score is within normal limits, and the price level is classified as normal. The trader is also using this product and partner for the first time, which may contribute to the anomaly flag but does not necessarily indicate a genuine risk.",over_invoicing,FALSE_POSITIVE,The price anomaly is likely a false positive due to the normal price level and the robust Z-score indicating no significant deviation. The first-time use of the product and partner adds context but does not confirm a genuine risk.,medium,Monitor future transactions from this trader for consistency in pricing and product usage.
2020-2601-1-10932-1,2020-2601-1-10932,2020-09-18,2020,2020-09,8504400090,850440009000,850440,85,Static converters,Static converters,CR_HASH_027,Import,IM,EG,EG,BH,EG,EG,BH,EG,NMB,2.94,1104.2380952380952,price_per_item,3246.46,8634.21,2.94,528.56,579.48,7.00781606154506,7.466827051260017,0.5715840105867187,6.914775863803976,8.032836322465545,1.11806045866157,5.23768517581162,9.7099270104579,False,-0.5416503354303923,0.5416503354303923,NORMAL,1.0,0.0010482180293501,6.860663671448286,100.0,1.0,0.0010482180293501,6.860663671448286,100.0,1.0,1.0,0.0,1.0,1.0,0.0,85.0,HIGH,1,0.0,-0.3999282803535434,9.998207008838586,1.0,0.0,2,False,83.33333333333334,True,True,100.0,0.9411764705882352,94.11764705882352,67.32290186485821,LOW,1,HIGH,"HIGH (driven by pattern+cr_profile; price_level=NORMAL, pattern_level=HIGH, cr_profile_level=LOW)",1,"This transaction is flagged due to a high trade pattern score and unusual partner rarity, as the trader has never imported from this partner before. However, the price anomaly indicates normal pricing behavior, with a robust Z-score close to zero, suggesting no under- or over-invoicing. The combination of a high partner rarity and a low CR profile level indicates a potential risk in the trading relationship.",unusual_partner,TRUE_POSITIVE,"The high partner rarity score and first-time partner status indicate a potential risk, warranting further investigation despite the normal pricing behavior.",medium,Conduct a thorough review of the trader's relationship with the new partner and verify the legitimacy of the transaction.
2020-2701-9-10218-1,2020-2701-9-10218,2020-09-19,2020,2020-09,8471300000,847130000000,847130,84,Portable laptop computers,Portable laptop computers,CR_HASH_048,Import,IM,JP,US,BH,JP,US,BH,JP,NMB,3.39,3809.811209439528,price_per_item,12915.26,34349.1,3.39,235.18,273.38,8.245597361320774,8.71824987064452,0.6999612932513521,7.750041925937837,9.126895264901794,1.376853338963957,5.684761917491901,11.192175273347727,False,-0.4554533987178812,0.4554533987178812,NORMAL,2.0,0.0020964360587002,6.1675164908883415,79.19854023234907,1.0,0.0010482180293501,6.860663671448286,100.0,2.0,1.0,0.0,1.0,1.0,0.0,74.59927011617454,LOW,1,-0.4899928932009169,-0.3810367603778221,12.249822330022925,1.0,0.0,5,False,58.333333333333336,True,True,100.0,0.7333333333333334,73.33333333333334,63.95410448217469,LOW,1,LOW,"LOW (driven by pattern+cr_profile; price_level=NORMAL, pattern_level=LOW, cr_profile_level=LOW)",1,"The transaction shows a normal price level with a robust Z-score indicating no significant price anomaly. However, the trade pattern indicates a high rarity for the route and partner, which could suggest unusual trading behavior. The trader has not previously engaged with this partner, which adds to the suspicion, but the overall low anomaly score suggests this may not be a genuine risk.",unusual_partner,FALSE_POSITIVE,"The price level is normal and the overall anomaly score is low, indicating that while the partner is unusual, it does not necessarily indicate a risk in this instance.",medium,Monitor future transactions from this trader to see if they establish a consistent trading pattern with the new partner.
2020-2801-5-10585-1,2020-2801-5-10585,2020-09-20,2020,2020-09,8471300000,847130000000,847130,84,Portable laptop computers,Portable laptop computers,CR_HASH_004,Re-export,EX,BH,BH,US,BH,BH,US,US,NMB,1.33,19737.03759398496,price_per_item,26250.26,69814.53,1.33,1076.21,1222.99,9.890302895380303,9.057918359570245,1.044460022767316,7.958447179146432,9.968345476103028,2.009898296956594,4.943599733711541,12.983192921537915,False,0.5375367802470463,0.5375367802470463,NORMAL,3.0,0.0031446540880503,5.762051382780177,67.03046630801344,3.0,0.0031446540880503,5.762051382780177,63.915119328547,3.0,1.0,0.0,1.0,1.0,0.0,55.88552491899817,LOW,1,0.0,2.0519681486941286,51.299203717353215,1.0,0.0,1,True,91.66666666666666,False,True,80.0,1.0,100.0,77.95472130107362,MEDIUM,1,MEDIUM,"MEDIUM (driven by pattern+cr_profile; price_level=NORMAL, pattern_level=LOW, cr_profile_level=MEDIUM)",1,"This transaction is flagged due to a combination of a medium CR profile score and low trade pattern score, indicating potential unusual behavior for the trader. The declared unit price of 19,737 BHD for a portable laptop computer is significantly higher than the peer median price of 9.06 BHD, suggesting possible over-invoicing. However, the price anomaly score is normal, and the trader has a history of using this partner, which may indicate a benign outlier.",over_invoicing,FALSE_POSITIVE,"The price level is normal despite the high declared unit price, and the trade pattern shows no significant anomalies, indicating that this may not represent a genuine risk.",medium,Monitor future transactions from this trader for consistency in pricing and trade patterns.
2020-2801-8-10871-1,2020-2801-8-10871,2020-09-24,2020,2020-09,9018390000,901839000000,901839,90,Medical syringes and needles,Medical syringes and needles,CR_HASH_012,Import,IM,DE,DE,BH,DE,DE,BH,DE,NMB,0.73,31.068493150684933,price_per_item,22.68,60.31,0.73,751.28,855.62,3.4678740263425194,1.1592369104845446,0.5792846449150362,0.6041021775947832,1.748109664393657,1.1440074867988734,-1.111909052603527,3.464120894591967,True,2.688064348502264,2.688064348502264,LOW,3.0,0.0031446540880503,5.762051382780177,67.03046630801344,1.0,0.0010482180293501,6.860663671448286,100.0,3.0,1.0,0.0,1.0,1.0,0.0,68.51523315400672,LOW,1,0.0,11.13426556153707,100.0,1.0,0.0,2,False,83.33333333333334,True,True,100.0,0.9411764705882352,94.11764705882352,98.82352941176472,HIGH,1,HIGH,"HIGH (driven by price+pattern+cr_profile; price_level=LOW, pattern_level=LOW, cr_profile_level=HIGH)",1,"The transaction shows a high price anomaly with a robust Z-score of 2.69, indicating potential over-invoicing, especially given the declared unit price of 31.07 BHD compared to a peer median of 1.16 BHD. Additionally, the trade pattern indicates a rare route and partner, which raises concerns about legitimacy. The trader's profile shows significant deviations, particularly with a CR Price Severity of 100, suggesting this price is highly unusual for them.",over_invoicing,TRUE_POSITIVE,"The combination of a high Z-score, unusual trade patterns, and significant deviations in the trader's profile strongly indicates a genuine risk of over-invoicing.",high,Conduct a detailed investigation into the trader's pricing practices and the legitimacy of the transaction.
2020-2501-8-10844-1,2020-2501-8-10844,2020-09-25,2020,2020-09,8703221000,870322100000,870322,87,Passenger cars 1000-1500cc,Passenger cars 1000-1500cc,CR_HASH_024,Import,IM,IN,IN,BH,IN,IN,BH,IN,NMB,1.27,256030.062992126,price_per_item,325158.18,864782.4,1.27,683.48,749.04,12.453054055913611,12.339741490828857,0.5298577154310848,11.445675964067552,12.647064860424424,1.201388896356871,9.643592619532246,14.44914820495973,False,0.1442430219593505,0.1442430219593505,NORMAL,9.0,0.0094339622641509,4.663439094112067,34.06093261602687,7.0,0.0073375262054507,4.9147535223929735,36.08488067145304,6.0,1.5,0.8366600265340756,3.0,2.0,63.63636363636365,39.20562908847654,NORMAL,0,0.0,0.2161206706716587,5.4030167667914695,1.0,0.0,1,True,91.66666666666666,True,True,100.0,1.0,100.0,76.89105586837701,MEDIUM,1,LOW,"LOW (driven by cr_profile; price_level=NORMAL, pattern_level=NORMAL, cr_profile_level=MEDIUM)",1,"The transaction involves the import of a passenger car with a declared unit price of BHD 256,030, which is significantly higher than the peer median price of BHD 12.34. However, the price anomaly score is low, indicating that this may be a benign outlier rather than a case of over-invoicing. Additionally, the trader is using a first-time product and partner, which contributes to the medium CR profile level but does not indicate a clear risk.",benign_outlier,FALSE_POSITIVE,"The price level is normal despite the high declared unit price, and the trade pattern shows no unusual characteristics, suggesting this is likely a false positive rather than a genuine risk.",medium,Monitor future transactions from this trader for consistency in pricing and product usage.
2020-2801-8-10549-1,2020-2801-8-10549,2020-09-25,2020,2020-09,8504400090,850440009000,850440,85,Static converters,Static converters,CR_HASH_017,Re-export,EX,BH,BH,AE,BH,BH,AE,AE,NMB,1.91,1168.0471204188482,price_per_item,2230.97,5933.44,1.91,477.52,535.25,7.063944268973524,7.211981005295417,0.7196345903205628,6.668983974826631,7.961818755725377,1.2928347808987457,4.729731803478512,9.901070927073494,False,-0.1387501546690693,0.1387501546690693,NORMAL,3.0,0.0031446540880503,5.762051382780177,67.03046630801344,3.0,0.0031446540880503,5.762051382780177,63.915119328547,3.0,1.0,0.0,1.0,1.0,0.0,55.88552491899817,LOW,1,-0.2733082331008598,-0.3544448429981244,8.861121074953111,1.0,0.0,4,False,66.66666666666666,False,False,75.0,0.8,80.0,37.85139237623359,LOW,1,LOW,"LOW (driven by pattern+cr_profile; price_level=NORMAL, pattern_level=LOW, cr_profile_level=LOW)",1,"The transaction shows a declared unit price of BHD 1168.05 for static converters, which is significantly higher than the peer median price of BHD 7.21, indicating potential over-invoicing. However, the price anomaly score is normal, and the trade pattern and CR profile levels are low, suggesting that this transaction does not exhibit strong evidence of risk. The trade direction is a re-export from Bahrain to the UAE, which is a common route.",over_invoicing,FALSE_POSITIVE,"Despite the high declared unit price, the overall anomaly signals do not indicate a significant risk, as both the price level and trade pattern are normal. The trader's history does not show unusual behavior that would warrant further investigation at this time.",medium,Monitor future transactions from this trader for similar pricing patterns.
2020-2601-4-10049-1,2020-2601-4-10049,2020-09-26,2020,2020-09,8471300000,847130000000,847130,84,Portable laptop computers,Portable laptop computers,CR_HASH_008,Re-export,EX,BH,BH,SA,BH,BH,SA,SA,NMB,1.15,28442.539130434783,price_per_item,32708.92,86991.8,1.15,403.01,476.96,10.255676318173323,9.057918359570245,1.044460022767316,7.958447179146432,9.968345476103028,2.009898296956594,4.943599733711541,12.983192921537915,False,0.7734874074230652,0.7734874074230652,NORMAL,3.0,0.0031446540880503,5.762051382780177,67.03046630801344,3.0,0.0031446540880503,5.762051382780177,63.915119328547,3.0,1.0,0.0,1.0,1.0,0.0,55.88552491899817,LOW,1,2.314325373654061,3.6404806996608223,91.01201749152057,2.0,25.0,4,False,66.66666666666666,False,False,88.88888888888889,0.7777777777777778,77.77777777777779,72.13198389980997,LOW,1,LOW,"LOW (driven by pattern+cr_profile; price_level=NORMAL, pattern_level=LOW, cr_profile_level=LOW)",1,"The transaction shows a declared unit price of BHD 28,442.54 for a portable laptop computer, which is significantly higher than the peer median price of BHD 9.06. However, the price anomaly score is normal, indicating that the price is not considered anomalous in this context. The trade pattern and CR profile levels are low, suggesting that while the trader's price is high, it does not raise immediate red flags given the overall context.",benign_outlier,FALSE_POSITIVE,"The price level is normal despite the high declared unit price, and the trade pattern and CR profile levels are low, indicating that this transaction is likely a benign outlier rather than a genuine risk.",medium,Monitor future transactions from this trader for consistency in pricing.
2020-2701-4-10003-1,2020-2701-4-10003,2020-09-26,2020,2020-09,102211000,102211000000,102211,10,"Live cattle, pure-bred breeding","Live cattle, pure-bred breeding",CR_HASH_036,Import,IM,IN,IN,BH,IN,IN,BH,IN,NMB,1.9,478.7684210526316,price_per_item,909.66,2419.3,1.9,3.69,4.21,6.173303531342175,10.013369334439131,0.6855679350518233,9.327801399387308,10.638440798004725,1.3106393986174147,7.361842301461186,12.604399895930843,True,-3.778019314417291,3.778019314417291,MEDIUM,7.0,0.0073375262054507,4.9147535223929735,41.6029195353019,4.0,0.0041928721174004,5.474369310328396,54.46595026060942,6.0,1.1666666666666667,0.408248290463863,2.0,1.7142857142857142,45.45454545454546,46.68272417704606,LOW,1,0.0,-1.0523725966646549,26.30931491661637,1.0,0.0,2,False,83.33333333333334,True,True,100.0,0.9230769230769232,92.3076923076923,72.66979868235418,LOW,1,MEDIUM,"MEDIUM (driven by price+pattern+cr_profile; price_level=MEDIUM, pattern_level=LOW, cr_profile_level=LOW)",1,"The transaction shows a significant under-invoicing anomaly with a robust Z-score of -3.78, indicating the declared unit price is much lower than the peer median price for live cattle. Additionally, the trader is using a new partner for this transaction, which raises concerns about the legitimacy of the trade. Given the context of the 2020 market, this price is suspiciously low for pure-bred breeding cattle.",under_invoicing,TRUE_POSITIVE,"The combination of a strong under-invoicing signal and the use of a new trading partner supports the classification as a true positive, indicating a genuine risk in this transaction.",high,Conduct a detailed investigation into the trader's past transactions and the legitimacy of the partner involved.
2020-2701-7-10054-1,2020-2701-7-10054,2020-09-28,2020,2020-09,8703221000,870322100000,870322,87,Passenger cars 1000-1500cc,Passenger cars 1000-1500cc,CR_HASH_022,Import,IM,JP,DE,BH,JP,DE,BH,JP,NMB,4.91,195902.4378818737,price_per_item,961880.97,2558194.08,4.91,194.84,210.56,12.185377152945945,12.339741490828857,0.5298577154310848,11.445675964067552,12.647064860424424,1.201388896356871,9.643592619532246,14.44914820495973,False,-0.1965005254477397,0.1965005254477397,NORMAL,3.0,0.0031446540880503,5.762051382780177,67.03046630801344,1.0,0.0010482180293501,6.860663671448286,100.0,3.0,1.0,0.0,1.0,1.0,0.0,68.51523315400672,LOW,1,0.0,-0.1430698352997489,3.5767458824937237,1.0,0.0,1,True,91.66666666666666,True,True,100.0,0.9285714285714286,92.85714285714286,74.82328963030137,LOW,1,LOW,"LOW (driven by pattern+cr_profile; price_level=NORMAL, pattern_level=LOW, cr_profile_level=LOW)",1,"The transaction involves the import of passenger cars from Japan via Germany, which is a rare route, as indicated by the Route Rarity Score of 100. However, the price is reported as normal compared to peers, and the trader has a low CR Profile Level, indicating that this is the first time they are using this product and partner combination. This suggests that the flag may be a false positive due to the unusual trading pattern rather than a genuine risk.",unusual_route,FALSE_POSITIVE,"The price level is normal and the trade pattern, while unusual, does not indicate a clear risk. The first-time use of the product and partner combination suggests this may be a benign outlier rather than a fraudulent transaction.",medium,Monitor future transactions from this trader for consistency in product and partner usage.
2020-2701-5-10041-1,2020-2701-5-10041,2020-10-02,2020,2020-10,3923301000,392330100000,392330,39,Plastic bottles for packaging,Plastic bottles for packaging,CR_HASH_031,Import,IM,US,AE,BH,US,AE,BH,US,NMB,1.59,0.9433962264150942,price_per_item,1.5,3.99,1.59,345.84,393.78,0.6644370746775139,1.6841288050356895,0.6442087840607709,1.0864174155799162,2.3469388358112164,1.2605214202313002,-0.8043647147670341,4.237720966158166,False,-1.0676238304388117,1.0676238304388117,NORMAL,10.0,0.010482180293501,4.558078578454241,30.899046383171186,1.0,0.0010482180293501,6.860663671448286,100.0,7.0,1.4285714285714286,0.7867957924694432,3.0,2.1,70.00000000000001,60.94952319158559,LOW,1,0.0,-0.7356206621611059,18.39051655402765,1.0,0.0,2,False,83.33333333333334,False,True,66.66666666666667,0.9333333333333332,93.33333333333331,51.770014127243016,LOW,1,LOW,"LOW (driven by pattern+cr_profile; price_level=NORMAL, pattern_level=LOW, cr_profile_level=LOW)",1,"The transaction shows a declared unit price of approximately 0.94 BHD, which is significantly lower than the peer median price of 1.68 BHD, but the robust Z-score indicates it is not anomalous. The trade pattern shows a high route rarity score, suggesting this is an unusual route, but the overall composite score is low, indicating no strong evidence of risk. The trader has not previously used this specific product-partner combination, which may contribute to the low CR profile score.",unusual_route,FALSE_POSITIVE,"The price level is normal, and while the route is unusual, the overall composite score is low, indicating that this transaction does not present a significant risk.",medium,Monitor future transactions from this trader for similar patterns.
2020-2501-3-10712-1,2020-2501-3-10712,2020-10-02,2020,2020-10,6109100000,610910000000,610910,61,Cotton t-shirts,Cotton t-shirts,CR_HASH_010,Re-export,EX,BH,BH,AE,BH,BH,AE,AE,NMB,3.63,8.933884297520661,price_per_item,32.43,86.24,3.63,874.21,1046.61,2.295951569498412,4.610526181303967,0.7708500247178713,3.916293548711598,5.585818334387825,1.6695247856762268,1.412006370197258,8.090105512902165,False,-2.0252437409642083,2.0252437409642083,LOW,6.0,0.0062893081761006,5.068904202220232,46.22900654036249,6.0,0.0062893081761006,5.068904202220232,41.148094458851695,4.0,1.5,0.5773502691896257,2.0,1.3333333333333333,21.21212121212121,40.69815451259752,NORMAL,0,0.0,-1.0199017630395992,25.497544075989985,3.0,50.0,3,False,75.0,False,True,94.44444444444444,0.8947368421052632,89.47368421052632,65.42998837981287,LOW,1,LOW,"LOW (driven by price+cr_profile; price_level=LOW, pattern_level=NORMAL, cr_profile_level=LOW)",1,"The transaction shows a low declared unit price of BHD 8.93 for cotton t-shirts, which is significantly higher than the peer median price of BHD 4.61, indicating potential under-invoicing. However, the trade pattern is normal, and the trader has a low CR profile severity, suggesting that this may not be a genuine risk. Additionally, the trader has previously engaged in similar transactions, which supports the likelihood of this being a benign outlier.",under_invoicing,FALSE_POSITIVE,"The price anomaly is present, but the overall context, including the trader's history and normal trade patterns, suggests this is likely a false positive rather than a genuine risk.",medium,Monitor future transactions from this trader for consistency in pricing.
2020-2801-5-10570-1,2020-2801-5-10570,2020-10-02,2020,2020-10,1006301000,100630100000,100630,10,Long-grain milled rice,Long-grain milled rice,CR_HASH_019,Import,IM,US,DE,BH,US,DE,BH,US,KGM,1060.99,0.5076013911535452,price_per_kg,538.56,1432.34,1.18,1060.99,1132.8,0.4105199051707951,0.3286983897813914,0.0676786910787625,0.270176176769005,0.3986012849866289,0.1284251082176239,0.0775385144425691,0.5912389473130648,False,0.8154391755641183,0.8154391755641183,NORMAL,8.0,0.0083857442348008,4.781222129768451,37.59562069704717,1.0,0.0010482180293501,6.860663671448286,100.0,5.0,1.6,0.5477225575051662,2.0,1.25,15.909090909090912,56.18417398488722,LOW,1,0.0,0.8561320939566286,21.40330234891572,1.0,0.0,2,False,83.33333333333334,False,True,77.77777777777779,0.9,90.0,54.93560026656495,LOW,1,LOW,"LOW (driven by pattern+cr_profile; price_level=NORMAL, pattern_level=LOW, cr_profile_level=LOW)",1,"The transaction shows a declared unit price of 0.51 BHD per kg for long-grain milled rice, which is within a normal range given the peer median price of 0.33 BHD. The trade pattern indicates a rare route (100.0) from the US to Bahrain, which could raise questions, but the overall price level is normal and the trader has prior experience with this product category, albeit with a new partner. Therefore, the flag is likely a false positive.",benign_outlier,FALSE_POSITIVE,"The price level is normal and the trader has a history with the product, indicating that the flagged anomaly is likely due to the unusual route rather than a genuine risk.",high,Monitor future transactions from this trader for any unusual patterns or price changes.
2020-2501-8-10616-1,2020-2501-8-10616,2020-10-04,2020,2020-10,6109100000,610910000000,610910,61,Cotton t-shirts,Cotton t-shirts,CR_HASH_009,Import,IM,CN,CN,BH,CN,CN,BH,CN,NMB,4.23,3.312056737588652,price_per_item,14.01,37.26,4.23,3.31,3.77,1.4614149915879986,4.644105600231562,0.7882174659262975,3.892722458934984,5.444558727344917,1.5518362684099332,1.5649680563200845,7.772313129959818,True,-2.723481143976263,2.723481143976263,LOW,16.0,0.0167714884696016,4.088074949208505,16.794160929396217,13.0,0.0136268343815513,4.29571431398675,15.75199690827349,8.0,2.0,1.4142135623730951,5.0,2.5,95.45454545454548,28.228461200775648,NORMAL,0,0.0,-1.0467519576427071,26.168798941067685,1.0,0.0,1,True,91.66666666666666,False,True,58.82352941176471,1.0,100.0,63.86496198231487,LOW,1,LOW,"LOW (driven by price+cr_profile; price_level=LOW, pattern_level=NORMAL, cr_profile_level=LOW)",1,"The transaction shows a significant under-invoicing with a robust Z-score of -2.72, indicating the declared unit price is substantially lower than the peer median price for cotton t-shirts. However, the overall trade pattern appears normal, and the trader has a low profile severity score, suggesting this may be a benign outlier rather than a genuine risk. The transaction is also flagged as a first-time product and partner combination, which could explain the pricing anomaly.",under_invoicing,FALSE_POSITIVE,"The low price level and normal trade pattern suggest that this transaction is likely a benign outlier rather than a genuine risk, especially considering it is the first time the trader is importing this product.",medium,Monitor future transactions from this trader for similar patterns.
2020-2701-6-10483-1,2020-2701-6-10483,2020-10-06,2020,2020-10,6109100000,610910000000,610910,61,Cotton t-shirts,Cotton t-shirts,CR_HASH_010,Import,IM,AE,AE,BH,AE,AE,BH,AE,NMB,4.86,128.69958847736626,price_per_item,625.48,1663.5,4.86,562.26,643.06,4.865220918436611,4.644105600231562,0.7882174659262975,3.892722458934984,5.444558727344917,1.5518362684099332,1.5649680563200845,7.772313129959818,False,0.189212045349396,0.189212045349396,NORMAL,10.0,0.010482180293501,4.558078578454241,30.899046383171186,9.0,0.0094339622641509,4.663439094112067,27.830238657093965,8.0,1.25,0.4629100498862757,2.0,1.6,38.181818181818194,30.91737944884121,NORMAL,0,7.342154133242498,0.3272634756690195,100.0,3.0,50.0,3,False,75.0,False,False,89.47368421052632,0.85,85.0,79.36842105263158,MEDIUM,1,LOW,"LOW (driven by cr_profile; price_level=NORMAL, pattern_level=NORMAL, cr_profile_level=MEDIUM)",1,"The transaction shows a declared unit price of approximately 128.70 BHD for cotton t-shirts, which is significantly higher than the peer median price of 4.64 BHD. However, the price anomaly score is low, indicating that this price is not unusual when considering the trader's past behavior, despite the high CR Price Severity. The trade pattern and price levels are normal, suggesting that this transaction is likely a benign outlier rather than a genuine risk.",benign_outlier,FALSE_POSITIVE,"The price level is normal and the trade pattern is consistent with the trader's history, indicating that the high unit price is not indicative of a risk but rather an anomaly in the context of this specific transaction.",high,Monitor future transactions from this trader for consistency in pricing.
2020-2801-5-10178-1,2020-2801-5-10178,2020-10-09,2020,2020-10,9018390000,901839000000,901839,90,Medical syringes and needles,Medical syringes and needles,CR_HASH_044,Re-export,EX,BH,BH,JP,BH,BH,JP,JP,NMB,1.04,3.615384615384615,price_per_item,3.76,10.01,1.04,642.52,736.55,1.529395204760564,1.4183722013465885,0.3403115864896454,0.9528936868330796,1.614923227688858,0.6620295408557785,-0.0401506244505881,2.6079675389725256,False,0.2200453727259254,0.2200453727259254,NORMAL,1.0,0.0010482180293501,6.860663671448286,100.0,1.0,0.0010482180293501,6.860663671448286,100.0,1.0,1.0,0.0,1.0,1.0,0.0,85.0,HIGH,1,0.0,0.3836134409489157,9.590336023722896,1.0,0.0,2,False,83.33333333333334,False,True,86.66666666666667,0.9333333333333332,93.33333333333331,53.68995094163635,LOW,1,HIGH,"HIGH (driven by pattern+cr_profile; price_level=NORMAL, pattern_level=HIGH, cr_profile_level=LOW)",1,"The transaction is flagged due to a high trade pattern score and low CR profile level, indicating an unusual trading pattern for this trader. The declared unit price is normal compared to market peers, and the declared quantity is very low for medical syringes, which typically have higher volumes. The combination of a high partner rarity score and a first-time product-partner combination raises concerns about the legitimacy of this re-export.",unusual_partner,TRUE_POSITIVE,"The high partner rarity and unusual trade pattern suggest that this transaction may not align with the trader's typical behavior, warranting further investigation despite the normal pricing.",medium,Conduct a detailed review of the trader's past transactions and verify the legitimacy of the destination market in Japan.
2020-2601-3-10086-1,2020-2601-3-10086,2020-10-09,2020,2020-10,1006301000,100630100000,100630,10,Long-grain milled rice,Long-grain milled rice,CR_HASH_017,Re-export,EX,BH,BH,AE,BH,BH,AE,AE,KGM,2882.88,0.3421613109113109,price_per_kg,986.41,2623.42,0.93,2882.88,3165.71,0.2942812331971436,0.2942812331971436,0.0786514342671003,0.2366195387420564,0.3954409430566458,0.1588214043145894,-0.0016125677298277,0.63367304952853,False,0.0,0.0,NORMAL,5.0,0.0052410901467505,5.251225759014186,51.700506150822136,5.0,0.0052410901467505,5.251225759014186,47.13660531805522,4.0,1.25,0.5,2.0,1.6,38.181818181818194,48.07533766400312,LOW,1,-3.708976120869033,-0.3248150482100272,92.72440302172583,1.0,0.0,4,False,66.66666666666666,False,True,71.42857142857143,0.8095238095238095,80.95238095238095,76.5011601052231,MEDIUM,1,MEDIUM,"MEDIUM (driven by pattern+cr_profile; price_level=NORMAL, pattern_level=LOW, cr_profile_level=MEDIUM)",1,"The transaction shows a re-export of long-grain milled rice from Bahrain to the UAE, with a declared unit price that is consistent with the peer median price, indicating no price anomaly. However, the CR Profile Score is medium due to the trader's unusual price history and partner rarity, suggesting a potential risk in the trader's behavior despite the normal price level.",unusual_partner,TRUE_POSITIVE,"The medium CR Profile Score indicates that while the price is normal, the trader's behavior and choice of partner are atypical, warranting further scrutiny.",medium,Conduct a deeper investigation into the trader's past transactions and their relationship with the current partner.
2020-2501-2-10327-1,2020-2501-2-10327,2020-10-10,2020,2020-10,8504400090,850440009000,850440,85,Static converters,Static converters,CR_HASH_049,Import,IM,IN,JP,BH,IN,JP,BH,IN,NMB,4.35,738.9655172413794,price_per_item,3214.5,8549.2,4.35,147.05,162.29,6.60660358679002,7.466827051260017,0.5715840105867187,6.914775863803976,8.032836322465545,1.11806045866157,5.23768517581162,9.7099270104579,False,-1.0150962362897105,1.0150962362897105,NORMAL,10.0,0.010482180293501,4.558078578454241,30.899046383171186,1.0,0.0010482180293501,6.860663671448286,100.0,6.0,1.6666666666666667,1.2110601416389966,4.0,2.4,89.0909090909091,63.81315955522196,LOW,1,0.0,-0.6449662143214121,16.124155358035303,1.0,0.0,2,False,83.33333333333334,False,False,85.71428571428572,0.7727272727272727,77.27272727272727,42.52657125842924,LOW,1,LOW,"LOW (driven by pattern+cr_profile; price_level=NORMAL, pattern_level=LOW, cr_profile_level=LOW)",1,"The transaction shows a declared unit price of approximately 739 BHD for static converters, which is significantly higher than the peer median price of 7.47 BHD, indicating potential over-invoicing. However, the price anomaly score is normal, and the trade pattern score is low, suggesting that while the price is high, it may not be unusual for this trader's historical context. The route rarity score of 100 indicates this is a common route, which reduces the risk further.",over_invoicing,FALSE_POSITIVE,"Despite the high declared unit price, the price level is normal and the trade pattern is not unusual for this trader, indicating that this transaction may not represent a genuine risk.",medium,Monitor future transactions from this trader for similar pricing patterns.
2020-2801-2-10711-1,2020-2801-2-10711,2020-10-10,2020,2020-10,8504400090,850440009000,850440,85,Static converters,Static converters,CR_HASH_009,Re-export,EX,BH,BH,AE,BH,BH,AE,AE,NMB,3.77,744.0450928381963,price_per_item,2805.05,7460.25,3.77,608.97,683.7,6.613444743847449,7.211981005295417,0.7196345903205628,6.668983974826631,7.961818755725377,1.2928347808987457,4.729731803478512,9.901070927073494,False,-0.5609891227970155,0.5609891227970155,NORMAL,3.0,0.0031446540880503,5.762051382780177,67.03046630801344,3.0,0.0031446540880503,5.762051382780177,63.915119328547,3.0,1.0,0.0,1.0,1.0,0.0,55.88552491899817,LOW,1,0.0,-0.6279371185414003,15.698427963535009,1.0,0.0,1,True,91.66666666666666,False,True,94.44444444444444,0.8888888888888888,88.88888888888889,66.88333867612614,LOW,1,LOW,"LOW (driven by pattern+cr_profile; price_level=NORMAL, pattern_level=LOW, cr_profile_level=LOW)",1,"The transaction involves a re-export of static converters from Bahrain to the UAE, with a declared unit price significantly higher than the peer median price, yet the price anomaly score is normal, indicating no under-invoicing. The trader is using this product and partner combination for the first time, which contributes to the low CR profile level, but the overall transaction appears consistent with typical trade patterns for this trader.",benign_outlier,FALSE_POSITIVE,"The price level is normal and the trade pattern score is low, indicating that while this transaction is unusual for the trader, it does not present a genuine risk based on the available data.",medium,Monitor future transactions from this trader for similar patterns.
2020-2801-6-10524-1,2020-2801-6-10524,2020-10-11,2020,2020-10,9018390000,901839000000,901839,90,Medical syringes and needles,Medical syringes and needles,CR_HASH_029,Import,IM,SA,SA,BH,SA,SA,BH,SA,NMB,4.99,3.174348697394789,price_per_item,15.84,42.12,4.99,64.45,76.91,1.4289583455094532,1.1592369104845446,0.5792846449150362,0.6041021775947832,1.748109664393657,1.1440074867988734,-1.111909052603527,3.464120894591967,False,0.3140504709627694,0.3140504709627694,NORMAL,6.0,0.0062893081761006,5.068904202220232,46.22900654036249,5.0,0.0052410901467505,5.251225759014186,47.13660531805522,5.0,1.2,0.4472135954999579,2.0,1.6666666666666667,42.42424242424244,45.97595149513693,LOW,1,0.0,0.2225516538561934,5.563791346404836,1.0,0.0,3,False,75.0,False,False,81.25,0.8823529411764706,88.23529411764706,39.90688579477111,LOW,1,LOW,"LOW (driven by pattern+cr_profile; price_level=NORMAL, pattern_level=LOW, cr_profile_level=LOW)",1,"The transaction shows a declared unit price of 3.17 BHD for medical syringes, which is consistent with the normal price level for this product category. The low anomaly scores across price, trade pattern, and CR profile dimensions suggest that there are no significant irregularities in this transaction. Additionally, the trader has a history of dealing with this product and partner, further supporting the legitimacy of this import.",benign_outlier,FALSE_POSITIVE,"The price level is normal, and there are no significant anomalies in the trade pattern or trader profile, indicating that this transaction does not pose a genuine risk.",high,No further action required; monitor for future transactions.
2020-2801-1-10648-1,2020-2801-1-10648,2020-10-12,2020,2020-10,8504400090,850440009000,850440,85,Static converters,Static converters,CR_HASH_014,Import,IM,IN,SA,BH,IN,SA,BH,IN,NMB,2.27,4946.044052863436,price_per_item,11227.52,29860.42,2.27,241.69,262.4,8.506545516153379,7.466827051260017,0.5715840105867187,6.914775863803976,8.032836322465545,1.11806045866157,5.23768517581162,9.7099270104579,False,1.226907128329069,1.226907128329069,NORMAL,10.0,0.010482180293501,4.558078578454241,30.899046383171186,1.0,0.0010482180293501,6.860663671448286,100.0,6.0,1.6666666666666667,1.2110601416389966,4.0,2.4,89.0909090909091,63.81315955522196,LOW,1,4.915501657385309,2.27081847243122,100.0,1.0,0.0,4,False,66.66666666666666,False,False,84.61538461538461,0.7333333333333334,73.33333333333334,70.82051282051282,LOW,1,LOW,"LOW (driven by pattern+cr_profile; price_level=NORMAL, pattern_level=LOW, cr_profile_level=LOW)",1,"The transaction shows a high declared unit price of BHD 4946.04 for static converters, which is significantly above the peer median price of BHD 7.47. However, the price anomaly score is normal, indicating that the price is not anomalous relative to the market. The trade pattern shows a high route rarity score of 100, suggesting this route is uncommon, but the overall trade pattern score is low, indicating no significant irregularities.",benign_outlier,FALSE_POSITIVE,"The price level is normal despite the high declared unit price, and the trade pattern does not indicate significant anomalies, suggesting this transaction is likely a benign outlier rather than a genuine risk.",medium,Monitor future transactions from this trader for consistency in pricing and trade patterns.
2020-2501-6-10928-1,2020-2501-6-10928,2020-10-14,2020,2020-10,8703221000,870322100000,870322,87,Passenger cars 1000-1500cc,Passenger cars 1000-1500cc,CR_HASH_041,Import,IM,DE,DE,BH,DE,DE,BH,DE,NMB,3.13,162801.48242811504,price_per_item,509568.64,1355235.75,3.13,521.33,597.91,12.000292980764268,12.339741490828857,0.5298577154310848,11.445675964067552,12.647064860424424,1.201388896356871,9.643592619532246,14.44914820495973,False,-0.4321063498535425,0.4321063498535425,NORMAL,2.0,0.0020964360587002,6.1675164908883415,79.19854023234907,1.0,0.0010482180293501,6.860663671448286,100.0,2.0,1.0,0.0,1.0,1.0,0.0,74.59927011617454,LOW,1,0.0,-0.2905479696846761,7.263699242116902,1.0,0.0,3,False,75.0,False,True,72.72727272727273,0.8181818181818181,81.81818181818181,47.08774928019547,LOW,1,LOW,"LOW (driven by pattern+cr_profile; price_level=NORMAL, pattern_level=LOW, cr_profile_level=LOW)",1,"The transaction involves the import of passenger cars from Germany, which is a common trade route for Bahrain. The declared unit price is significantly higher than the peer median price, but the price anomaly score is normal, indicating no under-invoicing. The trade pattern shows a high partner rarity and route rarity, suggesting that while the partner is unusual, the overall context does not indicate a genuine risk.",unusual_partner,FALSE_POSITIVE,"The price level is normal, and while the partner is rare, the overall transaction details align with expected norms for this type of import, indicating that the flag is likely a false positive.",medium,Monitor future transactions from this trader for similar patterns.
2020-2701-8-10075-1,2020-2701-8-10075,2020-10-15,2020,2020-10,3923301000,392330100000,392330,39,Plastic bottles for packaging,Plastic bottles for packaging,CR_HASH_028,Import,IM,SA,US,BH,SA,US,BH,SA,NMB,1.19,20.210084033613448,price_per_item,24.05,63.96,1.19,1180.43,1264.93,3.0544767305495744,1.6841288050356895,0.6442087840607709,1.0864174155799162,2.3469388358112164,1.2605214202313002,-0.8043647147670341,4.237720966158166,False,1.4347631325372383,1.4347631325372383,NORMAL,8.0,0.0083857442348008,4.781222129768451,37.59562069704717,1.0,0.0010482180293501,6.860663671448286,100.0,6.0,1.3333333333333333,0.5163977794943222,2.0,1.5,31.818181818181824,58.57053762125086,LOW,1,0.0,3.273836205730389,81.84590514325973,1.0,0.0,3,False,75.0,True,True,100.0,0.8888888888888888,88.88888888888889,91.42384457791869,HIGH,1,HIGH,"HIGH (driven by pattern+cr_profile; price_level=NORMAL, pattern_level=LOW, cr_profile_level=HIGH)",1,"The transaction shows a high CR Profile Score indicating unusual behavior for the trader, particularly with a new trading partner and a rare route. Despite the price level being normal, the combination of a high CR Price Severity and a first-time partner raises concerns about the legitimacy of this import. The declared unit price is significantly higher than the peer median, which could suggest potential over-invoicing.",over_invoicing,TRUE_POSITIVE,"The high CR Profile Score and unusual partner indicate a deviation from the trader's typical behavior, warranting further investigation despite the normal price level.",medium,Conduct a detailed review of the trader's past transactions and the legitimacy of the pricing for similar goods.
2020-2701-5-10251-1,2020-2701-5-10251,2020-10-17,2020,2020-10,1006301000,100630100000,100630,10,Long-grain milled rice,Long-grain milled rice,CR_HASH_028,Re-export,EX,BH,BH,JP,BH,BH,JP,JP,KGM,2808.09,0.3308797082714585,price_per_kg,929.14,2471.12,3.67,2808.09,3341.11,0.2858401583726521,0.2942812331971436,0.0786514342671003,0.2366195387420564,0.3954409430566458,0.1588214043145894,-0.0016125677298277,0.63367304952853,False,-0.0723880883066306,0.0723880883066306,NORMAL,4.0,0.0041928721174004,5.474369310328396,58.39708046469813,4.0,0.0041928721174004,5.474369310328396,54.46595026060942,4.0,1.0,0.0,1.0,1.0,0.0,48.26162282356236,LOW,1,0.9441660472626122,-0.3997859178796004,23.604151181565307,1.0,0.0,2,False,83.33333333333334,False,True,94.73684210526316,0.7894736842105263,78.94736842105263,57.73513712407417,LOW,1,LOW,"LOW (driven by pattern+cr_profile; price_level=NORMAL, pattern_level=LOW, cr_profile_level=LOW)",1,"The transaction involves a re-export of long-grain milled rice from Bahrain to Japan, with a declared unit price that is consistent with the peer median price, indicating no significant price anomaly. The trade pattern shows low rarity scores, suggesting that this route and partner are not unusual for the trader, despite being a first-time combination of product and partner. Overall, the low composite score indicates that there is no strong evidence of risk.",benign_outlier,FALSE_POSITIVE,"The price level is normal and the trade pattern does not indicate any unusual behavior, making this a likely false positive.",high,No further action required; monitor future transactions for similar patterns.
2020-2701-8-10389-1,2020-2701-8-10389,2020-10-17,2020,2020-10,9018390000,901839000000,901839,90,Medical syringes and needles,Medical syringes and needles,CR_HASH_038,Import,IM,AE,CN,BH,AE,CN,BH,AE,NMB,1.61,1.9627329192546583,price_per_item,3.16,8.4,1.61,264.83,291.73,1.0861121259038782,1.1592369104845446,0.5792846449150362,0.6041021775947832,1.748109664393657,1.1440074867988734,-1.111909052603527,3.464120894591967,False,-0.0851429291650051,0.0851429291650051,NORMAL,11.0,0.0115303983228511,4.462768398649916,28.038772365976683,1.0,0.0010482180293501,6.860663671448286,100.0,6.0,1.8333333333333333,0.983192080250175,3.0,1.6363636363636365,40.495867768595055,55.0937663482776,LOW,1,0.0,-0.2881896144319225,7.204740360798062,1.0,0.0,1,True,91.66666666666666,False,True,72.72727272727273,1.0,100.0,60.703477308097504,LOW,1,LOW,"LOW (driven by pattern+cr_profile; price_level=NORMAL, pattern_level=LOW, cr_profile_level=LOW)",1,"The transaction shows a low anomaly score across all dimensions, with a normal price level and low trade pattern and CR profile levels. The declared unit price is consistent with the peer median price, and the trader is using a first-time product and product-partner combination, which may explain the low scores without indicating a genuine risk.",benign_outlier,FALSE_POSITIVE,"The low anomaly scores and normal price level indicate that this transaction does not present a genuine risk, despite being flagged due to first-time usage of the product and partner.",high,Monitor future transactions from this trader for consistency in product and partner usage.
2020-2601-2-10400-1,2020-2601-2-10400,2020-10-18,2020,2020-10,3923301000,392330100000,392330,39,Plastic bottles for packaging,Plastic bottles for packaging,CR_HASH_046,Import,IM,CN,JP,BH,CN,JP,BH,CN,NMB,3.08,2.159090909090909,price_per_item,6.65,17.68,3.08,584.66,625.14,1.1502842992124307,1.6841288050356895,0.6442087840607709,1.0864174155799162,2.3469388358112164,1.2605214202313002,-0.8043647147670341,4.237720966158166,False,-0.5589386470414386,0.5589386470414386,NORMAL,28.0,0.0293501048218029,3.5284591612730827,0.0,1.0,0.0010482180293501,6.860663671448286,100.0,12.0,2.333333333333333,1.2309149097933274,5.0,2.142857142857143,72.72727272727273,45.90909090909091,LOW,1,0.0,-0.4764290352894559,11.910725882236395,1.0,0.0,3,False,75.0,False,False,68.42105263157895,0.9047619047619048,90.47619047619048,39.36925531191557,LOW,1,LOW,"LOW (driven by pattern+cr_profile; price_level=NORMAL, pattern_level=LOW, cr_profile_level=LOW)",1,"The transaction shows a normal price level with a robust Z-score of -0.56, indicating no significant under-invoicing. The trade pattern score is low, but the partner rarity score is 0, suggesting that the trader has not previously engaged with this partner for this HS code, which may raise a flag. However, the overall composite score is low, indicating that there is insufficient evidence of a genuine risk.",unusual_partner,FALSE_POSITIVE,"The price is consistent with market norms, and while the partner is unusual, the overall low composite score suggests this is not a significant risk at this time.",medium,Monitor future transactions from this trader to see if the partner relationship continues.
2020-2601-5-10806-1,2020-2601-5-10806,2020-10-19,2020,2020-10,102211000,102211000000,102211,10,"Live cattle, pure-bred breeding","Live cattle, pure-bred breeding",CR_HASH_041,Import,IM,SA,US,BH,SA,US,BH,SA,NMB,2.26,22934.86283185841,price_per_item,51832.79,137853.17,2.26,476.0,548.8,10.040457027071762,10.013369334439131,0.6855679350518233,9.327801399387308,10.638440798004725,1.3106393986174147,7.361842301461186,12.604399895930843,False,0.0266500188269018,0.0266500188269018,NORMAL,7.0,0.0073375262054507,4.9147535223929735,41.6029195353019,1.0,0.0010482180293501,6.860663671448286,100.0,4.0,1.75,0.5,2.0,1.1428571428571428,9.090909090909088,57.165096131287314,LOW,1,0.0,0.2684747161901739,6.711867904754347,1.0,0.0,2,False,83.33333333333334,False,True,91.66666666666666,0.5833333333333333,58.33333333333333,46.93248709999735,LOW,1,LOW,"LOW (driven by pattern+cr_profile; price_level=NORMAL, pattern_level=LOW, cr_profile_level=LOW)",1,"The transaction shows a declared unit price of approximately 22,934 BHD for live cattle, which is significantly higher than the peer median price of about 10 BHD. However, the price anomaly score is normal, indicating no under- or over-invoicing. The trade pattern shows a high route rarity score, suggesting that this route is uncommon, which may raise questions about the legitimacy of the transaction.",unusual_route,TRUE_POSITIVE,"The high route rarity score combined with the normal price level suggests that while the pricing is acceptable, the unusual route may indicate potential risks that warrant closer scrutiny.",medium,Conduct further investigation into the legitimacy of the route and the trader's history with this specific product.
2020-2701-6-10361-1,2020-2701-6-10361,2020-10-19,2020,2020-10,6109100000,610910000000,610910,61,Cotton t-shirts,Cotton t-shirts,CR_HASH_026,Import,IM,DE,DE,BH,DE,DE,BH,DE,NMB,3.72,136.4758064516129,price_per_item,507.69,1350.24,3.72,263.92,311.11,4.923447948545888,4.644105600231562,0.7882174659262975,3.892722458934984,5.444558727344917,1.5518362684099332,1.5649680563200845,7.772313129959818,False,0.2390378808049951,0.2390378808049951,NORMAL,5.0,0.0052410901467505,5.251225759014186,51.700506150822136,5.0,0.0052410901467505,5.251225759014186,47.13660531805522,3.0,1.6666666666666667,1.1547005383792517,3.0,1.7999999999999998,50.90909090909091,49.98442857309403,LOW,1,0.0,0.3689090472980617,9.222726182451542,1.0,0.0,1,True,91.66666666666666,False,True,83.33333333333334,1.0,100.0,64.06128749719137,LOW,1,LOW,"LOW (driven by pattern+cr_profile; price_level=NORMAL, pattern_level=LOW, cr_profile_level=LOW)",1,"The transaction shows a declared unit price of approximately 136.48 BHD for cotton t-shirts, which is significantly higher than the peer median price of 4.64 BHD. However, the price anomaly score is normal, indicating no under- or over-invoicing. The trade pattern and CR profile levels are low, suggesting that this is a first-time combination for the trader, which may not necessarily indicate a risk but rather a benign outlier.",benign_outlier,FALSE_POSITIVE,"The price level is normal and the trade pattern is low, indicating that while the price is high compared to peers, it does not reflect a genuine risk given the context of the trader's history and the nature of the transaction.",high,Monitor future transactions from this trader for consistency in pricing and product mix.
2020-2801-4-10910-1,2020-2801-4-10910,2020-10-20,2020,2020-10,6109100000,610910000000,610910,61,Cotton t-shirts,Cotton t-shirts,CR_HASH_042,Re-export,EX,BH,BH,SA,BH,BH,SA,SA,NMB,3.03,253.8184818481849,price_per_item,769.07,2045.4,3.03,304.06,342.66,5.5405514557934925,4.610526181303967,0.7708500247178713,3.916293548711598,5.585818334387825,1.6695247856762268,1.412006370197258,8.090105512902165,False,0.8137684810381327,0.8137684810381327,NORMAL,4.0,0.0041928721174004,5.474369310328396,58.39708046469813,4.0,0.0041928721174004,5.474369310328396,54.46595026060942,4.0,1.0,0.0,1.0,1.0,0.0,48.26162282356236,LOW,1,0.0,1.594140817904338,39.85352044760845,1.0,0.0,3,False,75.0,False,True,77.77777777777779,0.8888888888888888,88.88888888888889,61.17095437888519,LOW,1,LOW,"LOW (driven by pattern+cr_profile; price_level=NORMAL, pattern_level=LOW, cr_profile_level=LOW)",1,"The transaction involves a re-export of cotton t-shirts from Bahrain to Saudi Arabia, with a declared unit price significantly higher than the peer median price, indicating potential over-invoicing. However, the price anomaly score is normal, and the trade pattern and CR profile levels are low, suggesting that while the price is high, it may not be unusual for this trader's history. The combination of a first-time product and partner also raises questions about the legitimacy of the transaction.",over_invoicing,TRUE_POSITIVE,"The high declared unit price compared to the peer median suggests over-invoicing, and the first-time use of this product and partner combination adds to the suspicion, warranting further investigation.",medium,Conduct a detailed review of the trader's past transactions and the pricing of similar goods to assess the legitimacy of the declared unit price.
2020-2701-2-10658-1,2020-2701-2-10658,2020-10-20,2020,2020-10,8471300000,847130000000,847130,84,Portable laptop computers,Portable laptop computers,CR_HASH_035,Import,IM,AE,SA,BH,AE,SA,BH,AE,NMB,1.6,1758.48125,price_per_item,2813.57,7482.9,1.6,23.11,26.98,7.472774300268372,8.71824987064452,0.6999612932513521,7.750041925937837,9.126895264901794,1.376853338963957,5.684761917491901,11.192175273347727,False,-1.2001545963640767,1.2001545963640767,NORMAL,8.0,0.0083857442348008,4.781222129768451,37.59562069704717,1.0,0.0010482180293501,6.860663671448286,100.0,6.0,1.3333333333333333,0.5163977794943223,2.0,1.5,31.818181818181824,58.57053762125086,LOW,1,0.0,-0.7281387840911304,18.20346960227826,1.0,0.0,3,False,75.0,False,True,80.0,0.8823529411764706,88.23529411764706,54.0182731843268,LOW,1,LOW,"LOW (driven by pattern+cr_profile; price_level=NORMAL, pattern_level=LOW, cr_profile_level=LOW)",1,"The transaction shows a declared unit price of BHD 1758.48 for a portable laptop computer, which is significantly higher than the peer median price of BHD 8.72, indicating a potential issue with pricing. However, the price anomaly score is normal, and the trade pattern and CR profile levels are low, suggesting that while the price is high, it may not be unusual for this trader's history or the specific trade route. The route rarity score is 100, indicating this is a unique route, which could explain the pricing.",over_invoicing,FALSE_POSITIVE,"The price level is normal despite the high declared unit price, and the overall composite score is low, indicating that this transaction does not present a strong enough anomaly to warrant further investigation.",medium,Monitor future transactions from this trader for similar pricing patterns.
2020-2601-8-10523-1,2020-2601-8-10523,2020-10-22,2020,2020-10,8703221000,870322100000,870322,87,Passenger cars 1000-1500cc,Passenger cars 1000-1500cc,CR_HASH_008,Import,IM,TH,TH,BH,TH,TH,BH,TH,NMB,3.13,212598.12460063896,price_per_item,665432.13,1769766.3,3.13,809.44,890.89,12.267163627292792,12.339741490828857,0.5298577154310848,11.445675964067552,12.647064860424424,1.201388896356871,9.643592619532246,14.44914820495973,False,-0.0923891393330027,0.0923891393330027,NORMAL,1.0,0.0010482180293501,6.860663671448286,100.0,1.0,0.0010482180293501,6.860663671448286,100.0,1.0,1.0,0.0,1.0,1.0,0.0,85.0,HIGH,1,0.0,-0.0277496118788606,0.693740296971516,1.0,0.0,2,False,83.33333333333334,True,True,100.0,0.9090909090909092,90.9090909090909,63.42462728575821,LOW,1,HIGH,"HIGH (driven by pattern+cr_profile; price_level=NORMAL, pattern_level=HIGH, cr_profile_level=LOW)",1,"This transaction is flagged due to a high trade pattern score and unusual partner rarity, as the trader has never imported from this partner before. However, the price anomaly is normal, and the declared unit price is significantly higher than the peer median, indicating potential over-invoicing. The context of the transaction date in 2020 suggests that the market conditions may have affected pricing, but the combination of high rarity scores raises concerns about the legitimacy of the trade.",unusual_partner,TRUE_POSITIVE,"The high partner rarity score and the fact that this is the first time the trader has engaged with this partner suggest a potential risk, despite the normal price level. This warrants further scrutiny to ensure compliance and prevent possible fraud.",medium,Conduct a detailed investigation into the trader's relationship with the exporting partner and verify the legitimacy of the transaction.
2020-2801-3-10783-1,2020-2801-3-10783,2020-10-26,2020,2020-10,8703221000,870322100000,870322,87,Passenger cars 1000-1500cc,Passenger cars 1000-1500cc,CR_HASH_008,Import,IM,JP,JP,BH,JP,JP,BH,JP,NMB,2.27,34727.77533039648,price_per_item,78832.05,209659.71,2.27,97.0,102.31,10.455323882530616,12.339741490828857,0.5298577154310848,11.445675964067552,12.647064860424424,1.201388896356871,9.643592619532246,14.44914820495973,False,-2.398799199815488,2.398799199815488,LOW,3.0,0.0031446540880503,5.762051382780177,67.03046630801344,2.0,0.0020964360587002,6.1675164908883415,77.23297513030472,3.0,1.0,0.0,1.0,1.0,0.0,60.54677444961337,LOW,1,-2.426045975631121,-0.993603845793593,60.65114939077804,1.0,0.0,2,False,83.33333333333334,False,True,95.45454545454544,0.8695652173913043,86.95652173913044,72.48284299823476,LOW,1,LOW,"LOW (driven by price+pattern+cr_profile; price_level=LOW, pattern_level=LOW, cr_profile_level=LOW)",1,"The transaction shows a low declared unit price compared to the peer median price, indicating potential under-invoicing. However, the robust Z-score of -2.4 suggests this is not significantly anomalous, and the trade pattern and CR profile levels are also low, indicating no unusual behavior for this trader. The combination of these factors suggests that this flag may be a false positive.",under_invoicing,FALSE_POSITIVE,"The low price level and robust Z-score indicate that while there is a potential for under-invoicing, the overall context and low anomaly scores suggest this is a benign outlier rather than a genuine risk.",medium,Monitor future transactions from this trader for similar patterns.
2020-2801-7-10798-1,2020-2801-7-10798,2020-10-26,2020,2020-10,3923301000,392330100000,392330,39,Plastic bottles for packaging,Plastic bottles for packaging,CR_HASH_013,Re-export,EX,BH,BH,US,BH,BH,US,US,NMB,1.3,67.03076923076922,price_per_item,87.14,231.75,1.3,174.68,191.61,4.219960091521754,2.008077055471865,0.7629623078147538,1.1201351912780924,2.51712417371907,1.3969889824409778,-0.9753482823833745,4.612607647380537,False,1.9553976042823296,1.9553976042823296,NORMAL,6.0,0.0062893081761006,5.068904202220232,46.22900654036249,6.0,0.0062893081761006,5.068904202220232,41.148094458851695,6.0,1.0,0.0,1.0,1.0,0.0,37.51633633077934,NORMAL,0,0.0,12.550585888480924,100.0,1.0,0.0,2,False,83.33333333333334,False,True,84.61538461538461,0.8461538461538461,84.61538461538461,83.07692307692307,MEDIUM,1,LOW,"LOW (driven by cr_profile; price_level=NORMAL, pattern_level=NORMAL, cr_profile_level=MEDIUM)",1,"The transaction shows a high CR Price Severity score of 100, indicating that the price is significantly higher than the trader's historical prices for similar goods. However, the price level is classified as NORMAL, and the overall composite score is LOW, suggesting that while the trader's pricing is unusual, it does not indicate a genuine risk when considered with the other dimensions. The declared goods and commercial description match, and the trade pattern is also normal.",over_invoicing,FALSE_POSITIVE,"The high CR Price Severity indicates a deviation from the trader's past pricing, but the overall price level is normal, suggesting this may be an isolated incident rather than a systemic issue.",medium,Monitor future transactions from this trader for consistency in pricing.
2020-2501-8-10353-1,2020-2501-8-10353,2020-10-26,2020,2020-10,8517120000,851712000000,851712,85,Cellular telephones,Cellular telephones,CR_HASH_006,Import,IM,US,US,BH,US,US,BH,US,NMB,3.99,21.39097744360902,price_per_item,85.35,227.0,3.99,11.04,11.82,3.1086580850222005,9.1609472788485,0.7778458576033893,8.086449359029473,9.737226953131788,1.6507775941023135,5.610282967876002,12.213393344285258,True,-5.248100372345678,5.248100372345678,HIGH,13.0,0.0136268343815513,4.29571431398675,23.025452080470465,11.0,0.0115303983228511,4.462768398649916,21.2390343034744,8.0,1.625,1.0606601717798212,4.0,2.4615384615384617,93.00699300699304,32.89743699750022,NORMAL,0,-4.415208958528043,-0.9992007147341344,100.0,1.0,0.0,5,False,58.333333333333336,False,False,71.42857142857143,0.7142857142857143,71.42857142857143,67.14285714285714,LOW,1,HIGH,"HIGH (driven by price+cr_profile; price_level=HIGH, pattern_level=NORMAL, cr_profile_level=LOW)",1,"The transaction shows a significant under-invoicing with a robust Z-score of -5.25, indicating the declared unit price of BHD 21.39 is far below the peer median price of BHD 9.16 for cellular telephones. This discrepancy raises concerns about potential misclassification or fraudulent reporting, especially given the trader's historical pricing behavior, which is flagged as severe. The transaction date in 2020 is relevant as it reflects market conditions during that period.",under_invoicing,TRUE_POSITIVE,The combination of a high anomaly score for price and severe deviation from the trader's historical pricing strongly indicates a genuine risk of under-invoicing.,high,Conduct a detailed audit of the trader's past transactions and request additional documentation to justify the declared price.
2020-2601-3-10259-1,2020-2601-3-10259,2020-10-27,2020,2020-10,8504400090,850440009000,850440,85,Static converters,Static converters,CR_HASH_045,Re-export,EX,BH,BH,IN,BH,BH,IN,IN,NMB,2.26,5728.827433628319,price_per_item,12947.15,34433.9,2.26,523.4,606.29,8.653440692960048,7.211981005295417,0.7196345903205628,6.668983974826631,7.961818755725377,1.2928347808987457,4.729731803478512,9.901070927073494,False,1.3510346119614975,1.3510346119614975,NORMAL,2.0,0.0020964360587002,6.1675164908883415,79.19854023234907,2.0,0.0020964360587002,6.1675164908883415,77.23297513030472,2.0,1.0,0.0,1.0,1.0,0.0,66.6308114117812,LOW,1,0.0,2.764776703035189,69.11941757587972,1.0,0.0,1,True,91.66666666666666,True,True,100.0,0.8571428571428572,85.71428571428572,96.33465329441503,HIGH,1,HIGH,"HIGH (driven by pattern+cr_profile; price_level=NORMAL, pattern_level=LOW, cr_profile_level=HIGH)",1,"This transaction is flagged due to a high CR Profile Score and unusual partner rarity, indicating that the trader has not previously engaged in transactions with this partner or product. The declared unit price is significantly higher than the peer median price, but the price anomaly score is normal, suggesting that the high price may not be indicative of under-invoicing. Given the context of the re-export and the trader's history, this flag appears to reflect a genuine risk.",unusual_partner,TRUE_POSITIVE,"The combination of a high CR Profile Score and first-time engagement with an unusual partner raises concerns about the legitimacy of this transaction, warranting further investigation.",medium,Conduct a detailed review of the trader's previous transactions and the legitimacy of the partner in India.
2020-2601-4-10498-1,2020-2601-4-10498,2020-10-27,2020,2020-10,8471300000,847130000000,847130,84,Portable laptop computers,Portable laptop computers,CR_HASH_027,Import,IM,DE,DE,BH,DE,DE,BH,DE,NMB,3.75,3712.453333333333,price_per_item,13921.7,37025.8,3.75,237.22,263.13,8.219717540269471,8.71824987064452,0.6999612932513521,7.750041925937837,9.126895264901794,1.376853338963957,5.684761917491901,11.192175273347727,False,-0.4803914921872063,0.4803914921872063,NORMAL,5.0,0.0052410901467505,5.251225759014186,51.700506150822136,3.0,0.0031446540880503,5.762051382780177,63.915119328547,3.0,1.6666666666666667,1.1547005383792517,3.0,1.7999999999999998,50.90909090909091,55.85690847676615,LOW,1,0.0,-0.3992031338374789,9.980078345936974,1.0,0.0,3,False,75.0,False,True,93.75,0.8888888888888888,88.88888888888889,54.70830519885572,LOW,1,LOW,"LOW (driven by pattern+cr_profile; price_level=NORMAL, pattern_level=LOW, cr_profile_level=LOW)",1,"The transaction shows a declared unit price of 3712.45 BHD for portable laptop computers, which is significantly higher than the peer median price of 8.72 BHD. However, the robust Z-score indicates this is not an under-invoicing issue, as it is negative and within a normal range. The trade pattern and CR profile levels are low, suggesting that while the partner and route are somewhat unusual, they do not raise significant red flags. The first-time combination of product and partner may warrant further scrutiny, but overall, the transaction appears to be a benign outlier.",benign_outlier,FALSE_POSITIVE,"The price level is normal, and the robust Z-score does not indicate under-invoicing. The low trade pattern and CR profile levels suggest some unusual aspects, but they do not constitute a genuine risk.",medium,Monitor future transactions from this trader for similar patterns.
2020-2801-4-10340-1,2020-2801-4-10340,2020-10-27,2020,2020-10,1006301000,100630100000,100630,10,Long-grain milled rice,Long-grain milled rice,CR_HASH_014,Import,IM,IN,IN,BH,IN,IN,BH,IN,KGM,507.11,0.391039419455345,price_per_kg,198.3,527.39,1.88,507.11,599.02,0.3300512514724366,0.3286983897813914,0.0676786910787625,0.270176176769005,0.3986012849866289,0.1284251082176239,0.0775385144425691,0.5912389473130648,False,0.0134827180448554,0.0134827180448554,NORMAL,5.0,0.0052410901467505,5.251225759014186,51.700506150822136,4.0,0.0041928721174004,5.474369310328396,54.46595026060942,4.0,1.25,0.5,2.0,1.6,38.181818181818194,50.64060839389709,LOW,1,0.0,0.0518906834115318,1.2972670852882957,1.0,0.0,2,False,83.33333333333334,False,True,78.57142857142857,0.75,75.0,45.09690062270805,LOW,1,LOW,"LOW (driven by pattern+cr_profile; price_level=NORMAL, pattern_level=LOW, cr_profile_level=LOW)",1,"The transaction appears to be a benign outlier as the declared unit price of 0.39 BHD per kg is consistent with the peer median price of 0.33 BHD per kg, resulting in a normal price level. Additionally, while the CR profile shows some deviation, the overall composite score is low, indicating no significant anomalies in trade patterns or trader behavior.",benign_outlier,FALSE_POSITIVE,"The price level is normal and the trade pattern and CR profile levels are low, indicating that this transaction does not present a genuine risk.",high,No further action is required; monitor future transactions for any emerging patterns.
2020-2501-6-10100-1,2020-2501-6-10100,2020-10-27,2020,2020-10,1006301000,100630100000,100630,10,Long-grain milled rice,Long-grain milled rice,CR_HASH_021,Import,IM,DE,DE,BH,DE,DE,BH,DE,KGM,2645.79,0.3609583527037293,price_per_kg,955.02,2539.96,3.17,2645.79,2967.76,0.3081891226895363,0.3286983897813914,0.0676786910787625,0.270176176769005,0.3986012849866289,0.1284251082176239,0.0775385144425691,0.5912389473130648,False,-0.2043968480565749,0.2043968480565749,NORMAL,6.0,0.0062893081761006,5.068904202220232,46.22900654036249,4.0,0.0041928721174004,5.474369310328396,54.46595026060942,4.0,1.5,1.0,3.0,2.0,63.63636363636365,51.72304040684909,LOW,1,0.0,-0.1909044997701264,4.772612494253162,1.0,0.0,2,False,83.33333333333334,False,True,94.11764705882352,0.7777777777777778,77.77777777777779,50.75538169325005,LOW,1,LOW,"LOW (driven by pattern+cr_profile; price_level=NORMAL, pattern_level=LOW, cr_profile_level=LOW)",1,"The transaction involves the import of long-grain milled rice from Germany to Bahrain, with a declared unit price of approximately 0.36 BHD per kg, which is consistent with the peer median price of 0.33 BHD per kg, indicating no price anomaly. The trade pattern and CR profile scores are low, but the combination of a normal price level and the trader's established history with this product suggests that the flag is likely a false positive.",benign_outlier,FALSE_POSITIVE,"The price level is normal and aligns with market rates, while the trade pattern and CR profile do not indicate significant anomalies, supporting a FALSE_POSITIVE classification.",high,No further action required; monitor future transactions for consistency.
2020-2601-2-10622-1,2020-2601-2-10622,2020-10-29,2020,2020-10,102211000,102211000000,102211,10,"Live cattle, pure-bred breeding","Live cattle, pure-bred breeding",CR_HASH_015,Re-export,EX,BH,BH,SA,BH,BH,SA,SA,NMB,4.22,29052.585308056878,price_per_item,122601.91,326068.92,4.22,603.67,691.53,10.27689717318637,9.549317841384951,0.6971436999939566,8.846103941045365,10.18755556601122,1.3414516249658544,6.833926503596584,12.19973300346,False,0.703937417910347,0.703937417910347,NORMAL,5.0,0.0052410901467505,5.251225759014186,51.700506150822136,5.0,0.0052410901467505,5.251225759014186,47.13660531805522,4.0,1.25,0.5,2.0,1.6,38.181818181818194,48.07533766400312,LOW,1,0.0,0.5559517196471895,13.898792991179738,1.0,0.0,3,False,75.0,False,True,94.11764705882352,0.7647058823529411,76.47058823529412,53.68810695867761,LOW,1,LOW,"LOW (driven by pattern+cr_profile; price_level=NORMAL, pattern_level=LOW, cr_profile_level=LOW)",1,"The transaction involves the re-export of live cattle, which is consistent with the trader's previous activities. The price level is normal, and while the CR profile shows some deviation in partner rarity, the overall anomaly score is low, suggesting this may not be a significant risk. The declared unit price is unusually high compared to the peer median, but this could be due to the specific breed or quality of the cattle.",benign_outlier,FALSE_POSITIVE,The price anomaly is not significant given the normal price level and the context of the goods being re-exported. The overall low composite score indicates that this transaction does not present a genuine risk.,medium,Monitor future transactions from this trader for similar patterns.
2020-2601-8-10295-1,2020-2601-8-10295,2020-10-30,2020,2020-10,8517120000,851712000000,851712,85,Cellular telephones,Cellular telephones,CR_HASH_011,Import,IM,IN,JP,BH,IN,JP,BH,IN,NMB,1.77,14397.790960451975,price_per_item,25484.09,67776.84,1.77,100.99,114.92,9.57489952095944,9.1609472788485,0.7778458576033893,8.086449359029473,9.737226953131788,1.6507775941023135,5.610282967876002,12.213393344285258,False,0.3589489606960276,0.3589489606960276,NORMAL,9.0,0.0094339622641509,4.663439094112067,34.06093261602687,1.0,0.0010482180293501,6.860663671448286,100.0,6.0,1.5,0.5477225575051662,2.0,1.3333333333333333,21.21212121212121,55.21228448983161,LOW,1,0.0,0.6047099503988667,15.117748759971668,1.0,0.0,1,True,91.66666666666666,False,True,93.33333333333331,0.9333333333333332,93.33333333333331,67.29121206599008,LOW,1,LOW,"LOW (driven by pattern+cr_profile; price_level=NORMAL, pattern_level=LOW, cr_profile_level=LOW)",1,"The transaction shows a declared unit price of approximately BHD 14,397.79 for a cellular telephone, which is significantly higher than the peer median price of BHD 9.16, indicating potential over-invoicing. However, the robust Z-score is low, and the price level is normal, suggesting that the price is not anomalous when considering the context of the trader's history and the overall market. The trade pattern shows a high route rarity score, indicating this is an unusual route, but the overall composite score is low, suggesting that the flag may not reflect a genuine risk.",over_invoicing,FALSE_POSITIVE,"The price anomaly is not corroborated by other dimensions, as the price level is normal and the robust Z-score is low, indicating that this transaction may be a benign outlier rather than a genuine risk.",medium,Monitor future transactions from this trader for consistency in pricing and trade patterns.
2020-2601-8-10007-1,2020-2601-8-10007,2020-10-30,2020,2020-10,1006301000,100630100000,100630,10,Long-grain milled rice,Long-grain milled rice,CR_HASH_006,Re-export,EX,BH,BH,AE,BH,BH,AE,AE,KGM,2700.77,0.4023185980294508,price_per_kg,1086.57,2889.82,3.43,2700.77,3002.95,0.3381270081808493,0.2942812331971436,0.0786514342671003,0.2366195387420564,0.3954409430566458,0.1588214043145894,-0.0016125677298277,0.63367304952853,False,0.3760080199957658,0.3760080199957658,NORMAL,5.0,0.0052410901467505,5.251225759014186,51.700506150822136,5.0,0.0052410901467505,5.251225759014186,47.13660531805522,4.0,1.25,0.5,2.0,1.6,38.181818181818194,48.07533766400312,LOW,1,0.0,0.114530836704496,2.863270917612402,1.0,0.0,3,False,75.0,False,True,77.27272727272727,0.7727272727272727,77.27272727272727,45.77487209389161,LOW,1,LOW,"LOW (driven by pattern+cr_profile; price_level=NORMAL, pattern_level=LOW, cr_profile_level=LOW)",1,"The transaction involves a re-export of long-grain milled rice from Bahrain to the UAE, with a declared unit price that is normal compared to market standards. The trade pattern and CR profile scores are low, indicating that while this is a first-time combination for the trader, the overall transaction does not exhibit significant anomalies. The price level is normal, suggesting no under- or over-invoicing.",benign_outlier,FALSE_POSITIVE,"The transaction's price is consistent with market norms, and while it is a first-time product and partner combination, the overall scores do not indicate a genuine risk.",high,Monitor future transactions from this trader for similar patterns.
2020-2501-8-10666-1,2020-2501-8-10666,2020-10-30,2020,2020-10,2710192100,271019210000,271019,27,Gas oils for diesel engines,Gas oils for diesel engines,CR_HASH_043,Re-export,EX,BH,BH,US,BH,BH,US,US,LTR,9582.82,0.3958521604287673,price_per_liter_gross_weight,3793.38,10088.77,2.7,8359.48,9582.82,0.3335050964604826,0.2773855677315066,0.0779894680702432,0.1639690098991207,0.3324464187701956,0.1684774088710749,-0.0887471034074916,0.585162532076808,False,0.4853489130068585,0.4853489130068585,NORMAL,4.0,0.0041928721174004,5.474369310328396,58.39708046469813,4.0,0.0041928721174004,5.474369310328396,54.46595026060942,4.0,1.0,0.0,1.0,1.0,0.0,48.26162282356236,LOW,1,0.0,0.6292887553371721,15.732218883429304,1.0,0.0,2,False,83.33333333333334,False,True,88.88888888888889,0.9444444444444444,94.44444444444444,56.61738772031137,LOW,1,LOW,"LOW (driven by pattern+cr_profile; price_level=NORMAL, pattern_level=LOW, cr_profile_level=LOW)",1,"The transaction shows a normal price level with a robust Z-score indicating no significant price anomalies. However, the trade pattern and CR profile dimensions are both low, suggesting that while the trader has previously engaged in similar transactions, the combination of this specific product and partner is unusual for them. Given the context of re-exporting gas oils, which is a common practice, this flag is likely a false positive.",benign_outlier,FALSE_POSITIVE,"The price level is normal and the trader has experience with the product, indicating that this transaction does not present a genuine risk despite the low scores in other dimensions.",high,Monitor future transactions from this trader for similar patterns.
2020-2601-6-10180-1,2020-2601-6-10180,2020-10-30,2020,2020-10,8703221000,870322100000,870322,87,Passenger cars 1000-1500cc,Passenger cars 1000-1500cc,CR_HASH_039,Re-export,EX,BH,BH,CN,BH,BH,CN,CN,NMB,0.56,1480665.839285714,price_per_item,829172.87,2205247.0,0.56,953.03,1084.4,14.20800311135037,12.004283802979176,0.6624296738554509,11.2719045323345,12.594725507248622,1.3228209749141229,9.287673069963317,14.578956969619806,False,2.2438431861385317,2.2438431861385317,LOW,8.0,0.0083857442348008,4.781222129768451,37.59562069704717,8.0,0.0083857442348008,4.781222129768451,31.698925390914116,6.0,1.3333333333333333,0.5163977794943222,2.0,1.5,31.818181818181824,34.6651615080708,NORMAL,0,0.0,6.9619174531753,100.0,1.0,0.0,2,False,83.33333333333334,False,True,72.72727272727273,0.9166666666666666,91.66666666666666,81.51515151515152,MEDIUM,1,MEDIUM,"MEDIUM (driven by price+cr_profile; price_level=LOW, pattern_level=NORMAL, cr_profile_level=MEDIUM)",1,"The transaction shows a declared unit price of approximately 1.48 million BHD for a passenger car, which is significantly higher than the peer median price of 12 BHD, indicating potential over-invoicing. Additionally, the CR Price Severity is at 100, suggesting this price is highly unusual for this trader's history. However, the trade pattern appears normal, and the trader has previously dealt with this product and partner, which mitigates some risk.",over_invoicing,TRUE_POSITIVE,"The high CR Price Severity and the significant discrepancy between the declared unit price and the peer median price strongly indicate over-invoicing, warranting further investigation.",high,Conduct a detailed review of the invoice and supporting documents to verify the legitimacy of the declared price.
2020-2701-2-10715-1,2020-2701-2-10715,2020-10-30,2020,2020-10,8517120000,851712000000,851712,85,Cellular telephones,Cellular telephones,CR_HASH_012,Re-export,EX,BH,BH,US,BH,BH,US,US,NMB,4.32,3232.361111111111,price_per_item,13963.8,37137.76,4.32,653.81,735.6,8.081277466851754,8.864077348542533,0.8102493638708186,8.21372138236038,9.675589371385747,1.461867989025368,6.020919398822327,11.8683913549238,False,-0.6516404828723602,0.6516404828723602,NORMAL,4.0,0.0041928721174004,5.474369310328396,58.39708046469813,4.0,0.0041928721174004,5.474369310328396,54.46595026060942,4.0,1.0,0.0,1.0,1.0,0.0,48.26162282356236,LOW,1,0.0,-0.6275468000358292,15.68867000089573,1.0,0.0,2,False,83.33333333333334,False,True,80.0,0.7222222222222222,72.22222222222221,49.935478944757946,LOW,1,LOW,"LOW (driven by pattern+cr_profile; price_level=NORMAL, pattern_level=LOW, cr_profile_level=LOW)",1,"The transaction involves the re-export of cellular telephones with a declared unit price of BHD 3232.36, which is significantly higher than the peer median price of BHD 8.86, indicating potential over-invoicing. However, the price anomaly score is not severe, and the trade pattern and CR profile levels are both low, suggesting that while the price is high, it may not be unusual for this trader's specific circumstances. The combination of a first-time product and partner also adds to the complexity of the transaction.",over_invoicing,FALSE_POSITIVE,"Despite the high declared unit price, the overall anomaly scores are low, and there are no significant deviations in trade patterns or trader behavior, suggesting this may not be a genuine risk.",medium,Monitor future transactions from this trader for similar patterns.
2020-2601-4-10620-1,2020-2601-4-10620,2020-11-02,2020,2020-11,2710192100,271019210000,271019,27,Gas oils for diesel engines,Gas oils for diesel engines,CR_HASH_016,Import,IM,US,US,BH,US,US,BH,US,LTR,10076.51,0.030405368525412,price_per_liter_gross_weight,306.38,814.84,3.05,8425.15,10076.51,0.0299522864916193,0.2635559281187505,0.0710560088433533,0.1979668243457394,0.3363424368265587,0.1383756124808193,-0.0095965943754896,0.5439058555477878,False,-2.2174549376244723,2.2174549376244723,LOW,11.0,0.0115303983228511,4.462768398649916,28.038772365976683,11.0,0.0115303983228511,4.462768398649916,21.2390343034744,8.0,1.375,0.7440238091428449,3.0,2.1818181818181817,75.20661157024794,32.73403992474157,NORMAL,0,0.0,-1.788348647774629,44.70871619436573,1.0,0.0,2,False,83.33333333333334,False,True,87.5,0.9375,93.75,66.273050668028,LOW,1,LOW,"LOW (driven by price+cr_profile; price_level=LOW, pattern_level=NORMAL, cr_profile_level=LOW)",1,"The transaction shows a low declared unit price of approximately 0.0304 BHD per liter for gas oils, which is significantly below the peer median price of 0.2636 BHD. Although the robust Z-score indicates a slight under-invoicing risk, the overall price level is classified as low, and the trade pattern appears normal. Additionally, the trader has a history of using this product, albeit with a new partner, which mitigates the risk.",under_invoicing,FALSE_POSITIVE,"The low price is likely a result of market conditions rather than deliberate under-invoicing, as the trade pattern is normal and the trader has prior experience with the product.",medium,Monitor future transactions from this trader for any patterns of under-invoicing.
2020-2601-1-10184-1,2020-2601-1-10184,2020-11-02,2020,2020-11,8504400090,850440009000,850440,85,Static converters,Static converters,CR_HASH_044,Import,IM,US,SA,BH,US,SA,BH,US,NMB,1.06,426.9150943396226,price_per_item,452.53,1203.54,1.06,137.19,159.85,6.058924798191174,7.466827051260017,0.5715840105867187,6.914775863803976,8.032836322465545,1.11806045866157,5.23768517581162,9.7099270104579,False,-1.661377929320402,1.661377929320402,NORMAL,14.0,0.0146750524109014,4.221606341833028,20.80145976765095,2.0,0.0020964360587002,6.1675164908883415,77.23297513030472,9.0,1.5555555555555556,1.130388330520878,4.0,2.571428571428571,100.0,52.43227117943213,LOW,1,0.0,-0.8948634346773243,22.37158586693311,1.0,0.0,1,True,91.66666666666666,False,True,83.33333333333334,0.8333333333333334,83.33333333333334,65.33005505342659,LOW,1,LOW,"LOW (driven by pattern+cr_profile; price_level=NORMAL, pattern_level=LOW, cr_profile_level=LOW)",1,"The transaction shows a high declared unit price of 426.92 BHD for a static converter, which is significantly above the peer median price of 7.47 BHD, indicating potential over-invoicing. However, the price anomaly score is negative, suggesting under-invoicing, while the overall price level is categorized as normal. The trade pattern indicates a low rarity for the partner but a high rarity for the route, which could suggest an unusual trade route.",over_invoicing,FALSE_POSITIVE,"The price level is normal despite the high declared unit price, and the trade pattern does not show significant anomalies, suggesting that this transaction may not pose a genuine risk.",medium,Monitor future transactions from this trader for consistency in pricing and trade patterns.
2020-2801-1-10432-1,2020-2801-1-10432,2020-11-04,2020,2020-11,8517120000,851712000000,851712,85,Cellular telephones,Cellular telephones,CR_HASH_042,Import,IM,IN,IN,BH,IN,IN,BH,IN,NMB,0.78,69532.2435897436,price_per_item,54235.15,144242.41,0.78,1221.43,1303.87,11.149560242224211,9.1609472788485,0.7778458576033893,8.086449359029473,9.737226953131788,1.6507775941023135,5.610282967876002,12.213393344285258,False,1.724379007564497,1.724379007564497,NORMAL,9.0,0.0094339622641509,4.663439094112067,34.06093261602687,8.0,0.0083857442348008,4.781222129768451,31.698925390914116,6.0,1.5,0.5477225575051662,2.0,1.3333333333333333,21.21212121212121,31.30690837665156,NORMAL,0,0.0,6.728576770172955,100.0,1.0,0.0,2,False,83.33333333333334,True,True,100.0,0.8947368421052632,89.47368421052632,97.89473684210526,HIGH,1,HIGH,"HIGH (driven by cr_profile; price_level=NORMAL, pattern_level=NORMAL, cr_profile_level=HIGH)",1,"The transaction shows an extremely high declared unit price of 69,532 BHD for cellular telephones, which is inconsistent with the peer median price of approximately 9.16 BHD. Although the price anomaly score is within normal limits, the CR Profile indicates significant deviations, particularly with a CR Price Severity of 100 and a new trading partner. This suggests potential under-invoicing or misclassification risk despite the normal price level.",over_invoicing,TRUE_POSITIVE,"The high CR Price Severity and the unusual partner indicate a significant deviation from the trader's historical behavior, warranting further investigation despite the normal price level.",high,Conduct a detailed review of the invoice and supporting documentation to verify the declared unit price.
2020-2701-2-10060-1,2020-2701-2-10060,2020-11-05,2020,2020-11,6109100000,610910000000,610910,61,Cotton t-shirts,Cotton t-shirts,CR_HASH_036,Import,IM,SA,IN,BH,SA,IN,BH,SA,NMB,1.23,199.17073170731703,price_per_item,244.98,651.55,1.23,252.73,285.49,5.299170660925404,4.644105600231562,0.7882174659262975,3.892722458934984,5.444558727344917,1.5518362684099332,1.5649680563200845,7.772313129959818,False,0.560550037767477,0.560550037767477,NORMAL,14.0,0.0146750524109014,4.221606341833028,20.80145976765095,1.0,0.0010482180293501,6.860663671448286,100.0,8.0,1.75,0.8864052604279183,3.0,1.7142857142857142,45.45454545454546,52.2189117020073,LOW,1,0.0,1.0365655742297126,25.91413935574281,1.0,0.0,2,False,83.33333333333334,False,True,78.57142857142857,0.9333333333333332,93.33333333333331,57.37947258403379,LOW,1,LOW,"LOW (driven by pattern+cr_profile; price_level=NORMAL, pattern_level=LOW, cr_profile_level=LOW)",1,"The transaction shows a declared unit price of BHD 199.17 for cotton t-shirts, which is significantly higher than the peer median price of BHD 4.64, indicating potential over-invoicing. However, the price anomaly score is normal, and the trade pattern and CR profile levels are low, suggesting that this may not be a genuine risk. The route rarity score is 100, indicating an unusual route, but the trader has a history with the product category, which mitigates concerns.",over_invoicing,FALSE_POSITIVE,"The price anomaly is contradicted by the normal price level, and the trader's history with cotton t-shirts suggests that this transaction may not reflect a genuine risk despite the high declared price.",medium,Monitor future transactions from this trader for similar pricing patterns.
2020-2601-5-10850-1,2020-2601-5-10850,2020-11-06,2020,2020-11,6109100000,610910000000,610910,61,Cotton t-shirts,Cotton t-shirts,CR_HASH_036,Import,IM,SA,AE,BH,SA,AE,BH,SA,NMB,0.62,417.8709677419355,price_per_item,259.08,689.04,0.62,275.79,300.66,6.037562919611703,4.644105600231562,0.7882174659262975,3.892722458934984,5.444558727344917,1.5518362684099332,1.5649680563200845,7.772313129959818,False,1.1924045409757702,1.1924045409757702,NORMAL,14.0,0.0146750524109014,4.221606341833028,20.80145976765095,1.0,0.0010482180293501,6.860663671448286,100.0,8.0,1.75,0.8864052604279183,3.0,1.7142857142857142,45.45454545454546,52.2189117020073,LOW,1,0.0,3.267981086933638,81.69952717334095,1.0,0.0,2,False,83.33333333333334,False,False,73.33333333333334,0.875,87.5,64.42816784400267,LOW,1,LOW,"LOW (driven by pattern+cr_profile; price_level=NORMAL, pattern_level=LOW, cr_profile_level=LOW)",1,"The transaction shows a declared unit price of approximately 417.87 BHD for cotton t-shirts, which is significantly higher than the peer median price of 4.64 BHD. However, the price anomaly score is normal, indicating that this price is not unusual in the broader market context. The trade pattern shows low rarity for the partner and route, suggesting that this transaction is not out of the ordinary for the trader.",over_invoicing,FALSE_POSITIVE,"The price level is normal despite the high declared unit price, and the trade pattern indicates that the partner and route are not unusual, suggesting this is likely a benign outlier rather than a genuine risk.",medium,Monitor future transactions from this trader for similar pricing patterns.
2020-2501-5-10513-1,2020-2501-5-10513,2020-11-07,2020,2020-11,8703221000,870322100000,870322,87,Passenger cars 1000-1500cc,Passenger cars 1000-1500cc,CR_HASH_041,Import,IM,CN,SA,BH,CN,SA,BH,CN,NMB,4.04,308664.7747524752,price_per_item,1247005.69,3316504.5,4.04,762.88,804.13,12.640014335385215,12.339741490828857,0.5298577154310848,11.445675964067552,12.647064860424424,1.201388896356871,9.643592619532246,14.44914820495973,False,0.3822370668137588,0.3822370668137588,NORMAL,20.0,0.020964360587002,3.864931397894296,10.097586615520235,1.0,0.0010482180293501,6.860663671448286,100.0,9.0,2.2222222222222223,1.3017082793177757,5.0,2.25,79.54545454545456,51.98061148957831,LOW,1,1.4585696066063656,0.4813081776685087,36.46424016515914,1.0,0.0,4,False,66.66666666666666,False,False,71.42857142857143,0.7857142857142857,78.57142857142857,46.33391262923428,LOW,1,LOW,"LOW (driven by pattern+cr_profile; price_level=NORMAL, pattern_level=LOW, cr_profile_level=LOW)",1,"The transaction shows a declared unit price of BHD 308,664.77 for passenger cars, which is significantly higher than the peer median price of BHD 12.34. However, the price anomaly score is normal, indicating no under- or over-invoicing. The trade pattern shows a high route rarity score of 100, suggesting this route is unusual, but the overall composite score is low, indicating no strong evidence of risk.",unusual_route,FALSE_POSITIVE,"The high unit price is offset by the normal price level and low anomaly scores in other dimensions, indicating that this flag is likely a false positive rather than a genuine risk.",medium,Monitor future transactions from this trader for similar patterns.
2020-2701-1-10089-1,2020-2701-1-10089,2020-11-07,2020,2020-11,102211000,102211000000,102211,10,"Live cattle, pure-bred breeding","Live cattle, pure-bred breeding",CR_HASH_010,Import,IM,AE,US,BH,AE,US,BH,AE,NMB,4.45,23973.04719101124,price_per_item,106680.06,283723.56,4.45,1035.4,1220.06,10.084727157189702,10.013369334439131,0.6855679350518233,9.327801399387308,10.638440798004725,1.3106393986174147,7.361842301461186,12.604399895930843,False,0.0702048471067866,0.0702048471067866,NORMAL,11.0,0.0115303983228511,4.462768398649916,28.038772365976683,2.0,0.0020964360587002,6.1675164908883415,77.23297513030472,8.0,1.375,0.7440238091428449,3.0,2.1818181818181817,75.20661157024794,52.331919214132185,LOW,1,0.0,0.3020129736478593,7.550324341196482,1.0,0.0,2,False,83.33333333333334,False,True,85.71428571428572,0.9545454545454546,95.45454545454544,53.16209403889929,LOW,1,LOW,"LOW (driven by pattern+cr_profile; price_level=NORMAL, pattern_level=LOW, cr_profile_level=LOW)",1,"The transaction shows a declared unit price of BHD 23973.05 for live cattle, which is significantly higher than the peer median price of BHD 10.01, indicating potential over-invoicing. However, the price anomaly score is low, and the trade pattern and CR profile levels are also low, suggesting that this may not be a genuine risk. The trader has not previously engaged in this specific product-partner combination, which adds some uncertainty but does not confirm wrongdoing.",over_invoicing,FALSE_POSITIVE,"Despite the high declared unit price, the overall anomaly scores are low, indicating that this transaction is likely a benign outlier rather than a genuine risk.",medium,Monitor future transactions from this trader for similar patterns.
2020-2701-7-10070-1,2020-2701-7-10070,2020-11-09,2020,2020-11,1006301000,100630100000,100630,10,Long-grain milled rice,Long-grain milled rice,CR_HASH_002,Import,IM,JP,AE,BH,JP,AE,BH,JP,KGM,3197.79,0.2895186988513942,price_per_kg,925.82,2462.3,3.93,3197.79,3826.89,0.2542690470882511,0.3286983897813914,0.0676786910787625,0.270176176769005,0.3986012849866289,0.1284251082176239,0.0775385144425691,0.5912389473130648,False,-0.7417682446313332,0.7417682446313332,NORMAL,7.0,0.0073375262054507,4.9147535223929735,41.6029195353019,1.0,0.0010482180293501,6.860663671448286,100.0,6.0,1.1666666666666667,0.408248290463863,2.0,1.7142857142857142,45.45454545454546,62.61964158583277,LOW,1,0.0,-0.6490558061315066,16.226395153287665,1.0,0.0,3,False,75.0,False,True,93.33333333333331,0.7647058823529411,76.47058823529412,54.30668928404284,LOW,1,LOW,"LOW (driven by pattern+cr_profile; price_level=NORMAL, pattern_level=LOW, cr_profile_level=LOW)",1,"The transaction involves the import of long-grain milled rice from Japan, which is a common product. The price is within a normal range, and while the route rarity score is high, indicating it is an uncommon route, the overall trade pattern and CR profile levels are low, suggesting no significant anomalies. The trader has previously imported rice, which mitigates concerns about misclassification or unusual trading behavior.",benign_outlier,FALSE_POSITIVE,"The price level is normal, and the trade pattern and CR profile scores are low, indicating that this transaction does not present a genuine risk despite the flagged anomaly.",high,Monitor future transactions from this trader for any changes in trade patterns or pricing.
2020-2601-8-10974-1,2020-2601-8-10974,2020-11-11,2020,2020-11,8703221000,870322100000,870322,87,Passenger cars 1000-1500cc,Passenger cars 1000-1500cc,CR_HASH_009,Import,IM,SA,SA,BH,SA,SA,BH,SA,NMB,2.22,222973.4369369369,price_per_item,495001.03,1316492.1,2.22,316.21,334.76,12.31481241130165,12.339741490828857,0.5298577154310848,11.445675964067552,12.647064860424424,1.201388896356871,9.643592619532246,14.44914820495973,False,-0.0317338660807795,0.0317338660807795,NORMAL,5.0,0.0052410901467505,5.251225759014186,51.700506150822136,4.0,0.0041928721174004,5.474369310328396,54.46595026060942,4.0,1.25,0.5,2.0,1.6,38.181818181818194,50.64060839389709,LOW,1,0.06545239627873,0.0408518335754262,1.6363099069682516,1.0,0.0,4,False,66.66666666666666,False,False,90.0,0.85,85.0,40.072708467438886,LOW,1,LOW,"LOW (driven by pattern+cr_profile; price_level=NORMAL, pattern_level=LOW, cr_profile_level=LOW)",1,"The transaction shows a declared unit price of approximately BHD 222,973 for passenger cars, which is significantly higher than the peer median price of BHD 12.34, indicating potential over-invoicing. However, the price anomaly is not strong enough to warrant a high flag, as the robust Z-score is close to zero and the price level is classified as normal. Additionally, the trade pattern and CR profile levels are low, suggesting that while the price is unusual, it may not be indicative of a genuine risk.",over_invoicing,FALSE_POSITIVE,"The price anomaly is not significant enough to indicate a genuine risk, as evidenced by the normal robust Z-score and the low levels in trade pattern and CR profile dimensions.",medium,Monitor future transactions from this trader for similar pricing patterns.
2020-2801-8-10010-1,2020-2801-8-10010,2020-11-16,2020,2020-11,8703221000,870322100000,870322,87,Passenger cars 1000-1500cc,Passenger cars 1000-1500cc,CR_HASH_019,Import,IM,CN,CN,BH,CN,CN,BH,CN,NMB,0.96,30420.645833333336,price_per_item,29203.82,77669.73,0.96,32.6,34.47,10.322909668009606,12.339741490828857,0.5298577154310848,11.445675964067552,12.647064860424424,1.201388896356871,9.643592619532246,14.44914820495973,False,-2.567357968550431,2.567357968550431,LOW,20.0,0.020964360587002,3.864931397894296,10.097586615520235,14.0,0.0146750524109014,4.221606341833028,13.317855801757728,9.0,2.2222222222222223,1.3017082793177757,5.0,2.25,79.54545454545456,21.641861020193502,NORMAL,0,0.0,-1.0324040023495724,25.81010005873931,1.0,0.0,2,False,83.33333333333334,False,True,80.0,0.9090909090909092,90.9090909090909,57.21535320237694,LOW,1,LOW,"LOW (driven by price+cr_profile; price_level=LOW, pattern_level=NORMAL, cr_profile_level=LOW)",1,"The transaction shows a significant under-invoicing anomaly with a robust Z-score of -2.57, indicating a price well below the peer median for similar vehicles. However, the declared goods and commercial descriptions match, and the trade pattern is normal, suggesting that the low price may be a result of a legitimate pricing strategy rather than misclassification or fraud.",under_invoicing,FALSE_POSITIVE,"While the price anomaly indicates under-invoicing, the match between declared and commercial descriptions, along with normal trade patterns, suggests this may not be a fraudulent transaction but rather a pricing strategy that warrants further observation.",medium,Monitor future transactions from this trader for consistency in pricing.
2020-2501-6-10596-1,2020-2501-6-10596,2020-11-18,2020,2020-11,8517120000,851712000000,851712,85,Cellular telephones,Cellular telephones,CR_HASH_021,Re-export,EX,BH,BH,JP,BH,BH,JP,JP,NMB,4.91,12570.515274949084,price_per_item,61721.23,164152.2,4.91,78.7,84.14,9.439188841252196,8.864077348542533,0.8102493638708186,8.21372138236038,9.675589371385747,1.461867989025368,6.020919398822327,11.8683913549238,False,0.4787506227074368,0.4787506227074368,NORMAL,2.0,0.0020964360587002,6.1675164908883415,79.19854023234907,2.0,0.0020964360587002,6.1675164908883415,77.23297513030472,1.0,2.0,0.0,2.0,1.0,0.0,66.6308114117812,LOW,1,-0.8812456480979634,0.4017516837000123,22.031141202449085,1.0,0.0,4,False,66.66666666666666,False,True,89.47368421052632,0.8,80.0,56.07932047348876,LOW,1,LOW,"LOW (driven by pattern+cr_profile; price_level=NORMAL, pattern_level=LOW, cr_profile_level=LOW)",1,"The transaction shows a declared unit price of approximately BHD 12,570.52 for cellular telephones, which is significantly higher than the peer median price of BHD 8.86. However, the price anomaly score is normal, indicating that this price may not be unusual for the trader's historical context. The trade pattern and CR profile levels are low, suggesting that while the partner and route are somewhat rare, they do not indicate a significant risk.",benign_outlier,FALSE_POSITIVE,"The price level is normal despite the high declared unit price, and the overall composite score is low, indicating that the transaction does not present a genuine risk.",medium,Monitor future transactions from this trader for consistency in pricing and patterns.
2020-2701-3-10965-1,2020-2701-3-10965,2020-11-18,2020,2020-11,102211000,102211000000,102211,10,"Live cattle, pure-bred breeding","Live cattle, pure-bred breeding",CR_HASH_004,Import,IM,US,CN,BH,US,CN,BH,US,NMB,2.75,13863.96,price_per_item,38125.89,101398.65,2.75,485.09,511.82,9.537120073083582,10.013369334439131,0.6855679350518233,9.327801399387308,10.638440798004725,1.3106393986174147,7.361842301461186,12.604399895930843,False,-0.468554186344188,0.468554186344188,NORMAL,10.0,0.010482180293501,4.558078578454241,30.899046383171186,2.0,0.0020964360587002,6.1675164908883415,77.23297513030472,7.0,1.4285714285714286,0.7867957924694432,3.0,2.1,70.00000000000001,52.98106448719224,LOW,1,0.0,-0.2812456736033498,7.031141840083745,1.0,0.0,2,False,83.33333333333334,False,True,75.0,0.8,80.0,47.21089964402931,LOW,1,LOW,"LOW (driven by pattern+cr_profile; price_level=NORMAL, pattern_level=LOW, cr_profile_level=LOW)",1,"The transaction involves the import of live cattle from the US to Bahrain, with a declared unit price significantly higher than the peer median price, but the price anomaly is classified as normal. The low trade pattern score indicates a common trading route, but the partner rarity score is relatively high, suggesting that the trader does not frequently engage with this partner. Overall, the combination of low anomaly scores across dimensions suggests this is likely a benign outlier rather than a genuine risk.",benign_outlier,FALSE_POSITIVE,"The price level is normal despite the high declared unit price, and the trade pattern score indicates no significant anomalies. The trader's history with the partner is limited, but this alone does not indicate a risk.",medium,Monitor future transactions from this trader for any unusual patterns or price changes.
2020-2601-6-10464-1,2020-2601-6-10464,2020-11-18,2020,2020-11,6109100000,610910000000,610910,61,Cotton t-shirts,Cotton t-shirts,CR_HASH_010,Re-export,EX,BH,BH,TH,BH,BH,TH,TH,NMB,3.11,164.81672025723475,price_per_item,512.58,1363.24,3.11,260.88,297.31,5.1108830835588925,4.610526181303967,0.7708500247178713,3.916293548711598,5.585818334387825,1.6695247856762268,1.412006370197258,8.090105512902165,False,0.4378103342927184,0.4378103342927184,NORMAL,1.0,0.0010482180293501,6.860663671448286,100.0,1.0,0.0010482180293501,6.860663671448286,100.0,1.0,1.0,0.0,1.0,1.0,0.0,85.0,HIGH,1,3.767551143985902,0.7335212168887723,94.18877859964756,1.0,0.0,4,False,66.66666666666666,True,True,100.0,0.782608695652174,78.26086956521739,93.61824642292012,HIGH,1,HIGH,"HIGH (driven by pattern+cr_profile; price_level=NORMAL, pattern_level=HIGH, cr_profile_level=HIGH)",1,"This transaction is flagged due to a high trade pattern score and CR profile score, indicating unusual trading behavior. The trader is re-exporting cotton t-shirts to Thailand, which is a rare destination for this trader, and the partner is also new for them. Despite the price being normal compared to the market, the combination of a high partner rarity and route rarity raises concerns about the legitimacy of this transaction.",unusual_partner,TRUE_POSITIVE,"The high partner rarity and route rarity scores suggest that this transaction deviates significantly from the trader's usual patterns, warranting further investigation despite the normal price level.",high,Conduct a detailed review of the trader's past transactions and verify the legitimacy of the trading partner in Thailand.
2020-2501-5-10555-1,2020-2501-5-10555,2020-11-19,2020,2020-11,2710192100,271019210000,271019,27,Gas oils for diesel engines,Gas oils for diesel engines,CR_HASH_035,Import,IM,CN,IN,BH,CN,IN,BH,CN,LTR,8458.07,0.190264445671412,price_per_liter_gross_weight,1609.27,4279.97,2.26,7861.72,8458.07,0.1741755056887957,0.2635559281187505,0.0710560088433533,0.1979668243457394,0.3363424368265587,0.1383756124808193,-0.0095965943754896,0.5439058555477878,False,-0.8484330880450003,0.8484330880450003,NORMAL,19.0,0.0199161425576519,3.916224692281846,11.63690673320574,1.0,0.0010482180293501,6.860663671448286,100.0,8.0,2.375,1.407885953173359,5.0,2.1052631578947367,70.33492822966507,51.36869260105263,LOW,1,0.0,-0.7470041745642776,18.67510436410694,1.0,0.0,1,True,91.66666666666666,False,True,62.5,1.0,100.0,62.16128652743743,LOW,1,LOW,"LOW (driven by pattern+cr_profile; price_level=NORMAL, pattern_level=LOW, cr_profile_level=LOW)",1,"The transaction shows a normal price level with a robust Z-score of -0.848, indicating no significant under-invoicing. However, the trade pattern reveals a high route rarity score of 100, suggesting this is an unusual route for the trader, combined with a low CR profile level due to the first-time use of this product and combination. This raises some concerns about the legitimacy of the trade despite the overall low anomaly score.",unusual_route,TRUE_POSITIVE,"The unusual route and first-time product combination suggest potential risks, warranting further investigation despite the overall low anomaly score.",medium,Conduct a detailed review of the trader's history and the legitimacy of the route used for this transaction.
2020-2701-8-10618-1,2020-2701-8-10618,2020-11-19,2020,2020-11,8504400090,850440009000,850440,85,Static converters,Static converters,CR_HASH_008,Re-export,EX,BH,BH,SA,BH,BH,SA,SA,NMB,4.55,481.2791208791209,price_per_item,2189.82,5824.0,4.55,54.66,64.74,6.178523035404123,7.211981005295417,0.7196345903205628,6.668983974826631,7.961818755725377,1.2928347808987457,4.729731803478512,9.901070927073494,False,-0.9686274956413826,0.9686274956413826,NORMAL,3.0,0.0031446540880503,5.762051382780177,67.03046630801344,3.0,0.0031446540880503,5.762051382780177,63.915119328547,3.0,1.0,0.0,1.0,1.0,0.0,55.88552491899817,LOW,1,0.0,-0.8521011202818837,21.30252800704709,1.0,0.0,1,True,91.66666666666666,False,True,82.6086956521739,0.875,87.5,65.60805871550996,LOW,1,LOW,"LOW (driven by pattern+cr_profile; price_level=NORMAL, pattern_level=LOW, cr_profile_level=LOW)",1,"The transaction shows a declared unit price significantly higher than the peer median price, but the robust Z-score indicates it is not anomalous in terms of under-invoicing. The trade pattern and CR profile dimensions are both low, suggesting that while this is a first-time product for the trader, the overall context does not indicate a significant risk. The trade direction as re-export and the consistent country of origin and export further support the benign nature of this transaction.",benign_outlier,FALSE_POSITIVE,"The price level is normal, and while the trade pattern and CR profile are low, they do not indicate a genuine risk. The transaction appears to be a benign outlier rather than a fraudulent activity.",high,Monitor future transactions from this trader for similar patterns.
2020-2601-8-10266-1,2020-2601-8-10266,2020-11-19,2020,2020-11,6109100000,610910000000,610910,61,Cotton t-shirts,Cotton t-shirts,CR_HASH_015,Re-export,EX,BH,BH,JP,BH,BH,JP,JP,NMB,3.82,94.68848167539268,price_per_item,361.71,962.0,3.82,431.46,490.02,4.56109793254639,4.610526181303967,0.7708500247178713,3.916293548711598,5.585818334387825,1.6695247856762268,1.412006370197258,8.090105512902165,False,-0.0432495245184666,0.0432495245184666,NORMAL,1.0,0.0010482180293501,6.860663671448286,100.0,1.0,0.0010482180293501,6.860663671448286,100.0,1.0,1.0,0.0,1.0,1.0,0.0,85.0,HIGH,1,3.841398195596169,-0.1240048234434498,96.03495488990424,1.0,0.0,4,False,66.66666666666666,True,True,100.0,0.8333333333333334,83.33333333333334,95.27890087813314,HIGH,1,HIGH,"HIGH (driven by pattern+cr_profile; price_level=NORMAL, pattern_level=HIGH, cr_profile_level=HIGH)",1,"This transaction is flagged due to a combination of high partner rarity and high CR profile severity, indicating that the trader is engaging with an unusual partner for this type of product. Despite the price being normal, the trader's profile shows significant deviation from their typical trading behavior, particularly as this is their first time exporting to this partner. The high declared unit price compared to the peer median price suggests potential over-invoicing.",unusual_partner,TRUE_POSITIVE,"The high partner rarity and CR profile severity indicate a significant deviation from the trader's usual patterns, warranting further investigation despite the normal price level.",high,Conduct a detailed review of the trader's past transactions and the legitimacy of the trading partner.
2020-2501-5-10414-1,2020-2501-5-10414,2020-11-19,2020,2020-11,8504400090,850440009000,850440,85,Static converters,Static converters,CR_HASH_037,Import,IM,CN,JP,BH,CN,JP,BH,CN,NMB,2.88,8417.597222222223,price_per_item,24242.68,64475.2,2.88,176.94,205.61,9.03819849267074,7.466827051260017,0.5715840105867187,6.914775863803976,8.032836322465545,1.11806045866157,5.23768517581162,9.7099270104579,False,1.854277756736076,1.854277756736076,NORMAL,19.0,0.0199161425576519,3.916224692281846,11.63690673320574,2.0,0.0020964360587002,6.1675164908883415,77.23297513030472,9.0,2.111111111111111,0.9279607271383372,4.0,1.894736842105263,56.9377990430622,41.39066451866885,NORMAL,0,0.0,4.588660336582899,100.0,1.0,0.0,1,True,91.66666666666666,False,True,83.33333333333334,0.96,96.0,95.03333333333332,HIGH,1,HIGH,"HIGH (driven by cr_profile; price_level=NORMAL, pattern_level=NORMAL, cr_profile_level=HIGH)",1,"The transaction shows a high CR Profile Score (95.03), indicating significant deviation from the trader's historical behavior, particularly with a CR Price Severity of 100, suggesting extreme overpricing compared to past transactions. However, the price level is classified as NORMAL, and the trade pattern does not indicate unusual behavior. The combination of these factors suggests that while the trader is engaging in a new product and partner, the high price severity is likely a false positive rather than a genuine risk.",over_invoicing,FALSE_POSITIVE,"The high CR Profile Score indicates a deviation from the trader's norm, but the price level being NORMAL suggests that the pricing anomaly may not reflect a genuine risk, making this a likely false positive.",medium,Monitor future transactions from this trader for consistency in pricing and product usage.
2020-2501-6-10204-1,2020-2501-6-10204,2020-11-20,2020,2020-11,8471300000,847130000000,847130,84,Portable laptop computers,Portable laptop computers,CR_HASH_047,Import,IM,US,JP,BH,US,JP,BH,US,NMB,2.44,973.188524590164,price_per_item,2374.58,6315.36,2.44,46.5,54.11,6.881604841986872,8.71824987064452,0.6999612932513521,7.750041925937837,9.126895264901794,1.376853338963957,5.684761917491901,11.192175273347727,False,-1.7698122913538938,1.7698122913538938,NORMAL,12.0,0.0125786163522012,4.375757021660286,25.427546772711544,1.0,0.0010482180293501,6.860663671448286,100.0,9.0,1.3333333333333333,0.5,2.0,1.5,31.818181818181824,52.48650065908304,LOW,1,-2.299530690834302,-0.8274306021811157,57.48826727085755,1.0,0.0,4,False,66.66666666666666,False,True,90.9090909090909,0.8695652173913043,86.95652173913044,70.23947061989895,LOW,1,LOW,"LOW (driven by pattern+cr_profile; price_level=NORMAL, pattern_level=LOW, cr_profile_level=LOW)",1,"The transaction shows a declared unit price of 973.19 BHD for portable laptop computers, which is significantly higher than the peer median price of 8.72 BHD, indicating potential over-invoicing. However, the price anomaly is not severe, and the overall price level is classified as normal. The trade pattern shows a high route rarity score, suggesting this is an unusual route for the trader, but the overall composite score is low, indicating no strong evidence of risk.",over_invoicing,FALSE_POSITIVE,"The price anomaly is not severe enough to warrant concern, and the overall composite score is low, indicating that this transaction is likely a benign outlier rather than a genuine risk.",medium,Monitor future transactions from this trader for similar patterns.
2020-2701-6-10962-1,2020-2701-6-10962,2020-11-21,2020,2020-11,8471300000,847130000000,847130,84,Portable laptop computers,Portable laptop computers,CR_HASH_005,Import,IM,AE,AE,BH,AE,AE,BH,AE,NMB,1.95,20130.671794871792,price_per_item,39254.81,104401.1,1.95,1177.13,1411.18,9.9100495651045,8.71824987064452,0.6999612932513521,7.750041925937837,9.126895264901794,1.376853338963957,5.684761917491901,11.192175273347727,False,1.1484319044647866,1.1484319044647866,NORMAL,8.0,0.0083857442348008,4.781222129768451,37.59562069704717,5.0,0.0052410901467505,5.251225759014186,47.13660531805522,6.0,1.3333333333333333,0.5163977794943223,2.0,1.5,31.818181818181824,40.06834948257018,NORMAL,0,0.0,2.112582341059275,52.81455852648187,1.0,0.0,1,True,91.66666666666666,False,True,87.5,1.0,100.0,80.36009548426865,MEDIUM,1,LOW,"LOW (driven by cr_profile; price_level=NORMAL, pattern_level=NORMAL, cr_profile_level=MEDIUM)",1,"The transaction shows a declared unit price of approximately BHD 20,130 for a portable laptop computer, which is significantly higher than the peer median price of BHD 8.72. However, the price anomaly score is within the normal range, and the trade pattern and CR profile levels are also normal. The high declared price may be due to the specific model or features of the laptop, which is not uncommon in the tech industry.",benign_outlier,FALSE_POSITIVE,"The price level is classified as normal despite the high declared unit price, indicating that this transaction does not present a genuine risk. The trader's profile shows a medium level of deviation, but the overall composite score is low, suggesting this is likely a benign outlier.",medium,Monitor future transactions from this trader for similar high-value items to ensure consistency.
2020-2501-7-10336-1,2020-2501-7-10336,2020-11-23,2020,2020-11,8517120000,851712000000,851712,85,Cellular telephones,Cellular telephones,CR_HASH_029,Import,IM,SA,SA,BH,SA,SA,BH,SA,NMB,2.51,3304.836653386454,price_per_item,8295.14,22061.55,2.51,61.39,67.1,8.103444868021294,9.1609472788485,0.7778458576033893,8.086449359029473,9.737226953131788,1.6507775941023135,5.610282967876002,12.213393344285258,False,-0.9169883689100524,0.9169883689100524,NORMAL,6.0,0.0062893081761006,5.068904202220232,46.22900654036249,5.0,0.0052410901467505,5.251225759014186,47.13660531805522,4.0,1.5,1.0,3.0,2.0,63.63636363636365,49.15776967695511,LOW,1,0.0,-0.6279467338916084,15.698668347290209,1.0,0.0,2,False,83.33333333333334,False,True,77.77777777777779,0.9473684210526316,94.73684210526316,53.88634678704865,LOW,1,LOW,"LOW (driven by pattern+cr_profile; price_level=NORMAL, pattern_level=LOW, cr_profile_level=LOW)",1,"The transaction shows a declared unit price of approximately BHD 3304.84 for cellular telephones, which is significantly higher than the peer median price of BHD 9.16, indicating potential over-invoicing. However, the price anomaly score is not severe, and the trade pattern and CR profile levels are both low, suggesting that this may not be a genuine risk. The trader has previously imported similar goods, and this is the first time they are using this specific product-partner combination.",over_invoicing,FALSE_POSITIVE,"Despite the high declared unit price, the overall anomaly signals do not strongly indicate a genuine risk, as the price level is normal and the trade pattern is low, suggesting this may be an isolated case rather than a systematic issue.",medium,Monitor future transactions from this trader for similar patterns or price anomalies.
2020-2801-8-10779-1,2020-2801-8-10779,2020-11-25,2020,2020-11,2710192100,271019210000,271019,27,Gas oils for diesel engines,Gas oils for diesel engines,CR_HASH_039,Re-export,EX,BH,BH,US,BH,BH,US,US,LTR,11510.75,0.4091054014725365,price_per_liter_gross_weight,4709.11,12524.24,3.9,10701.15,11510.75,0.3429550359899346,0.2773855677315066,0.0779894680702432,0.1639690098991207,0.3324464187701956,0.1684774088710749,-0.0887471034074916,0.585162532076808,False,0.5670765750610113,0.5670765750610113,NORMAL,4.0,0.0041928721174004,5.474369310328396,58.39708046469813,4.0,0.0041928721174004,5.474369310328396,54.46595026060942,4.0,1.0,0.0,1.0,1.0,0.0,48.26162282356236,LOW,1,0.0,0.7282842143005593,18.207105357513985,1.0,0.0,3,False,75.0,False,True,75.0,0.8461538461538461,84.61538461538461,52.045563798206814,LOW,1,LOW,"LOW (driven by pattern+cr_profile; price_level=NORMAL, pattern_level=LOW, cr_profile_level=LOW)",1,"The transaction shows a normal price level with a robust Z-score of 0.57, indicating no significant price anomalies. The trade pattern and CR profile levels are both low, suggesting that while the partner and route are somewhat rare, they do not raise immediate concerns. The declared goods match the commercial description, and the transaction is a re-export from Bahrain to the US, which is a plausible route for gas oils.",benign_outlier,FALSE_POSITIVE,"The price is within normal ranges and the trade pattern does not indicate significant risk, making this a likely false positive.",high,Monitor future transactions from this trader for any unusual patterns.
2020-2701-1-10225-1,2020-2701-1-10225,2020-11-25,2020,2020-11,6109100000,610910000000,610910,61,Cotton t-shirts,Cotton t-shirts,CR_HASH_019,Re-export,EX,BH,BH,IN,BH,BH,IN,IN,NMB,1.28,30.0859375,price_per_item,38.51,102.42,1.28,8.34,9.73,3.436755546507311,4.610526181303967,0.7708500247178713,3.916293548711598,5.585818334387825,1.6695247856762268,1.412006370197258,8.090105512902165,False,-1.0270447188544622,1.0270447188544622,NORMAL,2.0,0.0020964360587002,6.1675164908883415,79.19854023234907,2.0,0.0020964360587002,6.1675164908883415,77.23297513030472,2.0,1.0,0.0,1.0,1.0,0.0,66.6308114117812,LOW,1,0.0,-0.7937589346019933,19.843973365049838,1.0,0.0,2,False,83.33333333333334,False,True,90.9090909090909,0.9166666666666666,91.66666666666666,58.0059967383735,LOW,1,LOW,"LOW (driven by pattern+cr_profile; price_level=NORMAL, pattern_level=LOW, cr_profile_level=LOW)",1,"The transaction shows a declared unit price of 30.09 BHD for cotton t-shirts, which is significantly higher than the peer median price of 4.61 BHD, indicating potential over-invoicing. However, the price anomaly is classified as NORMAL, and the trade pattern and CR profile levels are LOW, suggesting that the unusual pricing may not be indicative of a genuine risk. The trader has previously engaged in similar transactions, albeit with different partners, which adds to the complexity of the situation.",over_invoicing,FALSE_POSITIVE,"The price anomaly is classified as NORMAL, and the overall composite score is LOW, indicating that while the price is high, it may not reflect a genuine risk given the context of the trader's history and the nature of the transaction.",medium,Monitor future transactions from this trader for consistency in pricing and partner selection.
2020-2801-8-10323-1,2020-2801-8-10323,2020-11-26,2020,2020-11,8517120000,851712000000,851712,85,Cellular telephones,Cellular telephones,CR_HASH_003,Import,IM,IN,IN,BH,IN,IN,BH,IN,NMB,4.45,4647.739325842696,price_per_item,20682.44,55006.5,4.45,204.22,223.68,8.444351349101703,9.1609472788485,0.7778458576033893,8.086449359029473,9.737226953131788,1.6507775941023135,5.610282967876002,12.213393344285258,False,-0.6213793236386939,0.6213793236386939,NORMAL,9.0,0.0094339622641509,4.663439094112067,34.06093261602687,8.0,0.0083857442348008,4.781222129768451,31.698925390914116,6.0,1.5,0.5477225575051662,2.0,1.3333333333333333,21.21212121212121,31.30690837665156,NORMAL,0,0.0,-0.4931285759795801,12.328214399489504,1.0,0.0,1,True,91.66666666666666,True,True,100.0,0.8666666666666667,86.66666666666667,76.64820837315466,MEDIUM,1,LOW,"LOW (driven by cr_profile; price_level=NORMAL, pattern_level=NORMAL, cr_profile_level=MEDIUM)",1,"The transaction shows a high declared unit price for cellular telephones, significantly above the peer median price, which raises concerns about potential over-invoicing. However, the price anomaly is classified as NORMAL, and the trade pattern and CR profile levels are also NORMAL, indicating that the unusual pricing may not reflect a genuine risk. The trader is using a first-time product and partner, which could explain the deviation without indicating fraud.",over_invoicing,FALSE_POSITIVE,"The price anomaly is not corroborated by other dimensions, and the overall composite level is LOW, suggesting that this flag is likely a false positive rather than a genuine risk.",medium,Monitor future transactions from this trader for consistency in pricing and product use.
2020-2501-4-10028-1,2020-2501-4-10028,2020-11-26,2020,2020-11,9018390000,901839000000,901839,90,Medical syringes and needles,Medical syringes and needles,CR_HASH_004,Import,IM,AE,AE,BH,AE,AE,BH,AE,NMB,1.9,6.136842105263158,price_per_item,11.66,31.02,1.9,456.4,544.83,1.9652703963398548,1.1592369104845446,0.5792846449150362,0.6041021775947832,1.748109664393657,1.1440074867988734,-1.111909052603527,3.464120894591967,False,0.9385060398379016,0.9385060398379016,NORMAL,11.0,0.0115303983228511,4.462768398649916,28.038772365976683,10.0,0.010482180293501,4.558078578454241,24.369580448359905,6.0,1.8333333333333333,0.983192080250175,3.0,1.6363636363636365,40.495867768595055,28.623119505203565,NORMAL,0,0.0,1.3688106600640786,34.22026650160196,1.0,0.0,1,True,91.66666666666666,True,True,100.0,1.0,100.0,86.97709327556069,HIGH,1,HIGH,"HIGH (driven by cr_profile; price_level=NORMAL, pattern_level=NORMAL, cr_profile_level=HIGH)",1,"This transaction is flagged as high risk primarily due to the CR Profile dimension, indicating that the trader has not previously imported this product or worked with this partner. Despite the price being normal and the trade pattern also being normal, the first-time nature of both the product and partner raises concerns about potential misclassification or unusual trading behavior.",unusual_partner,TRUE_POSITIVE,"The high CR Profile Score and the first-time flags suggest that this transaction could indicate unusual behavior for the trader, warranting further investigation despite normal pricing and trade patterns.",medium,Conduct a detailed review of the trader's business activities and verify the legitimacy of the transaction.
2020-2601-3-10420-1,2020-2601-3-10420,2020-11-27,2020,2020-11,8517120000,851712000000,851712,85,Cellular telephones,Cellular telephones,CR_HASH_031,Re-export,EX,BH,BH,JP,BH,BH,JP,JP,NMB,4.61,4822.522776572669,price_per_item,22231.83,59127.2,4.61,91.81,109.52,8.481259806600635,8.864077348542533,0.8102493638708186,8.21372138236038,9.675589371385747,1.461867989025368,6.020919398822327,11.8683913549238,False,-0.3186758374876324,0.3186758374876324,NORMAL,2.0,0.0020964360587002,6.1675164908883415,79.19854023234907,2.0,0.0020964360587002,6.1675164908883415,77.23297513030472,1.0,2.0,0.0,2.0,1.0,0.0,66.6308114117812,LOW,1,0.0,-0.4740091694695998,11.850229236739995,1.0,0.0,2,False,83.33333333333334,False,True,94.11764705882352,0.8823529411764706,88.23529411764706,55.32405082109429,LOW,1,LOW,"LOW (driven by pattern+cr_profile; price_level=NORMAL, pattern_level=LOW, cr_profile_level=LOW)",1,"The transaction shows a declared unit price of approximately BHD 4822.52 for cellular telephones, which is significantly higher than the peer median price of BHD 8.86, indicating potential over-invoicing. However, the price anomaly is classified as NORMAL, and the trade pattern and CR profile levels are both LOW, suggesting that while the price is high, it may not be unusual for this trader's history. The combination of a first-time product and partner also raises questions about the legitimacy of the transaction.",over_invoicing,TRUE_POSITIVE,"The high declared unit price compared to the peer median suggests over-invoicing, and the first-time combination of product and partner adds to the suspicion, warranting further investigation.",medium,Conduct a detailed review of the trader's past transactions and the legitimacy of the pricing for the declared goods.
2020-2701-5-10552-1,2020-2701-5-10552,2020-11-28,2020,2020-11,102211000,102211000000,102211,10,"Live cattle, pure-bred breeding","Live cattle, pure-bred breeding",CR_HASH_008,Import,IM,CN,JP,BH,CN,JP,BH,CN,NMB,4.76,25083.40756302521,price_per_item,119397.02,317545.26,4.76,454.28,478.33,10.130001719458884,10.013369334439131,0.6855679350518233,9.327801399387308,10.638440798004725,1.3106393986174147,7.361842301461186,12.604399895930843,False,0.1147478782618295,0.1147478782618295,NORMAL,18.0,0.0188679245283018,3.970291913552122,13.25947284837593,1.0,0.0010482180293501,6.860663671448286,100.0,10.0,1.8,0.7888106377466155,3.0,1.6666666666666663,42.42424242424242,47.99337278782433,LOW,1,3.697859996242856,0.3602301555747862,92.4464999060714,1.0,0.0,4,False,66.66666666666666,False,False,54.16666666666667,0.8,80.0,61.89794163379166,LOW,1,LOW,"LOW (driven by pattern+cr_profile; price_level=NORMAL, pattern_level=LOW, cr_profile_level=LOW)",1,"The transaction shows a declared unit price of BHD 25083.41 for live cattle, which is significantly higher than the peer median price of BHD 10.01, indicating potential over-invoicing. However, the price anomaly score is normal, and the trade pattern score is low, suggesting that the unusual price may not reflect a genuine risk given the context of the trader's history and the rarity of the route.",over_invoicing,FALSE_POSITIVE,"Despite the high declared unit price, the price level is normal and the trade pattern is low, indicating that this transaction may not represent a genuine risk but rather a benign outlier in pricing.",medium,Monitor future transactions from this trader for similar pricing patterns.
2020-2501-8-10246-1,2020-2501-8-10246,2020-11-28,2020,2020-11,9018390000,901839000000,901839,90,Medical syringes and needles,Medical syringes and needles,CR_HASH_026,Import,IM,AE,AE,BH,AE,AE,BH,AE,NMB,1.85,9.22162162162162,price_per_item,17.06,45.36,1.85,881.5,943.29,2.3245052435801328,1.1592369104845446,0.5792846449150362,0.6041021775947832,1.748109664393657,1.1440074867988734,-1.111909052603527,3.464120894591967,False,1.3567815578798,1.3567815578798,NORMAL,11.0,0.0115303983228511,4.462768398649916,28.038772365976683,10.0,0.010482180293501,4.558078578454241,24.369580448359905,6.0,1.8333333333333333,0.983192080250175,3.0,1.6363636363636365,40.495867768595055,28.623119505203565,NORMAL,0,0.0,2.5770180235963287,64.42545058990822,1.0,0.0,1,True,91.66666666666666,False,True,87.5,0.9411764705882352,94.11764705882352,83.24743711823258,MEDIUM,1,LOW,"LOW (driven by cr_profile; price_level=NORMAL, pattern_level=NORMAL, cr_profile_level=MEDIUM)",1,"The transaction shows a declared unit price of 9.22 BHD for medical syringes, which is significantly higher than the peer median price of 1.16 BHD, but the robust Z-score indicates this is not anomalous. The CR Profile shows a high partner rarity and a first-time product usage, which could suggest a potential misclassification or unusual partner, but the overall composite score is LOW, indicating no strong evidence of risk.",benign_outlier,FALSE_POSITIVE,"The price level is normal and the trade pattern is also normal, with the composite score indicating no significant risk despite some anomalies in the CR profile. This suggests that the flagged transaction is likely a benign outlier rather than a genuine risk.",high,Monitor future transactions from this trader for patterns.
2020-2801-3-10306-1,2020-2801-3-10306,2020-12-01,2020,2020-12,8517120000,851712000000,851712,85,Cellular telephones,Cellular telephones,CR_HASH_028,Import,IM,SA,SA,BH,SA,SA,BH,SA,NMB,3.56,8527.789325842696,price_per_item,30358.93,80741.84,3.56,526.34,561.62,9.05120269909279,9.1609472788485,0.7778458576033893,8.086449359029473,9.737226953131788,1.6507775941023135,5.610282967876002,12.213393344285258,False,-0.0951624338219598,0.0951624338219598,NORMAL,6.0,0.0062893081761006,5.068904202220232,46.22900654036249,5.0,0.0052410901467505,5.251225759014186,47.13660531805522,4.0,1.5,1.0,3.0,2.0,63.63636363636365,49.15776967695511,LOW,1,0.0,-0.0686933510242237,1.7173337756055935,2.0,25.0,3,False,75.0,False,True,95.0,0.75,75.0,51.85106682146196,LOW,1,LOW,"LOW (driven by pattern+cr_profile; price_level=NORMAL, pattern_level=LOW, cr_profile_level=LOW)",1,"The transaction shows a declared unit price of approximately 8527.79 BHD for cellular telephones, which is significantly higher than the peer median price of 9.16 BHD, indicating a potential misclassification or pricing error. However, the robust Z-score is normal, and the trade pattern and CR profile levels are low, suggesting that this may not be a genuine risk but rather a benign outlier given the context of the transaction date in December 2020.",benign_outlier,FALSE_POSITIVE,"The price anomaly is not supported by the robust Z-score, which is normal, and the overall low levels in trade pattern and CR profile suggest that this transaction does not represent a significant risk.",medium,Monitor future transactions from this trader for similar patterns.
2020-2701-5-10048-1,2020-2701-5-10048,2020-12-02,2020,2020-12,3923301000,392330100000,392330,39,Plastic bottles for packaging,Plastic bottles for packaging,CR_HASH_011,Import,IM,IN,IN,BH,IN,IN,BH,IN,NMB,1.93,18.621761658031087,price_per_item,35.94,95.59,1.93,785.79,895.89,2.9766392389969094,1.6841288050356895,0.6442087840607709,1.0864174155799162,2.3469388358112164,1.2605214202313002,-0.8043647147670341,4.237720966158166,False,1.3532667759334491,1.3532667759334491,NORMAL,13.0,0.0136268343815513,4.29571431398675,23.025452080470465,11.0,0.0115303983228511,4.462768398649916,21.2390343034744,9.0,1.4444444444444444,0.5270462766947299,2.0,1.3846153846153846,24.47552447552448,22.617716717779945,NORMAL,0,0.0,2.9579263604114,73.948159010285,1.0,0.0,3,False,75.0,False,True,87.5,0.875,87.5,75.25685565359974,MEDIUM,1,LOW,"LOW (driven by cr_profile; price_level=NORMAL, pattern_level=NORMAL, cr_profile_level=MEDIUM)",1,"The transaction shows a declared unit price of 18.62 BHD for plastic bottles, which is significantly higher than the peer median price of 1.68 BHD, indicating potential over-invoicing. However, the price anomaly score is within a normal range, and the trade pattern and CR profile levels are also normal, suggesting that the high price may not reflect a genuine risk. The trader has a history of using this partner and product, which further supports the likelihood of a benign outlier.",over_invoicing,FALSE_POSITIVE,"The price anomaly is not corroborated by other dimensions, and the overall composite score is low, indicating that this transaction is likely a false positive despite the high unit price.",medium,Monitor future transactions from this trader for any similar pricing patterns.
2020-2601-4-10892-1,2020-2601-4-10892,2020-12-02,2020,2020-12,9018390000,901839000000,901839,90,Medical syringes and needles,Medical syringes and needles,CR_HASH_012,Import,IM,CN,IN,BH,CN,IN,BH,CN,NMB,3.94,2.030456852791878,price_per_item,8.0,21.28,3.94,137.62,149.77,1.1087133846546136,1.1592369104845446,0.5792846449150362,0.6041021775947832,1.748109664393657,1.1440074867988734,-1.111909052603527,3.464120894591967,False,-0.0588271268841654,0.0588271268841654,NORMAL,23.0,0.0241090146750524,3.725169455519137,5.903307964603629,1.0,0.0010482180293501,6.860663671448286,100.0,12.0,1.9166666666666667,0.996204919895622,4.0,2.0869565217391304,69.16996047430831,48.327148053448056,LOW,1,0.0,-0.2396155094673535,5.990387736683839,1.0,0.0,3,False,75.0,False,False,72.22222222222221,0.9047619047619048,90.47619047619048,38.247429358633,LOW,1,LOW,"LOW (driven by pattern+cr_profile; price_level=NORMAL, pattern_level=LOW, cr_profile_level=LOW)",1,"The transaction shows a normal price level with a robust Z-score close to zero, indicating no significant under- or over-invoicing. However, the trade pattern indicates a very rare route (100.0) and a low partner rarity score (5.9), suggesting that the combination of the country of origin and destination is unusual. Given the context of the transaction in December 2020, this could be a legitimate import of medical supplies during the pandemic, which may explain the rarity without indicating a risk.",unusual_route,FALSE_POSITIVE,"The price and CR profile levels are normal, and the unusual route does not indicate a clear risk, suggesting this flag is likely a false positive.",medium,Monitor future transactions from this trader for similar patterns.
2020-2801-1-10753-1,2020-2801-1-10753,2020-12-03,2020,2020-12,8471300000,847130000000,847130,84,Portable laptop computers,Portable laptop computers,CR_HASH_017,Re-export,EX,BH,BH,US,BH,BH,US,US,NMB,2.03,935.9162561576356,price_per_item,1899.91,5052.96,2.03,86.78,91.69,6.8425939038127375,9.057918359570245,1.044460022767316,7.958447179146432,9.968345476103028,2.009898296956594,4.943599733711541,12.983192921537915,False,-1.43061088225474,1.43061088225474,NORMAL,3.0,0.0031446540880503,5.762051382780177,67.03046630801344,3.0,0.0031446540880503,5.762051382780177,63.915119328547,3.0,1.0,0.0,1.0,1.0,0.0,55.88552491899817,LOW,1,-2.2357391359493395,-0.7902274891208477,55.893478398733485,1.0,0.0,4,False,66.66666666666666,False,True,95.83333333333334,0.875,87.5,71.02105077289005,LOW,1,LOW,"LOW (driven by pattern+cr_profile; price_level=NORMAL, pattern_level=LOW, cr_profile_level=LOW)",1,"The transaction involves the re-export of portable laptop computers from Bahrain to the US, with a declared unit price of approximately 936 BHD, which is consistent with the normal price level for such goods. The trade pattern score is low, indicating that this route and partner are not commonly used by the trader, which raises some concern, but the overall price level is normal and the CR profile does not show significant deviations. The combination of these factors suggests that the flag is likely a false positive.",unusual_partner,FALSE_POSITIVE,"The price level is normal and the declared goods match the description, while the unusual partner and route scores do not provide strong enough evidence of risk on their own.",medium,Monitor future transactions from this trader to the same destination for any patterns.
2020-2501-3-10139-1,2020-2501-3-10139,2020-12-05,2020,2020-12,8471300000,847130000000,847130,84,Portable laptop computers,Portable laptop computers,CR_HASH_021,Import,IM,MY,MY,BH,MY,MY,BH,MY,NMB,1.78,23079.955056179773,price_per_item,41082.32,109261.5,1.78,420.63,446.16,10.04676310001632,8.71824987064452,0.6999612932513521,7.750041925937837,9.126895264901794,1.376853338963957,5.684761917491901,11.192175273347727,False,1.280170640424136,1.280170640424136,NORMAL,1.0,0.0010482180293501,6.860663671448286,100.0,1.0,0.0010482180293501,6.860663671448286,100.0,1.0,1.0,0.0,1.0,1.0,0.0,85.0,HIGH,1,0.0,2.509501815970098,62.73754539925245,1.0,0.0,1,True,91.66666666666666,True,True,100.0,1.0,100.0,96.95814088973836,HIGH,1,HIGH,"HIGH (driven by pattern+cr_profile; price_level=NORMAL, pattern_level=HIGH, cr_profile_level=HIGH)",1,"This transaction is flagged due to a high trade pattern score and CR profile level, indicating unusual behavior for the trader. The declared unit price of BHD 23079.96 for a portable laptop computer is significantly higher than the peer median price of BHD 8.72, suggesting potential over-invoicing. Additionally, this is the first time the trader has imported this product and used this partner, which raises concerns about the legitimacy of the transaction.",over_invoicing,TRUE_POSITIVE,"The combination of a high trade pattern score, high CR profile level, and the first-time nature of the product and partner strongly indicates that this transaction may involve over-invoicing, warranting further scrutiny.",high,Conduct a detailed investigation into the trader's past transactions and the legitimacy of the pricing for the imported laptops.
2020-2501-5-10849-1,2020-2501-5-10849,2020-12-05,2020,2020-12,6109100000,610910000000,610910,61,Cotton t-shirts,Cotton t-shirts,CR_HASH_035,Re-export,EX,BH,BH,IN,BH,BH,IN,IN,NMB,0.66,316.1818181818182,price_per_item,208.68,555.0,0.66,312.89,332.01,5.759475168388404,4.610526181303967,0.7708500247178713,3.916293548711598,5.585818334387825,1.6695247856762268,1.412006370197258,8.090105512902165,False,1.0053258740986328,1.0053258740986328,NORMAL,2.0,0.0020964360587002,6.1675164908883415,79.19854023234907,2.0,0.0020964360587002,6.1675164908883415,77.23297513030472,2.0,1.0,0.0,1.0,1.0,0.0,66.6308114117812,LOW,1,1.938024940967496,2.216461829677597,55.411545741939925,1.0,0.0,5,False,58.333333333333336,True,True,100.0,0.7619047619047619,76.19047619047619,79.63213624777421,MEDIUM,1,MEDIUM,"MEDIUM (driven by pattern+cr_profile; price_level=NORMAL, pattern_level=LOW, cr_profile_level=MEDIUM)",1,"This transaction shows a re-export of cotton t-shirts from Bahrain to India, with a declared unit price significantly higher than the peer median price. The high partner rarity score indicates that this trader has not previously exported to India, which raises concerns about the legitimacy of the transaction. The combination of a medium CR profile score and low trade pattern score suggests that this transaction may not align with the trader's typical behavior.",unusual_partner,TRUE_POSITIVE,"The high partner rarity and the fact that this is the first time the trader is exporting to India suggest potential risks in this transaction, warranting further investigation.",medium,Conduct a detailed review of the trader's export history and verify the legitimacy of the transaction with additional documentation.
2020-2701-1-10136-1,2020-2701-1-10136,2020-12-06,2020,2020-12,2710192100,271019210000,271019,27,Gas oils for diesel engines,Gas oils for diesel engines,CR_HASH_010,Re-export,EX,BH,BH,DE,BH,BH,DE,DE,LTR,21222.89,0.1046954491117845,price_per_liter_gross_weight,2221.94,5909.41,4.32,17750.73,21222.89,0.099569685318298,0.2773855677315066,0.0779894680702432,0.1639690098991207,0.3324464187701956,0.1684774088710749,-0.0887471034074916,0.585162532076808,False,-1.5378380253582866,1.5378380253582866,NORMAL,1.0,0.0010482180293501,6.860663671448286,100.0,1.0,0.0010482180293501,6.860663671448286,100.0,1.0,1.0,0.0,1.0,1.0,0.0,85.0,HIGH,1,-2.405167868994988,-1.4042911298316596,60.12919672487469,1.0,0.0,4,False,66.66666666666666,False,True,95.83333333333334,0.84,84.0,71.80355218703949,LOW,1,HIGH,"HIGH (driven by pattern+cr_profile; price_level=NORMAL, pattern_level=HIGH, cr_profile_level=LOW)",1,"This transaction is flagged due to a high trade pattern score and unusual partner rarity, indicating that the trader is engaging in a re-export to a rare destination (Germany) with a high rarity score for the partner. However, the price level is normal and the robust Z-score indicates no significant under-invoicing. The combination of a high pattern score and low CR profile level suggests potential risk in the trader's behavior, particularly as this is the first time they are using this product-partner combination.",unusual_partner,TRUE_POSITIVE,"The high partner rarity and trade pattern score indicate a significant deviation from the trader's usual activities, warranting further investigation despite the normal pricing level.",medium,Conduct a detailed review of the trader's past transactions and verify the legitimacy of the re-export to Germany.
2020-2601-1-10151-1,2020-2601-1-10151,2020-12-06,2020,2020-12,3923301000,392330100000,392330,39,Plastic bottles for packaging,Plastic bottles for packaging,CR_HASH_030,Import,IM,SA,SA,BH,SA,SA,BH,SA,NMB,0.94,50.69148936170213,price_per_item,47.65,126.72,0.94,1242.73,1453.85,3.9452931521358994,1.6841288050356895,0.6442087840607709,1.0864174155799162,2.3469388358112164,1.2605214202313002,-0.8043647147670341,4.237720966158166,False,2.3674536819621324,2.3674536819621324,LOW,8.0,0.0083857442348008,4.781222129768451,37.59562069704717,6.0,0.0062893081761006,5.068904202220232,41.148094458851695,6.0,1.3333333333333333,0.5163977794943222,2.0,1.5,31.818181818181824,37.97237068184895,NORMAL,0,19.97495952807565,9.63154099875736,100.0,1.0,0.0,4,False,66.66666666666666,False,True,84.21052631578947,0.85,85.0,83.05263157894737,MEDIUM,1,MEDIUM,"MEDIUM (driven by price+cr_profile; price_level=LOW, pattern_level=NORMAL, cr_profile_level=MEDIUM)",1,"The transaction shows a high declared unit price of 50.69 BHD for plastic bottles, which is significantly above the peer median price of 1.68 BHD, resulting in a robust Z-score of 2.37. However, the price level is categorized as LOW, indicating that while the price is anomalous, it may not be a strong indicator of risk given the context of the trader's profile and the normal trade pattern. Additionally, the trader has a medium CR profile level, suggesting some deviation from their usual trading behavior, but not enough to classify this as a true positive risk.",over_invoicing,FALSE_POSITIVE,"The high unit price appears anomalous but is not corroborated by other dimensions, such as trade pattern and CR profile, which remain within normal ranges, suggesting this may be a benign outlier rather than a genuine risk.",medium,Monitor future transactions from this trader for similar patterns.
2020-2501-1-10382-1,2020-2501-1-10382,2020-12-08,2020,2020-12,8471300000,847130000000,847130,84,Portable laptop computers,Portable laptop computers,CR_HASH_038,Re-export,EX,BH,BH,JP,BH,BH,JP,JP,NMB,1.33,6088.496240601503,price_per_item,8097.7,21536.43,1.33,251.67,279.54,8.714320638169475,9.057918359570245,1.044460022767316,7.958447179146432,9.968345476103028,2.009898296956594,4.943599733711541,12.983192921537915,False,-0.2218883279495919,0.2218883279495919,NORMAL,2.0,0.0020964360587002,6.1675164908883415,79.19854023234907,2.0,0.0020964360587002,6.1675164908883415,77.23297513030472,2.0,1.0,0.0,1.0,1.0,0.0,66.6308114117812,LOW,1,0.0,-0.0777981002990278,1.944952507475695,1.0,0.0,2,False,83.33333333333334,True,True,100.0,0.9375,93.75,64.43073337761649,LOW,1,LOW,"LOW (driven by pattern+cr_profile; price_level=NORMAL, pattern_level=LOW, cr_profile_level=LOW)",1,"The transaction involves a re-export of portable laptop computers from Bahrain to Japan, with a declared unit price significantly higher than the peer median price, indicating potential over-invoicing. However, the price anomaly is classified as NORMAL, and the trade pattern shows a high partner rarity score, suggesting that this trader has not previously engaged with this partner. The overall composite score is LOW, indicating that while there are some anomalies, they do not strongly indicate a genuine risk.",over_invoicing,FALSE_POSITIVE,"The price level is classified as NORMAL despite a high declared unit price, and the trade pattern does not indicate unusual behavior, suggesting this flag is likely a false positive.",medium,Monitor future transactions from this trader to Japan for consistency in pricing and partner engagement.
2020-2801-8-10193-1,2020-2801-8-10193,2020-12-08,2020,2020-12,6109100000,610910000000,610910,61,Cotton t-shirts,Cotton t-shirts,CR_HASH_016,Re-export,EX,BH,BH,SA,BH,BH,SA,SA,NMB,3.39,104.63126843657815,price_per_item,354.7,943.36,3.39,537.75,636.63,4.659954430061544,4.610526181303967,0.7708500247178713,3.916293548711598,5.585818334387825,1.6695247856762268,1.412006370197258,8.090105512902165,False,0.0432495245184666,0.0432495245184666,NORMAL,4.0,0.0041928721174004,5.474369310328396,58.39708046469813,4.0,0.0041928721174004,5.474369310328396,54.46595026060942,4.0,1.0,0.0,1.0,1.0,0.0,48.26162282356236,LOW,1,0.0,0.0706272056241239,1.7656801406030993,1.0,0.0,3,False,75.0,False,False,77.77777777777779,0.8888888888888888,88.88888888888889,37.84021027143331,LOW,1,LOW,"LOW (driven by pattern+cr_profile; price_level=NORMAL, pattern_level=LOW, cr_profile_level=LOW)",1,"The transaction shows a declared unit price of approximately 104.63 BHD for cotton t-shirts, which is significantly higher than the peer median price of 4.61 BHD. However, the price anomaly score is normal, and the trade pattern and CR profile levels are low, indicating no unusual behavior. Given the context of the transaction being a re-export from Bahrain to Saudi Arabia, the high price may reflect a legitimate business decision rather than a risk.",benign_outlier,FALSE_POSITIVE,"The price level is normal, and both trade pattern and CR profile levels are low, suggesting that this transaction does not present a genuine risk despite the high declared unit price.",high,Monitor future transactions from this trader for consistency in pricing.
2020-2801-1-10601-1,2020-2801-1-10601,2020-12-09,2020,2020-12,2710192100,271019210000,271019,27,Gas oils for diesel engines,Gas oils for diesel engines,CR_HASH_041,Import,IM,US,US,BH,US,US,BH,US,LTR,9448.41,0.3211609149052592,price_per_liter_gross_weight,3034.46,8070.36,2.39,8075.27,9448.41,0.2785108310703135,0.2635559281187505,0.0710560088433533,0.1979668243457394,0.3363424368265587,0.1383756124808193,-0.0095965943754896,0.5439058555477878,False,0.141957647409323,0.141957647409323,NORMAL,11.0,0.0115303983228511,4.462768398649916,28.038772365976683,11.0,0.0115303983228511,4.462768398649916,21.2390343034744,8.0,1.375,0.7440238091428449,3.0,2.1818181818181817,75.20661157024794,32.73403992474157,NORMAL,0,0.0,0.156260424578082,3.906510614452051,1.0,0.0,1,True,91.66666666666666,True,True,100.0,1.0,100.0,76.36727871505822,MEDIUM,1,LOW,"LOW (driven by cr_profile; price_level=NORMAL, pattern_level=NORMAL, cr_profile_level=MEDIUM)",1,"The transaction shows a declared unit price of BHD 0.321, which is within a normal range compared to the peer median price of BHD 0.264. Although the CR Profile indicates this is the first time the trader has imported this product from this partner, the overall anomaly scores are low, suggesting this is not a significant risk. The trade pattern and price levels are also normal, indicating no unusual behavior.",benign_outlier,FALSE_POSITIVE,"The low final level and normal price and trade pattern scores indicate that this transaction does not present a genuine risk, despite being flagged due to first-time product and partner usage.",high,Monitor future transactions from this trader for similar patterns.
2020-2701-6-10681-1,2020-2701-6-10681,2020-12-09,2020,2020-12,102211000,102211000000,102211,10,"Live cattle, pure-bred breeding","Live cattle, pure-bred breeding",CR_HASH_037,Import,IM,SA,JP,BH,SA,JP,BH,SA,NMB,0.63,88227.87301587302,price_per_item,55583.56,147828.63,0.63,242.37,289.48,11.387689546881404,10.013369334439131,0.6855679350518233,9.327801399387308,10.638440798004725,1.3106393986174147,7.361842301461186,12.604399895930843,False,1.3521144097618174,1.3521144097618174,NORMAL,7.0,0.0073375262054507,4.9147535223929735,41.6029195353019,1.0,0.0010482180293501,6.860663671448286,100.0,4.0,1.75,0.5,2.0,1.1428571428571428,9.090909090909088,57.165096131287314,LOW,1,0.0,4.009289613154419,100.0,1.0,0.0,2,False,83.33333333333334,False,True,92.3076923076923,0.8148148148148149,81.4814814814815,84.37321937321938,MEDIUM,1,MEDIUM,"MEDIUM (driven by pattern+cr_profile; price_level=NORMAL, pattern_level=LOW, cr_profile_level=MEDIUM)",1,"The transaction shows a high declared unit price for live cattle at BHD 88,227.87, which is significantly above the peer median price of BHD 10.01. However, the price anomaly is not flagged as high, and the trade pattern indicates a rare route from Japan to Bahrain, which is unusual for this trader. The CR profile indicates a significant deviation from the trader's usual pricing and partner behavior, suggesting potential risk.",unusual_partner,TRUE_POSITIVE,"The combination of a high CR Price Severity and unusual partner rarity indicates a genuine risk, warranting further scrutiny despite the price level being classified as normal.",medium,"Conduct further investigation into the trader's history with this specific product and partner, and verify the legitimacy of the transaction."
2020-2601-6-10972-1,2020-2601-6-10972,2020-12-10,2020,2020-12,8703221000,870322100000,870322,87,Passenger cars 1000-1500cc,Passenger cars 1000-1500cc,CR_HASH_044,Import,IM,IN,CN,BH,IN,CN,BH,IN,NMB,1.59,544850.7295597484,price_per_item,866312.66,2304023.04,1.59,996.53,1145.17,13.2082689807778,12.339741490828857,0.5298577154310848,11.445675964067552,12.647064860424424,1.201388896356871,9.643592619532246,14.44914820495973,False,1.1056058055988751,1.1056058055988751,NORMAL,9.0,0.0094339622641509,4.663439094112067,34.06093261602687,1.0,0.0010482180293501,6.860663671448286,100.0,6.0,1.5,0.8366600265340756,3.0,2.0,63.63636363636365,61.57592085346798,LOW,1,0.0,1.7564621268938536,43.91155317234634,1.0,0.0,1,True,91.66666666666666,False,True,86.36363636363636,1.0,100.0,76.9599527012303,MEDIUM,1,MEDIUM,"MEDIUM (driven by pattern+cr_profile; price_level=NORMAL, pattern_level=LOW, cr_profile_level=MEDIUM)",1,"The transaction shows a declared unit price of approximately BHD 544,850 for a passenger car, which is significantly higher than the peer median price of BHD 12.34. However, the price anomaly score is normal, and the trade pattern indicates a rare route from China to Bahrain, which may be legitimate for high-value imports. The trader is also using this product and partner combination for the first time, adding to the risk profile.",unusual_partner,TRUE_POSITIVE,"The combination of a high declared price and the first-time use of a rare route suggests a potential risk of misrepresentation or fraud, warranting further investigation.",medium,Conduct a detailed review of the trader's history and the legitimacy of the declared value and route.
2020-2801-2-10703-1,2020-2801-2-10703,2020-12-12,2020,2020-12,6109100000,610910000000,610910,61,Cotton t-shirts,Cotton t-shirts,CR_HASH_047,Import,IM,AE,JP,BH,AE,JP,BH,AE,NMB,3.16,75.3892405063291,price_per_item,238.23,633.6,3.16,874.21,969.94,4.3358418551858575,4.644105600231562,0.7882174659262975,3.892722458934984,5.444558727344917,1.5518362684099332,1.5649680563200845,7.772313129959818,False,-0.2637863996969821,0.2637863996969821,NORMAL,10.0,0.010482180293501,4.558078578454241,30.899046383171186,1.0,0.0010482180293501,6.860663671448286,100.0,8.0,1.25,0.4629100498862757,2.0,1.6,38.181818181818194,56.17679591885832,LOW,1,0.0,-0.2763121040297692,6.90780260074423,1.0,0.0,1,True,91.66666666666666,False,True,82.6086956521739,1.0,100.0,63.06990482330396,LOW,1,LOW,"LOW (driven by pattern+cr_profile; price_level=NORMAL, pattern_level=LOW, cr_profile_level=LOW)",1,"The transaction shows a declared unit price of 75.39 BHD for cotton t-shirts, which is significantly higher than the peer median price of 4.64 BHD, indicating potential over-invoicing. However, the price anomaly score is low, and the trade pattern and CR profile levels are also low, suggesting that this may not be a genuine risk. The trader is using this product and partner combination for the first time, which could explain the unusual pricing.",over_invoicing,FALSE_POSITIVE,"The price level is classified as normal despite the high declared unit price, and the overall composite score is low, indicating that this transaction is likely a benign outlier rather than a genuine risk.",medium,Monitor future transactions from this trader for consistency in pricing and product combinations.
2020-2601-8-10397-1,2020-2601-8-10397,2020-12-13,2020,2020-12,6109100000,610910000000,610910,61,Cotton t-shirts,Cotton t-shirts,CR_HASH_005,Import,IM,US,US,BH,US,US,BH,US,NMB,1.42,480.54929577464793,price_per_item,682.38,1814.85,1.42,684.87,794.28,6.177008605592032,4.644105600231562,0.7882174659262975,3.892722458934984,5.444558727344917,1.5518362684099332,1.5649680563200845,7.772313129959818,False,1.3117305274052582,1.3117305274052582,NORMAL,13.0,0.0136268343815513,4.29571431398675,23.025452080470465,11.0,0.0115303983228511,4.462768398649916,21.2390343034744,10.0,1.3,0.4830458915396479,2.0,1.5384615384615383,34.26573426573426,24.08624818631141,NORMAL,0,0.0,3.891086306071592,97.2771576517898,1.0,0.0,1,True,91.66666666666666,False,True,70.0,1.0,100.0,91.54700517812644,HIGH,1,HIGH,"HIGH (driven by cr_profile; price_level=NORMAL, pattern_level=NORMAL, cr_profile_level=HIGH)",1,"This transaction is flagged due to a high CR Profile Score of 91.55, indicating significant deviation from the trader's usual behavior, particularly as this is the first time the trader is importing this product. However, the price level is normal and the trade pattern is also normal, suggesting that while the trader's profile is unusual, the transaction itself does not exhibit clear signs of risk.",cr_profile_deviation,FALSE_POSITIVE,"The high CR Profile Score indicates a deviation from the trader's typical behavior, but the normal price and trade pattern levels suggest that this transaction is not inherently risky. Therefore, it is likely a false positive.",medium,Monitor future transactions from this trader for similar patterns.
2020-2501-5-10635-1,2020-2501-5-10635,2020-12-13,2020,2020-12,6109100000,610910000000,610910,61,Cotton t-shirts,Cotton t-shirts,CR_HASH_001,Import,IM,CN,CN,BH,CN,CN,BH,CN,NMB,2.13,4.746478873239437,price_per_item,10.11,26.9,2.13,16.06,18.15,1.7485872973628462,4.644105600231562,0.7882174659262975,3.892722458934984,5.444558727344917,1.5518362684099332,1.5649680563200845,7.772313129959818,False,-2.4777430386995736,2.4777430386995736,LOW,16.0,0.0167714884696016,4.088074949208505,16.794160929396217,13.0,0.0136268343815513,4.29571431398675,15.75199690827349,8.0,2.0,1.4142135623730951,5.0,2.5,95.45454545454548,28.228461200775648,NORMAL,0,0.0,-0.9811355518051093,24.52838879512773,1.0,0.0,2,False,83.33333333333334,False,False,61.11111111111112,0.9444444444444444,94.44444444444444,42.751602744961374,LOW,1,LOW,"LOW (driven by price+cr_profile; price_level=LOW, pattern_level=NORMAL, cr_profile_level=LOW)",1,"The transaction shows a low declared unit price of 4.75 BHD for cotton t-shirts, which is slightly below the peer median price of 4.64 BHD, resulting in a Z-score of -2.48, indicating potential under-invoicing. However, the trade pattern and CR profile levels are normal, suggesting that the trader's behavior and the trading route are consistent with past activities. The low anomaly score indicates this may not represent a significant risk.",under_invoicing,FALSE_POSITIVE,"The low price anomaly is not supported by unusual trading patterns or trader behavior, indicating this may be a benign outlier rather than a genuine risk.",medium,Monitor future transactions from this trader for consistency in pricing.
2020-2601-4-10991-1,2020-2601-4-10991,2020-12-15,2020,2020-12,8504400090,850440009000,850440,85,Static converters,Static converters,CR_HASH_045,Import,IM,IN,CN,BH,IN,CN,BH,IN,NMB,0.8,4233.424999999999,price_per_item,3386.74,9007.29,0.8,669.93,762.73,8.351002824550532,7.466827051260017,0.5715840105867187,6.914775863803976,8.032836322465545,1.11806045866157,5.23768517581162,9.7099270104579,False,1.043360866979757,1.043360866979757,NORMAL,10.0,0.010482180293501,4.558078578454241,30.899046383171186,1.0,0.0010482180293501,6.860663671448286,100.0,6.0,1.6666666666666667,1.2110601416389966,4.0,2.4,89.0909090909091,63.81315955522196,LOW,1,0.0,1.7503945733964783,43.75986433491196,1.0,0.0,2,False,83.33333333333334,False,False,87.5,0.7777777777777778,77.77777777777779,52.746508072774745,LOW,1,LOW,"LOW (driven by pattern+cr_profile; price_level=NORMAL, pattern_level=LOW, cr_profile_level=LOW)",1,"The transaction shows a high declared unit price for static converters at BHD 4233.42, which is significantly above the peer median price of BHD 7.47. However, the price anomaly score is normal, indicating that the price is not unusual compared to the market. The trade pattern shows a high route rarity score of 100, suggesting that this route is uncommon, but the overall trade pattern score is low, indicating no significant anomalies in trading behavior.",benign_outlier,FALSE_POSITIVE,"The price level is normal and does not indicate under- or over-invoicing, while the trade pattern and CR profile levels are low, suggesting that there is no significant risk associated with this transaction.",medium,Monitor future transactions from this trader for similar patterns.
2020-2801-2-10634-1,2020-2801-2-10634,2020-12-15,2020,2020-12,102211000,102211000000,102211,10,"Live cattle, pure-bred breeding","Live cattle, pure-bred breeding",CR_HASH_018,Re-export,EX,BH,BH,US,BH,BH,US,US,NMB,4.11,14344.87591240876,price_per_item,58957.44,156801.7,4.11,627.8,733.96,9.571217787019023,9.549317841384951,0.6971436999939566,8.846103941045365,10.18755556601122,1.3414516249658544,6.833926503596584,12.19973300346,False,0.0211883302730098,0.0211883302730098,NORMAL,2.0,0.0020964360587002,6.1675164908883415,79.19854023234907,2.0,0.0020964360587002,6.1675164908883415,77.23297513030472,2.0,1.0,0.0,1.0,1.0,0.0,66.6308114117812,LOW,1,0.0,-0.2610425111669878,6.526062779174696,1.0,0.0,1,True,91.66666666666666,False,True,73.33333333333334,0.9333333333333332,93.33333333333331,59.28412197271115,LOW,1,LOW,"LOW (driven by pattern+cr_profile; price_level=NORMAL, pattern_level=LOW, cr_profile_level=LOW)",1,"The transaction involves the re-export of live cattle, which is a legitimate trade activity. The declared unit price is significantly higher than the peer median price, but the price anomaly score is normal, indicating no under- or over-invoicing. The trade pattern shows a high partner rarity and route rarity, but the overall profile is low risk due to the normal price level and low CR profile score. The trader is also engaging in a first-time product and partner combination, which may contribute to the anomaly flag.",benign_outlier,FALSE_POSITIVE,"The price level is normal, and while the trade pattern shows some rarity, it does not indicate a significant risk. The first-time nature of the product and partner combination does not inherently suggest wrongdoing.",medium,Monitor future transactions from this trader for consistency in pricing and partner usage.
2020-2701-4-10035-1,2020-2701-4-10035,2020-12-17,2020,2020-12,3923301000,392330100000,392330,39,Plastic bottles for packaging,Plastic bottles for packaging,CR_HASH_015,Re-export,EX,BH,BH,SA,BH,BH,SA,SA,NMB,2.7,0.9185185185185184,price_per_item,2.48,6.6,2.7,68.17,72.85,0.6515532832611082,2.008077055471865,0.7629623078147538,1.1201351912780924,2.51712417371907,1.3969889824409778,-0.9753482823833745,4.612607647380537,False,-1.1992240507753116,1.1992240507753116,NORMAL,3.0,0.0031446540880503,5.762051382780177,67.03046630801344,3.0,0.0031446540880503,5.762051382780177,63.915119328547,3.0,1.0,0.0,1.0,1.0,0.0,55.88552491899817,LOW,1,0.0,-0.7354353484335748,18.38588371083937,1.0,0.0,3,False,75.0,False,True,89.47368421052632,0.8947368421052632,89.47368421052632,56.698217193530624,LOW,1,LOW,"LOW (driven by pattern+cr_profile; price_level=NORMAL, pattern_level=LOW, cr_profile_level=LOW)",1,"The transaction shows a normal price level with a robust Z-score indicating no significant price anomaly. The trade pattern and CR profile levels are low, suggesting that while the partner and route are somewhat rare, they do not indicate a strong risk. The declared goods description matches the commercial description, and the transaction is a re-export from Bahrain to Saudi Arabia, which is a common route.",benign_outlier,FALSE_POSITIVE,"The price level is normal and the transaction does not exhibit significant anomalies in trade patterns or trader behavior, indicating that this flag is likely a false positive.",high,Monitor future transactions from this trader for any unusual patterns.
2020-2701-7-10254-1,2020-2701-7-10254,2020-12-17,2020,2020-12,8517120000,851712000000,851712,85,Cellular telephones,Cellular telephones,CR_HASH_027,Re-export,EX,BH,BH,SA,BH,BH,SA,SA,NMB,2.84,30473.58450704225,price_per_item,86544.98,230172.83,2.84,998.93,1074.67,10.32464832036128,8.864077348542533,0.8102493638708186,8.21372138236038,9.675589371385747,1.461867989025368,6.020919398822327,11.8683913549238,False,1.2158499197644057,1.2158499197644057,NORMAL,4.0,0.0041928721174004,5.474369310328396,58.39708046469813,4.0,0.0041928721174004,5.474369310328396,54.46595026060942,4.0,1.0,0.0,1.0,1.0,0.0,48.26162282356236,LOW,1,0.0,2.358503573467778,58.96258933669445,1.0,0.0,1,True,91.66666666666666,False,True,94.44444444444444,0.9,90.0,82.24801737895417,MEDIUM,1,MEDIUM,"MEDIUM (driven by pattern+cr_profile; price_level=NORMAL, pattern_level=LOW, cr_profile_level=MEDIUM)",1,"The transaction involves a re-export of cellular telephones from Bahrain to Saudi Arabia, with a declared unit price significantly higher than the peer median price, indicating a potential misclassification or over-invoicing. However, the price anomaly score is normal, and the trade pattern and CR profile levels are low to medium, suggesting that while the price is high, it may not be unusual for this trader's profile. The declared quantity and weights also align with typical shipments for this type of product.",over_invoicing,FALSE_POSITIVE,"The price level is normal despite the high declared unit price, and the trade pattern does not indicate significant anomalies, suggesting this transaction may not pose a genuine risk.",medium,Monitor future transactions from this trader for similar patterns.
2020-2501-3-10021-1,2020-2501-3-10021,2020-12-18,2020,2020-12,9018390000,901839000000,901839,90,Medical syringes and needles,Medical syringes and needles,CR_HASH_022,Re-export,EX,BH,BH,IN,BH,BH,IN,IN,NMB,1.06,7.1226415094339615,price_per_item,7.55,20.09,1.06,281.06,330.44,2.094655410315664,1.4183722013465885,0.3403115864896454,0.9528936868330796,1.614923227688858,0.6620295408557785,-0.0401506244505881,2.6079675389725256,False,1.3403797970678253,1.3403797970678253,NORMAL,5.0,0.0052410901467505,5.251225759014186,51.700506150822136,5.0,0.0052410901467505,5.251225759014186,47.13660531805522,4.0,1.25,0.5,2.0,1.6,38.181818181818194,48.07533766400312,LOW,1,0.0,1.8119413799967303,45.29853449991826,1.0,0.0,2,False,83.33333333333334,False,True,94.44444444444444,0.9444444444444444,94.44444444444444,68.35448707497139,LOW,1,LOW,"LOW (driven by pattern+cr_profile; price_level=NORMAL, pattern_level=LOW, cr_profile_level=LOW)",1,"The transaction shows a normal price level with a robust Z-score of 1.34, indicating no significant price anomaly. However, the trade pattern and CR profile levels are both low, suggesting that while the trader is not deviating significantly from their usual behavior, the combination of a first-time product and partner raises some concern about the legitimacy of this re-export to India.",unusual_partner,TRUE_POSITIVE,"The low trade pattern and CR profile levels, combined with the first-time use of this partner, indicate a potential risk that warrants further scrutiny despite the normal price level.",medium,Conduct further investigation into the legitimacy of the trading relationship with the Indian partner and the nature of the goods being re-exported.
2020-2801-8-10349-1,2020-2801-8-10349,2020-12-19,2020,2020-12,8517120000,851712000000,851712,85,Cellular telephones,Cellular telephones,CR_HASH_047,Import,IM,SA,SA,BH,SA,SA,BH,SA,NMB,1.32,16855.007575757576,price_per_item,22248.61,59171.84,1.32,40.08,43.73,9.732462404923742,9.1609472788485,0.7778458576033893,8.086449359029473,9.737226953131788,1.6507775941023135,5.610282967876002,12.213393344285258,False,0.4955759134933942,0.4955759134933942,NORMAL,6.0,0.0062893081761006,5.068904202220232,46.22900654036249,5.0,0.0052410901467505,5.251225759014186,47.13660531805522,4.0,1.5,1.0,3.0,2.0,63.63636363636365,49.15776967695511,LOW,1,0.4146568720751536,0.9019290060314707,22.54822515078677,0.5,0.0,4,False,66.66666666666666,False,False,79.16666666666666,0.72,72.0,42.08354546944203,LOW,1,LOW,"LOW (driven by pattern+cr_profile; price_level=NORMAL, pattern_level=LOW, cr_profile_level=LOW)",1,"The transaction shows a declared unit price of approximately BHD 16,855 for a cellular telephone, which is significantly higher than the peer median price of BHD 9.16. However, the price anomaly score is normal, indicating no under-invoicing or over-invoicing concerns. The trade pattern and CR profile levels are low, suggesting that while the price is high, it may not be unusual for this trader's history or trading patterns, especially considering the context of the date in late 2020 when demand for electronics was high.",benign_outlier,FALSE_POSITIVE,"The price level is normal and does not indicate any risk, while the trade pattern and CR profile scores suggest that this transaction is consistent with the trader's historical behavior.",medium,Monitor future transactions from this trader for similar pricing patterns.
2020-2701-8-10330-1,2020-2701-8-10330,2020-12-19,2020,2020-12,102211000,102211000000,102211,10,"Live cattle, pure-bred breeding","Live cattle, pure-bred breeding",CR_HASH_002,Import,IM,SA,SA,BH,SA,SA,BH,SA,NMB,1.14,137796.71929824565,price_per_item,157088.26,417787.92,1.14,846.19,899.93,11.83354208661374,10.013369334439131,0.6855679350518233,9.327801399387308,10.638440798004725,1.3106393986174147,7.361842301461186,12.604399895930843,False,1.7907630144634064,1.7907630144634064,NORMAL,7.0,0.0073375262054507,4.9147535223929735,41.6029195353019,5.0,0.0052410901467505,5.251225759014186,47.13660531805522,4.0,1.75,0.5,2.0,1.1428571428571428,9.090909090909088,38.66290799260664,NORMAL,0,4.247634497629235,7.072692754924006,100.0,1.0,0.0,4,False,66.66666666666666,False,True,88.88888888888889,0.7,70.0,81.22222222222223,MEDIUM,1,LOW,"LOW (driven by cr_profile; price_level=NORMAL, pattern_level=NORMAL, cr_profile_level=MEDIUM)",1,"The transaction involves the import of live cattle from Saudi Arabia, with a declared unit price significantly higher than the peer median price, but the robust Z-score indicates it is not anomalous. The CR Profile shows a high price severity, indicating that this trader's pricing is unusual compared to their history, but the overall composite score is low, suggesting that the flag is likely a false positive. The trader has previously imported similar goods, which adds context to the price.",benign_outlier,FALSE_POSITIVE,"The price anomaly is not strong enough to indicate a genuine risk, and the overall composite score is low, suggesting that this transaction does not warrant further investigation.",medium,Monitor future transactions from this trader for consistency in pricing.
2020-2601-8-10087-1,2020-2601-8-10087,2020-12-20,2020,2020-12,102211000,102211000000,102211,10,"Live cattle, pure-bred breeding","Live cattle, pure-bred breeding",CR_HASH_003,Import,IM,IN,SA,BH,IN,SA,BH,IN,NMB,2.27,53860.67841409692,price_per_item,122263.74,325169.52,2.27,776.95,893.76,10.89417452841434,10.013369334439131,0.6855679350518233,9.327801399387308,10.638440798004725,1.3106393986174147,7.361842301461186,12.604399895930843,False,0.8665734405888732,0.8665734405888732,NORMAL,7.0,0.0073375262054507,4.9147535223929735,41.6029195353019,1.0,0.0010482180293501,6.860663671448286,100.0,6.0,1.1666666666666667,0.408248290463863,2.0,1.7142857142857142,45.45454545454546,62.61964158583277,LOW,1,-0.2081319781193012,2.1459188495461623,53.64797123865406,1.0,0.0,4,False,66.66666666666666,False,True,93.75,0.75,75.0,67.21428993352892,LOW,1,LOW,"LOW (driven by pattern+cr_profile; price_level=NORMAL, pattern_level=LOW, cr_profile_level=LOW)",1,"The transaction involves the import of live cattle from Saudi Arabia to Bahrain, which is a legitimate trade route. The price appears normal given the context, with a robust Z-score indicating no significant price anomaly. However, the trade pattern shows a high route rarity score, suggesting this is an unusual route for this trader, which could indicate a potential risk.",unusual_route,TRUE_POSITIVE,"The high route rarity score indicates that this is an unusual trade route for the trader, warranting further scrutiny despite the normal price levels.",medium,Conduct further investigation into the trader's history with this specific route and the legitimacy of the transaction.
2020-2501-9-10790-1,2020-2501-9-10790,2020-12-20,2020,2020-12,9018390000,901839000000,901839,90,Medical syringes and needles,Medical syringes and needles,CR_HASH_032,Re-export,EX,BH,BH,IN,BH,BH,IN,IN,NMB,2.74,2.8686131386861318,price_per_item,7.86,20.9,2.74,703.55,841.84,1.3528960807180426,1.4183722013465885,0.3403115864896454,0.9528936868330796,1.614923227688858,0.6620295408557785,-0.0401506244505881,2.6079675389725256,False,-0.1297723618107627,0.1297723618107627,NORMAL,5.0,0.0052410901467505,5.251225759014186,51.700506150822136,5.0,0.0052410901467505,5.251225759014186,47.13660531805522,4.0,1.25,0.5,2.0,1.6,38.181818181818194,48.07533766400312,LOW,1,0.0,0.1027908627903023,2.5697715697575583,1.0,0.0,3,False,75.0,False,True,85.71428571428572,0.8666666666666667,86.66666666666667,49.66132481131992,LOW,1,LOW,"LOW (driven by pattern+cr_profile; price_level=NORMAL, pattern_level=LOW, cr_profile_level=LOW)",1,"The transaction involves the re-export of medical syringes and needles from Bahrain to India, with a declared unit price that is normal compared to market peers. The trade pattern and CR profile levels are low, indicating that while the partner and route are somewhat rare, they do not present a significant risk. Additionally, the trader has previously engaged in similar transactions, which mitigates concerns about unusual behavior.",benign_outlier,FALSE_POSITIVE,"The price level is normal and the trader has a history of similar transactions, suggesting that this flag is likely a false positive rather than a genuine risk.",medium,Monitor future transactions from this trader for any changes in patterns or pricing.
2020-2701-1-10925-1,2020-2701-1-10925,2020-12-21,2020,2020-12,8703221000,870322100000,870322,87,Passenger cars 1000-1500cc,Passenger cars 1000-1500cc,CR_HASH_012,Import,IM,US,CN,BH,US,CN,BH,US,NMB,1.23,309903.7479674797,price_per_item,381181.61,1013780.88,1.23,1004.97,1120.32,12.64402026462485,12.339741490828857,0.5298577154310848,11.445675964067552,12.647064860424424,1.201388896356871,9.643592619532246,14.44914820495973,False,0.3873364778000662,0.3873364778000662,NORMAL,10.0,0.010482180293501,4.558078578454241,30.899046383171186,1.0,0.0010482180293501,6.860663671448286,100.0,7.0,1.4285714285714286,0.5345224838248488,2.0,1.4,25.454545454545453,54.26770500976741,LOW,1,0.0,0.51062241757694,12.7655604394235,1.0,0.0,1,True,91.66666666666666,False,True,78.94736842105263,1.0,100.0,64.20478825906139,LOW,1,LOW,"LOW (driven by pattern+cr_profile; price_level=NORMAL, pattern_level=LOW, cr_profile_level=LOW)",1,"The transaction shows a declared unit price of approximately BHD 309,903 for a passenger car, which is significantly higher than the peer median price of BHD 12.34, indicating potential over-invoicing. However, the price anomaly score is low, and the trade pattern and CR profile levels are also low, suggesting that this may not be a genuine risk. The transaction involves a first-time product and a rare route from the US to Bahrain, which could explain the unusual pricing without indicating fraud.",over_invoicing,FALSE_POSITIVE,"Despite the high declared unit price, the overall anomaly signals are low, indicating that this transaction is likely a benign outlier rather than a genuine risk.",medium,Monitor future transactions from this trader for similar patterns or pricing.
2020-2601-7-10205-1,2020-2601-7-10205,2020-12-24,2020,2020-12,8703221000,870322100000,870322,87,Passenger cars 1000-1500cc,Passenger cars 1000-1500cc,CR_HASH_011,Import,IM,CN,CN,BH,CN,CN,BH,CN,NMB,2.56,44746.203125,price_per_item,114550.28,304655.0,2.56,201.11,239.24,10.708784221749797,12.339741490828857,0.5298577154310848,11.445675964067552,12.647064860424424,1.201388896356871,9.643592619532246,14.44914820495973,False,-2.076152852091645,2.076152852091645,LOW,20.0,0.020964360587002,3.864931397894296,10.097586615520235,14.0,0.0146750524109014,4.221606341833028,13.317855801757728,9.0,2.2222222222222223,1.3017082793177757,5.0,2.25,79.54545454545456,21.641861020193502,NORMAL,0,0.0,-0.9481697549823338,23.704243874558344,1.0,0.0,3,False,75.0,False,False,88.23529411764706,0.8888888888888888,88.88888888888889,48.13308666328496,LOW,1,LOW,"LOW (driven by price+cr_profile; price_level=LOW, pattern_level=NORMAL, cr_profile_level=LOW)",1,"The transaction shows a significantly high declared unit price of 44,746.20 BHD for passenger cars, which is anomalously low compared to the peer median price of 12.34 BHD. This suggests potential under-invoicing, especially given the robust Z-score of -2.08. However, the overall composite score is LOW, indicating that while the price is concerning, it does not meet the threshold for a high-risk flag.",under_invoicing,FALSE_POSITIVE,"The price anomaly is significant, but the overall composite score is LOW, indicating that there are no corroborating signals to suggest a genuine risk at this time.",medium,Monitor future transactions from this trader for similar pricing patterns.
2020-2601-9-10455-1,2020-2601-9-10455,2020-12-24,2020,2020-12,3923301000,392330100000,392330,39,Plastic bottles for packaging,Plastic bottles for packaging,CR_HASH_020,Import,IM,EG,EG,BH,EG,EG,BH,EG,NMB,0.64,2.90625,price_per_item,1.86,4.95,0.64,17.64,20.31,1.3625778345025743,1.6841288050356895,0.6442087840607709,1.0864174155799162,2.3469388358112164,1.2605214202313002,-0.8043647147670341,4.237720966158166,False,-0.3366659438547139,0.3366659438547139,NORMAL,1.0,0.0010482180293501,6.860663671448286,100.0,1.0,0.0010482180293501,6.860663671448286,100.0,1.0,1.0,0.0,1.0,1.0,0.0,85.0,HIGH,1,0.0,-0.3543482352874844,8.85870588218711,1.0,0.0,1,True,91.66666666666666,True,True,100.0,0.9565217391304348,95.65217391304348,77.23098184137419,MEDIUM,1,HIGH,"HIGH (driven by pattern+cr_profile; price_level=NORMAL, pattern_level=HIGH, cr_profile_level=MEDIUM)",1,"This transaction is flagged due to high rarity scores for both the trading partner and route, indicating that this is an unusual combination for the trader. Additionally, it is the first time this trader has imported this product from this partner, which raises concerns about the legitimacy of the transaction. However, the price level is normal, and the declared unit price is consistent with the peer median price, suggesting that the pricing aspect is not anomalous.",unusual_partner,TRUE_POSITIVE,"The high rarity scores and first-time flags indicate a significant deviation from the trader's usual behavior, warranting further investigation despite the normal pricing.",medium,Conduct a detailed review of the trader's past transactions and verify the legitimacy of the trading partner.
2020-2501-6-10088-1,2020-2501-6-10088,2020-12-24,2020,2020-12,8471300000,847130000000,847130,84,Portable laptop computers,Portable laptop computers,CR_HASH_001,Import,IM,SA,IN,BH,SA,IN,BH,SA,NMB,1.99,18222.11557788945,price_per_item,36262.01,96441.51,1.99,789.73,884.39,9.810446153884284,8.71824987064452,0.6999612932513521,7.750041925937837,9.126895264901794,1.376853338963957,5.684761917491901,11.192175273347727,False,1.0524529108716965,1.0524529108716965,NORMAL,12.0,0.0125786163522012,4.375757021660286,25.427546772711544,2.0,0.0020964360587002,6.1675164908883415,77.23297513030472,7.0,1.7142857142857142,0.9511897312113418,3.0,1.75,47.727272727272734,46.90440559105333,LOW,1,0.0,1.9375619639579995,48.43904909894999,1.0,0.0,2,False,83.33333333333334,False,True,89.47368421052632,0.9473684210526316,94.73684210526316,68.2694566583167,LOW,1,LOW,"LOW (driven by pattern+cr_profile; price_level=NORMAL, pattern_level=LOW, cr_profile_level=LOW)",1,"The transaction involves the import of a portable laptop computer at a declared unit price of BHD 18,222, which is significantly higher than the peer median price of BHD 8.72. However, the price anomaly is not severe, as indicated by the robust Z-score of 1.05 and a price level classified as NORMAL. The trade pattern shows low rarity for the partner and route, suggesting that while the price is high, it may not be unusual given the context of the transaction date in late 2020 when demand for electronics surged due to the pandemic.",benign_outlier,FALSE_POSITIVE,"The price level is classified as NORMAL and the robust Z-score indicates no significant deviation from expected pricing, suggesting this is likely a benign outlier rather than a genuine risk.",medium,Monitor future transactions from this trader for similar pricing patterns.
2020-2801-2-10333-1,2020-2801-2-10333,2020-12-25,2020,2020-12,8471300000,847130000000,847130,84,Portable laptop computers,Portable laptop computers,CR_HASH_042,Import,IM,JP,JP,BH,JP,JP,BH,JP,NMB,0.86,29113.174418604653,price_per_item,25037.33,66588.64,0.86,410.4,483.16,10.278980427990932,8.71824987064452,0.6999612932513521,7.750041925937837,9.126895264901794,1.376853338963957,5.684761917491901,11.192175273347727,False,1.5039379307291114,1.5039379307291114,NORMAL,2.0,0.0020964360587002,6.1675164908883415,79.19854023234907,1.0,0.0010482180293501,6.860663671448286,100.0,2.0,1.0,0.0,1.0,1.0,0.0,74.59927011617454,LOW,1,2.5943460173139927,3.703190078328202,92.57975195820504,1.0,0.0,5,False,58.333333333333336,True,True,100.0,0.75,75.0,92.40291318537176,HIGH,1,HIGH,"HIGH (driven by pattern+cr_profile; price_level=NORMAL, pattern_level=LOW, cr_profile_level=HIGH)",1,"This transaction is flagged due to a high CR Profile Score (92.40) and a high Partner Rarity Score (79.20), indicating unusual behavior for this trader. The declared unit price of 29,113.17 BHD is significantly higher than the peer median price of 8.72 BHD, suggesting potential over-invoicing. However, the price anomaly is classified as NORMAL, which may indicate a false positive.",over_invoicing,FALSE_POSITIVE,"The price level is classified as NORMAL despite the high CR Profile Score, suggesting that the high price may not be a genuine risk but rather a misinterpretation of the trader's pricing strategy.",medium,Monitor future transactions from this trader for similar patterns before taking further action.
2020-2701-7-10763-1,2020-2701-7-10763,2020-12-26,2020,2020-12,102211000,102211000000,102211,10,"Live cattle, pure-bred breeding","Live cattle, pure-bred breeding",CR_HASH_026,Import,IM,US,AE,BH,US,AE,BH,US,NMB,3.89,25087.27763496144,price_per_item,97589.51,259546.56,3.89,1207.56,1358.33,10.130155989533474,10.013369334439131,0.6855679350518233,9.327801399387308,10.638440798004725,1.3106393986174147,7.361842301461186,12.604399895930843,False,0.1148996556925606,0.1148996556925606,NORMAL,10.0,0.010482180293501,4.558078578454241,30.899046383171186,1.0,0.0010482180293501,6.860663671448286,100.0,7.0,1.4285714285714286,0.7867957924694432,3.0,2.1,70.00000000000001,60.94952319158559,LOW,1,0.0,0.3864142437771373,9.660356094428431,1.0,0.0,2,False,83.33333333333334,False,True,89.47368421052632,0.85,85.0,52.749545685681525,LOW,1,LOW,"LOW (driven by pattern+cr_profile; price_level=NORMAL, pattern_level=LOW, cr_profile_level=LOW)",1,"The transaction shows a declared unit price of approximately 25,087 BHD for live cattle, which is significantly higher than the peer median price of about 10 BHD. However, the price anomaly score is normal, indicating no under- or over-invoicing. The trade pattern shows a high route rarity score, suggesting that this specific origin-destination route is uncommon, but the overall trade pattern score is low, indicating no significant volume spikes or unusual trading behavior.",unusual_route,TRUE_POSITIVE,"The unusual route combined with the trader's low profile score indicates a potential risk, warranting further scrutiny despite the normal price level.",medium,Conduct further investigation into the legitimacy of the trade route and the pricing of the live cattle.
2020-2501-2-10804-1,2020-2501-2-10804,2020-12-27,2020,2020-12,8517120000,851712000000,851712,85,Cellular telephones,Cellular telephones,CR_HASH_003,Import,IM,SA,SA,BH,SA,SA,BH,SA,NMB,1.91,47252.246073298425,price_per_item,90251.79,240031.35,1.91,594.83,663.24,10.763276630526144,9.1609472788485,0.7778458576033893,8.086449359029473,9.737226953131788,1.6507775941023135,5.610282967876002,12.213393344285258,False,1.389422249640305,1.389422249640305,NORMAL,6.0,0.0062893081761006,5.068904202220232,46.22900654036249,5.0,0.0052410901467505,5.251225759014186,47.13660531805522,4.0,1.5,1.0,3.0,2.0,63.63636363636365,49.15776967695511,LOW,1,0.0,4.167340594641514,100.0,1.0,0.0,2,False,83.33333333333334,True,True,100.0,0.8235294117647058,82.35294117647058,96.47058823529412,HIGH,1,HIGH,"HIGH (driven by pattern+cr_profile; price_level=NORMAL, pattern_level=LOW, cr_profile_level=HIGH)",1,"This transaction shows a significant price anomaly with a declared unit price of BHD 47,252.25 for a cellular telephone, which is extraordinarily high compared to the peer median price of BHD 9.16. Additionally, the trader is using a new partner for this transaction, which raises concerns about the legitimacy of the trade. The combination of a high CR Price Severity and a first-time partner suggests potential over-invoicing or misclassification.",over_invoicing,TRUE_POSITIVE,"The high CR Price Severity indicates that the price is significantly above the trader's historical norms, and the use of a new partner adds to the risk of over-invoicing. The combination of these factors justifies the TRUE_POSITIVE classification.",high,Conduct a detailed investigation into the trader's past transactions and the legitimacy of the declared price and partner.
2020-2601-1-10347-1,2020-2601-1-10347,2020-12-28,2020,2020-12,3923301000,392330100000,392330,39,Plastic bottles for packaging,Plastic bottles for packaging,CR_HASH_033,Import,IM,JP,JP,BH,JP,JP,BH,JP,NMB,1.46,21.554794520547944,price_per_item,31.47,83.7,1.46,704.58,768.61,3.115947660668028,1.6841288050356895,0.6442087840607709,1.0864174155799162,2.3469388358112164,1.2605214202313002,-0.8043647147670341,4.237720966158166,False,1.4991235935666196,1.4991235935666196,NORMAL,4.0,0.0041928721174004,5.474369310328396,58.39708046469813,4.0,0.0041928721174004,5.474369310328396,54.46595026060942,4.0,1.0,0.0,1.0,1.0,0.0,48.26162282356236,LOW,1,0.0,3.570725933899239,89.26814834748097,1.0,0.0,3,False,75.0,False,True,87.5,0.9166666666666666,91.66666666666666,81.45218525495167,MEDIUM,1,MEDIUM,"MEDIUM (driven by pattern+cr_profile; price_level=NORMAL, pattern_level=LOW, cr_profile_level=MEDIUM)",1,"The transaction shows a high CR Price Severity of 89.27, indicating that the price is significantly higher than the trader's historical prices for similar goods. Additionally, the first-time combination of product and partner raises concerns about the legitimacy of the transaction. However, the price level is normal, and the overall trade pattern score is low, suggesting that while there are some anomalies, they may not indicate a serious risk.",cr_profile_deviation,TRUE_POSITIVE,"The high CR Price Severity and the first-time product-partner combination suggest potential misalignment with the trader's typical behavior, warranting further investigation despite the normal price level.",medium,Conduct a detailed review of the trader's past transactions and the legitimacy of the product pricing.
2020-2701-1-10757-1,2020-2701-1-10757,2020-12-30,2020,2020-12,9018390000,901839000000,901839,90,Medical syringes and needles,Medical syringes and needles,CR_HASH_021,Import,IM,US,US,BH,US,US,BH,US,NMB,2.11,11.118483412322275,price_per_item,23.46,62.4,2.11,743.06,837.23,2.49473184181512,1.1592369104845446,0.5792846449150362,0.6041021775947832,1.748109664393657,1.1440074867988734,-1.111909052603527,3.464120894591967,False,1.5549850982886328,1.5549850982886328,NORMAL,11.0,0.0115303983228511,4.462768398649916,28.038772365976683,9.0,0.0094339622641509,4.663439094112067,27.830238657093965,7.0,1.5714285714285714,0.7867957924694432,3.0,1.9090909090909087,57.8512396694215,32.437655663384454,NORMAL,0,6.77532849959742,3.3223104514067674,100.0,2.0,25.0,3,False,75.0,False,False,82.6086956521739,0.875,87.5,75.65217391304347,MEDIUM,1,LOW,"LOW (driven by cr_profile; price_level=NORMAL, pattern_level=NORMAL, cr_profile_level=MEDIUM)",1,"The transaction shows a normal price level with a robust Z-score of 1.55, indicating no significant over or under-invoicing. The trade pattern and CR profile levels are also normal, suggesting that the trader's behavior aligns with their historical data. The declared goods description matches the commercial description, and there are no unusual partners or routes involved.",benign_outlier,FALSE_POSITIVE,"The transaction does not exhibit any significant anomalies across the price, trade pattern, or CR profile dimensions, indicating it is a benign outlier rather than a genuine risk.",high,No further action required; monitor for future transactions from this trader.
