item_id,declaration_id,declaration_date,year,year_month,hs_code,hs_clean,hs6,hs2,hs_desc,commercial_description,active_cr,trade_type,regime,country_of_origin,country_of_export,country_of_destination,country_of_origin_code,country_of_export_code,country_of_destination_code,partner_country_code,uom,qty_by_uom,actual_unit_price,price_basis,local_amount_clean,invoice_amount_clean,sup_amount_clean,net_weight_clean,gross_weight_clean,log_actual_unit_price,median,mad,q1,q3,iqr,iqr_low,iqr_high,iqr_flag,robust_z,anomaly_score,price_level,partner_count,partner_probability,partner_rarity_raw,partner_rarity_score,route_count,route_probability,route_rarity_raw,route_rarity_score,active_months,month_mean,month_std,month_max,burstiness_raw,burstiness_score,trade_pattern_score,pattern_level,trade_pattern_flag,cr_price_z_own,cr_price_z_peer,cr_price_severity,cr_burst_ratio,cr_burst_severity,cr_hs_months_active,cr_hs_first_time_in_window,cr_freq_severity,cr_partner_first_time,cr_partner_hs_first_time,cr_partner_rarity,cr_portfolio_distance,cr_portfolio_severity,cr_profile_score,cr_profile_level,cr_profile_flag,final_level,final_reason,final_flag
2020-2601-5-10181-1,2020-2601-5-10181,2020-01-01,2020,2020-01,2710192100,271019210000,271019,27,Gas oils for diesel engines,Gas oils for diesel engines,CR_HASH_027,Import,IM,DE,DE,BH,DE,DE,BH,DE,LTR,4783.52,0.3251141418871458,price_per_liter_gross_weight,1555.19,4136.14,3.4,4372.13,4783.52,0.281498600548421,0.26355592811875056,0.07105600884335336,0.1979668243457394,0.33634243682655873,0.13837561248081934,-0.009596594375489625,0.5439058555477878,False,0.17031869578838918,0.17031869578838918,NORMAL,4.0,0.0041928721174004195,5.474369310328396,58.39708046469813,2.0,0.0020964360587002098,6.1675164908883415,77.23297513030472,4.0,1.0,0.0,1.0,1.0,0.0,56.23008152795572,LOW,1,0.0,0.1830711509131958,4.576778772829895,1.0,0.0,1,True,91.66666666666666,True,True,0.0,0.0,0.0,31.601872570490464,NORMAL,0,NORMAL,"NORMAL (price_level=NORMAL, pattern_level=LOW, cr_profile_level=NORMAL)",0
2020-2801-1-10074-1,2020-2801-1-10074,2020-01-01,2020,2020-01,3923301000,392330100000,392330,39,Plastic bottles for packaging,Plastic bottles for packaging,CR_HASH_009,Re-export,EX,BH,BH,DE,BH,BH,DE,DE,NMB,3.53,0.1274787535410765,price_per_item,0.45,1.19,3.53,20.21,22.62,0.11998394835114093,2.008077055471865,0.7629623078147538,1.1201351912780924,2.51712417371907,1.3969889824409778,-0.9753482823833743,4.612607647380537,False,-1.6691536930990645,1.6691536930990645,NORMAL,1.0,0.0010482180293501049,6.860663671448286,100.0,1.0,0.0010482180293501049,6.860663671448286,100.0,1.0,1.0,0.0,1.0,1.0,0.0,85.0,HIGH,1,0.0,-0.880199237356873,22.004980933921825,1.0,0.0,1,True,91.66666666666666,True,True,0.0,0.0,0.0,37.70174332687264,LOW,1,HIGH,"HIGH (driven by pattern+cr_profile; price_level=NORMAL, pattern_level=HIGH, cr_profile_level=LOW)",1
2020-2501-4-10614-1,2020-2501-4-10614,2020-01-01,2020,2020-01,3923301000,392330100000,392330,39,Plastic bottles for packaging,Plastic bottles for packaging,CR_HASH_032,Import,IM,US,JP,BH,US,JP,BH,US,NMB,4.53,4.44812362030905,price_per_item,20.15,53.58,4.53,802.03,922.42,1.6952712595422443,1.6841288050356895,0.6442087840607709,1.0864174155799162,2.3469388358112164,1.2605214202313002,-0.8043647147670341,4.237720966158166,False,0.011666221865504098,0.011666221865504098,NORMAL,10.0,0.010482180293501049,4.558078578454241,30.899046383171186,1.0,0.0010482180293501049,6.860663671448286,100.0,7.0,1.4285714285714286,0.7867957924694432,3.0,2.1,70.00000000000001,60.94952319158559,LOW,1,0.0,-0.06364434357381439,1.5911085893453598,1.0,0.0,1,True,91.66666666666666,True,True,0.0,0.0,0.0,30.556888006270874,NORMAL,0,NORMAL,"NORMAL (price_level=NORMAL, pattern_level=LOW, cr_profile_level=NORMAL)",0
2020-2701-5-10322-1,2020-2701-5-10322,2020-01-01,2020,2020-01,102211000,102211000000,102211,10,"Live cattle, pure-bred breeding","Live cattle, pure-bred breeding",CR_HASH_028,Import,IM,TH,TH,BH,TH,TH,BH,TH,NMB,0.63,40284.71428571428,price_per_item,25379.37,67498.33,0.63,204.01,219.93,10.603752200864937,10.013369334439131,0.6855679350518233,9.327801399387308,10.638440798004723,1.3106393986174147,7.361842301461186,12.604399895930845,False,0.5808436591005525,0.5808436591005525,NORMAL,1.0,0.0010482180293501049,6.860663671448286,100.0,1.0,0.0010482180293501049,6.860663671448286,100.0,1.0,1.0,0.0,1.0,1.0,0.0,85.0,HIGH,1,0.0,1.3123256057504056,32.80814014376014,1.0,0.0,1,True,91.66666666666666,True,True,0.0,0.0,0.0,41.48284905031605,LOW,1,HIGH,"HIGH (driven by pattern+cr_profile; price_level=NORMAL, pattern_level=HIGH, cr_profile_level=LOW)",1
2020-2501-7-10586-1,2020-2501-7-10586,2020-01-02,2020,2020-01,8504400090,850440009000,850440,85,Static converters,Static converters,CR_HASH_012,Import,IM,CN,CN,BH,CN,CN,BH,CN,NMB,3.3,1025.909090909091,price_per_item,3385.5,9003.99,3.3,164.76,178.3,6.934308686934653,7.466827051260017,0.5715840105867187,6.914775863803976,8.032836322465545,1.11806045866157,5.23768517581162,9.7099270104579,False,-0.628391818764069,0.628391818764069,NORMAL,19.0,0.019916142557651992,3.916224692281846,11.63690673320574,15.0,0.015723270440251572,4.152613470346076,11.051724646602178,9.0,2.111111111111111,0.9279607271383371,4.0,1.894736842105263,56.9377990430622,18.22722684937296,NORMAL,0,0.0,-0.44612754874760674,11.153188718690169,1.0,0.0,1,True,91.66666666666666,True,True,0.0,0.0,0.0,33.90361605154156,NORMAL,0,NORMAL,"NORMAL (price_level=NORMAL, pattern_level=NORMAL, cr_profile_level=NORMAL)",0
2020-2501-5-10670-1,2020-2501-5-10670,2020-01-02,2020,2020-01,102211000,102211000000,102211,10,"Live cattle, pure-bred breeding","Live cattle, pure-bred breeding",CR_HASH_014,Import,IM,CN,CN,BH,CN,CN,BH,CN,NMB,3.36,5009.247023809524,price_per_item,16831.07,44763.48,3.36,133.15,155.52,8.519240499013009,10.013369334439131,0.6855679350518233,9.327801399387308,10.638440798004723,1.3106393986174147,7.361842301461186,12.604399895930845,False,-1.4699872054054959,1.4699872054054959,NORMAL,18.0,0.018867924528301886,3.970291913552122,13.25947284837593,16.0,0.016771488469601678,4.088074949208505,8.931900521218806,10.0,1.8,0.7888106377466155,3.0,1.6666666666666665,42.42424242424242,16.11953797025091,NORMAL,0,0.0,-0.8063654968444602,20.159137421111506,1.0,0.0,1,True,91.66666666666666,True,True,0.0,0.0,0.0,37.055698097389026,LOW,1,NORMAL,"NORMAL (price_level=NORMAL, pattern_level=NORMAL, cr_profile_level=LOW)",0
2020-2501-1-10624-1,2020-2501-1-10624,2020-01-03,2020,2020-01,1006301000,100630100000,100630,10,Long-grain milled rice,Long-grain milled rice,CR_HASH_021,Re-export,EX,BH,BH,US,BH,BH,US,US,KGM,3261.88,0.4662403276638012,price_per_kg,1520.82,4044.73,3.94,3261.88,3815.72,0.38270152431506127,0.2942812331971436,0.07865143426710039,0.2366195387420564,0.39544094305664584,0.15882140431458944,-0.0016125677298277352,0.63367304952853,False,0.7582655022759397,0.7582655022759397,NORMAL,8.0,0.008385744234800839,4.781222129768451,37.595620697047174,8.0,0.008385744234800839,4.781222129768451,31.698925390914113,8.0,1.0,0.0,1.0,1.0,0.0,29.892434235343526,NORMAL,0,0.0,0.5217753712378799,13.044384280946996,1.0,0.0,1,True,91.66666666666666,True,True,0.0,0.0,0.0,34.565534498331445,NORMAL,0,NORMAL,"NORMAL (price_level=NORMAL, pattern_level=NORMAL, cr_profile_level=NORMAL)",0
2020-2601-2-10767-1,2020-2601-2-10767,2020-01-03,2020,2020-01,6109100000,610910000000,610910,61,Cotton t-shirts,Cotton t-shirts,CR_HASH_048,Re-export,EX,BH,BH,US,BH,BH,US,US,NMB,4.79,143.8141962421712,price_per_item,688.87,1832.1,4.79,1092.6,1273.76,4.975451515492462,4.610526181303967,0.7708500247178713,3.916293548711598,5.585818334387825,1.6695247856762268,1.412006370197258,8.090105512902165,False,0.31930824144311903,0.31930824144311903,NORMAL,4.0,0.0041928721174004195,5.474369310328396,58.39708046469813,4.0,0.0041928721174004195,5.474369310328396,54.46595026060942,4.0,1.0,0.0,1.0,1.0,0.0,48.26162282356236,LOW,1,0.0,0.4450418934783576,11.12604733695894,1.0,0.0,1,True,91.66666666666666,True,True,0.0,0.0,0.0,33.894116567935626,NORMAL,0,NORMAL,"NORMAL (price_level=NORMAL, pattern_level=LOW, cr_profile_level=NORMAL)",0
2020-2701-6-10906-1,2020-2701-6-10906,2020-01-03,2020,2020-01,6109100000,610910000000,610910,61,Cotton t-shirts,Cotton t-shirts,CR_HASH_029,Import,IM,CN,CN,BH,CN,CN,BH,CN,NMB,1.62,98.76543209876543,price_per_item,160.0,425.52,1.62,1064.85,1139.87,4.602821751561009,4.644105600231562,0.7882174659262975,3.8927224589349843,5.444558727344917,1.5518362684099332,1.5649680563200845,7.772313129959818,False,-0.035327274067943656,0.035327274067943656,NORMAL,16.0,0.016771488469601678,4.088074949208505,16.794160929396217,13.0,0.013626834381551363,4.29571431398675,15.75199690827349,8.0,2.0,1.4142135623730951,5.0,2.5,95.45454545454547,28.228461200775648,NORMAL,0,0.0,-0.061184780851508254,1.5296195212877064,1.0,0.0,1,True,91.66666666666666,True,True,0.0,0.0,0.0,30.5353668324507,NORMAL,0,NORMAL,"NORMAL (price_level=NORMAL, pattern_level=NORMAL, cr_profile_level=NORMAL)",0
2020-2701-1-10221-1,2020-2701-1-10221,2020-01-03,2020,2020-01,6109100000,610910000000,610910,61,Cotton t-shirts,Cotton t-shirts,CR_HASH_023,Import,IM,JP,IN,BH,JP,IN,BH,JP,NMB,4.64,61.02370689655172,price_per_item,283.15,753.06,4.64,442.3,478.03,4.127516681259802,4.644105600231562,0.7882174659262975,3.8927224589349843,5.444558727344917,1.5518362684099332,1.5649680563200845,7.772313129959818,False,-0.4420537064412575,0.4420537064412575,NORMAL,6.0,0.006289308176100629,5.0689042022202315,46.22900654036249,1.0,0.0010482180293501049,6.860663671448286,100.0,4.0,1.5,1.0,3.0,2.0,63.63636363636365,67.65995781563579,LOW,1,0.0,-0.45257817713205273,11.314454428301318,1.0,0.0,1,True,91.66666666666666,True,True,0.0,0.0,0.0,33.96005904990546,NORMAL,0,NORMAL,"NORMAL (price_level=NORMAL, pattern_level=LOW, cr_profile_level=NORMAL)",0
2020-2801-2-10978-1,2020-2801-2-10978,2020-01-03,2020,2020-01,6109100000,610910000000,610910,61,Cotton t-shirts,Cotton t-shirts,CR_HASH_037,Import,IM,DE,DE,BH,DE,DE,BH,DE,NMB,2.29,178.5589519650655,price_per_item,408.9,1087.5,2.29,649.27,705.92,5.1905035772129455,4.644105600231562,0.7882174659262975,3.8927224589349843,5.444558727344917,1.5518362684099332,1.5649680563200845,7.772313129959818,False,0.4675618118123623,0.4675618118123623,NORMAL,5.0,0.005241090146750524,5.251225759014186,51.700506150822136,5.0,0.005241090146750524,5.251225759014186,47.13660531805522,3.0,1.6666666666666667,1.1547005383792517,3.0,1.7999999999999998,50.90909090909091,49.98442857309403,LOW,1,0.0,0.8518519092530304,21.29629773132576,1.0,0.0,1,True,91.66666666666666,True,True,0.0,0.0,0.0,37.453704205964016,LOW,1,LOW,"LOW (driven by pattern+cr_profile; price_level=NORMAL, pattern_level=LOW, cr_profile_level=LOW)",1
2020-2801-6-10412-1,2020-2801-6-10412,2020-01-04,2020,2020-01,2710192100,271019210000,271019,27,Gas oils for diesel engines,Gas oils for diesel engines,CR_HASH_004,Import,IM,EG,EG,BH,EG,EG,BH,EG,LTR,13551.69,0.15042478096827774,price_per_liter_gross_weight,2038.51,5421.58,3.51,12174.62,13551.69,0.14013124892812223,0.26355592811875056,0.07105600884335336,0.1979668243457394,0.33634243682655873,0.13837561248081934,-0.009596594375489625,0.5439058555477878,False,-1.171594168608151,1.171594168608151,NORMAL,1.0,0.0010482180293501049,6.860663671448286,100.0,1.0,0.0010482180293501049,6.860663671448286,100.0,1.0,1.0,0.0,1.0,1.0,0.0,85.0,HIGH,1,0.0,-0.989021137125758,24.72552842814395,1.0,0.0,1,True,91.66666666666666,True,True,0.0,0.0,0.0,38.65393494985038,LOW,1,HIGH,"HIGH (driven by pattern+cr_profile; price_level=NORMAL, pattern_level=HIGH, cr_profile_level=LOW)",1
2020-2801-7-10875-1,2020-2801-7-10875,2020-01-04,2020,2020-01,8471300000,847130000000,847130,84,Portable laptop computers,Portable laptop computers,CR_HASH_002,Import,IM,TH,TH,BH,TH,TH,BH,TH,NMB,2.05,8985.921951219512,price_per_item,18421.14,48992.4,2.05,665.57,721.45,9.103525682989474,8.71824987064452,0.6999612932513521,7.750041925937837,9.126895264901794,1.376853338963957,5.684761917491901,11.192175273347729,False,0.37125620771032286,0.37125620771032286,NORMAL,2.0,0.0020964360587002098,6.1675164908883415,79.19854023234907,1.0,0.0010482180293501049,6.860663671448286,100.0,2.0,1.0,0.0,1.0,1.0,0.0,74.59927011617454,LOW,1,0.0,0.3811522023476485,9.528805058691212,1.0,0.0,1,True,91.66666666666666,True,True,0.0,0.0,0.0,33.335081770541926,NORMAL,0,NORMAL,"NORMAL (price_level=NORMAL, pattern_level=LOW, cr_profile_level=NORMAL)",0
2020-2601-5-10916-1,2020-2601-5-10916,2020-01-04,2020,2020-01,6109100000,610910000000,610910,61,Cotton t-shirts,Cotton t-shirts,CR_HASH_006,Import,IM,US,AE,BH,US,AE,BH,US,NMB,2.29,342.8602620087336,price_per_item,785.15,2088.17,2.29,639.47,711.19,5.840235359754808,4.644105600231562,0.7882174659262975,3.8927224589349843,5.444558727344917,1.5518362684099332,1.5649680563200845,7.772313129959818,False,1.0235480750039982,1.0235480750039982,NORMAL,13.0,0.013626834381551363,4.29571431398675,23.025452080470465,2.0,0.0020964360587002098,6.1675164908883415,77.23297513030472,10.0,1.3,0.48304589153964794,2.0,1.5384615384615383,34.26573426573426,43.68412747570202,NORMAL,0,0.0,2.4862343889212064,62.15585972303016,1.0,0.0,1,True,91.66666666666666,True,True,0.0,0.0,0.0,51.754550903060554,LOW,1,NORMAL,"NORMAL (price_level=NORMAL, pattern_level=NORMAL, cr_profile_level=LOW)",0
2020-2501-5-10791-1,2020-2501-5-10791,2020-01-04,2020,2020-01,8504400090,850440009000,850440,85,Static converters,Static converters,CR_HASH_036,Import,IM,US,US,BH,US,US,BH,US,NMB,1.09,4773.091743119266,price_per_item,5202.67,13836.9,1.09,378.44,440.47,8.470959023957375,7.466827051260017,0.5715840105867187,6.914775863803976,8.032836322465545,1.11806045866157,5.23768517581162,9.7099270104579,False,1.1849137210541665,1.1849137210541665,NORMAL,14.0,0.014675052410901468,4.221606341833028,20.80145976765095,11.0,0.011530398322851153,4.462768398649916,21.2390343034744,9.0,1.5555555555555556,1.130388330520878,4.0,2.571428571428571,100.0,32.834391890041516,NORMAL,0,0.0,2.1652765458962966,54.131913647407416,1.0,0.0,1,True,91.66666666666666,True,True,0.0,0.0,0.0,48.9461697765926,LOW,1,NORMAL,"NORMAL (price_level=NORMAL, pattern_level=NORMAL, cr_profile_level=LOW)",0
2020-2501-3-10853-1,2020-2501-3-10853,2020-01-05,2020,2020-01,8471300000,847130000000,847130,84,Portable laptop computers,Portable laptop computers,CR_HASH_023,Re-export,EX,BH,BH,IN,BH,BH,IN,IN,NMB,3.65,1952.3287671232877,price_per_item,7126.0,18952.12,3.65,519.98,594.63,7.577290256250023,9.057918359570245,1.044460022767316,7.958447179146432,9.968345476103027,2.009898296956594,4.943599733711541,12.983192921537917,False,-0.9561591177658029,0.9561591177658029,NORMAL,3.0,0.0031446540880503146,5.762051382780177,67.03046630801344,3.0,0.0031446540880503146,5.762051382780177,63.915119328547,3.0,1.0,0.0,1.0,1.0,0.0,55.88552491899817,LOW,1,0.0,-0.6718696497536678,16.796741243841694,1.0,0.0,1,True,91.66666666666666,True,True,100.0,1.0,100.0,80.8788594353446,MEDIUM,1,MEDIUM,"MEDIUM (driven by pattern+cr_profile; price_level=NORMAL, pattern_level=LOW, cr_profile_level=MEDIUM)",1
2020-2601-5-10884-1,2020-2601-5-10884,2020-01-05,2020,2020-01,8517120000,851712000000,851712,85,Cellular telephones,Cellular telephones,CR_HASH_013,Re-export,EX,BH,BH,CN,BH,BH,CN,CN,NMB,4.78,1850.2071129707113,price_per_item,8843.99,23521.25,4.78,53.58,59.01,7.523593198788724,8.864077348542533,0.8102493638708186,8.21372138236038,9.675589371385747,1.461867989025368,6.020919398822327,11.8683913549238,False,-1.1158838408886875,1.1158838408886875,NORMAL,5.0,0.005241090146750524,5.251225759014186,51.700506150822136,5.0,0.005241090146750524,5.251225759014186,47.13660531805522,5.0,1.0,0.0,1.0,1.0,0.0,42.348064936730395,NORMAL,0,0.0,-0.8034728072999167,20.086820182497917,1.0,0.0,1,True,91.66666666666666,True,True,0.0,0.0,0.0,37.03038706387427,LOW,1,NORMAL,"NORMAL (price_level=NORMAL, pattern_level=NORMAL, cr_profile_level=LOW)",0
2020-2501-8-10649-1,2020-2501-8-10649,2020-01-06,2020,2020-01,102211000,102211000000,102211,10,"Live cattle, pure-bred breeding","Live cattle, pure-bred breeding",CR_HASH_006,Import,IM,IN,IN,BH,IN,IN,BH,IN,NMB,3.56,4837.6657303370785,price_per_item,17222.09,45803.43,3.56,146.88,155.97,8.484394286154998,10.013369334439131,0.6855679350518233,9.327801399387308,10.638440798004723,1.3106393986174147,7.361842301461186,12.604399895930845,False,-1.5042703849035362,1.5042703849035362,NORMAL,7.0,0.007337526205450734,4.9147535223929735,41.6029195353019,4.0,0.0041928721174004195,5.474369310328396,54.46595026060942,6.0,1.1666666666666667,0.408248290463863,2.0,1.7142857142857142,45.45454545454546,46.68272417704606,LOW,1,0.0,-0.8476134502285507,21.190336255713767,1.0,0.0,1,True,91.66666666666666,True,True,100.0,1.0,100.0,82.41661768949982,MEDIUM,1,MEDIUM,"MEDIUM (driven by pattern+cr_profile; price_level=NORMAL, pattern_level=LOW, cr_profile_level=MEDIUM)",1
2020-2601-3-10714-1,2020-2601-3-10714,2020-01-06,2020,2020-01,3923301000,392330100000,392330,39,Plastic bottles for packaging,Plastic bottles for packaging,CR_HASH_002,,,CN,BH,IN,CN,BH,IN,,NMB,4.14,26.27053140096619,price_per_item,108.76,289.25,4.14,259.23,297.26,3.3058066833183934,3.3058066833183934,0.0,3.3058066833183934,3.3058066833183934,0.0,3.3058066833183934,3.3058066833183934,False,0.0,0.0,NORMAL,,,,0.0,,,,0.0,,,,,,0.0,0.0,NORMAL,0,0.0,4.544269245541082,100.0,1.0,0.0,1,True,91.66666666666666,False,False,0.0,1.0,100.0,65.0,LOW,1,NORMAL,"NORMAL (price_level=NORMAL, pattern_level=NORMAL, cr_profile_level=LOW)",0
2020-2701-5-10328-1,2020-2701-5-10328,2020-01-07,2020,2020-01,8504400090,850440009000,850440,85,Static converters,Static converters,CR_HASH_016,Import,IM,US,US,BH,US,US,BH,US,NMB,2.82,2153.1560283687945,price_per_item,6071.9,16148.67,2.82,234.67,273.03,7.6751542916615465,7.466827051260017,0.5715840105867187,6.914775863803976,8.032836322465545,1.11806045866157,5.23768517581162,9.7099270104579,False,0.24583402613704228,0.24583402613704228,NORMAL,14.0,0.014675052410901468,4.221606341833028,20.80145976765095,11.0,0.011530398322851153,4.462768398649916,21.2390343034744,9.0,1.5555555555555556,1.130388330520878,4.0,2.571428571428571,100.0,32.834391890041516,NORMAL,0,0.0,0.2809758846585008,7.02439711646252,1.0,0.0,1,True,91.66666666666666,True,True,0.0,0.0,0.0,32.45853899076188,NORMAL,0,NORMAL,"NORMAL (price_level=NORMAL, pattern_level=NORMAL, cr_profile_level=NORMAL)",0
2020-2801-9-10882-1,2020-2801-9-10882,2020-01-07,2020,2020-01,9018390000,901839000000,901839,90,Medical syringes and needles,Medical syringes and needles,CR_HASH_011,Import,IM,IN,IN,BH,IN,IN,BH,IN,NMB,0.52,33.61538461538461,price_per_item,17.48,46.5,0.52,318.76,336.55,3.544298225302829,1.1592369104845446,0.5792846449150362,0.6041021775947832,1.7481096643936567,1.1440074867988734,-1.111909052603527,3.464120894591967,True,2.777048954691316,2.777048954691316,LOW,6.0,0.006289308176100629,5.0689042022202315,46.22900654036249,6.0,0.006289308176100629,5.0689042022202315,41.148094458851695,3.0,2.0,1.0,3.0,1.5,31.818181818181824,42.28906360350661,NORMAL,0,0.0,12.476923695066315,100.0,1.0,0.0,1,True,91.66666666666666,True,True,0.0,0.0,0.0,65.0,LOW,1,LOW,"LOW (driven by price+cr_profile; price_level=LOW, pattern_level=NORMAL, cr_profile_level=LOW)",1
2020-2501-3-10727-1,2020-2501-3-10727,2020-01-07,2020,2020-01,3923301000,392330100000,392330,39,Plastic bottles for packaging,Plastic bottles for packaging,CR_HASH_043,Import,IM,AE,AE,BH,AE,AE,BH,AE,NMB,0.75,2.28,price_per_item,1.71,4.56,0.75,71.82,77.83,1.1878434223960523,1.6841288050356895,0.6442087840607709,1.0864174155799162,2.3469388358112164,1.2605214202313002,-0.8043647147670341,4.237720966158166,False,-0.5196140023793344,0.5196140023793344,NORMAL,13.0,0.013626834381551363,4.29571431398675,23.025452080470465,11.0,0.011530398322851153,4.462768398649916,21.2390343034744,7.0,1.8571428571428572,1.2149857925879117,4.0,2.1538461538461537,73.42657342657343,29.960374060437285,NORMAL,0,0.0,-0.45603441725733407,11.400860431433351,1.0,0.0,1,True,91.66666666666666,True,True,0.0,0.0,0.0,33.990301151001674,NORMAL,0,NORMAL,"NORMAL (price_level=NORMAL, pattern_level=NORMAL, cr_profile_level=NORMAL)",0
2020-2601-8-10000-1,2020-2601-8-10000,2020-01-08,2020,2020-01,8471300000,847130000000,847130,84,Portable laptop computers,Portable laptop computers,CR_HASH_036,Import,IM,CN,CN,BH,CN,CN,BH,CN,NMB,0.98,16562.275510204083,price_per_item,16231.03,43167.64,0.98,467.06,536.61,9.714943204890009,8.71824987064452,0.6999612932513521,7.750041925937837,9.126895264901794,1.376853338963957,5.684761917491901,11.192175273347729,False,0.9604251698802074,0.9604251698802074,NORMAL,21.0,0.0220125786163522,3.8161412337248635,8.633385843315326,15.0,0.015723270440251572,4.152613470346076,11.051724646602178,10.0,2.1,1.449137674618944,5.0,2.380952380952381,87.87878787878789,21.36661472978661,NORMAL,0,0.0,1.6075551209250674,40.188878023126684,1.0,0.0,1,True,91.66666666666666,True,True,100.0,1.0,100.0,89.06610730809433,HIGH,1,HIGH,"HIGH (driven by cr_profile; price_level=NORMAL, pattern_level=NORMAL, cr_profile_level=HIGH)",1
2020-2601-1-10867-1,2020-2601-1-10867,2020-01-09,2020,2020-01,2710192100,271019210000,271019,27,Gas oils for diesel engines,Gas oils for diesel engines,CR_HASH_033,Re-export,EX,BH,BH,SA,BH,BH,SA,SA,LTR,8366.02,0.3442258086880022,price_per_liter_gross_weight,2879.8,7659.03,3.37,7480.05,8366.02,0.2958182404051207,0.2773855677315066,0.0779894680702432,0.16396900989912072,0.33244641877019565,0.16847740887107493,-0.08874710340749165,0.585162532076808,False,0.1594146966050812,0.1594146966050812,NORMAL,4.0,0.0041928721174004195,5.474369310328396,58.39708046469813,4.0,0.0041928721174004195,5.474369310328396,54.46595026060942,4.0,1.0,0.0,1.0,1.0,0.0,48.26162282356236,LOW,1,0.0,0.2780832713049938,6.952081782624845,1.0,0.0,1,True,91.66666666666666,True,True,0.0,0.0,0.0,32.433228623918694,NORMAL,0,NORMAL,"NORMAL (price_level=NORMAL, pattern_level=LOW, cr_profile_level=NORMAL)",0
2020-2601-2-10242-1,2020-2601-2-10242,2020-01-09,2020,2020-01,1006301000,100630100000,100630,10,Long-grain milled rice,Long-grain milled rice,CR_HASH_017,Import,IM,SA,SA,BH,SA,SA,BH,SA,KGM,1845.96,0.3835186027866259,price_per_kg,707.96,1882.88,3.18,1845.96,2026.33,0.324629966331984,0.32869838978139143,0.06767869107876259,0.270176176769005,0.39860128498662895,0.12842510821762393,0.07753851444256912,0.5912389473130648,False,-0.04054620410831663,0.04054620410831663,NORMAL,11.0,0.011530398322851153,4.462768398649916,28.038772365976683,8.0,0.008385744234800839,4.781222129768451,31.698925390914113,9.0,1.2222222222222223,0.4409585518440984,2.0,1.6363636363636362,40.49586776859504,31.188390235097536,NORMAL,0,0.0,-0.04997890674570571,1.2494726686426427,1.0,0.0,1,True,91.66666666666666,True,True,0.0,0.0,0.0,30.437315434024924,NORMAL,0,NORMAL,"NORMAL (price_level=NORMAL, pattern_level=NORMAL, cr_profile_level=NORMAL)",0
2020-2601-7-10746-1,2020-2601-7-10746,2020-01-09,2020,2020-01,9018390000,901839000000,901839,90,Medical syringes and needles,Medical syringes and needles,CR_HASH_044,Import,IM,CN,CN,BH,CN,CN,BH,CN,NMB,4.16,3.2259615384615383,price_per_item,13.42,35.69,4.16,499.7,597.52,1.441246817983859,1.1592369104845446,0.5792846449150362,0.6041021775947832,1.7481096643936567,1.1440074867988734,-1.111909052603527,3.464120894591967,False,0.3283585683805506,0.3283585683805506,NORMAL,23.0,0.02410901467505241,3.725169455519137,5.903307964603629,18.0,0.018867924528301886,3.970291913552122,5.063213787398673,12.0,1.9166666666666667,0.9962049198956219,4.0,2.0869565217391304,69.16996047430831,15.099272879037596,NORMAL,0,0.0,0.23328793329673217,5.832198332418304,1.0,0.0,1,True,91.66666666666666,True,True,0.0,0.0,0.0,32.04126941634641,NORMAL,0,NORMAL,"NORMAL (price_level=NORMAL, pattern_level=NORMAL, cr_profile_level=NORMAL)",0
2020-2501-1-10673-1,2020-2501-1-10673,2020-01-09,2020,2020-01,8703221000,870322100000,870322,87,Passenger cars 1000-1500cc,Passenger cars 1000-1500cc,CR_HASH_011,Import,IM,US,US,BH,US,US,BH,US,NMB,3.2,133264.82499999998,price_per_item,426447.44,1134168.73,3.2,241.75,258.61,11.800101096702555,12.339741490828857,0.5298577154310848,11.445675964067552,12.647064860424424,1.201388896356871,9.643592619532246,14.44914820495973,False,-0.6869437750516992,0.6869437750516992,NORMAL,10.0,0.010482180293501049,4.558078578454241,30.899046383171186,8.0,0.008385744234800839,4.781222129768451,31.698925390914113,7.0,1.4285714285714286,0.5345224838248488,2.0,1.4,25.454545454545453,30.362328896587346,NORMAL,0,0.0,-0.4701902954230899,11.754757385577246,1.0,0.0,1,True,91.66666666666666,True,True,100.0,1.0,100.0,79.11416508495203,MEDIUM,1,LOW,"LOW (driven by cr_profile; price_level=NORMAL, pattern_level=NORMAL, cr_profile_level=MEDIUM)",1
2020-2601-9-10138-1,2020-2601-9-10138,2020-01-09,2020,2020-01,8517120000,851712000000,851712,85,Cellular telephones,Cellular telephones,CR_HASH_033,Re-export,EX,BH,BH,SA,BH,BH,SA,SA,NMB,1.59,10968.691823899371,price_per_item,17440.22,46383.56,1.59,160.69,189.44,9.302891460249272,8.864077348542533,0.8102493638708186,8.21372138236038,9.675589371385747,1.461867989025368,6.020919398822327,11.8683913549238,False,0.36529009052244615,0.36529009052244615,NORMAL,4.0,0.0041928721174004195,5.474369310328396,58.39708046469813,4.0,0.0041928721174004195,5.474369310328396,54.46595026060942,4.0,1.0,0.0,1.0,1.0,0.0,48.26162282356236,LOW,1,0.0,0.2145630095295816,5.36407523823954,1.0,0.0,1,True,91.66666666666666,True,True,0.0,0.0,0.0,31.877426333383838,NORMAL,0,NORMAL,"NORMAL (price_level=NORMAL, pattern_level=LOW, cr_profile_level=NORMAL)",0
2020-2501-1-10401-1,2020-2501-1-10401,2020-01-10,2020,2020-01,2710192100,271019210000,271019,27,Gas oils for diesel engines,Gas oils for diesel engines,CR_HASH_031,Re-export,EX,BH,BH,JP,BH,BH,JP,JP,LTR,6613.99,0.4777645566443251,price_per_liter_gross_weight,3159.93,8404.06,3.48,5948.82,6613.99,0.39053051121980764,0.2773855677315066,0.0779894680702432,0.16396900989912072,0.33244641877019565,0.16847740887107493,-0.08874710340749165,0.585162532076808,False,0.9785323679298001,0.9785323679298001,NORMAL,2.0,0.0020964360587002098,6.1675164908883415,79.19854023234907,2.0,0.0020964360587002098,6.1675164908883415,77.23297513030472,2.0,1.0,0.0,1.0,1.0,0.0,66.6308114117812,LOW,1,0.0,1.1733549023041214,29.333872557603037,1.0,0.0,1,True,91.66666666666666,True,True,0.0,0.0,0.0,40.26685539516106,LOW,1,LOW,"LOW (driven by pattern+cr_profile; price_level=NORMAL, pattern_level=LOW, cr_profile_level=LOW)",1
2020-2601-4-10573-1,2020-2601-4-10573,2020-01-11,2020,2020-01,1006301000,100630100000,100630,10,Long-grain milled rice,Long-grain milled rice,CR_HASH_042,Import,IM,CN,CN,BH,CN,CN,BH,CN,KGM,1822.07,0.5414391324153298,price_per_kg,986.54,2623.78,4.9,1822.07,1914.23,0.43271648161918386,0.32869838978139143,0.06767869107876259,0.270176176769005,0.39860128498662895,0.12842510821762393,0.07753851444256912,0.5912389473130648,False,1.036651871433646,1.036651871433646,NORMAL,25.0,0.02620545073375262,3.641787846580086,3.4010123016442515,21.0,0.0220125786163522,3.8161412337248635,0.0,9.0,2.7777777777777777,1.6414763002993509,5.0,1.8,50.909090909090914,9.336869787185762,NORMAL,0,0.0,1.050757600047673,26.268940001191826,1.0,0.0,1,True,91.66666666666666,True,True,0.0,0.0,0.0,39.194129000417135,LOW,1,NORMAL,"NORMAL (price_level=NORMAL, pattern_level=NORMAL, cr_profile_level=LOW)",0
2020-2601-7-10534-1,2020-2601-7-10534,2020-01-11,2020,2020-01,3923301000,392330100000,392330,39,Plastic bottles for packaging,Plastic bottles for packaging,CR_HASH_015,Re-export,EX,BH,BH,AE,BH,BH,AE,AE,NMB,2.92,0.8972602739726028,price_per_item,2.62,6.96,2.92,130.82,147.45,0.6404108844790021,2.008077055471865,0.7629623078147538,1.1201351912780924,2.51712417371907,1.3969889824409778,-0.9753482823833743,4.612607647380537,False,-1.2090743997898772,1.2090743997898772,NORMAL,5.0,0.005241090146750524,5.251225759014186,51.700506150822136,5.0,0.005241090146750524,5.251225759014186,47.13660531805522,5.0,1.0,0.0,1.0,1.0,0.0,42.348064936730395,NORMAL,0,0.0,-0.7395163778236199,18.487909445590496,1.0,0.0,1,True,91.66666666666666,True,True,0.0,0.0,0.0,36.470768305956675,LOW,1,NORMAL,"NORMAL (price_level=NORMAL, pattern_level=NORMAL, cr_profile_level=LOW)",0
2020-2701-8-10421-1,2020-2701-8-10421,2020-01-11,2020,2020-01,8504400090,850440009000,850440,85,Static converters,Static converters,CR_HASH_002,Import,IM,CN,DE,BH,CN,DE,BH,CN,NMB,3.92,1068.1301020408164,price_per_item,4187.07,11135.82,3.92,481.42,575.35,6.974600608054476,7.466827051260017,0.5715840105867187,6.914775863803976,8.032836322465545,1.11806045866157,5.23768517581162,9.7099270104579,False,-0.5808458273200742,0.5808458273200742,NORMAL,19.0,0.019916142557651992,3.916224692281846,11.63690673320574,1.0,0.0010482180293501049,6.860663671448286,100.0,9.0,2.111111111111111,0.9279607271383371,4.0,1.894736842105263,56.9377990430622,49.3591232230622,LOW,1,0.0,-0.41889390442745755,10.47234761068644,1.0,0.0,1,True,91.66666666666666,True,True,100.0,1.0,100.0,78.66532166374026,MEDIUM,1,MEDIUM,"MEDIUM (driven by pattern+cr_profile; price_level=NORMAL, pattern_level=LOW, cr_profile_level=MEDIUM)",1
2020-2801-2-10577-1,2020-2801-2-10577,2020-01-12,2020,2020-01,9018390000,901839000000,901839,90,Medical syringes and needles,Medical syringes and needles,CR_HASH_048,Import,IM,AE,AE,BH,AE,AE,BH,AE,NMB,3.42,4.801169590643275,price_per_item,16.42,43.66,3.42,549.37,631.17,1.758059550782213,1.1592369104845446,0.5792846449150362,0.6041021775947832,1.7481096643936567,1.1440074867988734,-1.111909052603527,3.464120894591967,False,0.697239847442175,0.697239847442175,NORMAL,11.0,0.011530398322851153,4.462768398649916,28.038772365976683,10.0,0.010482180293501049,4.558078578454241,24.369580448359905,6.0,1.8333333333333333,0.983192080250175,3.0,1.6363636363636365,40.495867768595055,28.623119505203565,NORMAL,0,0.0,0.840186461940739,21.004661548518474,1.0,0.0,1,True,91.66666666666666,True,True,100.0,1.0,100.0,82.35163154198146,MEDIUM,1,LOW,"LOW (driven by cr_profile; price_level=NORMAL, pattern_level=NORMAL, cr_profile_level=MEDIUM)",1
2020-2501-7-10541-1,2020-2501-7-10541,2020-01-12,2020,2020-01,3923301000,392330100000,392330,39,Plastic bottles for packaging,Plastic bottles for packaging,CR_HASH_001,Re-export,EX,BH,BH,CN,BH,BH,CN,CN,NMB,1.69,1.7337278106508878,price_per_item,2.93,7.8,1.69,74.24,83.93,1.0056661761586654,2.008077055471865,0.7629623078147538,1.1201351912780924,2.51712417371907,1.3969889824409778,-0.9753482823833743,4.612607647380537,False,-0.8861733644904013,0.8861733644904013,NORMAL,14.0,0.014675052410901468,4.221606341833028,20.80145976765095,14.0,0.014675052410901468,4.221606341833028,13.317855801757727,7.0,2.0,0.816496580927726,3.0,1.5,31.818181818181824,19.83470668716795,NORMAL,0,0.0,-0.5805046692211033,14.512616730527583,1.0,0.0,1,True,91.66666666666666,True,True,0.0,0.0,0.0,35.07941585568465,LOW,1,NORMAL,"NORMAL (price_level=NORMAL, pattern_level=NORMAL, cr_profile_level=LOW)",0
2020-2701-1-10902-1,2020-2701-1-10902,2020-01-12,2020,2020-01,8517120000,851712000000,851712,85,Cellular telephones,Cellular telephones,CR_HASH_001,Re-export,EX,BH,BH,AE,BH,BH,AE,AE,NMB,2.23,16041.466367713005,price_per_item,35772.47,95139.54,2.23,397.93,462.64,9.682994633173228,8.864077348542533,0.8102493638708186,8.21372138236038,9.675589371385747,1.461867989025368,6.020919398822327,11.8683913549238,False,0.6817063559547974,0.6817063559547974,NORMAL,5.0,0.005241090146750524,5.251225759014186,51.700506150822136,5.0,0.005241090146750524,5.251225759014186,47.13660531805522,5.0,1.0,0.0,1.0,1.0,0.0,42.348064936730395,NORMAL,0,0.0,0.7721714769845144,19.30428692461286,1.0,0.0,1,True,91.66666666666666,True,True,0.0,0.0,0.0,36.7565004236145,LOW,1,NORMAL,"NORMAL (price_level=NORMAL, pattern_level=NORMAL, cr_profile_level=LOW)",0
2020-2501-3-10615-1,2020-2501-3-10615,2020-01-12,2020,2020-01,3923301000,392330100000,392330,39,Plastic bottles for packaging,Plastic bottles for packaging,CR_HASH_002,Re-export,EX,BH,BH,JP,BH,BH,JP,JP,NMB,0.79,9.367088607594937,price_per_item,7.4,19.68,0.79,114.54,127.63,2.338636231386048,2.008077055471865,0.7629623078147538,1.1201351912780924,2.51712417371907,1.3969889824409778,-0.9753482823833743,4.612607647380537,False,0.2922282101364944,0.2922282101364944,NORMAL,4.0,0.0041928721174004195,5.474369310328396,58.39708046469813,4.0,0.0041928721174004195,5.474369310328396,54.46595026060942,2.0,2.0,0.0,2.0,1.0,0.0,48.26162282356236,LOW,1,0.0,1.023014788894314,25.57536972235785,1.0,0.0,1,True,91.66666666666666,True,True,100.0,0.6666666666666667,66.66666666666667,77.28471273615858,MEDIUM,1,MEDIUM,"MEDIUM (driven by pattern+cr_profile; price_level=NORMAL, pattern_level=LOW, cr_profile_level=MEDIUM)",1
2020-2701-9-10564-1,2020-2701-9-10564,2020-01-12,2020,2020-01,8471300000,847130000000,847130,84,Portable laptop computers,Portable laptop computers,CR_HASH_016,Re-export,EX,BH,BH,CN,BH,BH,CN,CN,NMB,4.19,3601.6372315035796,price_per_item,15090.86,40135.26,4.19,64.57,71.53,8.189421420556492,9.057918359570245,1.044460022767316,7.958447179146432,9.968345476103027,2.009898296956594,4.943599733711541,12.983192921537917,False,-0.5608574260663557,0.5608574260663557,NORMAL,12.0,0.012578616352201259,4.375757021660286,25.427546772711544,12.0,0.012578616352201259,4.375757021660286,18.381069589156386,6.0,2.0,1.0954451150103321,3.0,1.5,31.818181818181824,23.91987501528778,NORMAL,0,0.0,-0.4421352277402417,11.053380693506043,1.0,0.0,1,True,91.66666666666666,True,True,100.0,1.0,100.0,78.86868324272712,MEDIUM,1,LOW,"LOW (driven by cr_profile; price_level=NORMAL, pattern_level=NORMAL, cr_profile_level=MEDIUM)",1
2020-2701-6-10393-1,2020-2701-6-10393,2020-01-12,2020,2020-01,8471300000,847130000000,847130,84,Portable laptop computers,Portable laptop computers,CR_HASH_035,Import,IM,SA,SA,BH,SA,SA,BH,SA,NMB,1.35,21476.785185185185,price_per_item,28993.66,77110.8,1.35,873.31,945.68,9.974774432747193,8.71824987064452,0.6999612932513521,7.750041925937837,9.126895264901794,1.376853338963957,5.684761917491901,11.192175273347729,False,1.2108015319774121,1.2108015319774121,NORMAL,12.0,0.012578616352201259,4.375757021660286,25.427546772711544,8.0,0.008385744234800839,4.781222129768451,31.698925390914113,7.0,1.7142857142857142,0.9511897312113418,3.0,1.75,47.727272727272734,30.96748818226662,NORMAL,0,0.0,2.2435257178988874,56.088142947472186,1.0,0.0,1,True,91.66666666666666,True,True,0.0,0.0,0.0,49.63085003161527,LOW,1,NORMAL,"NORMAL (price_level=NORMAL, pattern_level=NORMAL, cr_profile_level=LOW)",0
2020-2501-1-10250-1,2020-2501-1-10250,2020-01-12,2020,2020-01,8504400090,850440009000,850440,85,Static converters,Static converters,CR_HASH_015,Import,IM,CN,SA,BH,CN,SA,BH,CN,NMB,4.85,821.1835051546392,price_per_item,3982.74,10592.4,4.85,335.28,383.21,6.711963612421913,7.466827051260017,0.5715840105867187,6.914775863803976,8.032836322465545,1.11806045866157,5.23768517581162,9.7099270104579,False,-0.8907674195441492,0.8907674195441492,NORMAL,19.0,0.019916142557651992,3.916224692281846,11.63690673320574,1.0,0.0010482180293501049,6.860663671448286,100.0,9.0,2.111111111111111,0.9279607271383371,4.0,1.894736842105263,56.9377990430622,49.3591232230622,LOW,1,0.0,-0.5885572910014378,14.713932275035946,1.0,0.0,1,True,91.66666666666666,True,True,100.0,1.0,100.0,80.14987629626258,MEDIUM,1,MEDIUM,"MEDIUM (driven by pattern+cr_profile; price_level=NORMAL, pattern_level=LOW, cr_profile_level=MEDIUM)",1
2020-2801-9-10829-1,2020-2801-9-10829,2020-01-13,2020,2020-01,102211000,102211000000,102211,10,"Live cattle, pure-bred breeding","Live cattle, pure-bred breeding",CR_HASH_041,Import,IM,CN,CN,BH,CN,CN,BH,CN,NMB,0.54,135766.1111111111,price_per_item,73313.7,194983.25,0.54,415.64,494.49,11.818696278553347,10.013369334439131,0.6855679350518233,9.327801399387308,10.638440798004723,1.3106393986174147,7.361842301461186,12.604399895930845,False,1.7761570799648196,1.7761570799648196,NORMAL,18.0,0.018867924528301886,3.970291913552122,13.25947284837593,16.0,0.016771488469601678,4.088074949208505,8.931900521218806,10.0,1.8,0.7888106377466155,3.0,1.6666666666666665,42.42424242424242,16.11953797025091,NORMAL,0,0.0,6.952403032281879,100.0,1.0,0.0,1,True,91.66666666666666,True,True,0.0,0.0,0.0,65.0,LOW,1,NORMAL,"NORMAL (price_level=NORMAL, pattern_level=NORMAL, cr_profile_level=LOW)",0
2020-2701-4-10561-1,2020-2701-4-10561,2020-01-13,2020,2020-01,8703221000,870322100000,870322,87,Passenger cars 1000-1500cc,Passenger cars 1000-1500cc,CR_HASH_021,Re-export,EX,BH,BH,CN,BH,BH,CN,CN,NMB,3.51,230314.00854700856,price_per_item,808402.17,2150005.77,3.51,254.02,300.88,12.347203253233786,12.004283802979177,0.6624296738554509,11.2719045323345,12.594725507248622,1.3228209749141229,9.287673069963315,14.578956969619806,False,0.34916310299830994,0.34916310299830994,NORMAL,8.0,0.008385744234800839,4.781222129768451,37.595620697047174,8.0,0.008385744234800839,4.781222129768451,31.698925390914113,6.0,1.3333333333333333,0.5163977794943222,2.0,1.5,31.818181818181824,34.665161508070796,NORMAL,0,0.0,0.07554326333330583,1.8885815833326456,1.0,0.0,1,True,91.66666666666666,True,True,100.0,1.0,100.0,75.66100355416643,MEDIUM,1,LOW,"LOW (driven by cr_profile; price_level=NORMAL, pattern_level=NORMAL, cr_profile_level=MEDIUM)",1
2020-2601-8-10671-1,2020-2601-8-10671,2020-01-13,2020,2020-01,3923301000,392330100000,392330,39,Plastic bottles for packaging,Plastic bottles for packaging,CR_HASH_030,Import,IM,IN,IN,BH,IN,IN,BH,IN,NMB,2.06,2.1844660194174756,price_per_item,4.5,11.97,2.06,859.01,948.17,1.1582846201545078,1.6841288050356895,0.6442087840607709,1.0864174155799162,2.3469388358112164,1.2605214202313002,-0.8043647147670341,4.237720966158166,False,-0.550562259320887,0.550562259320887,NORMAL,13.0,0.013626834381551363,4.29571431398675,23.025452080470465,11.0,0.011530398322851153,4.462768398649916,21.2390343034744,9.0,1.4444444444444444,0.5270462766947299,2.0,1.3846153846153846,24.475524475524477,22.617716717779942,NORMAL,0,0.0,-0.4732390872065898,11.830977180164744,1.0,0.0,1,True,91.66666666666666,True,True,0.0,0.0,0.0,34.14084201305766,NORMAL,0,NORMAL,"NORMAL (price_level=NORMAL, pattern_level=NORMAL, cr_profile_level=NORMAL)",0
2020-2701-7-10341-1,2020-2701-7-10341,2020-01-14,2020,2020-01,8517120000,851712000000,851712,85,Cellular telephones,Cellular telephones,CR_HASH_049,Import,IM,DE,CN,BH,DE,CN,BH,DE,NMB,1.78,415.0674157303371,price_per_item,738.82,1964.96,1.78,49.6,57.56,6.030847304175518,9.1609472788485,0.7778458576033893,8.086449359029473,9.737226953131787,1.6507775941023137,5.610282967876002,12.213393344285258,False,-2.714192649504767,2.714192649504767,LOW,6.0,0.006289308176100629,5.0689042022202315,46.22900654036249,1.0,0.0010482180293501049,6.860663671448286,100.0,4.0,1.5,1.0,3.0,2.0,63.63636363636365,67.65995781563579,LOW,1,0.0,-0.9561367986392773,23.903419965981932,1.0,0.0,1,True,91.66666666666666,True,True,0.0,0.0,0.0,38.36619698809368,LOW,1,LOW,"LOW (driven by price+pattern+cr_profile; price_level=LOW, pattern_level=LOW, cr_profile_level=LOW)",1
2020-2701-2-10542-1,2020-2701-2-10542,2020-01-14,2020,2020-01,8703221000,870322100000,870322,87,Passenger cars 1000-1500cc,Passenger cars 1000-1500cc,CR_HASH_033,Import,IM,US,US,BH,US,US,BH,US,NMB,3.97,297061.9168765743,price_per_item,1179335.81,3136531.4,3.97,296.29,323.38,12.601699236684896,12.339741490828857,0.5298577154310848,11.445675964067552,12.647064860424424,1.201388896356871,9.643592619532246,14.44914820495973,False,0.3334632559034564,0.3334632559034564,NORMAL,10.0,0.010482180293501049,4.558078578454241,30.899046383171186,8.0,0.008385744234800839,4.781222129768451,31.698925390914113,7.0,1.4285714285714286,0.5345224838248488,2.0,1.4,25.454545454545453,30.362328896587346,NORMAL,0,0.0,0.44516037729242486,11.129009432310621,1.0,0.0,1,True,91.66666666666666,True,True,100.0,1.0,100.0,78.89515330130871,MEDIUM,1,LOW,"LOW (driven by cr_profile; price_level=NORMAL, pattern_level=NORMAL, cr_profile_level=MEDIUM)",1
2020-2501-2-10111-1,2020-2501-2-10111,2020-01-15,2020,2020-01,9018390000,901839000000,901839,90,Medical syringes and needles,Medical syringes and needles,CR_HASH_010,Import,IM,US,US,BH,US,US,BH,US,NMB,2.66,6.026315789473684,price_per_item,16.03,42.64,2.66,341.8,368.57,1.9496624986738638,1.1592369104845446,0.5792846449150362,0.6041021775947832,1.7481096643936567,1.1440074867988734,-1.111909052603527,3.464120894591967,False,0.9203329657835889,0.9203329657835889,NORMAL,11.0,0.011530398322851153,4.462768398649916,28.038772365976683,9.0,0.009433962264150943,4.663439094112067,27.830238657093965,7.0,1.5714285714285714,0.7867957924694432,3.0,1.9090909090909092,57.8512396694215,32.437655663384454,NORMAL,0,0.0,1.370601864183963,34.26504660459908,1.0,0.0,1,True,91.66666666666666,True,True,0.0,0.0,0.0,41.99276631160968,LOW,1,NORMAL,"NORMAL (price_level=NORMAL, pattern_level=NORMAL, cr_profile_level=LOW)",0
2020-2501-4-10491-1,2020-2501-4-10491,2020-01-16,2020,2020-01,1006301000,100630100000,100630,10,Long-grain milled rice,Long-grain milled rice,CR_HASH_027,Import,IM,SA,SA,BH,SA,SA,BH,SA,KGM,4469.34,0.16544053484407092,price_per_kg,739.41,1966.51,4.74,4469.34,5245.54,0.15309915703724308,0.32869838978139143,0.06767869107876259,0.270176176769005,0.39860128498662895,0.12842510821762393,0.07753851444256912,0.5912389473130648,False,-1.750034729827602,1.750034729827602,NORMAL,11.0,0.011530398322851153,4.462768398649916,28.038772365976683,8.0,0.008385744234800839,4.781222129768451,31.698925390914113,9.0,1.2222222222222223,0.4409585518440984,2.0,1.6363636363636362,40.49586776859504,31.188390235097536,NORMAL,0,0.0,-1.5306059440454935,38.26514860113734,1.0,0.0,1,True,91.66666666666666,True,True,100.0,1.0,100.0,88.39280201039807,HIGH,1,HIGH,"HIGH (driven by cr_profile; price_level=NORMAL, pattern_level=NORMAL, cr_profile_level=HIGH)",1
2020-2801-6-10514-1,2020-2801-6-10514,2020-01-16,2020,2020-01,102211000,102211000000,102211,10,"Live cattle, pure-bred breeding","Live cattle, pure-bred breeding",CR_HASH_046,Import,IM,AE,AE,BH,AE,AE,BH,AE,NMB,4.58,8572.03711790393,price_per_item,39259.93,104414.7,4.58,42.03,44.5,9.056377338297743,10.013369334439131,0.6855679350518233,9.327801399387308,10.638440798004723,1.3106393986174147,7.361842301461186,12.604399895930845,False,-0.9415292420898225,0.9415292420898225,NORMAL,11.0,0.011530398322851153,4.462768398649916,28.038772365976683,8.0,0.008385744234800839,4.781222129768451,31.698925390914113,8.0,1.375,0.7440238091428449,3.0,2.1818181818181817,75.20661157024794,36.39500180534547,NORMAL,0,0.0,-0.5862247409173266,14.655618522933164,1.0,0.0,1,True,91.66666666666666,True,True,0.0,0.0,0.0,35.129466483026604,LOW,1,NORMAL,"NORMAL (price_level=NORMAL, pattern_level=NORMAL, cr_profile_level=LOW)",0
2020-2601-4-10370-1,2020-2601-4-10370,2020-01-16,2020,2020-01,102211000,102211000000,102211,10,"Live cattle, pure-bred breeding","Live cattle, pure-bred breeding",CR_HASH_020,Import,IM,US,US,BH,US,US,BH,US,NMB,2.07,11337.54589371981,price_per_item,23468.72,62416.8,2.07,378.35,409.94,9.335963340992786,10.013369334439131,0.6855679350518233,9.327801399387308,10.638440798004723,1.3106393986174147,7.361842301461186,12.604399895930845,False,-0.6664606957720172,0.6664606957720172,NORMAL,10.0,0.010482180293501049,4.558078578454241,30.899046383171186,7.0,0.007337526205450734,4.9147535223929735,36.084880671453035,7.0,1.4285714285714286,0.7867957924694432,3.0,2.1,70.00000000000001,38.579231426594156,NORMAL,0,0.0,-0.42435812482878904,10.608953120719725,1.0,0.0,1,True,91.66666666666666,True,True,0.0,0.0,0.0,33.71313359225191,NORMAL,0,NORMAL,"NORMAL (price_level=NORMAL, pattern_level=NORMAL, cr_profile_level=NORMAL)",0
2020-2501-6-10606-1,2020-2501-6-10606,2020-01-17,2020,2020-01,3923301000,392330100000,392330,39,Plastic bottles for packaging,Plastic bottles for packaging,CR_HASH_008,Import,IM,CN,CN,BH,CN,CN,BH,CN,NMB,3.17,9.167192429022082,price_per_item,29.06,77.28,3.17,339.41,357.5,2.319166107938157,1.6841288050356895,0.6442087840607709,1.0864174155799162,2.3469388358112164,1.2605214202313002,-0.8043647147670341,4.237720966158166,False,0.6648881594421852,0.6648881594421852,NORMAL,28.0,0.029350104821802937,3.5284591612730827,0.0,21.0,0.0220125786163522,3.8161412337248635,0.0,12.0,2.3333333333333335,1.2309149097933274,5.0,2.142857142857143,72.72727272727273,10.90909090909091,NORMAL,0,0.0,0.8480952476583971,21.202381191459928,1.0,0.0,1,True,91.66666666666666,True,True,0.0,0.0,0.0,37.420833417010975,LOW,1,NORMAL,"NORMAL (price_level=NORMAL, pattern_level=NORMAL, cr_profile_level=LOW)",0
2020-2501-2-10743-1,2020-2501-2-10743,2020-01-17,2020,2020-01,2710192100,271019210000,271019,27,Gas oils for diesel engines,Gas oils for diesel engines,CR_HASH_046,Re-export,EX,BH,BH,CN,BH,BH,CN,CN,LTR,2417.72,0.3398408417848221,price_per_liter_gross_weight,821.64,2185.2,4.98,2248.03,2417.72,0.2925508321210901,0.2773855677315066,0.0779894680702432,0.16396900989912072,0.33244641877019565,0.16847740887107493,-0.08874710340749165,0.585162532076808,False,0.13115656445535326,0.13115656445535326,NORMAL,10.0,0.010482180293501049,4.558078578454241,30.899046383171186,10.0,0.010482180293501049,4.558078578454241,24.369580448359905,7.0,1.4285714285714286,0.5345224838248488,2.0,1.4,25.454545454545453,27.797058166693375,NORMAL,0,0.0,0.25725883399345484,6.431470849836371,1.0,0.0,1,True,91.66666666666666,True,True,100.0,1.0,100.0,77.25101479744274,MEDIUM,1,LOW,"LOW (driven by cr_profile; price_level=NORMAL, pattern_level=NORMAL, cr_profile_level=MEDIUM)",1
2020-2601-4-10002-1,2020-2601-4-10002,2020-01-17,2020,2020-01,3923301000,392330100000,392330,39,Plastic bottles for packaging,Plastic bottles for packaging,CR_HASH_016,Re-export,EX,BH,BH,JP,BH,BH,JP,JP,NMB,3.48,15.402298850574713,price_per_item,53.6,142.56,3.48,1425.77,1608.02,2.7974214988222528,2.008077055471865,0.7629623078147538,1.1201351912780924,2.51712417371907,1.3969889824409778,-0.9753482823833743,4.612607647380537,False,0.6978136765483579,0.6978136765483579,NORMAL,4.0,0.0041928721174004195,5.474369310328396,58.39708046469813,4.0,0.0041928721174004195,5.474369310328396,54.46595026060942,2.0,2.0,0.0,2.0,1.0,0.0,48.26162282356236,LOW,1,0.0,2.1574803009267773,53.937007523169434,1.0,0.0,1,True,91.66666666666666,True,True,100.0,1.0,100.0,93.8779526331093,HIGH,1,HIGH,"HIGH (driven by pattern+cr_profile; price_level=NORMAL, pattern_level=LOW, cr_profile_level=HIGH)",1
2020-2601-3-10879-1,2020-2601-3-10879,2020-01-18,2020,2020-01,8504400090,850440009000,850440,85,Static converters,Static converters,CR_HASH_003,Import,IM,US,US,BH,US,US,BH,US,NMB,3.11,1748.0482315112542,price_per_item,5436.43,14458.58,3.11,185.6,197.38,7.466827051260017,7.466827051260017,0.5715840105867187,6.914775863803976,8.032836322465545,1.11806045866157,5.23768517581162,9.7099270104579,False,0.0,0.0,NORMAL,14.0,0.014675052410901468,4.221606341833028,20.80145976765095,11.0,0.011530398322851153,4.462768398649916,21.2390343034744,9.0,1.5555555555555556,1.130388330520878,4.0,2.571428571428571,100.0,32.834391890041516,NORMAL,0,0.0,0.029110051137517273,0.7277512784379319,1.0,0.0,1,True,91.66666666666666,True,True,0.0,0.0,0.0,30.254712947453275,NORMAL,0,NORMAL,"NORMAL (price_level=NORMAL, pattern_level=NORMAL, cr_profile_level=NORMAL)",0
2020-2701-2-10378-1,2020-2701-2-10378,2020-01-18,2020,2020-01,9018390000,901839000000,901839,90,Medical syringes and needles,Medical syringes and needles,CR_HASH_001,Import,IM,AE,AE,BH,AE,AE,BH,AE,NMB,0.74,0.7162162162162162,price_per_item,0.53,1.4,0.74,54.34,60.19,0.5401219932544216,1.1592369104845446,0.5792846449150362,0.6041021775947832,1.7481096643936567,1.1440074867988734,-1.111909052603527,3.464120894591967,False,-0.7208671840198401,0.7208671840198401,NORMAL,11.0,0.011530398322851153,4.462768398649916,28.038772365976683,10.0,0.010482180293501049,4.558078578454241,24.369580448359905,6.0,1.8333333333333333,0.983192080250175,3.0,1.6363636363636365,40.495867768595055,28.623119505203565,NORMAL,0,0.0,-0.7566777302098506,18.916943255246267,1.0,0.0,1,True,91.66666666666666,False,True,50.0,1.0,100.0,59.120930139336195,LOW,1,NORMAL,"NORMAL (price_level=NORMAL, pattern_level=NORMAL, cr_profile_level=LOW)",0
2020-2501-1-10331-1,2020-2501-1-10331,2020-01-18,2020,2020-01,1006301000,100630100000,100630,10,Long-grain milled rice,Long-grain milled rice,CR_HASH_023,Import,IM,DE,DE,BH,DE,DE,BH,DE,KGM,2518.01,0.29704012295423765,price_per_kg,747.95,1989.23,3.57,2518.01,2918.01,0.2600848400556982,0.32869838978139143,0.06767869107876259,0.270176176769005,0.39860128498662895,0.12842510821762393,0.07753851444256912,0.5912389473130648,False,-0.6838076287706198,0.6838076287706198,NORMAL,6.0,0.006289308176100629,5.0689042022202315,46.22900654036249,4.0,0.0041928721174004195,5.474369310328396,54.46595026060942,4.0,1.5,1.0,3.0,2.0,63.63636363636365,51.72304040684909,LOW,1,0.0,-0.6246638205569951,15.616595513924878,1.0,0.0,1,True,91.66666666666666,True,True,100.0,1.0,100.0,80.4658084298737,MEDIUM,1,MEDIUM,"MEDIUM (driven by pattern+cr_profile; price_level=NORMAL, pattern_level=LOW, cr_profile_level=MEDIUM)",1
2020-2701-2-10447-1,2020-2701-2-10447,2020-01-19,2020,2020-01,6109100000,610910000000,610910,61,Cotton t-shirts,Cotton t-shirts,CR_HASH_037,Import,IM,AE,AE,BH,AE,AE,BH,AE,NMB,4.26,21.828638497652584,price_per_item,92.99,247.32,4.26,55.69,63.09,3.1280158222172765,4.644105600231562,0.7882174659262975,3.8927224589349843,5.444558727344917,1.5518362684099332,1.5649680563200845,7.772313129959818,False,-1.2973431698900915,1.2973431698900915,NORMAL,10.0,0.010482180293501049,4.558078578454241,30.899046383171186,9.0,0.009433962264150943,4.663439094112067,27.830238657093965,8.0,1.25,0.4629100498862757,2.0,1.6,38.181818181818194,30.91737944884121,NORMAL,0,0.0,-0.8302056194592587,20.75514048648147,1.0,0.0,1,True,91.66666666666666,True,True,100.0,0.0,0.0,62.264299170268515,LOW,1,NORMAL,"NORMAL (price_level=NORMAL, pattern_level=NORMAL, cr_profile_level=LOW)",0
2020-2501-7-10808-1,2020-2501-7-10808,2020-01-19,2020,2020-01,1006301000,100630100000,100630,10,Long-grain milled rice,Long-grain milled rice,CR_HASH_044,Import,IM,IN,JP,BH,IN,JP,BH,IN,KGM,1743.37,0.47376059012143157,price_per_kg,825.94,2196.65,4.32,1743.37,2064.58,0.3878173586766581,0.32869838978139143,0.06767869107876259,0.270176176769005,0.39860128498662895,0.12842510821762393,0.07753851444256912,0.5912389473130648,False,0.5891839454051495,0.5891839454051495,NORMAL,5.0,0.005241090146750524,5.251225759014186,51.700506150822136,1.0,0.0010482180293501049,6.860663671448286,100.0,4.0,1.25,0.5,2.0,1.6,38.181818181818194,66.5775258026838,LOW,1,0.0,0.6744926970714413,16.862317426786035,1.0,0.0,1,True,91.66666666666666,True,True,100.0,1.0,100.0,80.90181109937511,MEDIUM,1,MEDIUM,"MEDIUM (driven by pattern+cr_profile; price_level=NORMAL, pattern_level=LOW, cr_profile_level=MEDIUM)",1
2020-2601-3-10186-1,2020-2601-3-10186,2020-01-19,2020,2020-01,9018390000,901839000000,901839,90,Medical syringes and needles,Medical syringes and needles,CR_HASH_019,Re-export,EX,BH,BH,CN,BH,BH,CN,CN,NMB,4.56,4.0964912280701755,price_per_item,18.68,49.68,4.56,774.08,835.71,1.6285523084574158,1.4183722013465883,0.34031158648964543,0.9528936868330796,1.614923227688858,0.6620295408557785,-0.040150624450588146,2.6079675389725256,False,0.4165727694856715,0.4165727694856715,NORMAL,6.0,0.006289308176100629,5.0689042022202315,46.22900654036249,6.0,0.006289308176100629,5.0689042022202315,41.148094458851695,4.0,1.5,0.5773502691896257,2.0,1.3333333333333333,21.21212121212121,40.69815451259752,NORMAL,0,0.0,0.5467956756865952,13.669891892164879,1.0,0.0,1,True,91.66666666666666,True,True,0.0,0.0,0.0,34.78446216225771,NORMAL,0,NORMAL,"NORMAL (price_level=NORMAL, pattern_level=NORMAL, cr_profile_level=NORMAL)",0
2020-2501-3-10637-1,2020-2501-3-10637,2020-01-19,2020,2020-01,2710192100,271019210000,271019,27,Gas oils for diesel engines,Gas oils for diesel engines,CR_HASH_010,Import,IM,SA,SA,BH,SA,SA,BH,SA,LTR,11263.13,0.30447752978079806,price_per_liter_gross_weight,3429.37,9120.67,0.81,10495.13,11263.13,0.26580260028783836,0.26355592811875056,0.07105600884335336,0.1979668243457394,0.33634243682655873,0.13837561248081934,-0.009596594375489625,0.5439058555477878,False,0.021326269829813425,0.021326269829813425,NORMAL,7.0,0.007337526205450734,4.9147535223929735,41.6029195353019,4.0,0.0041928721174004195,5.474369310328396,54.46595026060942,4.0,1.75,0.5,2.0,1.1428571428571428,9.090909090909088,41.2281787225006,NORMAL,0,0.0,-0.015667341817092912,0.3916835454273228,1.0,0.0,1,True,91.66666666666666,True,True,100.0,1.0,100.0,75.13708924089957,MEDIUM,1,LOW,"LOW (driven by cr_profile; price_level=NORMAL, pattern_level=NORMAL, cr_profile_level=MEDIUM)",1
2020-2801-1-10582-1,2020-2801-1-10582,2020-01-19,2020,2020-01,3923301000,392330100000,392330,39,Plastic bottles for packaging,Plastic bottles for packaging,CR_HASH_039,Import,IM,US,US,BH,US,US,BH,US,NMB,3.68,3.171195652173913,price_per_item,11.67,31.03,3.68,101.49,112.04,1.4282027218523665,1.6841288050356895,0.6442087840607709,1.0864174155799162,2.3469388358112164,1.2605214202313002,-0.8043647147670341,4.237720966158166,False,-0.2679562627632626,0.2679562627632626,NORMAL,10.0,0.010482180293501049,4.558078578454241,30.899046383171186,7.0,0.007337526205450734,4.9147535223929735,36.084880671453035,7.0,1.4285714285714286,0.7867957924694432,3.0,2.1,70.00000000000001,38.579231426594156,NORMAL,0,0.0,-0.28022808600086746,7.005702150021687,1.0,0.0,1,True,91.66666666666666,True,True,0.0,0.0,0.0,32.45199575250759,NORMAL,0,NORMAL,"NORMAL (price_level=NORMAL, pattern_level=NORMAL, cr_profile_level=NORMAL)",0
2020-2701-3-10385-1,2020-2701-3-10385,2020-01-19,2020,2020-01,9018390000,901839000000,901839,90,Medical syringes and needles,Medical syringes and needles,CR_HASH_049,Import,IM,DE,IN,BH,DE,IN,BH,DE,NMB,3.74,0.874331550802139,price_per_item,3.27,8.7,3.74,1208.92,1338.61,0.6282520896200581,1.1592369104845446,0.5792846449150362,0.6041021775947832,1.7481096643936567,1.1440074867988734,-1.111909052603527,3.464120894591967,False,-0.6182528023817384,0.6182528023817384,NORMAL,3.0,0.0031446540880503146,5.762051382780177,67.03046630801344,1.0,0.0010482180293501049,6.860663671448286,100.0,3.0,1.0,0.0,1.0,1.0,0.0,68.51523315400672,LOW,1,0.0,-0.7038459327809737,17.596148319524342,1.0,0.0,1,True,91.66666666666666,False,True,0.0,1.0,100.0,46.158651911833516,LOW,1,LOW,"LOW (driven by pattern+cr_profile; price_level=NORMAL, pattern_level=LOW, cr_profile_level=LOW)",1
2020-2601-1-10558-1,2020-2601-1-10558,2020-01-20,2020,2020-01,102211000,102211000000,102211,10,"Live cattle, pure-bred breeding","Live cattle, pure-bred breeding",CR_HASH_004,Import,IM,JP,DE,BH,JP,DE,BH,JP,NMB,0.54,117678.87037037035,price_per_item,63546.59,169006.88,0.54,1053.69,1256.51,11.675723253731293,10.013369334439131,0.6855679350518233,9.327801399387308,10.638440798004723,1.3106393986174147,7.361842301461186,12.604399895930845,False,1.6354941650786339,1.6354941650786339,NORMAL,2.0,0.0020964360587002098,6.1675164908883415,79.19854023234907,1.0,0.0010482180293501049,6.860663671448286,100.0,2.0,1.0,0.0,1.0,1.0,0.0,74.59927011617454,LOW,1,0.0,5.708508202589172,100.0,1.0,0.0,1,True,91.66666666666666,True,True,100.0,1.0,100.0,100.0,HIGH,1,HIGH,"HIGH (driven by pattern+cr_profile; price_level=NORMAL, pattern_level=LOW, cr_profile_level=HIGH)",1
2020-2501-1-10574-1,2020-2501-1-10574,2020-01-20,2020,2020-01,8504400090,850440009000,850440,85,Static converters,Static converters,CR_HASH_010,Re-export,EX,BH,BH,US,BH,BH,US,US,NMB,3.93,412.59033078880407,price_per_item,1621.48,4312.44,3.93,36.07,42.6,6.024875944750743,7.211981005295417,0.7196345903205628,6.668983974826631,7.961818755725377,1.2928347808987457,4.729731803478512,9.901070927073494,False,-1.1126360581258568,1.1126360581258568,NORMAL,7.0,0.007337526205450734,4.9147535223929735,41.6029195353019,7.0,0.007337526205450734,4.9147535223929735,36.084880671453035,7.0,1.0,0.0,1.0,1.0,0.0,33.43116800265951,NORMAL,0,0.0,-0.8994448720803653,22.486121802009134,1.0,0.0,1,True,91.66666666666666,False,True,50.0,1.0,100.0,60.3701426307032,LOW,1,NORMAL,"NORMAL (price_level=NORMAL, pattern_level=NORMAL, cr_profile_level=LOW)",0
2020-2501-8-10576-1,2020-2501-8-10576,2020-01-21,2020,2020-01,9018390000,901839000000,901839,90,Medical syringes and needles,Medical syringes and needles,CR_HASH_037,Import,IM,IN,IN,BH,IN,IN,BH,IN,NMB,2.03,0.3152709359605912,price_per_item,0.64,1.7,2.03,41.25,44.69,0.2740426793584622,1.1592369104845446,0.5792846449150362,0.6041021775947832,1.7481096643936567,1.1440074867988734,-1.111909052603527,3.464120894591967,False,-1.0306769469508419,1.0306769469508419,NORMAL,6.0,0.006289308176100629,5.0689042022202315,46.22900654036249,6.0,0.006289308176100629,5.0689042022202315,41.148094458851695,3.0,2.0,1.0,3.0,1.5,31.818181818181824,42.28906360350661,NORMAL,0,0.0,-0.9126115749738825,22.81528937434706,1.0,0.0,1,True,91.66666666666666,True,True,100.0,1.0,100.0,82.98535128102148,MEDIUM,1,LOW,"LOW (driven by cr_profile; price_level=NORMAL, pattern_level=NORMAL, cr_profile_level=MEDIUM)",1
2020-2601-6-10709-1,2020-2601-6-10709,2020-01-21,2020,2020-01,9018390000,901839000000,901839,90,Medical syringes and needles,Medical syringes and needles,CR_HASH_033,Import,IM,IN,IN,BH,IN,IN,BH,IN,NMB,3.73,3.93029490616622,price_per_item,14.66,39.0,3.73,681.5,727.88,1.5953988049605055,1.1592369104845446,0.5792846449150362,0.6041021775947832,1.7481096643936567,1.1440074867988734,-1.111909052603527,3.464120894591967,False,0.5078456162134074,0.5078456162134074,NORMAL,6.0,0.006289308176100629,5.0689042022202315,46.22900654036249,6.0,0.006289308176100629,5.0689042022202315,41.148094458851695,3.0,2.0,1.0,3.0,1.5,31.818181818181824,42.28906360350661,NORMAL,0,0.0,0.504530267181331,12.613256679533274,1.0,0.0,1,True,91.66666666666666,True,True,100.0,1.0,100.0,79.41463983783665,MEDIUM,1,LOW,"LOW (driven by cr_profile; price_level=NORMAL, pattern_level=NORMAL, cr_profile_level=MEDIUM)",1
2020-2501-4-10591-1,2020-2501-4-10591,2020-01-21,2020,2020-01,2710192100,271019210000,271019,27,Gas oils for diesel engines,Gas oils for diesel engines,CR_HASH_002,,,AE,BH,CN,AE,BH,CN,,LTR,9988.74,0.018525860118493425,price_per_liter_gross_weight,185.05,492.16,3.66,9149.64,9988.74,0.01835634675855719,0.01835634675855719,0.0,0.01835634675855719,0.01835634675855719,0.0,0.01835634675855719,0.01835634675855719,False,0.0,0.0,NORMAL,,,,0.0,,,,0.0,,,,,,0.0,0.0,NORMAL,0,0.0,-1.904385778103297,47.60964445258242,1.0,0.0,1,True,91.66666666666666,False,False,0.0,1.0,100.0,46.66337555840384,LOW,1,NORMAL,"NORMAL (price_level=NORMAL, pattern_level=NORMAL, cr_profile_level=LOW)",0
2020-2701-2-10173-1,2020-2701-2-10173,2020-01-22,2020,2020-01,6109100000,610910000000,610910,61,Cotton t-shirts,Cotton t-shirts,CR_HASH_024,,,CN,BH,SA,CN,BH,SA,,NMB,0.72,512.7638888888889,price_per_item,369.19,981.89,0.72,167.5,189.43,6.241763799778627,6.241763799778627,0.0,6.241763799778627,6.241763799778627,0.0,6.241763799778627,6.241763799778627,False,0.0,0.0,NORMAL,,,,0.0,,,,0.0,,,,,,0.0,0.0,NORMAL,0,0.0,4.22759557501081,100.0,1.0,0.0,1,True,91.66666666666666,False,False,0.0,0.0,0.0,45.0,LOW,1,NORMAL,"NORMAL (price_level=NORMAL, pattern_level=NORMAL, cr_profile_level=LOW)",0
2020-2801-1-10959-1,2020-2801-1-10959,2020-01-23,2020,2020-01,2710192100,271019210000,271019,27,Gas oils for diesel engines,Gas oils for diesel engines,CR_HASH_042,Import,IM,SA,US,BH,SA,US,BH,SA,LTR,4525.51,0.4673263344904773,price_per_liter_gross_weight,2114.89,5624.7,3.13,3956.82,4525.51,0.3834419246545513,0.26355592811875056,0.07105600884335336,0.1979668243457394,0.33634243682655873,0.13837561248081934,-0.009596594375489625,0.5439058555477878,False,1.1380036420608022,1.1380036420608022,NORMAL,7.0,0.007337526205450734,4.9147535223929735,41.6029195353019,1.0,0.0010482180293501049,6.860663671448286,100.0,4.0,1.75,0.5,2.0,1.1428571428571428,9.090909090909088,57.165096131287314,LOW,1,0.0,1.109088103031666,27.727202575791647,1.0,0.0,1,True,91.66666666666666,True,True,100.0,1.0,100.0,84.70452090152708,MEDIUM,1,MEDIUM,"MEDIUM (driven by pattern+cr_profile; price_level=NORMAL, pattern_level=LOW, cr_profile_level=MEDIUM)",1
2020-2501-1-10231-1,2020-2501-1-10231,2020-01-23,2020,2020-01,3923301000,392330100000,392330,39,Plastic bottles for packaging,Plastic bottles for packaging,CR_HASH_037,Re-export,EX,BH,BH,IN,BH,BH,IN,IN,NMB,0.56,4.4642857142857135,price_per_item,2.5,6.65,0.56,93.61,100.35,1.6982334112172315,2.008077055471865,0.7629623078147538,1.1201351912780924,2.51712417371907,1.3969889824409778,-0.9753482823833743,4.612607647380537,False,-0.2739148091481413,0.2739148091481413,NORMAL,2.0,0.0020964360587002098,6.1675164908883415,79.19854023234907,2.0,0.0020964360587002098,6.1675164908883415,77.23297513030472,2.0,1.0,0.0,1.0,1.0,0.0,66.6308114117812,LOW,1,0.0,-0.05419725476393403,1.3549313690983507,1.0,0.0,1,True,91.66666666666666,False,True,66.66666666666667,1.0,100.0,57.14089264585109,LOW,1,LOW,"LOW (driven by pattern+cr_profile; price_level=NORMAL, pattern_level=LOW, cr_profile_level=LOW)",1
2020-2601-5-10040-1,2020-2601-5-10040,2020-01-23,2020,2020-01,3923301000,392330100000,392330,39,Plastic bottles for packaging,Plastic bottles for packaging,CR_HASH_048,Import,IM,CN,CN,BH,CN,CN,BH,CN,NMB,2.39,1.3138075313807531,price_per_item,3.14,8.36,2.39,27.83,31.11,0.8388944495908242,1.6841288050356895,0.6442087840607709,1.0864174155799162,2.3469388358112164,1.2605214202313002,-0.8043647147670341,4.237720966158166,False,-0.8849658316455641,0.8849658316455641,NORMAL,28.0,0.029350104821802937,3.5284591612730827,0.0,21.0,0.0220125786163522,3.8161412337248635,0.0,12.0,2.3333333333333335,1.2309149097933274,5.0,2.142857142857143,72.72727272727273,10.90909090909091,NORMAL,0,0.0,-0.6556999456624897,16.39249864156224,1.0,0.0,1,True,91.66666666666666,True,True,100.0,1.0,100.0,80.73737452454678,MEDIUM,1,LOW,"LOW (driven by cr_profile; price_level=NORMAL, pattern_level=NORMAL, cr_profile_level=MEDIUM)",1
2020-2701-3-10809-1,2020-2701-3-10809,2020-01-23,2020,2020-01,8471300000,847130000000,847130,84,Portable laptop computers,Portable laptop computers,CR_HASH_047,Import,IM,SA,AE,BH,SA,AE,BH,SA,NMB,1.91,6902.151832460733,price_per_item,13183.11,35061.46,1.91,304.24,320.49,8.839733373602936,8.71824987064452,0.6999612932513521,7.750041925937837,9.126895264901794,1.376853338963957,5.684761917491901,11.192175273347729,False,0.11706290185516739,0.11706290185516739,NORMAL,12.0,0.012578616352201259,4.375757021660286,25.427546772711544,1.0,0.0010482180293501049,6.860663671448286,100.0,7.0,1.7142857142857142,0.9511897312113418,3.0,1.75,47.727272727272734,54.872864295446675,LOW,1,0.0,0.09866218444635581,2.4665546111588954,1.0,0.0,1,True,91.66666666666666,True,True,0.0,0.0,0.0,30.863294113905614,NORMAL,0,NORMAL,"NORMAL (price_level=NORMAL, pattern_level=LOW, cr_profile_level=NORMAL)",0
2020-2701-8-10721-1,2020-2701-8-10721,2020-01-23,2020,2020-01,3923301000,392330100000,392330,39,Plastic bottles for packaging,Plastic bottles for packaging,CR_HASH_037,Import,IM,IN,IN,BH,IN,IN,BH,IN,NMB,2.2,0.36818181818181817,price_per_item,0.81,2.16,2.2,14.28,16.29,0.3134827183965142,1.6841288050356895,0.6442087840607709,1.0864174155799162,2.3469388358112164,1.2605214202313002,-0.8043647147670341,4.237720966158166,False,-1.43507530916199,1.43507530916199,NORMAL,13.0,0.013626834381551363,4.29571431398675,23.025452080470465,11.0,0.011530398322851153,4.462768398649916,21.2390343034744,9.0,1.4444444444444444,0.5270462766947299,2.0,1.3846153846153846,24.475524475524477,22.617716717779942,NORMAL,0,0.0,-0.8327405734481118,20.818514336202796,1.0,0.0,1,True,91.66666666666666,False,True,66.66666666666667,1.0,100.0,63.953146684337646,LOW,1,NORMAL,"NORMAL (price_level=NORMAL, pattern_level=NORMAL, cr_profile_level=LOW)",0
2020-2601-7-10426-1,2020-2601-7-10426,2020-01-23,2020,2020-01,9018390000,901839000000,901839,90,Medical syringes and needles,Medical syringes and needles,CR_HASH_015,Re-export,EX,BH,BH,SA,BH,BH,SA,SA,NMB,2.08,1.4903846153846154,price_per_item,3.1,8.24,2.08,456.0,533.1,0.9124371625581651,1.4183722013465883,0.34031158648964543,0.9528936868330796,1.614923227688858,0.6620295408557785,-0.040150624450588146,2.6079675389725256,False,-1.0027531300895254,1.0027531300895254,NORMAL,6.0,0.006289308176100629,5.0689042022202315,46.22900654036249,6.0,0.006289308176100629,5.0689042022202315,41.148094458851695,6.0,1.0,0.0,1.0,1.0,0.0,37.51633633077934,NORMAL,0,0.0,-0.4632140968752343,11.580352421880857,1.0,0.0,1,True,91.66666666666666,True,True,100.0,1.0,100.0,79.0531233476583,MEDIUM,1,LOW,"LOW (driven by cr_profile; price_level=NORMAL, pattern_level=NORMAL, cr_profile_level=MEDIUM)",1
2020-2501-8-10344-1,2020-2501-8-10344,2020-01-24,2020,2020-01,2710192100,271019210000,271019,27,Gas oils for diesel engines,Gas oils for diesel engines,CR_HASH_004,Import,IM,US,US,BH,US,US,BH,US,LTR,11020.61,0.3114718695244637,price_per_liter_gross_weight,3432.61,9129.27,4.12,9651.4,11020.61,0.27115007100933036,0.26355592811875056,0.07105600884335336,0.1979668243457394,0.33634243682655873,0.13837561248081934,-0.009596594375489625,0.5439058555477878,False,0.07208650315743269,0.07208650315743269,NORMAL,11.0,0.011530398322851153,4.462768398649916,28.038772365976683,11.0,0.011530398322851153,4.462768398649916,21.2390343034744,8.0,1.375,0.7440238091428449,3.0,2.1818181818181817,75.20661157024794,32.73403992474157,NORMAL,0,0.0,0.06493138033661601,1.6232845084154002,1.0,0.0,1,True,91.66666666666666,True,True,100.0,0.5,50.0,65.56814957794539,LOW,1,NORMAL,"NORMAL (price_level=NORMAL, pattern_level=NORMAL, cr_profile_level=LOW)",0
2020-2801-7-10247-1,2020-2801-7-10247,2020-01-24,2020,2020-01,8471300000,847130000000,847130,84,Portable laptop computers,Portable laptop computers,CR_HASH_034,Import,IM,SA,SA,BH,SA,SA,BH,SA,NMB,4.66,744.2145922746781,price_per_item,3468.04,9223.5,4.66,21.53,24.31,6.613672220224762,8.71824987064452,0.6999612932513521,7.750041925937837,9.126895264901794,1.376853338963957,5.684761917491901,11.192175273347729,False,-2.0279952498735523,2.0279952498735523,LOW,12.0,0.012578616352201259,4.375757021660286,25.427546772711544,8.0,0.008385744234800839,4.781222129768451,31.698925390914113,7.0,1.7142857142857142,0.9511897312113418,3.0,1.75,47.727272727272734,30.96748818226662,NORMAL,0,0.0,-0.8818646192470447,22.04661548117612,1.0,0.0,1,True,91.66666666666666,True,True,0.0,0.0,0.0,37.71631541841164,LOW,1,LOW,"LOW (driven by price+cr_profile; price_level=LOW, pattern_level=NORMAL, cr_profile_level=LOW)",1
2020-2701-1-10076-1,2020-2701-1-10076,2020-01-25,2020,2020-01,102211000,102211000000,102211,10,"Live cattle, pure-bred breeding","Live cattle, pure-bred breeding",CR_HASH_009,Re-export,EX,BH,BH,CN,BH,BH,CN,CN,NMB,4.37,132.6521739130435,price_per_item,579.69,1541.74,4.37,5.39,6.32,4.895240708169392,9.549317841384953,0.6971436999939566,8.846103941045365,10.18755556601122,1.3414516249658544,6.833926503596584,12.19973300346,True,-4.502847863750947,4.502847863750947,MEDIUM,11.0,0.011530398322851153,4.462768398649916,28.038772365976683,11.0,0.011530398322851153,4.462768398649916,21.2390343034744,9.0,1.2222222222222223,0.4409585518440984,2.0,1.6363636363636362,40.49586776859504,27.527428354493637,NORMAL,0,0.0,-1.1283312489016784,28.20828122254196,1.0,0.0,1,True,91.66666666666666,True,True,100.0,1.0,100.0,84.87289842788968,MEDIUM,1,MEDIUM,"MEDIUM (driven by price+cr_profile; price_level=MEDIUM, pattern_level=NORMAL, cr_profile_level=MEDIUM)",1
2020-2601-4-10530-1,2020-2601-4-10530,2020-01-25,2020,2020-01,8504400090,850440009000,850440,85,Static converters,Static converters,CR_HASH_018,Re-export,EX,BH,BH,SA,BH,BH,SA,SA,NMB,4.92,278.369918699187,price_per_item,1369.58,3642.5,4.92,353.04,390.51,5.632536777101084,7.211981005295417,0.7196345903205628,6.668983974826631,7.961818755725377,1.2928347808987457,4.729731803478512,9.901070927073494,False,-1.4803631611859727,1.4803631611859727,NORMAL,3.0,0.0031446540880503146,5.762051382780177,67.03046630801344,3.0,0.0031446540880503146,5.762051382780177,63.915119328547,3.0,1.0,0.0,1.0,1.0,0.0,55.88552491899817,LOW,1,0.0,-0.9989203844189833,24.973009610474584,1.0,0.0,1,True,91.66666666666666,True,True,0.0,0.0,0.0,38.7405533636661,LOW,1,LOW,"LOW (driven by pattern+cr_profile; price_level=NORMAL, pattern_level=LOW, cr_profile_level=LOW)",1
2020-2601-8-10863-1,2020-2601-8-10863,2020-01-25,2020,2020-01,8471300000,847130000000,847130,84,Portable laptop computers,Portable laptop computers,CR_HASH_017,Import,IM,CN,CN,BH,CN,CN,BH,CN,NMB,1.79,3089.2011173184355,price_per_item,5529.67,14706.58,1.79,505.99,542.28,8.035991454284577,8.71824987064452,0.6999612932513521,7.750041925937837,9.126895264901794,1.376853338963957,5.684761917491901,11.192175273347729,False,-0.6574320635250757,0.6574320635250757,NORMAL,21.0,0.0220125786163522,3.8161412337248635,8.633385843315326,15.0,0.015723270440251572,4.152613470346076,11.051724646602178,10.0,2.1,1.449137674618944,5.0,2.380952380952381,87.87878787878789,21.36661472978661,NORMAL,0,0.0,-0.48725550552220154,12.181387638055039,1.0,0.0,1,True,91.66666666666666,True,True,100.0,1.0,100.0,79.26348567331927,MEDIUM,1,LOW,"LOW (driven by cr_profile; price_level=NORMAL, pattern_level=NORMAL, cr_profile_level=MEDIUM)",1
2020-2501-5-10650-1,2020-2501-5-10650,2020-01-25,2020,2020-01,1006301000,100630100000,100630,10,Long-grain milled rice,Long-grain milled rice,CR_HASH_013,Import,IM,AE,AE,BH,AE,AE,BH,AE,KGM,4010.59,0.507601126018865,price_per_kg,2035.78,5414.3,1.54,4010.59,4787.61,0.4105197293055398,0.32869838978139143,0.06767869107876259,0.270176176769005,0.39860128498662895,0.12842510821762393,0.07753851444256912,0.5912389473130648,False,0.8154374228781883,0.8154374228781883,NORMAL,10.0,0.010482180293501049,4.558078578454241,30.899046383171186,7.0,0.007337526205450734,4.9147535223929735,36.084880671453035,8.0,1.25,0.4629100498862757,2.0,1.6,38.181818181818194,33.80650415386688,NORMAL,0,0.0,0.8596452183918821,21.491130459797052,1.0,0.0,1,True,91.66666666666666,True,True,100.0,1.0,100.0,82.52189566092898,MEDIUM,1,LOW,"LOW (driven by cr_profile; price_level=NORMAL, pattern_level=NORMAL, cr_profile_level=MEDIUM)",1
2020-2701-6-10317-1,2020-2701-6-10317,2020-01-26,2020,2020-01,8703221000,870322100000,870322,87,Passenger cars 1000-1500cc,Passenger cars 1000-1500cc,CR_HASH_037,Re-export,EX,BH,BH,DE,BH,BH,DE,DE,NMB,2.94,32144.921768707485,price_per_item,94506.07,251345.93,2.94,31.4,35.26,10.378040871501646,12.004283802979177,0.6624296738554509,11.2719045323345,12.594725507248622,1.3228209749141229,9.287673069963315,14.578956969619806,False,-1.655852497611809,1.655852497611809,NORMAL,2.0,0.0020964360587002098,6.1675164908883415,79.19854023234907,2.0,0.0020964360587002098,6.1675164908883415,77.23297513030472,2.0,1.0,0.0,1.0,1.0,0.0,66.6308114117812,LOW,1,0.0,-1.017214225762046,25.43035564405115,1.0,0.0,1,True,91.66666666666666,False,True,80.0,1.0,100.0,68.9006244754179,LOW,1,LOW,"LOW (driven by pattern+cr_profile; price_level=NORMAL, pattern_level=LOW, cr_profile_level=LOW)",1
2020-2501-8-10446-1,2020-2501-8-10446,2020-01-26,2020,2020-01,8471300000,847130000000,847130,84,Portable laptop computers,Portable laptop computers,CR_HASH_012,Import,IM,CN,CN,BH,CN,CN,BH,CN,NMB,3.78,665.2724867724868,price_per_item,2514.73,6688.11,3.78,253.61,284.99,6.501698726163757,8.71824987064452,0.6999612932513521,7.750041925937837,9.126895264901794,1.376853338963957,5.684761917491901,11.192175273347729,False,-2.1358941976848493,2.1358941976848493,LOW,21.0,0.0220125786163522,3.8161412337248635,8.633385843315326,15.0,0.015723270440251572,4.152613470346076,11.051724646602178,10.0,2.1,1.449137674618944,5.0,2.380952380952381,87.87878787878789,21.36661472978661,NORMAL,0,0.0,-0.8901824733981183,22.25456183495296,1.0,0.0,1,True,91.66666666666666,False,True,0.0,1.0,100.0,47.78909664223353,LOW,1,LOW,"LOW (driven by price+cr_profile; price_level=LOW, pattern_level=NORMAL, cr_profile_level=LOW)",1
2020-2801-1-10227-1,2020-2801-1-10227,2020-01-26,2020,2020-01,8504400090,850440009000,850440,85,Static converters,Static converters,CR_HASH_004,,,DE,BH,DE,DE,BH,DE,,NMB,1.35,5028.592592592592,price_per_item,6788.6,18054.78,1.35,1072.73,1223.04,8.52309426430504,8.52309426430504,0.0,8.52309426430504,8.52309426430504,0.0,8.52309426430504,8.52309426430504,False,0.0,0.0,NORMAL,,,,0.0,,,,0.0,,,,,,0.0,0.0,NORMAL,0,0.0,2.212049965492187,55.30124913730467,1.0,0.0,1,True,91.66666666666666,False,False,0.0,1.0,100.0,49.355437198056634,LOW,1,NORMAL,"NORMAL (price_level=NORMAL, pattern_level=NORMAL, cr_profile_level=LOW)",0
2020-2701-2-10587-1,2020-2701-2-10587,2020-01-27,2020,2020-01,8703221000,870322100000,870322,87,Passenger cars 1000-1500cc,Passenger cars 1000-1500cc,CR_HASH_048,Re-export,EX,BH,BH,US,BH,BH,US,US,NMB,4.49,84732.48997772828,price_per_item,380448.88,1011832.14,4.49,267.88,317.61,11.347266197742671,12.004283802979177,0.6624296738554509,11.2719045323345,12.594725507248622,1.3228209749141229,9.287673069963315,14.578956969619806,False,-0.6689801514570514,0.6689801514570514,NORMAL,8.0,0.008385744234800839,4.781222129768451,37.595620697047174,8.0,0.008385744234800839,4.781222129768451,31.698925390914113,7.0,1.1428571428571428,0.3779644730092272,2.0,1.75,47.727272727272734,37.051525144434436,NORMAL,0,0.0,-0.7322533367778398,18.306333419445995,1.0,0.0,1,True,91.66666666666666,False,True,66.66666666666667,1.0,100.0,63.07388336347277,LOW,1,NORMAL,"NORMAL (price_level=NORMAL, pattern_level=NORMAL, cr_profile_level=LOW)",0
2020-2701-8-10509-1,2020-2701-8-10509,2020-01-27,2020,2020-01,9018390000,901839000000,901839,90,Medical syringes and needles,Medical syringes and needles,CR_HASH_025,Import,IM,AE,AE,BH,AE,AE,BH,AE,NMB,1.26,18.666666666666668,price_per_item,23.52,62.56,1.26,1183.58,1317.35,2.9789251552376097,1.1592369104845446,0.5792846449150362,0.6041021775947832,1.7481096643936567,1.1440074867988734,-1.111909052603527,3.464120894591967,False,2.118756153797491,2.118756153797491,LOW,11.0,0.011530398322851153,4.462768398649916,28.038772365976683,10.0,0.010482180293501049,4.558078578454241,24.369580448359905,6.0,1.8333333333333333,0.983192080250175,3.0,1.6363636363636365,40.495867768595055,28.623119505203565,NORMAL,0,0.0,6.235918739038388,100.0,1.0,0.0,1,True,91.66666666666666,True,True,0.0,0.0,0.0,65.0,LOW,1,LOW,"LOW (driven by price+cr_profile; price_level=LOW, pattern_level=NORMAL, cr_profile_level=LOW)",1
2020-2601-8-10133-1,2020-2601-8-10133,2020-01-27,2020,2020-01,6109100000,610910000000,610910,61,Cotton t-shirts,Cotton t-shirts,CR_HASH_033,Import,IM,JP,JP,BH,JP,JP,BH,JP,NMB,3.2,44.75937499999999,price_per_item,143.23,380.92,3.2,289.3,312.57,3.823396688761485,4.644105600231562,0.7882174659262975,3.8927224589349843,5.444558727344917,1.5518362684099332,1.5649680563200845,7.772313129959818,False,-0.7022942283524871,0.7022942283524871,NORMAL,6.0,0.006289308176100629,5.0689042022202315,46.22900654036249,2.0,0.0020964360587002098,6.1675164908883415,77.23297513030472,4.0,1.5,1.0,3.0,2.0,63.63636363636365,59.69149911124244,LOW,1,0.0,-0.6213764639900713,15.534411599751783,1.0,0.0,1,True,91.66666666666666,True,True,100.0,1.0,100.0,80.43704405991312,MEDIUM,1,MEDIUM,"MEDIUM (driven by pattern+cr_profile; price_level=NORMAL, pattern_level=LOW, cr_profile_level=MEDIUM)",1
2020-2501-4-10398-1,2020-2501-4-10398,2020-01-28,2020,2020-01,9018390000,901839000000,901839,90,Medical syringes and needles,Medical syringes and needles,CR_HASH_027,,,CN,BH,JP,CN,BH,JP,,NMB,0.53,8.622641509433963,price_per_item,4.57,12.16,0.53,214.4,236.44,2.2641188121662497,2.2641188121662497,0.0,2.2641188121662497,2.2641188121662497,0.0,2.2641188121662497,2.2641188121662497,False,0.0,0.0,NORMAL,,,,0.0,,,,0.0,,,,,,0.0,0.0,NORMAL,0,0.0,2.240261128121939,56.006528203048475,1.0,0.0,1,True,91.66666666666666,False,False,0.0,1.0,100.0,49.60228487106696,LOW,1,NORMAL,"NORMAL (price_level=NORMAL, pattern_level=NORMAL, cr_profile_level=LOW)",0
2020-2701-3-10724-1,2020-2701-3-10724,2020-01-28,2020,2020-01,8703221000,870322100000,870322,87,Passenger cars 1000-1500cc,Passenger cars 1000-1500cc,CR_HASH_013,Re-export,EX,BH,BH,CN,BH,BH,CN,CN,NMB,3.62,105183.09668508287,price_per_item,380762.81,1012667.04,3.62,685.48,774.35,11.563467395663048,12.004283802979177,0.6624296738554509,11.2719045323345,12.594725507248622,1.3228209749141229,9.287673069963315,14.578956969619806,False,-0.4488425037331281,0.4488425037331281,NORMAL,8.0,0.008385744234800839,4.781222129768451,37.595620697047174,8.0,0.008385744234800839,4.781222129768451,31.698925390914113,6.0,1.3333333333333333,0.5163977794943222,2.0,1.5,31.818181818181824,34.665161508070796,NORMAL,0,0.0,-0.6220172378446891,15.550430946117228,1.0,0.0,1,True,91.66666666666666,False,True,50.0,1.0,100.0,57.94265083114103,LOW,1,NORMAL,"NORMAL (price_level=NORMAL, pattern_level=NORMAL, cr_profile_level=LOW)",0
2020-2701-7-10334-1,2020-2701-7-10334,2020-01-28,2020,2020-01,6109100000,610910000000,610910,61,Cotton t-shirts,Cotton t-shirts,CR_HASH_010,Import,IM,JP,CN,BH,JP,CN,BH,JP,NMB,2.74,282.94525547445255,price_per_item,775.27,2061.9,2.74,1160.59,1330.69,5.648781457166245,4.644105600231562,0.7882174659262975,3.8927224589349843,5.444558727344917,1.5518362684099332,1.5649680563200845,7.772313129959818,False,0.8597177949810069,0.8597177949810069,NORMAL,6.0,0.006289308176100629,5.0689042022202315,46.22900654036249,1.0,0.0010482180293501049,6.860663671448286,100.0,4.0,1.5,1.0,3.0,2.0,63.63636363636365,67.65995781563579,LOW,1,0.0,2.0622710241393767,51.55677560348442,1.0,0.0,1,True,91.66666666666666,True,True,100.0,1.0,100.0,93.04487146121954,HIGH,1,HIGH,"HIGH (driven by pattern+cr_profile; price_level=NORMAL, pattern_level=LOW, cr_profile_level=HIGH)",1
2020-2501-3-10787-1,2020-2501-3-10787,2020-01-28,2020,2020-01,9018390000,901839000000,901839,90,Medical syringes and needles,Medical syringes and needles,CR_HASH_025,Re-export,EX,BH,BH,IN,BH,BH,IN,IN,NMB,4.77,1.3836477987421385,price_per_item,6.6,17.55,4.77,168.25,179.66,0.8686320028621949,1.4183722013465883,0.34031158648964543,0.9528936868330796,1.614923227688858,0.6620295408557785,-0.040150624450588146,2.6079675389725256,False,-1.0895740806692598,1.0895740806692598,NORMAL,5.0,0.005241090146750524,5.251225759014186,51.700506150822136,5.0,0.005241090146750524,5.251225759014186,47.13660531805522,4.0,1.25,0.5,2.0,1.6,38.181818181818194,48.07533766400312,LOW,1,0.0,-0.4984187073690485,12.460467684226211,1.0,0.0,1,True,91.66666666666666,True,True,100.0,0.0,0.0,59.36116368947917,LOW,1,LOW,"LOW (driven by pattern+cr_profile; price_level=NORMAL, pattern_level=LOW, cr_profile_level=LOW)",1
2020-2601-7-10200-1,2020-2601-7-10200,2020-01-28,2020,2020-01,102211000,102211000000,102211,10,"Live cattle, pure-bred breeding","Live cattle, pure-bred breeding",CR_HASH_049,Import,IM,AE,AE,BH,AE,AE,BH,AE,NMB,0.78,212645.5128205128,price_per_item,165863.5,441126.34,0.78,1102.44,1284.96,12.267386501866449,10.013369334439131,0.6855679350518233,9.327801399387308,10.638440798004723,1.3106393986174147,7.361842301461186,12.604399895930845,False,2.21759751791252,2.21759751791252,LOW,11.0,0.011530398322851153,4.462768398649916,28.038772365976683,8.0,0.008385744234800839,4.781222129768451,31.698925390914113,8.0,1.375,0.7440238091428449,3.0,2.1818181818181817,75.20661157024794,36.39500180534547,NORMAL,0,0.0,11.506606037622081,100.0,1.0,0.0,1,True,91.66666666666666,True,True,100.0,1.0,100.0,100.0,HIGH,1,HIGH,"HIGH (driven by price+cr_profile; price_level=LOW, pattern_level=NORMAL, cr_profile_level=HIGH)",1
2020-2801-7-10301-1,2020-2801-7-10301,2020-01-29,2020,2020-01,8504400090,850440009000,850440,85,Static converters,Static converters,CR_HASH_003,Import,IM,CN,CN,BH,CN,CN,BH,CN,NMB,2.46,620.0731707317074,price_per_item,1525.38,4056.85,2.46,142.03,154.57,6.431448902257621,7.466827051260017,0.5715840105867187,6.914775863803976,8.032836322465545,1.11806045866157,5.23768517581162,9.7099270104579,False,-1.2217853913535002,1.2217853913535002,NORMAL,19.0,0.019916142557651992,3.916224692281846,11.63690673320574,15.0,0.015723270440251572,4.152613470346076,11.051724646602178,9.0,2.111111111111111,0.9279607271383371,4.0,1.894736842105263,56.9377990430622,18.22722684937296,NORMAL,0,0.0,-0.7225782351665897,18.064455879164743,1.0,0.0,1,True,91.66666666666666,True,True,100.0,0.0,0.0,61.32255955770766,LOW,1,NORMAL,"NORMAL (price_level=NORMAL, pattern_level=NORMAL, cr_profile_level=LOW)",0
2020-2801-4-10887-1,2020-2801-4-10887,2020-01-29,2020,2020-01,8504400090,850440009000,850440,85,Static converters,Static converters,CR_HASH_024,Import,IM,JP,JP,BH,JP,JP,BH,JP,NMB,2.93,444.6587030716723,price_per_item,1302.85,3465.03,2.93,411.38,493.6,6.099553419325055,7.466827051260017,0.5715840105867187,6.914775863803976,8.032836322465545,1.11806045866157,5.23768517581162,9.7099270104579,False,-1.6134346191201236,1.6134346191201236,NORMAL,3.0,0.0031446540880503146,5.762051382780177,67.03046630801344,3.0,0.0031446540880503146,5.762051382780177,63.915119328547,3.0,1.0,0.0,1.0,1.0,0.0,55.88552491899817,LOW,1,0.0,-0.8394753237398,20.986883093495003,1.0,0.0,1,True,91.66666666666666,True,True,0.0,1.0,100.0,57.34540908272325,LOW,1,LOW,"LOW (driven by pattern+cr_profile; price_level=NORMAL, pattern_level=LOW, cr_profile_level=LOW)",1
2020-2801-9-10544-1,2020-2801-9-10544,2020-01-29,2020,2020-01,1006301000,100630100000,100630,10,Long-grain milled rice,Long-grain milled rice,CR_HASH_012,Import,IM,JP,JP,BH,JP,JP,BH,JP,KGM,1817.55,0.29703722043410086,price_per_kg,539.88,1435.86,1.08,1817.55,1940.89,0.26008260225030344,0.32869838978139143,0.06767869107876259,0.270176176769005,0.39860128498662895,0.12842510821762393,0.07753851444256912,0.5912389473130648,False,-0.6838299309020031,0.6838299309020031,NORMAL,7.0,0.007337526205450734,4.9147535223929735,41.6029195353019,6.0,0.006289308176100629,5.0689042022202315,41.148094458851695,6.0,1.1666666666666667,0.408248290463863,2.0,1.7142857142857142,45.45454545454546,42.02147464643086,NORMAL,0,0.0,-0.6744972795187696,16.862431987969238,1.0,0.0,1,True,91.66666666666666,True,True,100.0,1.0,100.0,80.90185119578923,MEDIUM,1,LOW,"LOW (driven by cr_profile; price_level=NORMAL, pattern_level=NORMAL, cr_profile_level=MEDIUM)",1
2020-2801-2-10482-1,2020-2801-2-10482,2020-01-29,2020,2020-01,8517120000,851712000000,851712,85,Cellular telephones,Cellular telephones,CR_HASH_006,Import,IM,JP,JP,BH,JP,JP,BH,JP,NMB,2.47,12025.753036437247,price_per_item,29703.61,78998.96,2.47,295.93,326.38,9.394888867004607,9.1609472788485,0.7778458576033893,8.086449359029473,9.737226953131787,1.6507775941023137,5.610282967876002,12.213393344285258,False,0.2028569515748819,0.2028569515748819,NORMAL,5.0,0.005241090146750524,5.251225759014186,51.700506150822136,5.0,0.005241090146750524,5.251225759014186,47.13660531805522,5.0,1.0,0.0,1.0,1.0,0.0,42.348064936730395,NORMAL,0,0.0,0.3139457939331535,7.8486448483288385,1.0,0.0,1,True,91.66666666666666,True,True,100.0,1.0,100.0,77.7470256969151,MEDIUM,1,LOW,"LOW (driven by cr_profile; price_level=NORMAL, pattern_level=NORMAL, cr_profile_level=MEDIUM)",1
2020-2701-8-10197-1,2020-2701-8-10197,2020-01-30,2020,2020-01,1006301000,100630100000,100630,10,Long-grain milled rice,Long-grain milled rice,CR_HASH_037,Re-export,EX,BH,BH,AE,BH,BH,AE,AE,KGM,4361.45,0.4399202100218964,price_per_kg,1918.69,5102.9,1.92,4361.45,5006.59,0.36458770234571836,0.2942812331971436,0.07865143426710039,0.2366195387420564,0.39544094305664584,0.15882140431458944,-0.0016125677298277352,0.63367304952853,False,0.6029268787533866,0.6029268787533866,NORMAL,5.0,0.005241090146750524,5.251225759014186,51.700506150822136,5.0,0.005241090146750524,5.251225759014186,47.13660531805522,4.0,1.25,0.5,2.0,1.6,38.181818181818194,48.07533766400312,LOW,1,0.0,0.43166492405380585,10.791623101345147,1.0,0.0,1,True,91.66666666666666,False,True,83.33333333333334,1.0,100.0,64.61040141880414,LOW,1,LOW,"LOW (driven by pattern+cr_profile; price_level=NORMAL, pattern_level=LOW, cr_profile_level=LOW)",1
2020-2501-7-10235-1,2020-2501-7-10235,2020-01-30,2020,2020-01,102211000,102211000000,102211,10,"Live cattle, pure-bred breeding","Live cattle, pure-bred breeding",CR_HASH_007,Import,IM,CN,CN,BH,CN,CN,BH,CN,NMB,3.18,2857.317610062893,price_per_item,9086.27,24165.6,3.18,93.38,111.38,7.957988482498269,10.013369334439131,0.6855679350518233,9.327801399387308,10.638440798004723,1.3106393986174147,7.361842301461186,12.604399895930845,False,-2.0221707010472243,2.0221707010472243,LOW,18.0,0.018867924528301886,3.970291913552122,13.25947284837593,16.0,0.016771488469601678,4.088074949208505,8.931900521218806,10.0,1.8,0.7888106377466155,3.0,1.6666666666666665,42.42424242424242,16.11953797025091,NORMAL,0,0.0,-0.9221486283142165,23.053715707855414,1.0,0.0,1,True,91.66666666666666,True,True,0.0,0.0,0.0,38.06880049774939,LOW,1,LOW,"LOW (driven by price+cr_profile; price_level=LOW, pattern_level=NORMAL, cr_profile_level=LOW)",1
2020-2801-5-10823-1,2020-2801-5-10823,2020-01-31,2020,2020-01,8471300000,847130000000,847130,84,Portable laptop computers,Portable laptop computers,CR_HASH_016,Re-export,EX,BH,BH,SA,BH,BH,SA,SA,NMB,3.79,14590.704485488126,price_per_item,55298.77,147071.2,3.79,89.75,103.78,9.588208460292165,9.057918359570245,1.044460022767316,7.958447179146432,9.968345476103027,2.009898296956594,4.943599733711541,12.983192921537917,False,0.34245041933838677,0.34245041933838677,NORMAL,3.0,0.0031446540880503146,5.762051382780177,67.03046630801344,3.0,0.0031446540880503146,5.762051382780177,63.915119328547,3.0,1.0,0.0,1.0,1.0,0.0,55.88552491899817,LOW,1,0.0,1.183721187686468,29.5930296921617,1.0,0.0,1,True,91.66666666666666,True,True,100.0,0.6666666666666667,66.66666666666667,78.69089372558993,MEDIUM,1,MEDIUM,"MEDIUM (driven by pattern+cr_profile; price_level=NORMAL, pattern_level=LOW, cr_profile_level=MEDIUM)",1
2020-2601-1-10780-1,2020-2601-1-10780,2020-02-01,2020,2020-02,8703221000,870322100000,870322,87,Passenger cars 1000-1500cc,Passenger cars 1000-1500cc,CR_HASH_009,Re-export,EX,BH,BH,CN,BH,BH,CN,CN,NMB,3.44,272605.9767441861,price_per_item,937764.56,2494054.68,3.44,554.69,658.9,12.515786391255972,12.004283802979177,0.6624296738554509,11.2719045323345,12.594725507248622,1.3228209749141229,9.287673069963315,14.578956969619806,False,0.5208156923784527,0.5208156923784527,NORMAL,8.0,0.008385744234800839,4.781222129768451,37.595620697047174,8.0,0.008385744234800839,4.781222129768451,31.698925390914113,6.0,1.3333333333333333,0.5163977794943222,2.0,1.5,31.818181818181824,34.665161508070796,NORMAL,0,0.0,0.30443484074929555,7.6108710187323885,1.0,0.0,1,True,91.66666666666666,False,True,50.0,1.0,100.0,55.16380485655634,LOW,1,NORMAL,"NORMAL (price_level=NORMAL, pattern_level=NORMAL, cr_profile_level=LOW)",0
2020-2801-5-10458-1,2020-2801-5-10458,2020-02-01,2020,2020-02,8703221000,870322100000,870322,87,Passenger cars 1000-1500cc,Passenger cars 1000-1500cc,CR_HASH_031,Import,IM,IN,IN,BH,IN,IN,BH,IN,NMB,2.2,281871.9227272727,price_per_item,620118.23,1649250.62,2.2,228.47,272.02,12.549211619729965,12.339741490828857,0.5298577154310848,11.445675964067552,12.647064860424424,1.201388896356871,9.643592619532246,14.44914820495973,False,0.2666483137179962,0.2666483137179962,NORMAL,9.0,0.009433962264150943,4.663439094112067,34.06093261602687,7.0,0.007337526205450734,4.9147535223929735,36.084880671453035,6.0,1.5,0.8366600265340756,3.0,2.0,63.63636363636365,39.20562908847654,NORMAL,0,0.0,0.34329929331164644,8.58248233279116,1.0,0.0,1,True,91.66666666666666,True,True,100.0,1.0,100.0,78.00386881647691,MEDIUM,1,LOW,"LOW (driven by cr_profile; price_level=NORMAL, pattern_level=NORMAL, cr_profile_level=MEDIUM)",1
2020-2501-1-10553-1,2020-2501-1-10553,2020-02-02,2020,2020-02,9018390000,901839000000,901839,90,Medical syringes and needles,Medical syringes and needles,CR_HASH_029,Import,IM,SA,SA,BH,SA,SA,BH,SA,NMB,2.9,3.4758620689655175,price_per_item,10.08,26.8,2.9,571.05,662.34,1.4986989742835155,1.1592369104845446,0.5792846449150362,0.6041021775947832,1.7481096643936567,1.1440074867988734,-1.111909052603527,3.464120894591967,False,0.3952530543233069,0.3952530543233069,NORMAL,6.0,0.006289308176100629,5.0689042022202315,46.22900654036249,5.0,0.005241090146750524,5.251225759014186,47.13660531805522,5.0,1.2,0.4472135954999579,2.0,1.6666666666666667,42.424242424242436,45.97595149513693,LOW,1,0.0,0.3406585565951839,8.516463914879598,1.0,0.0,1,True,91.66666666666666,True,True,100.0,1.0,100.0,77.98076237020786,MEDIUM,1,MEDIUM,"MEDIUM (driven by pattern+cr_profile; price_level=NORMAL, pattern_level=LOW, cr_profile_level=MEDIUM)",1
2020-2501-4-10896-1,2020-2501-4-10896,2020-02-02,2020,2020-02,3923301000,392330100000,392330,39,Plastic bottles for packaging,Plastic bottles for packaging,CR_HASH_037,Import,IM,JP,JP,BH,JP,JP,BH,JP,NMB,4.07,8.32923832923833,price_per_item,33.9,90.16,4.07,794.62,848.24,2.2331533747892074,1.6841288050356895,0.6442087840607709,1.0864174155799162,2.3469388358112164,1.2605214202313002,-0.8043647147670341,4.237720966158166,False,0.5748322720626364,0.5748322720626364,NORMAL,4.0,0.0041928721174004195,5.474369310328396,58.39708046469813,4.0,0.0041928721174004195,5.474369310328396,54.46595026060942,4.0,1.0,0.0,1.0,1.0,0.0,48.26162282356236,LOW,1,0.0,0.6804113176075852,17.01028294018963,1.0,0.0,2,False,83.33333333333334,True,True,100.0,0.7142857142857143,71.42857142857143,65.23931331478066,LOW,1,LOW,"LOW (driven by pattern+cr_profile; price_level=NORMAL, pattern_level=LOW, cr_profile_level=LOW)",1
2020-2801-7-10927-1,2020-2801-7-10927,2020-02-03,2020,2020-02,2710192100,271019210000,271019,27,Gas oils for diesel engines,Gas oils for diesel engines,CR_HASH_013,Re-export,EX,BH,BH,IN,BH,BH,IN,IN,LTR,2540.84,0.1613757654948757,price_per_liter_gross_weight,410.03,1090.51,3.8,2380.28,2540.84,0.14960530710720382,0.2773855677315066,0.0779894680702432,0.16396900989912072,0.33244641877019565,0.16847740887107493,-0.08874710340749165,0.585162532076808,False,-1.1051056914117823,1.1051056914117823,NORMAL,2.0,0.0020964360587002098,6.1675164908883415,79.19854023234907,2.0,0.0020964360587002098,6.1675164908883415,77.23297513030472,2.0,1.0,0.0,1.0,1.0,0.0,66.6308114117812,LOW,1,0.0,-0.9378051801488904,23.44512950372226,1.0,0.0,1,True,91.66666666666666,True,True,100.0,1.0,100.0,83.20579532630279,MEDIUM,1,MEDIUM,"MEDIUM (driven by pattern+cr_profile; price_level=NORMAL, pattern_level=LOW, cr_profile_level=MEDIUM)",1
2020-2601-8-10163-1,2020-2601-8-10163,2020-02-03,2020,2020-02,8703221000,870322100000,870322,87,Passenger cars 1000-1500cc,Passenger cars 1000-1500cc,CR_HASH_001,Re-export,EX,BH,BH,DE,BH,BH,DE,DE,NMB,1.79,399084.3687150838,price_per_item,714361.02,1899896.32,1.79,122.14,135.29,12.896930629665942,12.004283802979177,0.6624296738554509,11.2719045323345,12.594725507248622,1.3228209749141229,9.287673069963315,14.578956969619806,False,0.9088995554382562,0.9088995554382562,NORMAL,2.0,0.0020964360587002098,6.1675164908883415,79.19854023234907,2.0,0.0020964360587002098,6.1675164908883415,77.23297513030472,2.0,1.0,0.0,1.0,1.0,0.0,66.6308114117812,LOW,1,0.0,1.0179640360891629,25.44910090222907,1.0,0.0,1,True,91.66666666666666,True,True,100.0,1.0,100.0,83.90718531578017,MEDIUM,1,MEDIUM,"MEDIUM (driven by pattern+cr_profile; price_level=NORMAL, pattern_level=LOW, cr_profile_level=MEDIUM)",1
2020-2701-7-10581-1,2020-2701-7-10581,2020-02-03,2020,2020-02,1006301000,100630100000,100630,10,Long-grain milled rice,Long-grain milled rice,CR_HASH_013,Import,IM,SA,SA,BH,SA,SA,BH,SA,KGM,184.74,0.22561437696221714,price_per_kg,41.68,110.84,2.94,184.74,195.18,0.20344225048549933,0.32869838978139143,0.06767869107876259,0.270176176769005,0.39860128498662895,0.12842510821762393,0.07753851444256912,0.5912389473130648,False,-1.2483117976450253,1.2483117976450253,NORMAL,11.0,0.011530398322851153,4.462768398649916,28.038772365976683,8.0,0.008385744234800839,4.781222129768451,31.698925390914113,9.0,1.2222222222222223,0.4409585518440984,2.0,1.6363636363636362,40.49586776859504,31.188390235097536,NORMAL,0,0.0,-1.124034600064285,28.100865001607122,1.0,0.0,2,False,83.33333333333334,True,True,100.0,0.6666666666666667,66.66666666666667,68.16863608389582,LOW,1,NORMAL,"NORMAL (price_level=NORMAL, pattern_level=NORMAL, cr_profile_level=LOW)",0
2020-2701-9-10475-1,2020-2701-9-10475,2020-02-03,2020,2020-02,102211000,102211000000,102211,10,"Live cattle, pure-bred breeding","Live cattle, pure-bred breeding",CR_HASH_047,Import,IM,AE,JP,BH,AE,JP,BH,AE,NMB,2.31,52495.718614718615,price_per_item,121265.11,322513.6,2.31,75.89,88.06,10.86850594404956,10.013369334439131,0.6855679350518233,9.327801399387308,10.638440798004723,1.3106393986174147,7.361842301461186,12.604399895930845,False,0.8413196005568407,0.8413196005568407,NORMAL,11.0,0.011530398322851153,4.462768398649916,28.038772365976683,1.0,0.0010482180293501049,6.860663671448286,100.0,8.0,1.375,0.7440238091428449,3.0,2.1818181818181817,75.20661157024794,60.300377918525534,LOW,1,0.0,1.8735703206832295,46.83925801708074,1.0,0.0,1,True,91.66666666666666,True,True,100.0,1.0,100.0,91.39374030597826,HIGH,1,HIGH,"HIGH (driven by pattern+cr_profile; price_level=NORMAL, pattern_level=LOW, cr_profile_level=HIGH)",1
2020-2801-8-10287-1,2020-2801-8-10287,2020-02-03,2020,2020-02,9018390000,901839000000,901839,90,Medical syringes and needles,Medical syringes and needles,CR_HASH_010,,,JP,BH,JP,JP,BH,JP,,NMB,0.98,27.16326530612245,price_per_item,26.62,70.8,0.98,60.01,68.35,3.3380184800406236,3.3380184800406236,0.0,3.3380184800406236,3.3380184800406236,0.0,3.3380184800406236,3.3380184800406236,False,0.0,0.0,NORMAL,,,,0.0,,,,0.0,,,,,,0.0,0.0,NORMAL,0,0.0,9.879543044342237,100.0,1.0,0.0,2,False,83.33333333333334,False,False,0.0,0.75,75.0,50.0,LOW,1,NORMAL,"NORMAL (price_level=NORMAL, pattern_level=NORMAL, cr_profile_level=LOW)",0
2020-2801-9-10740-1,2020-2801-9-10740,2020-02-04,2020,2020-02,8703221000,870322100000,870322,87,Passenger cars 1000-1500cc,Passenger cars 1000-1500cc,CR_HASH_034,Import,IM,SA,CN,BH,SA,CN,BH,SA,NMB,3.19,143055.04388714736,price_per_item,456345.59,1213685.08,3.19,98.19,107.24,11.870991747758042,12.339741490828857,0.5298577154310848,11.445675964067552,12.647064860424424,1.201388896356871,9.643592619532246,14.44914820495973,False,-0.5967023995320389,0.5967023995320389,NORMAL,5.0,0.005241090146750524,5.251225759014186,51.700506150822136,1.0,0.0010482180293501049,6.860663671448286,100.0,4.0,1.25,0.5,2.0,1.6,38.181818181818194,66.5775258026838,LOW,1,0.0,-0.4139866688594892,10.34966672148723,1.0,0.0,1,True,91.66666666666666,False,True,0.0,1.0,100.0,43.62238335252053,LOW,1,LOW,"LOW (driven by pattern+cr_profile; price_level=NORMAL, pattern_level=LOW, cr_profile_level=LOW)",1
2020-2601-5-10118-1,2020-2601-5-10118,2020-02-05,2020,2020-02,8504400090,850440009000,850440,85,Static converters,Static converters,CR_HASH_012,Re-export,EX,BH,BH,US,BH,BH,US,US,NMB,4.23,2619.732860520094,price_per_item,11081.47,29472.0,4.23,753.17,828.89,7.871209275397186,7.211981005295417,0.7196345903205628,6.668983974826631,7.961818755725377,1.2928347808987457,4.729731803478512,9.901070927073494,False,0.617873824507681,0.617873824507681,NORMAL,7.0,0.007337526205450734,4.9147535223929735,41.6029195353019,7.0,0.007337526205450734,4.9147535223929735,36.084880671453035,7.0,1.0,0.0,1.0,1.0,0.0,33.43116800265951,NORMAL,0,0.0,0.5819300104416835,14.548250261042087,1.0,0.0,2,False,83.33333333333334,True,True,100.0,0.6666666666666667,66.66666666666667,63.42522092469807,LOW,1,NORMAL,"NORMAL (price_level=NORMAL, pattern_level=NORMAL, cr_profile_level=LOW)",0
2020-2501-9-10172-1,2020-2501-9-10172,2020-02-05,2020,2020-02,3923301000,392330100000,392330,39,Plastic bottles for packaging,Plastic bottles for packaging,CR_HASH_036,Re-export,EX,BH,BH,AE,BH,BH,AE,AE,NMB,1.95,4.194871794871795,price_per_item,8.18,21.75,1.95,896.12,1052.25,1.6476719456849367,2.008077055471865,0.7629623078147538,1.1201351912780924,2.51712417371907,1.3969889824409778,-0.9753482823833743,4.612607647380537,False,-0.31861327057647104,0.31861327057647104,NORMAL,5.0,0.005241090146750524,5.251225759014186,51.700506150822136,5.0,0.005241090146750524,5.251225759014186,47.13660531805522,5.0,1.0,0.0,1.0,1.0,0.0,42.348064936730395,NORMAL,0,0.0,-0.11578357205231635,2.8945893013079087,1.0,0.0,1,True,91.66666666666666,True,True,100.0,1.0,100.0,76.01310625545777,MEDIUM,1,LOW,"LOW (driven by cr_profile; price_level=NORMAL, pattern_level=NORMAL, cr_profile_level=MEDIUM)",1
2020-2701-2-10233-1,2020-2701-2-10233,2020-02-06,2020,2020-02,8471300000,847130000000,847130,84,Portable laptop computers,Portable laptop computers,CR_HASH_046,Import,IM,US,US,BH,US,US,BH,US,NMB,1.02,7665.4607843137255,price_per_item,7818.77,20794.59,1.02,195.4,221.67,8.944610351662647,8.71824987064452,0.6999612932513521,7.750041925937837,9.126895264901794,1.376853338963957,5.684761917491901,11.192175273347729,False,0.2181235651591632,0.2181235651591632,NORMAL,12.0,0.012578616352201259,4.375757021660286,25.427546772711544,10.0,0.010482180293501049,4.558078578454241,24.369580448359905,9.0,1.3333333333333333,0.5,2.0,1.5,31.818181818181824,26.015853816009013,NORMAL,0,0.0,0.18566349536945032,4.641587384236258,1.0,0.0,1,True,91.66666666666666,True,True,100.0,1.0,100.0,76.62455558448269,MEDIUM,1,LOW,"LOW (driven by cr_profile; price_level=NORMAL, pattern_level=NORMAL, cr_profile_level=MEDIUM)",1
2020-2701-7-10878-1,2020-2701-7-10878,2020-02-07,2020,2020-02,8517120000,851712000000,851712,85,Cellular telephones,Cellular telephones,CR_HASH_032,Import,IM,JP,JP,BH,JP,JP,BH,JP,NMB,0.71,96504.01408450706,price_per_item,68517.85,182228.33,0.71,651.0,754.28,11.477350245402176,9.1609472788485,0.7778458576033893,8.086449359029473,9.737226953131787,1.6507775941023137,5.610282967876002,12.213393344285258,False,2.0086144072020824,2.0086144072020824,LOW,5.0,0.005241090146750524,5.251225759014186,51.700506150822136,5.0,0.005241090146750524,5.251225759014186,47.13660531805522,5.0,1.0,0.0,1.0,1.0,0.0,42.348064936730395,NORMAL,0,0.0,9.663799532959674,100.0,1.0,0.0,1,True,91.66666666666666,True,True,100.0,1.0,100.0,100.0,HIGH,1,HIGH,"HIGH (driven by price+cr_profile; price_level=LOW, pattern_level=NORMAL, cr_profile_level=HIGH)",1
2020-2801-2-10249-1,2020-2801-2-10249,2020-02-07,2020,2020-02,2710192100,271019210000,271019,27,Gas oils for diesel engines,Gas oils for diesel engines,CR_HASH_002,Import,IM,IN,IN,BH,IN,IN,BH,IN,LTR,12437.42,0.40712864886769123,price_per_liter_gross_weight,5063.63,13467.11,4.02,11843.48,12437.42,0.3415512088263197,0.26355592811875056,0.07105600884335336,0.1979668243457394,0.33634243682655873,0.13837561248081934,-0.009596594375489625,0.5439058555477878,False,0.7403609768740822,0.7403609768740822,NORMAL,6.0,0.006289308176100629,5.0689042022202315,46.22900654036249,6.0,0.006289308176100629,5.0689042022202315,41.148094458851695,5.0,1.2,0.4472135954999579,2.0,1.6666666666666667,42.424242424242436,43.879972694415706,NORMAL,0,0.0,0.7144882351783264,17.86220587945816,1.0,0.0,2,False,83.33333333333334,True,True,100.0,0.8,80.0,67.25177205781036,LOW,1,NORMAL,"NORMAL (price_level=NORMAL, pattern_level=NORMAL, cr_profile_level=LOW)",0
2020-2701-6-10425-1,2020-2701-6-10425,2020-02-07,2020,2020-02,8703221000,870322100000,870322,87,Passenger cars 1000-1500cc,Passenger cars 1000-1500cc,CR_HASH_031,Import,IM,US,US,BH,US,US,BH,US,NMB,3.67,225518.96185286104,price_per_item,827654.59,2201209.01,3.67,750.45,851.5,12.32616395663607,12.339741490828857,0.5298577154310848,11.445675964067552,12.647064860424424,1.201388896356871,9.643592619532246,14.44914820495973,False,-0.017283736902956922,0.017283736902956922,NORMAL,10.0,0.010482180293501049,4.558078578454241,30.899046383171186,8.0,0.008385744234800839,4.781222129768451,31.698925390914113,7.0,1.4285714285714286,0.5345224838248488,2.0,1.4,25.454545454545453,30.362328896587346,NORMAL,0,0.0,0.04738662749798525,1.1846656874496313,1.0,0.0,1,True,91.66666666666666,True,True,100.0,0.5,50.0,65.41463299060737,LOW,1,NORMAL,"NORMAL (price_level=NORMAL, pattern_level=NORMAL, cr_profile_level=LOW)",0
2020-2601-2-10121-1,2020-2601-2-10121,2020-02-07,2020,2020-02,1006301000,100630100000,100630,10,Long-grain milled rice,Long-grain milled rice,CR_HASH_029,Re-export,EX,BH,BH,IN,BH,BH,IN,IN,KGM,3238.15,0.23312076339885426,price_per_kg,754.88,2007.65,4.88,3238.15,3569.85,0.20954816212648242,0.2942812331971436,0.07865143426710039,0.2366195387420564,0.39544094305664584,0.15882140431458944,-0.0016125677298277352,0.63367304952853,False,-0.726645025507703,0.726645025507703,NORMAL,2.0,0.0020964360587002098,6.1675164908883415,79.19854023234907,2.0,0.0020964360587002098,6.1675164908883415,77.23297513030472,2.0,1.0,0.0,1.0,1.0,0.0,66.6308114117812,LOW,1,0.0,-1.1071673218751643,27.679183046879107,1.0,0.0,1,True,91.66666666666666,True,True,100.0,1.0,100.0,84.6877140664077,MEDIUM,1,MEDIUM,"MEDIUM (driven by pattern+cr_profile; price_level=NORMAL, pattern_level=LOW, cr_profile_level=MEDIUM)",1
2020-2601-8-10976-1,2020-2601-8-10976,2020-02-08,2020,2020-02,8703221000,870322100000,870322,87,Passenger cars 1000-1500cc,Passenger cars 1000-1500cc,CR_HASH_046,Import,IM,AE,AE,BH,AE,AE,BH,AE,NMB,1.39,706097.1223021583,price_per_item,981475.0,2610305.84,1.39,496.42,549.93,13.467509490248895,12.339741490828857,0.5298577154310848,11.445675964067552,12.647064860424424,1.201388896356871,9.643592619532246,14.44914820495973,False,1.4356101124683114,1.4356101124683114,NORMAL,7.0,0.007337526205450734,4.9147535223929735,41.6029195353019,6.0,0.006289308176100629,5.0689042022202315,41.148094458851695,5.0,1.4,0.5477225575051661,2.0,1.4285714285714286,27.27272727272728,39.294201919158134,NORMAL,0,0.0,2.705216022034412,67.6304005508603,1.0,0.0,1,True,91.66666666666666,False,True,66.66666666666667,1.0,100.0,80.33730685946777,MEDIUM,1,LOW,"LOW (driven by cr_profile; price_level=NORMAL, pattern_level=NORMAL, cr_profile_level=MEDIUM)",1
2020-2601-1-10510-1,2020-2601-1-10510,2020-02-09,2020,2020-02,3923301000,392330100000,392330,39,Plastic bottles for packaging,Plastic bottles for packaging,CR_HASH_044,Import,IM,SA,SA,BH,SA,SA,BH,SA,NMB,1.72,18.66860465116279,price_per_item,32.11,85.4,1.72,812.09,963.0,2.9790236919672552,1.6841288050356895,0.6442087840607709,1.0864174155799162,2.3469388358112164,1.2605214202313002,-0.8043647147670341,4.237720966158166,False,1.3557633136005807,1.3557633136005807,NORMAL,8.0,0.008385744234800839,4.781222129768451,37.595620697047174,6.0,0.006289308176100629,5.0689042022202315,41.148094458851695,6.0,1.3333333333333333,0.5163977794943222,2.0,1.5,31.818181818181824,37.97237068184895,NORMAL,0,0.0,2.7956721588770233,69.89180397192558,1.0,0.0,1,True,91.66666666666666,True,True,100.0,1.0,100.0,99.46213139017395,HIGH,1,HIGH,"HIGH (driven by cr_profile; price_level=NORMAL, pattern_level=NORMAL, cr_profile_level=HIGH)",1
2020-2501-9-10947-1,2020-2501-9-10947,2020-02-10,2020,2020-02,8517120000,851712000000,851712,85,Cellular telephones,Cellular telephones,CR_HASH_043,Import,IM,AE,DE,BH,AE,DE,BH,AE,NMB,4.97,5148.136820925554,price_per_item,25586.24,68048.52,4.97,102.12,110.96,8.546584372022789,9.1609472788485,0.7778458576033893,8.086449359029473,9.737226953131787,1.6507775941023137,5.610282967876002,12.213393344285258,False,-0.532730359837449,0.532730359837449,NORMAL,11.0,0.011530398322851153,4.462768398649916,28.038772365976683,1.0,0.0010482180293501049,6.860663671448286,100.0,7.0,1.5714285714285714,0.7867957924694431,3.0,1.9090909090909092,57.8512396694215,57.69707213340157,LOW,1,0.0,-0.4540490774543725,11.351226936359312,1.0,0.0,1,True,91.66666666666666,False,True,0.0,1.0,100.0,43.97292942772576,LOW,1,LOW,"LOW (driven by pattern+cr_profile; price_level=NORMAL, pattern_level=LOW, cr_profile_level=LOW)",1
2020-2501-9-10632-1,2020-2501-9-10632,2020-02-10,2020,2020-02,8504400090,850440009000,850440,85,Static converters,Static converters,CR_HASH_025,Import,IM,CN,CN,BH,CN,CN,BH,CN,NMB,2.98,251.19798657718124,price_per_item,748.57,1990.88,2.98,179.55,197.74,5.530214440061922,7.466827051260017,0.5715840105867187,6.914775863803976,8.032836322465545,1.11806045866157,5.23768517581162,9.7099270104579,False,-2.2852761566897946,2.2852761566897946,LOW,19.0,0.019916142557651992,3.916224692281846,11.63690673320574,15.0,0.015723270440251572,4.152613470346076,11.051724646602178,9.0,2.111111111111111,0.9279607271383371,4.0,1.894736842105263,56.9377990430622,18.22722684937296,NORMAL,0,0.0,-0.9873471439342693,24.68367859835673,1.0,0.0,1,True,91.66666666666666,True,True,100.0,1.0,100.0,83.63928750942486,MEDIUM,1,MEDIUM,"MEDIUM (driven by price+cr_profile; price_level=LOW, pattern_level=NORMAL, cr_profile_level=MEDIUM)",1
2020-2501-5-10471-1,2020-2501-5-10471,2020-02-10,2020,2020-02,6109100000,610910000000,610910,61,Cotton t-shirts,Cotton t-shirts,CR_HASH_046,Re-export,EX,BH,BH,US,BH,BH,US,US,NMB,1.41,15.460992907801419,price_per_item,21.8,57.98,1.41,197.62,223.34,2.800993515896269,4.610526181303967,0.7708500247178713,3.916293548711598,5.585818334387825,1.6695247856762268,1.412006370197258,8.090105512902165,False,-1.5833340113535699,1.5833340113535699,NORMAL,4.0,0.0041928721174004195,5.474369310328396,58.39708046469813,4.0,0.0041928721174004195,5.474369310328396,54.46595026060942,4.0,1.0,0.0,1.0,1.0,0.0,48.26162282356236,LOW,1,0.0,-0.8958228301660597,22.395570754151493,1.0,0.0,1,True,91.66666666666666,False,True,75.0,1.0,100.0,66.58844976395302,LOW,1,LOW,"LOW (driven by pattern+cr_profile; price_level=NORMAL, pattern_level=LOW, cr_profile_level=LOW)",1
2020-2601-5-10431-1,2020-2601-5-10431,2020-02-10,2020,2020-02,6109100000,610910000000,610910,61,Cotton t-shirts,Cotton t-shirts,CR_HASH_018,Import,IM,US,US,BH,US,US,BH,US,NMB,1.67,1115.4790419161677,price_per_item,1862.85,4954.4,1.67,562.24,671.3,7.017935299869071,4.644105600231562,0.7882174659262975,3.8927224589349843,5.444558727344917,1.5518362684099332,1.5649680563200845,7.772313129959818,False,2.031325447850854,2.031325447850854,LOW,13.0,0.013626834381551363,4.29571431398675,23.025452080470465,11.0,0.011530398322851153,4.462768398649916,21.2390343034744,10.0,1.3,0.48304589153964794,2.0,1.5384615384615383,34.26573426573426,24.086248186311412,NORMAL,0,0.0,10.382294637625465,100.0,1.0,0.0,1,True,91.66666666666666,True,True,100.0,1.0,100.0,100.0,HIGH,1,HIGH,"HIGH (driven by price+cr_profile; price_level=LOW, pattern_level=NORMAL, cr_profile_level=HIGH)",1
2020-2701-8-10774-1,2020-2701-8-10774,2020-02-10,2020,2020-02,1006301000,100630100000,100630,10,Long-grain milled rice,Long-grain milled rice,CR_HASH_026,Import,IM,CN,CN,BH,CN,CN,BH,CN,KGM,3093.09,0.15039976205024747,price_per_kg,465.2,1237.24,4.61,3093.09,3385.88,0.14010950114374016,0.32869838978139143,0.06767869107876259,0.270176176769005,0.39860128498662895,0.12842510821762393,0.07753851444256912,0.5912389473130648,False,-1.8794905855673671,1.8794905855673671,NORMAL,25.0,0.02620545073375262,3.641787846580086,3.4010123016442515,21.0,0.0220125786163522,3.8161412337248635,0.0,9.0,2.7777777777777777,1.6414763002993509,5.0,1.8,50.909090909090914,9.336869787185762,NORMAL,0,0.0,-1.6474965689473322,41.187414223683305,1.0,0.0,1,True,91.66666666666666,True,True,0.0,0.0,0.0,44.41559497828916,LOW,1,NORMAL,"NORMAL (price_level=NORMAL, pattern_level=NORMAL, cr_profile_level=LOW)",0
2020-2701-1-10557-1,2020-2701-1-10557,2020-02-11,2020,2020-02,2710192100,271019210000,271019,27,Gas oils for diesel engines,Gas oils for diesel engines,CR_HASH_042,Import,IM,SA,DE,BH,SA,DE,BH,SA,LTR,12086.66,0.2409764153206924,price_per_liter_gross_weight,2912.6,7746.28,4.61,11005.54,12086.66,0.21589850146548478,0.26355592811875056,0.07105600884335336,0.1979668243457394,0.33634243682655873,0.13837561248081934,-0.009596594375489625,0.5439058555477878,False,-0.45238248560970484,0.45238248560970484,NORMAL,7.0,0.007337526205450734,4.9147535223929735,41.6029195353019,1.0,0.0010482180293501049,6.860663671448286,100.0,4.0,1.75,0.5,2.0,1.1428571428571428,9.090909090909088,57.165096131287314,LOW,1,0.0,-0.4052549842131081,10.131374605327704,1.0,0.0,2,False,83.33333333333334,False,False,50.0,0.5,50.0,26.045981111864698,NORMAL,0,NORMAL,"NORMAL (price_level=NORMAL, pattern_level=LOW, cr_profile_level=NORMAL)",0
2020-2601-8-10045-1,2020-2601-8-10045,2020-02-11,2020,2020-02,8517120000,851712000000,851712,85,Cellular telephones,Cellular telephones,CR_HASH_013,Import,IM,US,US,BH,US,US,BH,US,NMB,1.59,155.83647798742138,price_per_item,247.78,658.98,1.59,6.35,7.47,5.055203721085668,9.1609472788485,0.7778458576033893,8.086449359029473,9.737226953131787,1.6507775941023137,5.610282967876002,12.213393344285258,True,-3.5601990592634913,3.5601990592634913,MEDIUM,13.0,0.013626834381551363,4.29571431398675,23.025452080470465,11.0,0.011530398322851153,4.462768398649916,21.2390343034744,8.0,1.625,1.0606601717798212,4.0,2.4615384615384617,93.00699300699303,32.89743699750022,NORMAL,0,0.0,-0.9818259404896906,24.545648512242266,1.0,0.0,2,False,83.33333333333334,True,True,100.0,0.8,80.0,69.59097697928479,LOW,1,MEDIUM,"MEDIUM (driven by price+cr_profile; price_level=MEDIUM, pattern_level=NORMAL, cr_profile_level=LOW)",1
2020-2701-5-10942-1,2020-2701-5-10942,2020-02-11,2020,2020-02,3923301000,392330100000,392330,39,Plastic bottles for packaging,Plastic bottles for packaging,CR_HASH_011,Import,IM,AE,AE,BH,AE,AE,BH,AE,NMB,2.37,9.649789029535865,price_per_item,22.87,60.83,2.37,157.57,175.96,2.3655400825259725,1.6841288050356895,0.6442087840607709,1.0864174155799162,2.3469388358112164,1.2605214202313002,-0.8043647147670341,4.237720966158166,False,0.713442010481778,0.713442010481778,NORMAL,13.0,0.013626834381551363,4.29571431398675,23.025452080470465,11.0,0.011530398322851153,4.462768398649916,21.2390343034744,7.0,1.8571428571428572,1.2149857925879117,4.0,2.1538461538461537,73.42657342657343,29.960374060437285,NORMAL,0,0.0,1.0834090066001807,27.085225165004516,1.0,0.0,1,True,91.66666666666666,True,True,100.0,1.0,100.0,84.47982880775157,MEDIUM,1,LOW,"LOW (driven by cr_profile; price_level=NORMAL, pattern_level=NORMAL, cr_profile_level=MEDIUM)",1
2020-2501-9-10522-1,2020-2501-9-10522,2020-02-12,2020,2020-02,2710192100,271019210000,271019,27,Gas oils for diesel engines,Gas oils for diesel engines,CR_HASH_024,Re-export,EX,BH,BH,SA,BH,BH,SA,SA,LTR,9506.84,0.31967509708799136,price_per_liter_gross_weight,3039.1,8082.72,1.56,8725.69,9506.84,0.2773855677315066,0.2773855677315066,0.0779894680702432,0.16396900989912072,0.33244641877019565,0.16847740887107493,-0.08874710340749165,0.585162532076808,False,0.0,0.0,NORMAL,4.0,0.0041928721174004195,5.474369310328396,58.39708046469813,4.0,0.0041928721174004195,5.474369310328396,54.46595026060942,4.0,1.0,0.0,1.0,1.0,0.0,48.26162282356236,LOW,1,0.0,0.1186163765660285,2.9654094141507126,1.0,0.0,1,True,91.66666666666666,True,True,100.0,1.0,100.0,76.03789329495275,MEDIUM,1,MEDIUM,"MEDIUM (driven by pattern+cr_profile; price_level=NORMAL, pattern_level=LOW, cr_profile_level=MEDIUM)",1
2020-2701-3-10355-1,2020-2701-3-10355,2020-02-12,2020,2020-02,2710192100,271019210000,271019,27,Gas oils for diesel engines,Gas oils for diesel engines,CR_HASH_015,Import,IM,CN,CN,BH,CN,CN,BH,CN,LTR,8926.32,0.3345578020953764,price_per_liter_gross_weight,2986.37,7942.48,3.56,7914.13,8926.32,0.28860000259650104,0.26355592811875056,0.07105600884335336,0.1979668243457394,0.33634243682655873,0.13837561248081934,-0.009596594375489625,0.5439058555477878,False,0.23772791477953134,0.23772791477953134,NORMAL,19.0,0.019916142557651992,3.916224692281846,11.63690673320574,15.0,0.015723270440251572,4.152613470346076,11.051724646602178,8.0,2.375,1.407885953173359,5.0,2.1052631578947367,70.33492822966507,20.236796227363392,NORMAL,0,0.0,0.2691741242702951,6.729353106757377,1.0,0.0,1,True,91.66666666666666,False,True,66.66666666666667,1.0,100.0,59.02194025403175,LOW,1,NORMAL,"NORMAL (price_level=NORMAL, pattern_level=NORMAL, cr_profile_level=LOW)",0
2020-2701-1-10958-1,2020-2701-1-10958,2020-02-13,2020,2020-02,3923301000,392330100000,392330,39,Plastic bottles for packaging,Plastic bottles for packaging,CR_HASH_006,Import,IM,IN,IN,BH,IN,IN,BH,IN,NMB,1.93,10.569948186528498,price_per_item,20.4,54.25,1.93,833.51,914.38,2.448411062935272,1.6841288050356895,0.6442087840607709,1.0864174155799162,2.3469388358112164,1.2605214202313002,-0.8043647147670341,4.237720966158166,False,0.8002084624424296,0.8002084624424296,NORMAL,13.0,0.013626834381551363,4.29571431398675,23.025452080470465,11.0,0.011530398322851153,4.462768398649916,21.2390343034744,9.0,1.4444444444444444,0.5270462766947299,2.0,1.3846153846153846,24.475524475524477,22.617716717779942,NORMAL,0,0.0,1.2247714264422311,30.619285661055777,1.0,0.0,1,True,91.66666666666666,False,True,66.66666666666667,1.0,100.0,67.38341664803619,LOW,1,NORMAL,"NORMAL (price_level=NORMAL, pattern_level=NORMAL, cr_profile_level=LOW)",0
2020-2501-5-10944-1,2020-2501-5-10944,2020-02-13,2020,2020-02,6109100000,610910000000,610910,61,Cotton t-shirts,Cotton t-shirts,CR_HASH_015,Import,IM,AE,AE,BH,AE,AE,BH,AE,NMB,4.13,79.35593220338984,price_per_item,327.74,871.65,4.13,717.25,853.58,4.386465918996399,4.644105600231562,0.7882174659262975,3.8927224589349843,5.444558727344917,1.5518362684099332,1.5649680563200845,7.772313129959818,False,-0.22046654861091558,0.22046654861091558,NORMAL,10.0,0.010482180293501049,4.558078578454241,30.899046383171186,9.0,0.009433962264150943,4.663439094112067,27.830238657093965,8.0,1.25,0.4629100498862757,2.0,1.6,38.181818181818194,30.91737944884121,NORMAL,0,0.0,-0.2856872015901676,7.14218003975419,1.0,0.0,1,True,91.66666666666666,False,True,75.0,1.0,100.0,61.24976301391396,LOW,1,NORMAL,"NORMAL (price_level=NORMAL, pattern_level=NORMAL, cr_profile_level=LOW)",0
2020-2801-1-10078-1,2020-2801-1-10078,2020-02-13,2020,2020-02,2710192100,271019210000,271019,27,Gas oils for diesel engines,Gas oils for diesel engines,CR_HASH_045,Import,IM,DE,DE,BH,DE,DE,BH,DE,LTR,3856.64,0.39738995602389643,price_per_liter_gross_weight,1532.59,4076.03,4.89,3451.72,3856.64,0.33460617949330507,0.26355592811875056,0.07105600884335336,0.1979668243457394,0.33634243682655873,0.13837561248081934,-0.009596594375489625,0.5439058555477878,False,0.6744361073850126,0.6744361073850126,NORMAL,4.0,0.0041928721174004195,5.474369310328396,58.39708046469813,2.0,0.0020964360587002098,6.1675164908883415,77.23297513030472,4.0,1.0,0.0,1.0,1.0,0.0,56.23008152795572,LOW,1,0.0,0.6395028689868679,15.987571724671698,1.0,0.0,1,True,91.66666666666666,True,True,0.0,0.0,0.0,35.595650103635094,LOW,1,LOW,"LOW (driven by pattern+cr_profile; price_level=NORMAL, pattern_level=LOW, cr_profile_level=LOW)",1
2020-2501-3-10516-1,2020-2501-3-10516,2020-02-13,2020,2020-02,8471300000,847130000000,847130,84,Portable laptop computers,Portable laptop computers,CR_HASH_048,,,CN,BH,SA,CN,BH,SA,,NMB,0.62,13798.43548387097,price_per_item,8555.03,22752.75,0.62,676.9,735.46,9.532382963342712,9.532382963342712,0.0,9.532382963342712,9.532382963342712,0.0,9.532382963342712,9.532382963342712,False,0.0,0.0,NORMAL,,,,0.0,,,,0.0,,,,,,0.0,0.0,NORMAL,0,0.0,1.0068026288058047,25.170065720145118,1.0,0.0,1,True,91.66666666666666,False,False,0.0,1.0,100.0,38.80952300205079,LOW,1,NORMAL,"NORMAL (price_level=NORMAL, pattern_level=NORMAL, cr_profile_level=LOW)",0
2020-2601-3-10209-1,2020-2601-3-10209,2020-02-13,2020,2020-02,8517120000,851712000000,851712,85,Cellular telephones,Cellular telephones,CR_HASH_034,Import,IM,SA,US,BH,SA,US,BH,SA,NMB,3.15,20355.580952380955,price_per_item,64120.08,170532.12,3.15,91.2,97.96,9.921159526915396,9.1609472788485,0.7778458576033893,8.086449359029473,9.737226953131787,1.6507775941023137,5.610282967876002,12.213393344285258,False,0.659200189279013,0.659200189279013,NORMAL,6.0,0.006289308176100629,5.0689042022202315,46.22900654036249,1.0,0.0010482180293501049,6.860663671448286,100.0,4.0,1.5,1.0,3.0,2.0,63.63636363636365,67.65995781563579,LOW,1,0.0,1.2518638898344172,31.29659724586043,1.0,0.0,1,True,91.66666666666666,False,True,0.0,1.0,100.0,50.95380903605115,LOW,1,LOW,"LOW (driven by pattern+cr_profile; price_level=NORMAL, pattern_level=LOW, cr_profile_level=LOW)",1
2020-2801-3-10320-1,2020-2801-3-10320,2020-02-14,2020,2020-02,8703221000,870322100000,870322,87,Passenger cars 1000-1500cc,Passenger cars 1000-1500cc,CR_HASH_040,Import,IM,CN,IN,BH,CN,IN,BH,CN,NMB,0.59,388324.5084745763,price_per_item,229111.46,609339.0,0.59,83.88,97.87,12.869599206259942,12.339741490828857,0.5298577154310848,11.445675964067552,12.647064860424424,1.201388896356871,9.643592619532246,14.44914820495973,False,0.6744907594765952,0.6744907594765952,NORMAL,20.0,0.020964360587002098,3.8649313978942956,10.097586615520235,2.0,0.0020964360587002098,6.1675164908883415,77.23297513030472,9.0,2.2222222222222223,1.3017082793177757,5.0,2.25,79.54545454545456,44.01215278518495,NORMAL,0,0.0,0.949416569813173,23.735414245329327,1.0,0.0,1,True,91.66666666666666,True,True,0.0,0.0,0.0,38.307394985865265,LOW,1,NORMAL,"NORMAL (price_level=NORMAL, pattern_level=NORMAL, cr_profile_level=LOW)",0
2020-2501-7-10358-1,2020-2501-7-10358,2020-02-14,2020,2020-02,1006301000,100630100000,100630,10,Long-grain milled rice,Long-grain milled rice,CR_HASH_019,Import,IM,JP,JP,BH,JP,JP,BH,JP,KGM,690.83,1.710797157042977,price_per_kg,1181.87,3143.28,4.64,690.83,809.82,0.9972427455272335,0.32869838978139143,0.06767869107876259,0.270176176769005,0.39860128498662895,0.12842510821762393,0.07753851444256912,0.5912389473130648,True,6.662761691505346,6.662761691505346,HIGH,7.0,0.007337526205450734,4.9147535223929735,41.6029195353019,6.0,0.006289308176100629,5.0689042022202315,41.148094458851695,6.0,1.1666666666666667,0.408248290463863,2.0,1.7142857142857142,45.45454545454546,42.02147464643086,NORMAL,0,0.0,9.157803293064642,100.0,1.0,0.0,1,True,91.66666666666666,True,True,100.0,1.0,100.0,100.0,HIGH,1,HIGH,"HIGH (driven by price+cr_profile; price_level=HIGH, pattern_level=NORMAL, cr_profile_level=HIGH)",1
2020-2701-8-10369-1,2020-2701-8-10369,2020-02-14,2020,2020-02,8703221000,870322100000,870322,87,Passenger cars 1000-1500cc,Passenger cars 1000-1500cc,CR_HASH_015,Import,IM,AE,AE,BH,AE,AE,BH,AE,NMB,4.65,71092.05806451612,price_per_item,330578.07,879197.0,4.65,97.06,104.26,11.171744974801204,12.339741490828857,0.5298577154310848,11.445675964067552,12.647064860424424,1.201388896356871,9.643592619532246,14.44914820495973,False,-1.4868196389677246,1.4868196389677246,NORMAL,7.0,0.007337526205450734,4.9147535223929735,41.6029195353019,6.0,0.006289308176100629,5.0689042022202315,41.148094458851695,5.0,1.4,0.5477225575051661,2.0,1.4285714285714286,27.27272727272728,39.294201919158134,NORMAL,0,0.0,-0.8059084178887804,20.14771044721951,1.0,0.0,1,True,91.66666666666666,False,True,60.0,1.0,100.0,62.051698656526824,LOW,1,NORMAL,"NORMAL (price_level=NORMAL, pattern_level=NORMAL, cr_profile_level=LOW)",0
2020-2701-2-10518-1,2020-2701-2-10518,2020-02-15,2020,2020-02,8703221000,870322100000,870322,87,Passenger cars 1000-1500cc,Passenger cars 1000-1500cc,CR_HASH_010,Re-export,EX,BH,BH,JP,BH,BH,JP,JP,NMB,1.54,215281.05844155845,price_per_item,331532.83,881736.25,1.54,931.18,1069.95,12.27970434704942,12.004283802979177,0.6624296738554509,11.2719045323345,12.594725507248622,1.3228209749141229,9.287673069963315,14.578956969619806,False,0.2804352209407984,0.2804352209407984,NORMAL,5.0,0.005241090146750524,5.251225759014186,51.700506150822136,5.0,0.005241090146750524,5.251225759014186,47.13660531805522,5.0,1.0,0.0,1.0,1.0,0.0,42.348064936730395,NORMAL,0,0.0,-0.0130995635887692,0.32748908971923,1.0,0.0,1,True,91.66666666666666,False,True,75.0,1.0,100.0,58.86462118140173,LOW,1,NORMAL,"NORMAL (price_level=NORMAL, pattern_level=NORMAL, cr_profile_level=LOW)",0
2020-2701-7-10977-1,2020-2701-7-10977,2020-02-15,2020,2020-02,8517120000,851712000000,851712,85,Cellular telephones,Cellular telephones,CR_HASH_019,Import,IM,AE,AE,BH,AE,AE,BH,AE,NMB,4.22,8809.98104265403,price_per_item,37178.12,98877.99,4.22,755.5,805.69,9.083754068309998,9.1609472788485,0.7778458576033893,8.086449359029473,9.737226953131787,1.6507775941023137,5.610282967876002,12.213393344285258,False,-0.06693627881875061,0.06693627881875061,NORMAL,11.0,0.011530398322851153,4.462768398649916,28.038772365976683,9.0,0.009433962264150943,4.663439094112067,27.830238657093965,7.0,1.5714285714285714,0.7867957924694431,3.0,1.9090909090909092,57.8512396694215,32.437655663384454,NORMAL,0,0.0,-0.04355308320875601,1.0888270802189004,1.0,0.0,1,True,91.66666666666666,True,True,100.0,1.0,100.0,75.38108947807662,MEDIUM,1,LOW,"LOW (driven by cr_profile; price_level=NORMAL, pattern_level=NORMAL, cr_profile_level=MEDIUM)",1
2020-2601-4-10208-1,2020-2601-4-10208,2020-02-15,2020,2020-02,3923301000,392330100000,392330,39,Plastic bottles for packaging,Plastic bottles for packaging,CR_HASH_028,Import,IM,AE,US,BH,AE,US,BH,AE,NMB,1.17,15.94017094017094,price_per_item,18.65,49.6,1.17,57.78,68.67,2.8296877800921774,1.6841288050356895,0.6442087840607709,1.0864174155799162,2.3469388358112164,1.2605214202313002,-0.8043647147670341,4.237720966158166,False,1.1994076489310823,1.1994076489310823,NORMAL,13.0,0.013626834381551363,4.29571431398675,23.025452080470465,1.0,0.0010482180293501049,6.860663671448286,100.0,7.0,1.8571428571428572,1.2149857925879117,4.0,2.1538461538461537,73.42657342657343,57.52671205422125,LOW,1,0.0,2.386954389377462,59.673859734436554,1.0,0.0,1,True,91.66666666666666,True,True,100.0,1.0,100.0,95.8858509070528,HIGH,1,HIGH,"HIGH (driven by pattern+cr_profile; price_level=NORMAL, pattern_level=LOW, cr_profile_level=HIGH)",1
2020-2701-4-10898-1,2020-2701-4-10898,2020-02-16,2020,2020-02,1006301000,100630100000,100630,10,Long-grain milled rice,Long-grain milled rice,CR_HASH_007,Re-export,EX,BH,BH,JP,BH,BH,JP,JP,KGM,4395.81,0.28576075854051924,price_per_kg,1256.15,3340.82,0.83,4395.81,5121.26,0.2513505731591871,0.2942812331971436,0.07865143426710039,0.2366195387420564,0.39544094305664584,0.15882140431458944,-0.0016125677298277352,0.63367304952853,False,-0.3681602727738832,0.3681602727738832,NORMAL,4.0,0.0041928721174004195,5.474369310328396,58.39708046469813,4.0,0.0041928721174004195,5.474369310328396,54.46595026060942,4.0,1.0,0.0,1.0,1.0,0.0,48.26162282356236,LOW,1,0.0,-0.7134771305511418,17.836928263778546,1.0,0.0,1,True,91.66666666666666,True,True,100.0,0.0,0.0,61.24292489232249,LOW,1,LOW,"LOW (driven by pattern+cr_profile; price_level=NORMAL, pattern_level=LOW, cr_profile_level=LOW)",1
2020-2501-1-10950-1,2020-2501-1-10950,2020-02-16,2020,2020-02,6109100000,610910000000,610910,61,Cotton t-shirts,Cotton t-shirts,CR_HASH_014,Import,IM,EG,EG,BH,EG,EG,BH,EG,NMB,1.99,120.84924623115579,price_per_item,240.49,639.6,1.99,371.51,391.66,4.802784594013147,4.644105600231562,0.7882174659262975,3.8927224589349843,5.444558727344917,1.5518362684099332,1.5649680563200845,7.772313129959818,False,0.13578424693107588,0.13578424693107588,NORMAL,1.0,0.0010482180293501049,6.860663671448286,100.0,1.0,0.0010482180293501049,6.860663671448286,100.0,1.0,1.0,0.0,1.0,1.0,0.0,85.0,HIGH,1,0.0,0.21784616358558043,5.446154089639511,1.0,0.0,1,True,91.66666666666666,True,True,100.0,1.0,100.0,76.90615393137384,MEDIUM,1,HIGH,"HIGH (driven by pattern+cr_profile; price_level=NORMAL, pattern_level=HIGH, cr_profile_level=MEDIUM)",1
2020-2501-1-10057-1,2020-2501-1-10057,2020-02-16,2020,2020-02,1006301000,100630100000,100630,10,Long-grain milled rice,Long-grain milled rice,CR_HASH_038,Import,IM,CN,CN,BH,CN,CN,BH,CN,KGM,4800.73,0.42111928810826693,price_per_kg,2021.68,5376.82,4.56,4800.73,5253.04,0.3514447921843739,0.32869838978139143,0.06767869107876259,0.270176176769005,0.39860128498662895,0.12842510821762393,0.07753851444256912,0.5912389473130648,False,0.22669230133740367,0.22669230133740367,NORMAL,25.0,0.02620545073375262,3.641787846580086,3.4010123016442515,21.0,0.0220125786163522,3.8161412337248635,0.0,9.0,2.7777777777777777,1.6414763002993509,5.0,1.8,50.909090909090914,9.336869787185762,NORMAL,0,0.0,0.2417987389784475,6.044968474461188,1.0,0.0,1,True,91.66666666666666,True,True,0.0,0.0,0.0,32.115738966061414,NORMAL,0,NORMAL,"NORMAL (price_level=NORMAL, pattern_level=NORMAL, cr_profile_level=NORMAL)",0
2020-2701-3-10085-1,2020-2701-3-10085,2020-02-16,2020,2020-02,102211000,102211000000,102211,10,"Live cattle, pure-bred breeding","Live cattle, pure-bred breeding",CR_HASH_022,Re-export,EX,BH,BH,AE,BH,BH,AE,AE,NMB,4.67,306.3426124197002,price_per_item,1430.62,3804.84,4.67,124.41,138.26,5.727963126687697,9.549317841384953,0.6971436999939566,8.846103941045365,10.18755556601122,1.3414516249658544,6.833926503596584,12.19973300346,True,-3.6971838715145298,3.6971838715145298,MEDIUM,3.0,0.0031446540880503146,5.762051382780177,67.03046630801344,3.0,0.0031446540880503146,5.762051382780177,63.915119328547,3.0,1.0,0.0,1.0,1.0,0.0,55.88552491899817,LOW,1,0.0,-1.0634723403651922,26.586808509129806,1.0,0.0,1,True,91.66666666666666,True,True,0.0,0.0,0.0,39.30538297819543,LOW,1,MEDIUM,"MEDIUM (driven by price+pattern+cr_profile; price_level=MEDIUM, pattern_level=LOW, cr_profile_level=LOW)",1
2020-2701-7-10160-1,2020-2701-7-10160,2020-02-16,2020,2020-02,8471300000,847130000000,847130,84,Portable laptop computers,Portable laptop computers,CR_HASH_042,Re-export,EX,BH,BH,AE,BH,BH,AE,AE,NMB,0.66,36041.0,price_per_item,23787.06,63263.46,0.66,519.52,604.3,10.492440204078216,9.057918359570245,1.044460022767316,7.958447179146432,9.968345476103027,2.009898296956594,4.943599733711541,12.983192921537917,False,0.9263846459382415,0.9263846459382415,NORMAL,5.0,0.005241090146750524,5.251225759014186,51.700506150822136,5.0,0.005241090146750524,5.251225759014186,47.13660531805522,5.0,1.0,0.0,1.0,1.0,0.0,42.348064936730395,NORMAL,0,0.0,4.826309859137453,100.0,1.0,0.0,1,True,91.66666666666666,True,True,100.0,1.0,100.0,100.0,HIGH,1,HIGH,"HIGH (driven by cr_profile; price_level=NORMAL, pattern_level=NORMAL, cr_profile_level=HIGH)",1
2020-2601-4-10678-1,2020-2601-4-10678,2020-02-16,2020,2020-02,2710192100,271019210000,271019,27,Gas oils for diesel engines,Gas oils for diesel engines,CR_HASH_020,Import,IM,JP,JP,BH,JP,JP,BH,JP,LTR,8937.04,0.530261697385264,price_per_liter_gross_weight,4738.97,12603.65,4.4,8240.53,8937.04,0.42543876482063586,0.26355592811875056,0.07105600884335336,0.1979668243457394,0.33634243682655873,0.13837561248081934,-0.009596594375489625,0.5439058555477878,False,1.5366536799722579,1.5366536799722579,NORMAL,7.0,0.007337526205450734,4.9147535223929735,41.6029195353019,5.0,0.005241090146750524,5.251225759014186,47.13660531805522,6.0,1.1666666666666667,0.408248290463863,2.0,1.7142857142857142,45.45454545454546,44.117453447152094,NORMAL,0,0.0,1.583697285460119,39.59243213650298,1.0,0.0,1,True,91.66666666666666,True,True,100.0,1.0,100.0,88.85735124777604,HIGH,1,HIGH,"HIGH (driven by cr_profile; price_level=NORMAL, pattern_level=NORMAL, cr_profile_level=HIGH)",1
2020-2801-7-10311-1,2020-2801-7-10311,2020-02-16,2020,2020-02,9018390000,901839000000,901839,90,Medical syringes and needles,Medical syringes and needles,CR_HASH_048,Import,IM,IN,IN,BH,IN,IN,BH,IN,NMB,1.08,0.4629629629629629,price_per_item,0.5,1.33,1.08,109.25,114.83,0.38046380590274703,1.1592369104845446,0.5792846449150362,0.6041021775947832,1.7481096643936567,1.1440074867988734,-1.111909052603527,3.464120894591967,False,-0.9067653827530071,0.9067653827530071,NORMAL,6.0,0.006289308176100629,5.0689042022202315,46.22900654036249,6.0,0.006289308176100629,5.0689042022202315,41.148094458851695,3.0,2.0,1.0,3.0,1.5,31.818181818181824,42.28906360350661,NORMAL,0,0.0,-0.8643302117241984,21.60825529310496,1.0,0.0,2,False,83.33333333333334,True,True,100.0,0.8,80.0,68.56288935258674,LOW,1,NORMAL,"NORMAL (price_level=NORMAL, pattern_level=NORMAL, cr_profile_level=LOW)",0
2020-2501-2-10368-1,2020-2501-2-10368,2020-02-17,2020,2020-02,8517120000,851712000000,851712,85,Cellular telephones,Cellular telephones,CR_HASH_032,Import,IM,DE,DE,BH,DE,DE,BH,DE,NMB,2.4,2948.6625,price_per_item,7076.79,18821.25,2.4,235.54,252.94,7.98944603600925,9.1609472788485,0.7778458576033893,8.086449359029473,9.737226953131787,1.6507775941023137,5.610282967876002,12.213393344285258,False,-1.0158397776199433,1.0158397776199433,NORMAL,6.0,0.006289308176100629,5.0689042022202315,46.22900654036249,5.0,0.005241090146750524,5.251225759014186,47.13660531805522,4.0,1.5,1.0,3.0,2.0,63.63636363636365,49.15776967695511,LOW,1,0.0,-0.6867242527040537,17.168106317601342,1.0,0.0,1,True,91.66666666666666,True,True,100.0,0.5,50.0,71.00883721116047,LOW,1,LOW,"LOW (driven by pattern+cr_profile; price_level=NORMAL, pattern_level=LOW, cr_profile_level=LOW)",1
2020-2501-8-10695-1,2020-2501-8-10695,2020-02-17,2020,2020-02,1006301000,100630100000,100630,10,Long-grain milled rice,Long-grain milled rice,CR_HASH_044,Re-export,EX,BH,BH,US,BH,BH,US,US,KGM,2152.49,1.76719984761834,price_per_kg,3803.88,10116.7,1.58,2152.49,2426.27,1.017835923573727,0.2942812331971436,0.07865143426710039,0.2366195387420564,0.39544094305664584,0.15882140431458944,-0.0016125677298277352,0.63367304952853,True,6.204984781047993,6.204984781047993,HIGH,8.0,0.008385744234800839,4.781222129768451,37.595620697047174,8.0,0.008385744234800839,4.781222129768451,31.698925390914113,8.0,1.0,0.0,1.0,1.0,0.0,29.892434235343526,NORMAL,0,0.0,9.955555706729555,100.0,1.0,0.0,2,False,83.33333333333334,True,True,100.0,0.6666666666666667,66.66666666666667,93.33333333333334,HIGH,1,HIGH,"HIGH (driven by price+cr_profile; price_level=HIGH, pattern_level=NORMAL, cr_profile_level=HIGH)",1
2020-2501-9-10744-1,2020-2501-9-10744,2020-02-17,2020,2020-02,8517120000,851712000000,851712,85,Cellular telephones,Cellular telephones,CR_HASH_006,Re-export,EX,BH,BH,AE,BH,BH,AE,AE,NMB,4.74,2793.6582278481014,price_per_item,13241.94,35217.93,4.74,202.46,234.63,7.935465098272733,8.864077348542533,0.8102493638708186,8.21372138236038,9.675589371385747,1.461867989025368,6.020919398822327,11.8683913549238,False,-0.7730217509230998,0.7730217509230998,NORMAL,5.0,0.005241090146750524,5.251225759014186,51.700506150822136,5.0,0.005241090146750524,5.251225759014186,47.13660531805522,5.0,1.0,0.0,1.0,1.0,0.0,42.348064936730395,NORMAL,0,0.0,-0.6959448613142563,17.398621532856406,1.0,0.0,2,False,83.33333333333334,True,True,100.0,0.75,75.0,66.08951753649974,LOW,1,NORMAL,"NORMAL (price_level=NORMAL, pattern_level=NORMAL, cr_profile_level=LOW)",0
2020-2701-5-10773-1,2020-2701-5-10773,2020-02-17,2020,2020-02,2710192100,271019210000,271019,27,Gas oils for diesel engines,Gas oils for diesel engines,CR_HASH_003,Import,IM,CN,CN,BH,CN,CN,BH,CN,LTR,16346.14,0.32014714177169656,price_per_liter_gross_weight,5233.17,13918.0,3.27,15160.98,16346.14,0.2777432014250089,0.26355592811875056,0.07105600884335336,0.1979668243457394,0.33634243682655873,0.13837561248081934,-0.009596594375489625,0.5439058555477878,False,0.13467101379611657,0.13467101379611657,NORMAL,19.0,0.019916142557651992,3.916224692281846,11.63690673320574,15.0,0.015723270440251572,4.152613470346076,11.051724646602178,8.0,2.375,1.407885953173359,5.0,2.1052631578947367,70.33492822966507,20.236796227363392,NORMAL,0,0.0,0.12306055905913568,3.076513976478392,1.0,0.0,1,True,91.66666666666666,False,True,50.0,1.0,100.0,53.57677989176744,LOW,1,NORMAL,"NORMAL (price_level=NORMAL, pattern_level=NORMAL, cr_profile_level=LOW)",0
2020-2601-6-10470-1,2020-2601-6-10470,2020-02-18,2020,2020-02,8471300000,847130000000,847130,84,Portable laptop computers,Portable laptop computers,CR_HASH_001,Import,IM,TH,SA,BH,TH,SA,BH,TH,NMB,1.38,27564.65942028986,price_per_item,38039.23,101168.16,1.38,259.64,280.71,10.224326053113483,8.71824987064452,0.6999612932513521,7.750041925937837,9.126895264901794,1.376853338963957,5.684761917491901,11.192175273347729,False,1.4512723459671668,1.4512723459671668,NORMAL,2.0,0.0020964360587002098,6.1675164908883415,79.19854023234907,1.0,0.0010482180293501049,6.860663671448286,100.0,2.0,1.0,0.0,1.0,1.0,0.0,74.59927011617454,LOW,1,0.0,3.452149141304949,86.30372853262372,1.0,0.0,1,True,91.66666666666666,True,True,100.0,1.0,100.0,100.0,HIGH,1,HIGH,"HIGH (driven by pattern+cr_profile; price_level=NORMAL, pattern_level=LOW, cr_profile_level=HIGH)",1
2020-2501-8-10215-1,2020-2501-8-10215,2020-02-18,2020,2020-02,3923301000,392330100000,392330,39,Plastic bottles for packaging,Plastic bottles for packaging,CR_HASH_033,Import,IM,CN,CN,BH,CN,CN,BH,CN,NMB,0.86,44.593023255813954,price_per_item,38.35,102.0,0.86,170.04,198.29,3.819754706038824,1.6841288050356895,0.6442087840607709,1.0864174155799162,2.3469388358112164,1.2605214202313002,-0.8043647147670341,4.237720966158166,False,2.236014117729894,2.236014117729894,LOW,28.0,0.029350104821802937,3.5284591612730827,0.0,21.0,0.0220125786163522,3.8161412337248635,0.0,12.0,2.3333333333333335,1.2309149097933274,5.0,2.142857142857143,72.72727272727273,10.90909090909091,NORMAL,0,0.0,8.384111055936946,100.0,1.0,0.0,1,True,91.66666666666666,True,True,100.0,1.0,100.0,100.0,HIGH,1,HIGH,"HIGH (driven by price+cr_profile; price_level=LOW, pattern_level=NORMAL, cr_profile_level=HIGH)",1
2020-2601-4-10093-1,2020-2601-4-10093,2020-02-18,2020,2020-02,8471300000,847130000000,847130,84,Portable laptop computers,Portable laptop computers,CR_HASH_045,,,CN,BH,SA,CN,BH,SA,,NMB,4.71,2604.68152866242,price_per_item,12268.05,32627.8,4.71,237.53,260.16,7.865449543256981,7.865449543256981,0.0,7.865449543256981,7.865449543256981,0.0,7.865449543256981,7.865449543256981,False,0.0,0.0,NORMAL,,,,0.0,,,,0.0,,,,,,0.0,0.0,NORMAL,0,0.0,-0.567748838901746,14.19372097254365,1.0,0.0,1,True,91.66666666666666,False,False,0.0,1.0,100.0,34.96780234039028,NORMAL,0,NORMAL,"NORMAL (price_level=NORMAL, pattern_level=NORMAL, cr_profile_level=NORMAL)",0
2020-2501-5-10739-1,2020-2501-5-10739,2020-02-19,2020,2020-02,8517120000,851712000000,851712,85,Cellular telephones,Cellular telephones,CR_HASH_033,Import,IM,CN,IN,BH,CN,IN,BH,CN,NMB,2.9,26304.793103448275,price_per_item,76283.9,202882.7,2.9,38.56,42.65,10.17754446400305,9.1609472788485,0.7778458576033893,8.086449359029473,9.737226953131787,1.6507775941023137,5.610282967876002,12.213393344285258,False,0.8815183635602533,0.8815183635602533,NORMAL,22.0,0.023060796645702306,3.769621218089971,7.2373125983257305,3.0,0.0031446540880503146,5.762051382780177,63.915119328547,10.0,2.2,0.7888106377466155,3.0,1.3636363636363635,23.140495867768593,29.460022444319602,NORMAL,0,0.0,1.8965009524967147,47.41252381241787,1.0,0.0,2,False,83.33333333333334,False,True,83.33333333333334,0.8333333333333334,83.33333333333334,64.09438333434625,LOW,1,NORMAL,"NORMAL (price_level=NORMAL, pattern_level=NORMAL, cr_profile_level=LOW)",0
2020-2801-8-10490-1,2020-2801-8-10490,2020-02-19,2020,2020-02,3923301000,392330100000,392330,39,Plastic bottles for packaging,Plastic bottles for packaging,CR_HASH_019,Re-export,EX,BH,BH,US,BH,BH,US,US,NMB,2.8,4.110714285714286,price_per_item,11.51,30.6,2.8,99.05,116.55,1.6313391763872014,2.008077055471865,0.7629623078147538,1.1201351912780924,2.51712417371907,1.3969889824409778,-0.9753482823833743,4.612607647380537,False,-0.3330521253601863,0.3330521253601863,NORMAL,6.0,0.006289308176100629,5.0689042022202315,46.22900654036249,6.0,0.006289308176100629,5.0689042022202315,41.148094458851695,6.0,1.0,0.0,1.0,1.0,0.0,37.51633633077934,NORMAL,0,0.0,-0.12641700402590803,3.1604251006477004,1.0,0.0,1,True,91.66666666666666,True,True,100.0,1.0,100.0,76.1061487852267,MEDIUM,1,LOW,"LOW (driven by cr_profile; price_level=NORMAL, pattern_level=NORMAL, cr_profile_level=MEDIUM)",1
2020-2801-3-10072-1,2020-2801-3-10072,2020-02-19,2020,2020-02,8517120000,851712000000,851712,85,Cellular telephones,Cellular telephones,CR_HASH_020,Import,IM,DE,DE,BH,DE,DE,BH,DE,NMB,4.91,2436.556008146639,price_per_item,11963.49,31817.8,4.91,231.66,257.93,7.798751180309204,9.1609472788485,0.7778458576033893,8.086449359029473,9.737226953131787,1.6507775941023137,5.610282967876002,12.213393344285258,False,-1.18119634125287,1.18119634125287,NORMAL,6.0,0.006289308176100629,5.0689042022202315,46.22900654036249,5.0,0.005241090146750524,5.251225759014186,47.13660531805522,4.0,1.5,1.0,3.0,2.0,63.63636363636365,49.15776967695511,LOW,1,0.0,-0.7433813047587734,18.584532618969334,1.0,0.0,1,True,91.66666666666666,True,True,100.0,1.0,100.0,81.50458641663927,MEDIUM,1,MEDIUM,"MEDIUM (driven by pattern+cr_profile; price_level=NORMAL, pattern_level=LOW, cr_profile_level=MEDIUM)",1
2020-2801-5-10238-1,2020-2801-5-10238,2020-02-19,2020,2020-02,2710192100,271019210000,271019,27,Gas oils for diesel engines,Gas oils for diesel engines,CR_HASH_030,Re-export,EX,BH,BH,CN,BH,BH,CN,CN,LTR,4411.39,0.05616143664468568,price_per_liter_gross_weight,247.75,658.9,4.7,4186.07,4411.39,0.054641049210282205,0.2773855677315066,0.0779894680702432,0.16396900989912072,0.33244641877019565,0.16847740887107493,-0.08874710340749165,0.585162532076808,False,-1.9264026692849405,1.9264026692849405,NORMAL,10.0,0.010482180293501049,4.558078578454241,30.899046383171186,10.0,0.010482180293501049,4.558078578454241,24.369580448359905,7.0,1.4285714285714286,0.5345224838248488,2.0,1.4,25.454545454545453,27.797058166693375,NORMAL,0,0.0,-1.6507518974598705,41.26879743649676,1.0,0.0,1,True,91.66666666666666,True,True,100.0,1.0,100.0,89.44407910277387,HIGH,1,HIGH,"HIGH (driven by cr_profile; price_level=NORMAL, pattern_level=NORMAL, cr_profile_level=HIGH)",1
2020-2601-2-10655-1,2020-2601-2-10655,2020-02-20,2020,2020-02,9018390000,901839000000,901839,90,Medical syringes and needles,Medical syringes and needles,CR_HASH_020,Import,IM,IN,IN,BH,IN,IN,BH,IN,NMB,1.11,81.29729729729729,price_per_item,90.24,240.0,1.11,777.59,930.37,4.410338267499773,1.1592369104845446,0.5792846449150362,0.6041021775947832,1.7481096643936567,1.1440074867988734,-1.111909052603527,3.464120894591967,True,3.7854236991733394,3.7854236991733394,MEDIUM,6.0,0.006289308176100629,5.0689042022202315,46.22900654036249,6.0,0.006289308176100629,5.0689042022202315,41.148094458851695,3.0,2.0,1.0,3.0,1.5,31.818181818181824,42.28906360350661,NORMAL,0,0.0,29.918926413182632,100.0,1.0,0.0,1,True,91.66666666666666,True,True,100.0,1.0,100.0,100.0,HIGH,1,HIGH,"HIGH (driven by price+cr_profile; price_level=MEDIUM, pattern_level=NORMAL, cr_profile_level=HIGH)",1
2020-2701-8-10073-1,2020-2701-8-10073,2020-02-20,2020,2020-02,102211000,102211000000,102211,10,"Live cattle, pure-bred breeding","Live cattle, pure-bred breeding",CR_HASH_021,Re-export,EX,BH,BH,CN,BH,BH,CN,CN,NMB,2.75,85064.16,price_per_item,233926.44,622144.8,2.75,364.17,392.01,11.351172830029064,9.549317841384953,0.6971436999939566,8.846103941045365,10.18755556601122,1.3414516249658544,6.833926503596584,12.19973300346,False,1.743305633785106,1.743305633785106,NORMAL,11.0,0.011530398322851153,4.462768398649916,28.038772365976683,11.0,0.011530398322851153,4.462768398649916,21.2390343034744,9.0,1.2222222222222223,0.4409585518440984,2.0,1.6363636363636362,40.49586776859504,27.527428354493637,NORMAL,0,0.0,4.001579122545427,100.0,1.0,0.0,1,True,91.66666666666666,False,True,50.0,0.5,50.0,77.5,MEDIUM,1,LOW,"LOW (driven by cr_profile; price_level=NORMAL, pattern_level=NORMAL, cr_profile_level=MEDIUM)",1
2020-2701-2-10701-1,2020-2701-2-10701,2020-02-20,2020,2020-02,8471300000,847130000000,847130,84,Portable laptop computers,Portable laptop computers,CR_HASH_019,,,JP,BH,AE,JP,BH,AE,,NMB,1.41,5101.63120567376,price_per_item,7193.3,19131.12,1.41,91.91,98.67,8.537511608351197,8.537511608351197,0.0,8.537511608351197,8.537511608351197,0.0,8.537511608351197,8.537511608351197,False,0.0,0.0,NORMAL,,,,0.0,,,,0.0,,,,,,0.0,0.0,NORMAL,0,0.0,-0.21203342949976445,5.300835737494111,1.0,0.0,1,True,91.66666666666666,False,False,0.0,1.0,100.0,31.85529250812294,NORMAL,0,NORMAL,"NORMAL (price_level=NORMAL, pattern_level=NORMAL, cr_profile_level=NORMAL)",0
2020-2601-6-10812-1,2020-2601-6-10812,2020-02-21,2020,2020-02,8504400090,850440009000,850440,85,Static converters,Static converters,CR_HASH_046,Import,IM,CN,JP,BH,CN,JP,BH,CN,NMB,4.68,1383.7072649572651,price_per_item,6475.75,17222.74,4.68,625.98,692.67,7.23324403523986,7.466827051260017,0.5715840105867187,6.914775863803976,8.032836322465545,1.11806045866157,5.23768517581162,9.7099270104579,False,-0.27563679696804005,0.27563679696804005,NORMAL,19.0,0.019916142557651992,3.916224692281846,11.63690673320574,2.0,0.0020964360587002098,6.1675164908883415,77.23297513030472,9.0,2.111111111111111,0.9279607271383371,4.0,1.894736842105263,56.9377990430622,41.39066451866885,NORMAL,0,0.0,-0.2153384712424275,5.383461781060688,1.0,0.0,1,True,91.66666666666666,False,True,80.0,1.0,100.0,61.88421162337124,LOW,1,NORMAL,"NORMAL (price_level=NORMAL, pattern_level=NORMAL, cr_profile_level=LOW)",0
2020-2801-1-10495-1,2020-2801-1-10495,2020-02-22,2020,2020-02,8703221000,870322100000,870322,87,Passenger cars 1000-1500cc,Passenger cars 1000-1500cc,CR_HASH_007,Re-export,EX,BH,BH,IN,BH,BH,IN,IN,NMB,4.07,194794.7985257985,price_per_item,792814.83,2108550.08,4.07,164.54,196.88,12.179707101815257,12.004283802979177,0.6624296738554509,11.2719045323345,12.594725507248622,1.3228209749141229,9.287673069963315,14.578956969619806,False,0.17861729136194482,0.17861729136194482,NORMAL,4.0,0.0041928721174004195,5.474369310328396,58.39708046469813,4.0,0.0041928721174004195,5.474369310328396,54.46595026060942,4.0,1.0,0.0,1.0,1.0,0.0,48.26162282356236,LOW,1,0.0,-0.14892369314677065,3.7230923286692663,1.0,0.0,1,True,91.66666666666666,True,True,100.0,1.0,100.0,76.30308231503425,MEDIUM,1,MEDIUM,"MEDIUM (driven by pattern+cr_profile; price_level=NORMAL, pattern_level=LOW, cr_profile_level=MEDIUM)",1
2020-2801-5-10676-1,2020-2801-5-10676,2020-02-22,2020,2020-02,3923301000,392330100000,392330,39,Plastic bottles for packaging,Plastic bottles for packaging,CR_HASH_006,Import,IM,AE,AE,BH,AE,AE,BH,AE,NMB,3.63,7.630853994490358,price_per_item,27.7,73.67,3.63,834.89,929.21,2.155343456687341,1.6841288050356895,0.6442087840607709,1.0864174155799162,2.3469388358112164,1.2605214202313002,-0.8043647147670341,4.237720966158166,False,0.4933647850399996,0.4933647850399996,NORMAL,13.0,0.013626834381551363,4.29571431398675,23.025452080470465,11.0,0.011530398322851153,4.462768398649916,21.2390343034744,7.0,1.8571428571428572,1.2149857925879117,4.0,2.1538461538461537,73.42657342657343,29.960374060437285,NORMAL,0,0.0,0.6352009085180148,15.880022712950371,1.0,0.0,1,True,91.66666666666666,False,True,80.0,0.8,80.0,61.55800794953263,LOW,1,NORMAL,"NORMAL (price_level=NORMAL, pattern_level=NORMAL, cr_profile_level=LOW)",0
2020-2801-2-10480-1,2020-2801-2-10480,2020-02-22,2020,2020-02,2710192100,271019210000,271019,27,Gas oils for diesel engines,Gas oils for diesel engines,CR_HASH_025,Import,IM,CN,AE,BH,CN,AE,BH,CN,LTR,861.8,0.33647017869575313,price_per_liter_gross_weight,289.97,771.19,3.14,771.32,861.8,0.29003194336305216,0.26355592811875056,0.07105600884335336,0.1979668243457394,0.33634243682655873,0.13837561248081934,-0.009596594375489625,0.5439058555477878,False,0.2513204431367852,0.2513204431367852,NORMAL,19.0,0.019916142557651992,3.916224692281846,11.63690673320574,2.0,0.0020964360587002098,6.1675164908883415,77.23297513030472,8.0,2.375,1.407885953173359,5.0,2.1052631578947367,70.33492822966507,43.40023389665928,NORMAL,0,0.0,0.28181995449003505,7.045498862250876,1.0,0.0,1,True,91.66666666666666,False,True,66.66666666666667,1.0,100.0,59.132591268454476,LOW,1,NORMAL,"NORMAL (price_level=NORMAL, pattern_level=NORMAL, cr_profile_level=LOW)",0
2020-2701-2-10915-1,2020-2701-2-10915,2020-02-23,2020,2020-02,6109100000,610910000000,610910,61,Cotton t-shirts,Cotton t-shirts,CR_HASH_033,Import,IM,SA,SA,BH,SA,SA,BH,SA,NMB,4.61,99.60520607375271,price_per_item,459.18,1221.22,4.61,263.67,309.85,4.611204006562752,4.644105600231562,0.7882174659262975,3.8927224589349843,5.444558727344917,1.5518362684099332,1.5649680563200845,7.772313129959818,False,-0.02815443942946199,0.02815443942946199,NORMAL,14.0,0.014675052410901468,4.221606341833028,20.80145976765095,10.0,0.010482180293501049,4.558078578454241,24.369580448359905,8.0,1.75,0.8864052604279183,3.0,1.7142857142857142,45.45454545454546,25.74826485893326,NORMAL,0,0.0,-0.05216265395238111,1.3040663488095277,1.0,0.0,2,False,83.33333333333334,False,True,71.42857142857143,0.8571428571428572,85.71428571428572,45.45642322208334,LOW,1,NORMAL,"NORMAL (price_level=NORMAL, pattern_level=NORMAL, cr_profile_level=LOW)",0
2020-2701-3-10907-1,2020-2701-3-10907,2020-02-23,2020,2020-02,8703221000,870322100000,870322,87,Passenger cars 1000-1500cc,Passenger cars 1000-1500cc,CR_HASH_026,Re-export,EX,BH,BH,SA,BH,BH,SA,SA,NMB,2.35,345171.8978723404,price_per_item,811153.96,2157324.37,2.35,557.64,661.44,12.751800723731305,12.004283802979177,0.6624296738554509,11.2719045323345,12.594725507248622,1.3228209749141229,9.287673069963315,14.578956969619806,False,0.7611272192340357,0.7611272192340357,NORMAL,5.0,0.005241090146750524,5.251225759014186,51.700506150822136,5.0,0.005241090146750524,5.251225759014186,47.13660531805522,5.0,1.0,0.0,1.0,1.0,0.0,42.348064936730395,NORMAL,0,0.0,0.7026285967509686,17.565714918774216,1.0,0.0,1,True,91.66666666666666,True,True,100.0,1.0,100.0,81.14800022157098,MEDIUM,1,LOW,"LOW (driven by cr_profile; price_level=NORMAL, pattern_level=NORMAL, cr_profile_level=MEDIUM)",1
2020-2701-6-10749-1,2020-2701-6-10749,2020-02-24,2020,2020-02,8517120000,851712000000,851712,85,Cellular telephones,Cellular telephones,CR_HASH_038,Import,IM,DE,DE,BH,DE,DE,BH,DE,NMB,4.13,13016.845036319613,price_per_item,53759.57,142977.58,4.13,388.25,464.44,9.474076390260562,9.1609472788485,0.7778458576033893,8.086449359029473,9.737226953131787,1.6507775941023137,5.610282967876002,12.213393344285258,False,0.2715225518090265,0.2715225518090265,NORMAL,6.0,0.006289308176100629,5.0689042022202315,46.22900654036249,5.0,0.005241090146750524,5.251225759014186,47.13660531805522,4.0,1.5,1.0,3.0,2.0,63.63636363636365,49.15776967695511,LOW,1,0.0,0.41438824646252864,10.359706161563215,1.0,0.0,1,True,91.66666666666666,True,True,100.0,1.0,100.0,78.62589715654713,MEDIUM,1,MEDIUM,"MEDIUM (driven by pattern+cr_profile; price_level=NORMAL, pattern_level=LOW, cr_profile_level=MEDIUM)",1
2020-2501-2-10098-1,2020-2501-2-10098,2020-02-24,2020,2020-02,8703221000,870322100000,870322,87,Passenger cars 1000-1500cc,Passenger cars 1000-1500cc,CR_HASH_047,Import,IM,CN,DE,BH,CN,DE,BH,CN,NMB,0.91,474892.02197802195,price_per_item,432151.74,1149339.74,0.91,374.74,442.05,13.070844840763272,12.339741490828857,0.5298577154310848,11.445675964067552,12.647064860424424,1.201388896356871,9.643592619532246,14.44914820495973,False,0.9306695729662988,0.9306695729662988,NORMAL,20.0,0.020964360587002098,3.8649313978942956,10.097586615520235,1.0,0.0010482180293501049,6.860663671448286,100.0,9.0,2.2222222222222223,1.3017082793177757,5.0,2.25,79.54545454545456,51.98061148957831,LOW,1,0.0,1.4176969010855696,35.442422527139236,1.0,0.0,1,True,91.66666666666666,True,True,100.0,1.0,100.0,87.40484788449874,HIGH,1,HIGH,"HIGH (driven by pattern+cr_profile; price_level=NORMAL, pattern_level=LOW, cr_profile_level=HIGH)",1
2020-2601-8-10436-1,2020-2601-8-10436,2020-02-24,2020,2020-02,9018390000,901839000000,901839,90,Medical syringes and needles,Medical syringes and needles,CR_HASH_023,Import,IM,SA,SA,BH,SA,SA,BH,SA,NMB,0.71,0.7183098591549296,price_per_item,0.51,1.36,0.71,43.12,47.52,0.5413411676919412,1.1592369104845446,0.5792846449150362,0.6041021775947832,1.7481096643936567,1.1440074867988734,-1.111909052603527,3.464120894591967,False,-0.7194476368257009,0.7194476368257009,NORMAL,6.0,0.006289308176100629,5.0689042022202315,46.22900654036249,5.0,0.005241090146750524,5.251225759014186,47.13660531805522,5.0,1.2,0.4472135954999579,2.0,1.6666666666666667,42.424242424242436,45.97595149513693,LOW,1,0.0,-0.7562531650607938,18.906329126519843,1.0,0.0,1,True,91.66666666666666,True,True,100.0,1.0,100.0,81.61721519428195,MEDIUM,1,MEDIUM,"MEDIUM (driven by pattern+cr_profile; price_level=NORMAL, pattern_level=LOW, cr_profile_level=MEDIUM)",1
2020-2801-1-10914-1,2020-2801-1-10914,2020-02-24,2020,2020-02,3923301000,392330100000,392330,39,Plastic bottles for packaging,Plastic bottles for packaging,CR_HASH_021,Re-export,EX,BH,BH,CN,BH,BH,CN,CN,NMB,0.68,44.04411764705882,price_per_item,29.95,79.65,0.68,704.4,808.87,3.8076424016566683,2.008077055471865,0.7629623078147538,1.1201351912780924,2.51712417371907,1.3969889824409778,-0.9753482823833743,4.612607647380537,False,1.5908914302102806,1.5908914302102806,NORMAL,14.0,0.014675052410901468,4.221606341833028,20.80145976765095,14.0,0.014675052410901468,4.221606341833028,13.317855801757727,7.0,2.0,0.816496580927726,3.0,1.5,31.818181818181824,19.83470668716795,NORMAL,0,0.0,8.180211538805871,100.0,1.0,0.0,1,True,91.66666666666666,False,True,33.333333333333336,1.0,100.0,83.33333333333334,MEDIUM,1,LOW,"LOW (driven by cr_profile; price_level=NORMAL, pattern_level=NORMAL, cr_profile_level=MEDIUM)",1
2020-2801-5-10273-1,2020-2801-5-10273,2020-02-25,2020,2020-02,2710192100,271019210000,271019,27,Gas oils for diesel engines,Gas oils for diesel engines,CR_HASH_031,Import,IM,IN,IN,BH,IN,IN,BH,IN,LTR,2088.95,0.20812369850882023,price_per_liter_gross_weight,434.76,1156.28,4.83,1817.57,2088.95,0.189068493697991,0.26355592811875056,0.07105600884335336,0.1979668243457394,0.33634243682655873,0.13837561248081934,-0.009596594375489625,0.5439058555477878,False,-0.7070631609028345,0.7070631609028345,NORMAL,6.0,0.006289308176100629,5.0689042022202315,46.22900654036249,6.0,0.006289308176100629,5.0689042022202315,41.148094458851695,5.0,1.2,0.4472135954999579,2.0,1.6666666666666667,42.424242424242436,43.879972694415706,NORMAL,0,0.0,-0.6176128819197578,15.440322047993945,1.0,0.0,2,False,83.33333333333334,False,True,66.66666666666667,0.6666666666666667,66.66666666666667,45.40411271679788,LOW,1,NORMAL,"NORMAL (price_level=NORMAL, pattern_level=NORMAL, cr_profile_level=LOW)",0
2020-2501-9-10664-1,2020-2501-9-10664,2020-02-25,2020,2020-02,8703221000,870322100000,870322,87,Passenger cars 1000-1500cc,Passenger cars 1000-1500cc,CR_HASH_007,Import,IM,IN,IN,BH,IN,IN,BH,IN,NMB,0.64,1134145.53125,price_per_item,725853.14,1930460.48,0.64,556.58,589.13,13.941390971191973,12.339741490828857,0.5298577154310848,11.445675964067552,12.647064860424424,1.201388896356871,9.643592619532246,14.44914820495973,False,2.0388450388921813,2.0388450388921813,LOW,9.0,0.009433962264150943,4.663439094112067,34.06093261602687,7.0,0.007337526205450734,4.9147535223929735,36.084880671453035,6.0,1.5,0.8366600265340756,3.0,2.0,63.63636363636365,39.20562908847654,NORMAL,0,0.0,4.815531233181998,100.0,1.0,0.0,1,True,91.66666666666666,False,False,66.66666666666667,0.6666666666666667,66.66666666666667,75.0,MEDIUM,1,MEDIUM,"MEDIUM (driven by price+cr_profile; price_level=LOW, pattern_level=NORMAL, cr_profile_level=MEDIUM)",1
2020-2701-1-10444-1,2020-2701-1-10444,2020-02-25,2020,2020-02,9018390000,901839000000,901839,90,Medical syringes and needles,Medical syringes and needles,CR_HASH_037,Import,IM,CN,CN,BH,CN,CN,BH,CN,NMB,1.2,2.891666666666667,price_per_item,3.47,9.24,1.2,1010.45,1195.38,1.3588375148868514,1.1592369104845446,0.5792846449150362,0.6041021775947832,1.7481096643936567,1.1440074867988734,-1.111909052603527,3.464120894591967,False,0.23240519913150026,0.23240519913150026,NORMAL,23.0,0.02410901467505241,3.725169455519137,5.903307964603629,18.0,0.018867924528301886,3.970291913552122,5.063213787398673,12.0,1.9166666666666667,0.9962049198956219,4.0,2.0869565217391304,69.16996047430831,15.099272879037596,NORMAL,0,0.0,0.05688937789332065,1.4222344473330162,1.0,0.0,2,False,83.33333333333334,True,True,100.0,0.875,87.5,62.99778205656656,LOW,1,NORMAL,"NORMAL (price_level=NORMAL, pattern_level=NORMAL, cr_profile_level=LOW)",0
2020-2601-3-10519-1,2020-2601-3-10519,2020-02-26,2020,2020-02,2710192100,271019210000,271019,27,Gas oils for diesel engines,Gas oils for diesel engines,CR_HASH_004,,,CN,BH,SA,CN,BH,SA,,LTR,9331.21,0.23569719253987428,price_per_liter_gross_weight,2199.34,5849.32,1.13,8730.88,9331.21,0.21163533916611166,0.21163533916611166,0.0,0.21163533916611166,0.21163533916611166,0.0,0.21163533916611166,0.21163533916611166,False,0.0,0.0,NORMAL,,,,0.0,,,,0.0,,,,,,0.0,0.0,NORMAL,0,0.0,-0.4309665106702353,10.774162766755882,1.0,0.0,2,False,83.33333333333334,False,False,0.0,0.5,50.0,13.770956968364558,NORMAL,0,NORMAL,"NORMAL (price_level=NORMAL, pattern_level=NORMAL, cr_profile_level=NORMAL)",0
2020-2701-9-10125-1,2020-2701-9-10125,2020-02-26,2020,2020-02,8517120000,851712000000,851712,85,Cellular telephones,Cellular telephones,CR_HASH_022,Re-export,EX,BH,BH,CN,BH,BH,CN,CN,NMB,2.48,8427.733870967742,price_per_item,20900.78,55587.18,2.48,254.19,282.5,9.039401846473506,8.864077348542533,0.8102493638708186,8.21372138236038,9.675589371385747,1.461867989025368,6.020919398822327,11.8683913549238,False,0.14594859192406398,0.14594859192406398,NORMAL,5.0,0.005241090146750524,5.251225759014186,51.700506150822136,5.0,0.005241090146750524,5.251225759014186,47.13660531805522,5.0,1.0,0.0,1.0,1.0,0.0,42.348064936730395,NORMAL,0,0.0,-0.07341467992476061,1.8353669981190153,1.0,0.0,1,True,91.66666666666666,True,True,100.0,1.0,100.0,75.64237844934166,MEDIUM,1,LOW,"LOW (driven by cr_profile; price_level=NORMAL, pattern_level=NORMAL, cr_profile_level=MEDIUM)",1
2020-2601-3-10165-1,2020-2601-3-10165,2020-02-26,2020,2020-02,9018390000,901839000000,901839,90,Medical syringes and needles,Medical syringes and needles,CR_HASH_033,Re-export,EX,BH,BH,IN,BH,BH,IN,IN,NMB,0.81,6.901234567901234,price_per_item,5.59,14.88,0.81,202.85,230.27,2.0670190216812787,1.4183722013465883,0.34031158648964543,0.9528936868330796,1.614923227688858,0.6620295408557785,-0.040150624450588146,2.6079675389725256,False,1.2856050274178246,1.2856050274178246,NORMAL,5.0,0.005241090146750524,5.251225759014186,51.700506150822136,5.0,0.005241090146750524,5.251225759014186,47.13660531805522,4.0,1.25,0.5,2.0,1.6,38.181818181818194,48.07533766400312,LOW,1,0.0,1.6682148233631133,41.70537058407783,1.0,0.0,2,False,83.33333333333334,False,False,87.5,0.875,87.5,53.97187970442724,LOW,1,LOW,"LOW (driven by pattern+cr_profile; price_level=NORMAL, pattern_level=LOW, cr_profile_level=LOW)",1
2020-2601-8-10042-1,2020-2601-8-10042,2020-02-26,2020,2020-02,8471300000,847130000000,847130,84,Portable laptop computers,Portable laptop computers,CR_HASH_049,Re-export,EX,BH,BH,IN,BH,BH,IN,IN,NMB,4.17,2646.7242206235014,price_per_item,11036.84,29353.29,4.17,215.91,242.13,7.881455765343079,9.057918359570245,1.044460022767316,7.958447179146432,9.968345476103027,2.009898296956594,4.943599733711541,12.983192921537917,False,-0.7597352999434664,0.7597352999434664,NORMAL,3.0,0.0031446540880503146,5.762051382780177,67.03046630801344,3.0,0.0031446540880503146,5.762051382780177,63.915119328547,3.0,1.0,0.0,1.0,1.0,0.0,55.88552491899817,LOW,1,0.0,-0.5743157369885852,14.357893424714629,1.0,0.0,1,True,91.66666666666666,True,True,100.0,1.0,100.0,80.02526269865012,MEDIUM,1,MEDIUM,"MEDIUM (driven by pattern+cr_profile; price_level=NORMAL, pattern_level=LOW, cr_profile_level=MEDIUM)",1
2020-2801-3-10800-1,2020-2801-3-10800,2020-02-26,2020,2020-02,8471300000,847130000000,847130,84,Portable laptop computers,Portable laptop computers,CR_HASH_020,Import,IM,CN,CN,BH,CN,CN,BH,CN,NMB,2.59,5489.258687258688,price_per_item,14217.18,37811.65,2.59,635.64,712.86,8.610730653112729,8.71824987064452,0.6999612932513521,7.750041925937837,9.126895264901794,1.376853338963957,5.684761917491901,11.192175273347729,False,-0.10360675567428211,0.10360675567428211,NORMAL,21.0,0.0220125786163522,3.8161412337248635,8.633385843315326,15.0,0.015723270440251572,4.152613470346076,11.051724646602178,10.0,2.1,1.449137674618944,5.0,2.380952380952381,87.87878787878789,21.36661472978661,NORMAL,0,0.0,-0.16285752538349682,4.071438134587421,1.0,0.0,1,True,91.66666666666666,True,True,100.0,1.0,100.0,76.4250033471056,MEDIUM,1,LOW,"LOW (driven by cr_profile; price_level=NORMAL, pattern_level=NORMAL, cr_profile_level=MEDIUM)",1
2020-2601-9-10612-1,2020-2601-9-10612,2020-02-27,2020,2020-02,8504400090,850440009000,850440,85,Static converters,Static converters,CR_HASH_024,Import,IM,US,US,BH,US,US,BH,US,NMB,2.27,2130.84140969163,price_per_item,4837.01,12864.4,2.27,1079.2,1185.19,7.664741396820872,7.466827051260017,0.5715840105867187,6.914775863803976,8.032836322465545,1.11806045866157,5.23768517581162,9.7099270104579,False,0.2335464162330724,0.2335464162330724,NORMAL,14.0,0.014675052410901468,4.221606341833028,20.80145976765095,11.0,0.011530398322851153,4.462768398649916,21.2390343034744,9.0,1.5555555555555556,1.130388330520878,4.0,2.571428571428571,100.0,32.834391890041516,NORMAL,0,0.0,0.28420536141543296,7.105134035385824,1.0,0.0,2,False,83.33333333333334,True,True,100.0,0.6666666666666667,66.66666666666667,60.820130245718374,LOW,1,NORMAL,"NORMAL (price_level=NORMAL, pattern_level=NORMAL, cr_profile_level=LOW)",0
2020-2801-9-10312-1,2020-2801-9-10312,2020-02-27,2020,2020-02,3923301000,392330100000,392330,39,Plastic bottles for packaging,Plastic bottles for packaging,CR_HASH_040,Import,IM,CN,CN,BH,CN,CN,BH,CN,NMB,2.5,5.296,price_per_item,13.24,35.2,2.5,46.72,53.19,1.839914511115102,1.6841288050356895,0.6442087840607709,1.0864174155799162,2.3469388358112164,1.2605214202313002,-0.8043647147670341,4.237720966158166,False,0.16310864087688123,0.16310864087688123,NORMAL,28.0,0.029350104821802937,3.5284591612730827,0.0,21.0,0.0220125786163522,3.8161412337248635,0.0,12.0,2.3333333333333335,1.2309149097933274,5.0,2.142857142857143,72.72727272727273,10.90909090909091,NORMAL,0,0.0,0.17189559593243595,4.2973898983108985,1.0,0.0,1,True,91.66666666666666,False,True,0.0,1.0,100.0,41.504086464408815,LOW,1,NORMAL,"NORMAL (price_level=NORMAL, pattern_level=NORMAL, cr_profile_level=LOW)",0
2020-2701-1-10212-1,2020-2701-1-10212,2020-02-27,2020,2020-02,2710192100,271019210000,271019,27,Gas oils for diesel engines,Gas oils for diesel engines,CR_HASH_027,,,CN,BH,US,CN,BH,US,,LTR,17322.12,0.40568879559776755,price_per_liter_gross_weight,7027.39,18689.86,1.78,15912.69,17322.12,0.34052742863146984,0.34052742863146984,0.0,0.34052742863146984,0.34052742863146984,0.0,0.34052742863146984,0.34052742863146984,False,0.0,0.0,NORMAL,,,,0.0,,,,0.0,,,,,,0.0,0.0,NORMAL,0,0.0,0.7168703572845192,17.92175893211298,1.0,0.0,2,False,83.33333333333334,False,False,0.0,0.6666666666666667,66.66666666666667,19.605948959572878,NORMAL,0,NORMAL,"NORMAL (price_level=NORMAL, pattern_level=NORMAL, cr_profile_level=NORMAL)",0
2020-2801-7-10161-1,2020-2801-7-10161,2020-02-27,2020,2020-02,6109100000,610910000000,610910,61,Cotton t-shirts,Cotton t-shirts,CR_HASH_035,Import,IM,SA,SA,BH,SA,SA,BH,SA,NMB,1.82,90.09340659340658,price_per_item,163.97,436.1,1.82,117.78,139.36,4.51188542616267,4.644105600231562,0.7882174659262975,3.8927224589349843,5.444558727344917,1.5518362684099332,1.5649680563200845,7.772313129959818,False,-0.11314299603986888,0.11314299603986888,NORMAL,14.0,0.014675052410901468,4.221606341833028,20.80145976765095,10.0,0.010482180293501049,4.558078578454241,24.369580448359905,8.0,1.75,0.8864052604279183,3.0,1.7142857142857142,45.45454545454546,25.74826485893326,NORMAL,0,0.0,-0.08840738209711563,2.210184552427891,1.0,0.0,1,True,91.66666666666666,False,True,0.0,1.0,100.0,40.77356459334976,LOW,1,NORMAL,"NORMAL (price_level=NORMAL, pattern_level=NORMAL, cr_profile_level=LOW)",0
2020-2801-8-10993-1,2020-2801-8-10993,2020-02-27,2020,2020-02,6109100000,610910000000,610910,61,Cotton t-shirts,Cotton t-shirts,CR_HASH_037,Import,IM,SA,SA,BH,SA,SA,BH,SA,NMB,3.0,251.88333333333333,price_per_item,755.65,2009.7,3.0,1183.02,1372.13,5.532928249303141,4.644105600231562,0.7882174659262975,3.8927224589349843,5.444558727344917,1.5518362684099332,1.5649680563200845,7.772313129959818,False,0.7605802833964924,0.7605802833964924,NORMAL,14.0,0.014675052410901468,4.221606341833028,20.80145976765095,10.0,0.010482180293501049,4.558078578454241,24.369580448359905,8.0,1.75,0.8864052604279183,3.0,1.7142857142857142,45.45454545454546,25.74826485893326,NORMAL,0,0.0,1.63878217813372,40.969554453343,1.0,0.0,2,False,83.33333333333334,True,True,100.0,0.7777777777777778,77.77777777777779,74.89489961422561,LOW,1,NORMAL,"NORMAL (price_level=NORMAL, pattern_level=NORMAL, cr_profile_level=LOW)",0
2020-2501-9-10629-1,2020-2501-9-10629,2020-02-28,2020,2020-02,8471300000,847130000000,847130,84,Portable laptop computers,Portable laptop computers,CR_HASH_014,Import,IM,IN,IN,BH,IN,IN,BH,IN,NMB,1.58,4066.879746835443,price_per_item,6425.67,17089.56,1.58,553.95,638.24,8.310877195973275,8.71824987064452,0.6999612932513521,7.750041925937837,9.126895264901794,1.376853338963957,5.684761917491901,11.192175273347729,False,-0.39254899860634485,0.39254899860634485,NORMAL,5.0,0.005241090146750524,5.251225759014186,51.700506150822136,3.0,0.0031446540880503146,5.762051382780177,63.915119328547,5.0,1.0,0.0,1.0,1.0,0.0,48.22054484040252,LOW,1,0.0,-0.3644306365150869,9.110765912877172,1.0,0.0,1,True,91.66666666666666,True,True,100.0,1.0,100.0,78.188768069507,MEDIUM,1,MEDIUM,"MEDIUM (driven by pattern+cr_profile; price_level=NORMAL, pattern_level=LOW, cr_profile_level=MEDIUM)",1
2020-2501-5-10362-1,2020-2501-5-10362,2020-02-28,2020,2020-02,8703221000,870322100000,870322,87,Passenger cars 1000-1500cc,Passenger cars 1000-1500cc,CR_HASH_031,Import,IM,US,US,BH,US,US,BH,US,NMB,1.93,92722.93264248705,price_per_item,178955.26,475944.84,1.93,35.95,41.1,11.43738189129113,12.339741490828857,0.5298577154310848,11.445675964067552,12.647064860424424,1.201388896356871,9.643592619532246,14.44914820495973,False,-1.1486729246133975,1.1486729246133975,NORMAL,10.0,0.010482180293501049,4.558078578454241,30.899046383171186,8.0,0.008385744234800839,4.781222129768451,31.698925390914113,7.0,1.4285714285714286,0.5345224838248488,2.0,1.4,25.454545454545453,30.362328896587346,NORMAL,0,0.0,-0.6499330235614477,16.24832558903619,1.0,0.0,1,True,91.66666666666666,False,False,75.0,0.5,50.0,44.43691395616267,LOW,1,NORMAL,"NORMAL (price_level=NORMAL, pattern_level=NORMAL, cr_profile_level=LOW)",0
2020-2701-7-10716-1,2020-2701-7-10716,2020-02-29,2020,2020-02,8471300000,847130000000,847130,84,Portable laptop computers,Portable laptop computers,CR_HASH_029,Import,IM,CN,SA,BH,CN,SA,BH,CN,NMB,0.84,261336.4523809524,price_per_item,219522.62,583836.75,0.84,548.45,638.36,12.47356777220203,8.71824987064452,0.6999612932513521,7.750041925937837,9.126895264901794,1.376853338963957,5.684761917491901,11.192175273347729,True,3.618667557647389,3.618667557647389,MEDIUM,21.0,0.0220125786163522,3.8161412337248635,8.633385843315326,1.0,0.0010482180293501049,6.860663671448286,100.0,10.0,2.1,1.449137674618944,5.0,2.380952380952381,87.87878787878789,52.49851110347585,LOW,1,0.0,41.35058087643006,100.0,1.0,0.0,1,True,91.66666666666666,False,True,66.66666666666667,1.0,100.0,91.66666666666667,HIGH,1,HIGH,"HIGH (driven by price+pattern+cr_profile; price_level=MEDIUM, pattern_level=LOW, cr_profile_level=HIGH)",1
2020-2601-1-10503-1,2020-2601-1-10503,2020-02-29,2020,2020-02,102211000,102211000000,102211,10,"Live cattle, pure-bred breeding","Live cattle, pure-bred breeding",CR_HASH_017,Re-export,EX,BH,BH,SA,BH,BH,SA,SA,NMB,0.86,137245.36046511628,price_per_item,118031.01,313912.25,0.86,1007.04,1166.58,11.829532841461829,9.549317841384953,0.6971436999939566,8.846103941045365,10.18755556601122,1.3414516249658544,6.833926503596584,12.19973300346,False,2.20612184716739,2.20612184716739,LOW,5.0,0.005241090146750524,5.251225759014186,51.700506150822136,5.0,0.005241090146750524,5.251225759014186,47.13660531805522,4.0,1.25,0.5,2.0,1.6,38.181818181818194,48.07533766400312,LOW,1,0.0,7.094583029632256,100.0,1.0,0.0,1,True,91.66666666666666,False,True,50.0,0.5,50.0,77.5,MEDIUM,1,MEDIUM,"MEDIUM (driven by price+pattern+cr_profile; price_level=LOW, pattern_level=LOW, cr_profile_level=MEDIUM)",1
2020-2701-2-10981-1,2020-2701-2-10981,2020-03-01,2020,2020-03,8517120000,851712000000,851712,85,Cellular telephones,Cellular telephones,CR_HASH_048,Import,IM,CN,CN,BH,CN,CN,BH,CN,NMB,2.1,8455.761904761905,price_per_item,17757.1,47226.34,2.1,731.7,799.25,9.04272162575718,9.1609472788485,0.7778458576033893,8.086449359029473,9.737226953131787,1.6507775941023137,5.610282967876002,12.213393344285258,False,-0.1025165972971477,0.1025165972971477,NORMAL,22.0,0.023060796645702306,3.769621218089971,7.2373125983257305,14.0,0.014675052410901468,4.221606341833028,13.317855801757727,10.0,2.2,0.7888106377466155,3.0,1.3636363636363635,23.140495867768593,11.750980209943359,NORMAL,0,0.0,-0.10734631039215606,2.6836577598039013,1.0,0.0,1,True,91.66666666666666,False,True,80.0,1.0,100.0,60.93928021593136,LOW,1,NORMAL,"NORMAL (price_level=NORMAL, pattern_level=NORMAL, cr_profile_level=LOW)",0
2020-2801-4-10826-1,2020-2801-4-10826,2020-03-01,2020,2020-03,8471300000,847130000000,847130,84,Portable laptop computers,Portable laptop computers,CR_HASH_047,Re-export,EX,BH,BH,AE,BH,BH,AE,AE,NMB,2.09,9363.033492822968,price_per_item,19568.74,52044.53,2.09,495.98,526.52,9.144631405368925,9.057918359570245,1.044460022767316,7.958447179146432,9.968345476103027,2.009898296956594,4.943599733711541,12.983192921537917,False,0.05599749807782751,0.05599749807782751,NORMAL,5.0,0.005241090146750524,5.251225759014186,51.700506150822136,5.0,0.005241090146750524,5.251225759014186,47.13660531805522,5.0,1.0,0.0,1.0,1.0,0.0,42.348064936730395,NORMAL,0,0.0,0.48304721705061765,12.076180426265442,1.0,0.0,2,False,83.33333333333334,False,True,66.66666666666667,0.6666666666666667,66.66666666666667,44.22666314919291,LOW,1,NORMAL,"NORMAL (price_level=NORMAL, pattern_level=NORMAL, cr_profile_level=LOW)",0
2020-2801-4-10967-1,2020-2801-4-10967,2020-03-02,2020,2020-03,2710192100,271019210000,271019,27,Gas oils for diesel engines,Gas oils for diesel engines,CR_HASH_039,Re-export,EX,BH,BH,AE,BH,BH,AE,AE,LTR,17014.09,0.24389256198832848,price_per_liter_gross_weight,4149.61,11036.2,2.41,14723.1,17014.09,0.21824562562616895,0.2773855677315066,0.0779894680702432,0.16396900989912072,0.33244641877019565,0.16847740887107493,-0.08874710340749165,0.585162532076808,False,-0.5114709133559379,0.5114709133559379,NORMAL,8.0,0.008385744234800839,4.781222129768451,37.595620697047174,8.0,0.008385744234800839,4.781222129768451,31.698925390914113,6.0,1.3333333333333333,0.5163977794943222,2.0,1.5,31.818181818181824,34.665161508070796,NORMAL,0,0.0,-0.39502199229195895,9.875549807298974,1.0,0.0,1,True,91.66666666666666,True,True,100.0,1.0,100.0,78.45644243255464,MEDIUM,1,LOW,"LOW (driven by cr_profile; price_level=NORMAL, pattern_level=NORMAL, cr_profile_level=MEDIUM)",1
2020-2601-7-10546-1,2020-2601-7-10546,2020-03-02,2020,2020-03,8703221000,870322100000,870322,87,Passenger cars 1000-1500cc,Passenger cars 1000-1500cc,CR_HASH_038,,,AE,BH,SA,AE,BH,SA,,NMB,0.93,95944.94623655913,price_per_item,89228.8,237310.65,0.93,221.34,239.43,11.4715402518363,11.4715402518363,0.0,11.4715402518363,11.4715402518363,0.0,11.4715402518363,11.4715402518363,False,0.0,0.0,NORMAL,,,,0.0,,,,0.0,,,,,,0.0,0.0,NORMAL,0,0.0,-0.6663347946361169,16.658369865902923,1.0,0.0,1,True,91.66666666666666,False,False,0.0,1.0,100.0,35.830429453066024,LOW,1,NORMAL,"NORMAL (price_level=NORMAL, pattern_level=NORMAL, cr_profile_level=LOW)",0
2020-2501-8-10154-1,2020-2501-8-10154,2020-03-03,2020,2020-03,2710192100,271019210000,271019,27,Gas oils for diesel engines,Gas oils for diesel engines,CR_HASH_009,Import,IM,AE,AE,BH,AE,AE,BH,AE,LTR,4894.11,0.4937281752964278,price_per_liter_gross_weight,2416.36,6426.48,2.81,4294.29,4894.11,0.40127512591073106,0.26355592811875056,0.07105600884335336,0.1979668243457394,0.33634243682655873,0.13837561248081934,-0.009596594375489625,0.5439058555477878,False,1.3072831956830262,1.3072831956830262,NORMAL,12.0,0.012578616352201259,4.375757021660286,25.427546772711544,10.0,0.010482180293501049,4.558078578454241,24.369580448359905,7.0,1.7142857142857142,0.7559289460184544,3.0,1.75,47.727272727272734,28.40221745237265,NORMAL,0,0.0,1.3306740379858577,33.26685094964644,1.0,0.0,1,True,91.66666666666666,True,True,100.0,1.0,100.0,86.64339783237625,HIGH,1,HIGH,"HIGH (driven by cr_profile; price_level=NORMAL, pattern_level=NORMAL, cr_profile_level=HIGH)",1
2020-2601-6-10371-1,2020-2601-6-10371,2020-03-04,2020,2020-03,1006301000,100630100000,100630,10,Long-grain milled rice,Long-grain milled rice,CR_HASH_041,Import,IM,IN,IN,BH,IN,IN,BH,IN,KGM,352.74,0.5376764755910869,price_per_kg,189.66,504.42,3.91,352.74,419.97,0.4302724949839672,0.32869838978139143,0.06767869107876259,0.270176176769005,0.39860128498662895,0.12842510821762393,0.07753851444256912,0.5912389473130648,False,1.012294922806795,1.012294922806795,NORMAL,5.0,0.005241090146750524,5.251225759014186,51.700506150822136,4.0,0.0041928721174004195,5.474369310328396,54.46595026060942,4.0,1.25,0.5,2.0,1.6,38.181818181818194,50.64060839389709,LOW,1,0.0,1.1061490353339574,27.653725883348933,1.0,0.0,1,True,91.66666666666666,True,True,100.0,0.0,0.0,64.67880405917212,LOW,1,LOW,"LOW (driven by pattern+cr_profile; price_level=NORMAL, pattern_level=LOW, cr_profile_level=LOW)",1
2020-2601-7-10443-1,2020-2601-7-10443,2020-03-04,2020,2020-03,102211000,102211000000,102211,10,"Live cattle, pure-bred breeding","Live cattle, pure-bred breeding",CR_HASH_020,Import,IM,IN,AE,BH,IN,AE,BH,IN,NMB,1.7,56971.72941176471,price_per_item,96851.94,257584.96,1.7,732.29,811.55,10.950328000959333,10.013369334439131,0.6855679350518233,9.327801399387308,10.638440798004723,1.3106393986174147,7.361842301461186,12.604399895930845,False,0.9218196042549989,0.9218196042549989,NORMAL,7.0,0.007337526205450734,4.9147535223929735,41.6029195353019,1.0,0.0010482180293501049,6.860663671448286,100.0,6.0,1.1666666666666667,0.408248290463863,2.0,1.7142857142857142,45.45454545454546,62.619641585832774,LOW,1,0.0,2.3165739820155498,57.91434955038874,1.0,0.0,2,False,83.33333333333334,False,True,80.0,0.8,80.0,66.27002234263605,LOW,1,LOW,"LOW (driven by pattern+cr_profile; price_level=NORMAL, pattern_level=LOW, cr_profile_level=LOW)",1
2020-2601-7-10489-1,2020-2601-7-10489,2020-03-04,2020,2020-03,6109100000,610910000000,610910,61,Cotton t-shirts,Cotton t-shirts,CR_HASH_027,Import,IM,AE,AE,BH,AE,AE,BH,AE,NMB,2.0,233.345,price_per_item,466.69,1241.2,2.0,579.81,692.19,5.456794388531976,4.644105600231562,0.7882174659262975,3.8927224589349843,5.444558727344917,1.5518362684099332,1.5649680563200845,7.772313129959818,False,0.6954312759292688,0.6954312759292688,NORMAL,10.0,0.010482180293501049,4.558078578454241,30.899046383171186,9.0,0.009433962264150943,4.663439094112067,27.830238657093965,8.0,1.25,0.4629100498862757,2.0,1.6,38.181818181818194,30.91737944884121,NORMAL,0,0.0,1.3742756196662689,34.35689049165672,1.0,0.0,1,True,91.66666666666666,True,True,100.0,1.0,100.0,87.02491167207985,HIGH,1,HIGH,"HIGH (driven by cr_profile; price_level=NORMAL, pattern_level=NORMAL, cr_profile_level=HIGH)",1
2020-2801-5-10050-1,2020-2801-5-10050,2020-03-04,2020,2020-03,8517120000,851712000000,851712,85,Cellular telephones,Cellular telephones,CR_HASH_044,Import,IM,DE,DE,BH,DE,DE,BH,DE,NMB,3.3,2355.490909090909,price_per_item,7773.12,20673.18,3.3,287.46,340.52,7.7649288885549055,9.1609472788485,0.7778458576033893,8.086449359029473,9.737226953131787,1.6507775941023137,5.610282967876002,12.213393344285258,False,-1.2105245468730483,1.2105245468730483,NORMAL,6.0,0.006289308176100629,5.0689042022202315,46.22900654036249,5.0,0.005241090146750524,5.251225759014186,47.13660531805522,4.0,1.5,1.0,3.0,2.0,63.63636363636365,49.15776967695511,LOW,1,0.0,-0.755081267081924,18.8770316770481,1.0,0.0,1,True,91.66666666666666,True,True,100.0,1.0,100.0,81.60696108696683,MEDIUM,1,MEDIUM,"MEDIUM (driven by pattern+cr_profile; price_level=NORMAL, pattern_level=LOW, cr_profile_level=MEDIUM)",1
2020-2501-7-10877-1,2020-2501-7-10877,2020-03-05,2020,2020-03,3923301000,392330100000,392330,39,Plastic bottles for packaging,Plastic bottles for packaging,CR_HASH_035,Import,IM,CN,CN,BH,CN,CN,BH,CN,NMB,3.53,6.8895184135977345,price_per_item,24.32,64.68,3.53,915.62,1017.63,2.0655350954280878,1.6841288050356895,0.6442087840607709,1.0864174155799162,2.3469388358112164,1.2605214202313002,-0.8043647147670341,4.237720966158166,False,0.3993348505034536,0.3993348505034536,NORMAL,28.0,0.029350104821802937,3.5284591612730827,0.0,21.0,0.0220125786163522,3.8161412337248635,0.0,12.0,2.3333333333333335,1.2309149097933274,5.0,2.142857142857143,72.72727272727273,10.90909090909091,NORMAL,0,0.0,0.4864919615347866,12.162299038369664,1.0,0.0,1,True,91.66666666666666,True,True,100.0,1.0,100.0,79.25680466342938,MEDIUM,1,LOW,"LOW (driven by cr_profile; price_level=NORMAL, pattern_level=NORMAL, cr_profile_level=MEDIUM)",1
2020-2601-1-10881-1,2020-2601-1-10881,2020-03-05,2020,2020-03,9018390000,901839000000,901839,90,Medical syringes and needles,Medical syringes and needles,CR_HASH_027,Import,IM,JP,JP,BH,JP,JP,BH,JP,NMB,2.89,0.5397923875432525,price_per_item,1.56,4.16,2.89,75.32,81.61,0.431647594053808,1.1592369104845446,0.5792846449150362,0.6041021775947832,1.7481096643936567,1.1440074867988734,-1.111909052603527,3.464120894591967,False,-0.8471694786565644,0.8471694786565644,NORMAL,2.0,0.0020964360587002098,6.1675164908883415,79.19854023234907,2.0,0.0020964360587002098,6.1675164908883415,77.23297513030472,2.0,1.0,0.0,1.0,1.0,0.0,66.6308114117812,LOW,1,0.0,-0.8381500864767744,20.953752161919358,1.0,0.0,2,False,83.33333333333334,True,True,100.0,0.8,80.0,68.33381325667177,LOW,1,LOW,"LOW (driven by pattern+cr_profile; price_level=NORMAL, pattern_level=LOW, cr_profile_level=LOW)",1
2020-2501-1-10722-1,2020-2501-1-10722,2020-03-05,2020,2020-03,6109100000,610910000000,610910,61,Cotton t-shirts,Cotton t-shirts,CR_HASH_007,Import,IM,MY,MY,BH,MY,MY,BH,MY,NMB,4.12,24.983009708737864,price_per_item,102.93,273.76,4.12,510.73,565.67,3.2574428516742566,4.644105600231562,0.7882174659262975,3.8927224589349843,5.444558727344917,1.5518362684099332,1.5649680563200845,7.772313129959818,False,-1.1865903140235343,1.1865903140235343,NORMAL,1.0,0.0010482180293501049,6.860663671448286,100.0,1.0,0.0010482180293501049,6.860663671448286,100.0,1.0,1.0,0.0,1.0,1.0,0.0,85.0,HIGH,1,0.0,-0.8480949268908896,21.20237317227224,1.0,0.0,1,True,91.66666666666666,True,True,100.0,1.0,100.0,82.42083061029528,MEDIUM,1,HIGH,"HIGH (driven by pattern+cr_profile; price_level=NORMAL, pattern_level=HIGH, cr_profile_level=MEDIUM)",1
2020-2501-7-10479-1,2020-2501-7-10479,2020-03-06,2020,2020-03,102211000,102211000000,102211,10,"Live cattle, pure-bred breeding","Live cattle, pure-bred breeding",CR_HASH_048,Re-export,EX,BH,BH,SA,BH,BH,SA,SA,NMB,0.7,2575.2285714285717,price_per_item,1802.66,4794.3,0.7,62.39,68.35,7.854081814432501,9.549317841384953,0.6971436999939566,8.846103941045365,10.18755556601122,1.3414516249658544,6.833926503596584,12.19973300346,False,-1.6401511414664687,1.6401511414664687,NORMAL,5.0,0.005241090146750524,5.251225759014186,51.700506150822136,5.0,0.005241090146750524,5.251225759014186,47.13660531805522,4.0,1.25,0.5,2.0,1.6,38.181818181818194,48.07533766400312,LOW,1,0.0,-0.9382189057632591,23.455472644081475,1.0,0.0,1,True,91.66666666666666,True,True,100.0,1.0,100.0,83.20941542542852,MEDIUM,1,MEDIUM,"MEDIUM (driven by pattern+cr_profile; price_level=NORMAL, pattern_level=LOW, cr_profile_level=MEDIUM)",1
2020-2801-4-10222-1,2020-2801-4-10222,2020-03-06,2020,2020-03,3923301000,392330100000,392330,39,Plastic bottles for packaging,Plastic bottles for packaging,CR_HASH_011,Import,IM,US,US,BH,US,US,BH,US,NMB,3.92,0.3239795918367347,price_per_item,1.27,3.38,3.92,46.14,55.04,0.2806420433754261,1.6841288050356895,0.6442087840607709,1.0864174155799162,2.3469388358112164,1.2605214202313002,-0.8043647147670341,4.237720966158166,False,-1.4694597081095961,1.4694597081095961,NORMAL,10.0,0.010482180293501049,4.558078578454241,30.899046383171186,7.0,0.007337526205450734,4.9147535223929735,36.084880671453035,7.0,1.4285714285714286,0.7867957924694432,3.0,2.1,70.00000000000001,38.579231426594156,NORMAL,0,0.0,-0.8650355945104056,21.62588986276014,1.0,0.0,2,False,83.33333333333334,False,True,66.66666666666667,0.6666666666666667,66.66666666666667,47.56906145196605,LOW,1,NORMAL,"NORMAL (price_level=NORMAL, pattern_level=NORMAL, cr_profile_level=LOW)",0
2020-2701-4-10929-1,2020-2701-4-10929,2020-03-06,2020,2020-03,9018390000,901839000000,901839,90,Medical syringes and needles,Medical syringes and needles,CR_HASH_046,Import,IM,CN,CN,BH,CN,CN,BH,CN,NMB,2.26,4.393805309734514,price_per_item,9.93,26.4,2.26,1172.09,1343.79,1.6852511302089859,1.1592369104845446,0.5792846449150362,0.6041021775947832,1.7481096643936567,1.1440074867988734,-1.111909052603527,3.464120894591967,False,0.6124652770823305,0.6124652770823305,NORMAL,23.0,0.02410901467505241,3.725169455519137,5.903307964603629,18.0,0.018867924528301886,3.970291913552122,5.063213787398673,12.0,1.9166666666666667,0.9962049198956219,4.0,2.0869565217391304,69.16996047430831,15.099272879037596,NORMAL,0,0.0,0.6601875945205206,16.504689863013013,1.0,0.0,1,True,91.66666666666666,False,True,66.66666666666667,1.0,100.0,62.44330811872122,LOW,1,NORMAL,"NORMAL (price_level=NORMAL, pattern_level=NORMAL, cr_profile_level=LOW)",0
2020-2601-1-10623-1,2020-2601-1-10623,2020-03-06,2020,2020-03,8471300000,847130000000,847130,84,Portable laptop computers,Portable laptop computers,CR_HASH_026,Re-export,EX,BH,BH,DE,BH,BH,DE,DE,NMB,4.84,2493.7685950413224,price_per_item,12069.84,32100.64,4.84,141.22,159.96,7.821951256405878,9.057918359570245,1.044460022767316,7.958447179146432,9.968345476103027,2.009898296956594,4.943599733711541,12.983192921537917,False,-0.7981620856034816,0.7981620856034816,NORMAL,2.0,0.0020964360587002098,6.1675164908883415,79.19854023234907,2.0,0.0020964360587002098,6.1675164908883415,77.23297513030472,2.0,1.0,0.0,1.0,1.0,0.0,66.6308114117812,LOW,1,0.0,-0.5950985380398831,14.877463450997078,1.0,0.0,1,True,91.66666666666666,True,True,100.0,1.0,100.0,80.20711220784898,MEDIUM,1,MEDIUM,"MEDIUM (driven by pattern+cr_profile; price_level=NORMAL, pattern_level=LOW, cr_profile_level=MEDIUM)",1
2020-2601-5-10956-1,2020-2601-5-10956,2020-03-06,2020,2020-03,8703221000,870322100000,870322,87,Passenger cars 1000-1500cc,Passenger cars 1000-1500cc,CR_HASH_013,Import,IM,AE,AE,BH,AE,AE,BH,AE,NMB,3.34,202726.58383233534,price_per_item,677106.79,1800815.92,3.34,669.89,718.03,12.219618405235718,12.339741490828857,0.5298577154310848,11.445675964067552,12.647064860424424,1.201388896356871,9.643592619532246,14.44914820495973,False,-0.15291258176069067,0.15291258176069067,NORMAL,7.0,0.007337526205450734,4.9147535223929735,41.6029195353019,6.0,0.006289308176100629,5.0689042022202315,41.148094458851695,5.0,1.4,0.5477225575051661,2.0,1.4285714285714286,27.27272727272728,39.294201919158134,NORMAL,0,0.0,-0.1069178645400272,2.67294661350068,1.0,0.0,2,False,83.33333333333334,False,True,83.33333333333334,0.8333333333333334,83.33333333333334,48.43553131472524,LOW,1,NORMAL,"NORMAL (price_level=NORMAL, pattern_level=NORMAL, cr_profile_level=LOW)",0
2020-2701-9-10835-1,2020-2701-9-10835,2020-03-08,2020,2020-03,1006301000,100630100000,100630,10,Long-grain milled rice,Long-grain milled rice,CR_HASH_032,Import,IM,IN,IN,BH,IN,IN,BH,IN,KGM,3809.95,0.045118702345175135,price_per_kg,171.9,457.19,2.58,3809.95,4286.51,0.044130469726765494,0.32869838978139143,0.06767869107876259,0.270176176769005,0.39860128498662895,0.12842510821762393,0.07753851444256912,0.5912389473130648,True,-2.8360245959388757,2.8360245959388757,LOW,5.0,0.005241090146750524,5.251225759014186,51.700506150822136,4.0,0.0041928721174004195,5.474369310328396,54.46595026060942,4.0,1.25,0.5,2.0,1.6,38.181818181818194,50.64060839389709,LOW,1,0.0,-2.360776980238544,59.0194245059636,1.0,0.0,1,True,91.66666666666666,True,True,100.0,1.0,100.0,95.65679857708726,HIGH,1,HIGH,"HIGH (driven by price+pattern+cr_profile; price_level=LOW, pattern_level=LOW, cr_profile_level=HIGH)",1
2020-2601-3-10188-1,2020-2601-3-10188,2020-03-08,2020,2020-03,1006301000,100630100000,100630,10,Long-grain milled rice,Long-grain milled rice,CR_HASH_013,Import,IM,SA,DE,BH,SA,DE,BH,SA,KGM,1125.46,0.49256304088994723,price_per_kg,554.36,1474.35,3.78,1125.46,1327.41,0.4004948038448277,0.32869838978139143,0.06767869107876259,0.270176176769005,0.39860128498662895,0.12842510821762393,0.07753851444256912,0.5912389473130648,False,0.7155282863403251,0.7155282863403251,NORMAL,11.0,0.011530398322851153,4.462768398649916,28.038772365976683,1.0,0.0010482180293501049,6.860663671448286,100.0,9.0,1.2222222222222223,0.4409585518440984,2.0,1.6363636363636362,40.49586776859504,55.0937663482776,LOW,1,0.0,0.7538574603562472,18.84643650890618,1.0,0.0,3,False,75.0,False,False,85.71428571428572,0.7142857142857143,71.42857142857143,42.310538492402884,LOW,1,LOW,"LOW (driven by pattern+cr_profile; price_level=NORMAL, pattern_level=LOW, cr_profile_level=LOW)",1
2020-2701-1-10039-1,2020-2701-1-10039,2020-03-09,2020,2020-03,6109100000,610910000000,610910,61,Cotton t-shirts,Cotton t-shirts,CR_HASH_007,Re-export,EX,BH,BH,DE,BH,BH,DE,DE,NMB,4.99,58.90781563126252,price_per_item,293.95,781.77,4.99,187.87,208.76,4.092806974594241,4.610526181303967,0.7708500247178713,3.916293548711598,5.585818334387825,1.6695247856762268,1.412006370197258,8.090105512902165,False,-0.4530022828462229,0.4530022828462229,NORMAL,1.0,0.0010482180293501049,6.860663671448286,100.0,1.0,0.0010482180293501049,6.860663671448286,100.0,1.0,1.0,0.0,1.0,1.0,0.0,85.0,HIGH,1,0.0,-0.48686347929623713,12.171586982405929,1.0,0.0,1,True,91.66666666666666,True,True,100.0,0.8,80.0,75.26005544384208,MEDIUM,1,HIGH,"HIGH (driven by pattern+cr_profile; price_level=NORMAL, pattern_level=HIGH, cr_profile_level=MEDIUM)",1
2020-2501-6-10688-1,2020-2501-6-10688,2020-03-10,2020,2020-03,9018390000,901839000000,901839,90,Medical syringes and needles,Medical syringes and needles,CR_HASH_008,Import,IM,US,SA,BH,US,SA,BH,US,NMB,0.96,1.2604166666666667,price_per_item,1.21,3.22,0.96,80.86,85.9,0.8155491620726233,1.1592369104845446,0.5792846449150362,0.6041021775947832,1.7481096643936567,1.1440074867988734,-1.111909052603527,3.464120894591967,False,-0.40017323518588693,0.40017323518588693,NORMAL,11.0,0.011530398322851153,4.462768398649916,28.038772365976683,1.0,0.0010482180293501049,6.860663671448286,100.0,7.0,1.5714285714285714,0.7867957924694432,3.0,1.9090909090909092,57.8512396694215,57.69707213340157,LOW,1,0.0,-0.5348481357111226,13.371203392778064,1.0,0.0,1,True,91.66666666666666,True,True,100.0,1.0,100.0,79.67992118747233,MEDIUM,1,MEDIUM,"MEDIUM (driven by pattern+cr_profile; price_level=NORMAL, pattern_level=LOW, cr_profile_level=MEDIUM)",1
2020-2701-4-10067-1,2020-2701-4-10067,2020-03-10,2020,2020-03,2710192100,271019210000,271019,27,Gas oils for diesel engines,Gas oils for diesel engines,CR_HASH_001,Import,IM,CN,CN,BH,CN,CN,BH,CN,LTR,8567.11,0.2598799361745093,price_per_liter_gross_weight,2226.42,5921.34,1.39,7453.31,8567.11,0.23101642767273578,0.26355592811875056,0.07105600884335336,0.1979668243457394,0.33634243682655873,0.13837561248081934,-0.009596594375489625,0.5439058555477878,False,-0.30887735922807197,0.30887735922807197,NORMAL,19.0,0.019916142557651992,3.916224692281846,11.63690673320574,15.0,0.015723270440251572,4.152613470346076,11.051724646602178,8.0,2.375,1.407885953173359,5.0,2.1052631578947367,70.33492822966507,20.236796227363392,NORMAL,0,0.0,-0.27270557120606914,6.817639280151728,1.0,0.0,1,True,91.66666666666666,False,True,80.0,1.0,100.0,62.3861737480531,LOW,1,NORMAL,"NORMAL (price_level=NORMAL, pattern_level=NORMAL, cr_profile_level=LOW)",0
2020-2701-5-10685-1,2020-2701-5-10685,2020-03-10,2020,2020-03,1006301000,100630100000,100630,10,Long-grain milled rice,Long-grain milled rice,CR_HASH_035,Re-export,EX,BH,BH,CN,BH,BH,CN,CN,KGM,1885.93,0.4098402379727773,price_per_kg,772.93,2055.66,4.21,1885.93,2077.22,0.343476391568136,0.2942812331971436,0.07865143426710039,0.2366195387420564,0.39544094305664584,0.15882140431458944,-0.0016125677298277352,0.63367304952853,False,0.42188270362034325,0.42188270362034325,NORMAL,7.0,0.007337526205450734,4.9147535223929735,41.6029195353019,7.0,0.007337526205450734,4.9147535223929735,36.084880671453035,5.0,1.4,0.5477225575051661,2.0,1.4285714285714286,27.27272727272728,37.522077093568605,NORMAL,0,0.0,0.18160839083037844,4.540209770759461,1.0,0.0,1,True,91.66666666666666,False,True,66.66666666666667,1.0,100.0,58.25574008643248,LOW,1,NORMAL,"NORMAL (price_level=NORMAL, pattern_level=NORMAL, cr_profile_level=LOW)",0
2020-2701-7-10396-1,2020-2701-7-10396,2020-03-10,2020,2020-03,102211000,102211000000,102211,10,"Live cattle, pure-bred breeding","Live cattle, pure-bred breeding",CR_HASH_038,,,MY,BH,TH,MY,BH,TH,,NMB,4.7,6415.83829787234,price_per_item,30154.44,80197.98,4.7,318.28,357.56,8.766680798410471,8.766680798410471,0.0,8.766680798410471,8.766680798410471,0.0,8.766680798410471,8.766680798410471,False,0.0,0.0,NORMAL,,,,0.0,,,,0.0,,,,,,0.0,0.0,NORMAL,0,0.0,-0.7194239317499256,17.98559829374814,1.0,0.0,1,True,91.66666666666666,False,False,0.0,0.6666666666666667,66.66666666666667,29.628292736145184,NORMAL,0,NORMAL,"NORMAL (price_level=NORMAL, pattern_level=NORMAL, cr_profile_level=NORMAL)",0
2020-2601-8-10117-1,2020-2601-8-10117,2020-03-10,2020,2020-03,1006301000,100630100000,100630,10,Long-grain milled rice,Long-grain milled rice,CR_HASH_024,,,TR,BH,MY,TR,BH,MY,,KGM,3637.0,0.5301594720923839,price_per_kg,1928.19,5128.17,0.92,3637.0,4167.03,0.4253719600985031,0.4253719600985031,0.0,0.4253719600985031,0.4253719600985031,0.0,0.4253719600985031,0.4253719600985031,False,0.0,0.0,NORMAL,,,,0.0,,,,0.0,,,,,,0.0,0.0,NORMAL,0,0.0,0.9858043512966992,24.64510878241748,1.0,0.0,1,True,91.66666666666666,False,False,0.0,1.0,100.0,38.62578807384612,LOW,1,NORMAL,"NORMAL (price_level=NORMAL, pattern_level=NORMAL, cr_profile_level=LOW)",0
2020-2701-9-10900-1,2020-2701-9-10900,2020-03-10,2020,2020-03,6109100000,610910000000,610910,61,Cotton t-shirts,Cotton t-shirts,CR_HASH_015,Import,IM,CN,CN,BH,CN,CN,BH,CN,NMB,1.88,9.351063829787234,price_per_item,17.58,46.76,1.88,52.09,60.43,2.337089299916001,4.644105600231562,0.7882174659262975,3.8927224589349843,5.444558727344917,1.5518362684099332,1.5649680563200845,7.772313129959818,False,-1.9741521138409122,1.9741521138409122,NORMAL,16.0,0.016771488469601678,4.088074949208505,16.794160929396217,13.0,0.013626834381551363,4.29571431398675,15.75199690827349,8.0,2.0,1.4142135623730951,5.0,2.5,95.45454545454547,28.228461200775648,NORMAL,0,0.0,-1.0238914787822715,25.597286969556787,1.0,0.0,2,False,83.33333333333334,False,True,66.66666666666667,0.8333333333333334,83.33333333333334,52.29238377267821,LOW,1,NORMAL,"NORMAL (price_level=NORMAL, pattern_level=NORMAL, cr_profile_level=LOW)",0
2020-2701-4-10461-1,2020-2701-4-10461,2020-03-11,2020,2020-03,8471300000,847130000000,847130,84,Portable laptop computers,Portable laptop computers,CR_HASH_048,Import,IM,CN,JP,BH,CN,JP,BH,CN,NMB,4.51,2109.991130820399,price_per_item,9516.06,25308.66,4.51,367.03,413.17,7.65491284642803,8.71824987064452,0.6999612932513521,7.750041925937837,9.126895264901794,1.376853338963957,5.684761917491901,11.192175273347729,False,-1.024643796676078,1.024643796676078,NORMAL,21.0,0.0220125786163522,3.8161412337248635,8.633385843315326,2.0,0.0020964360587002098,6.1675164908883415,77.23297513030472,10.0,2.1,1.449137674618944,5.0,2.380952380952381,87.87878787878789,44.53005239908249,NORMAL,0,0.0,-0.6172131541252099,15.430328853130248,1.0,0.0,2,False,83.33333333333334,False,True,71.42857142857143,0.875,87.5,50.75775795573844,LOW,1,NORMAL,"NORMAL (price_level=NORMAL, pattern_level=NORMAL, cr_profile_level=LOW)",0
2020-2601-9-10952-1,2020-2601-9-10952,2020-03-11,2020,2020-03,8471300000,847130000000,847130,84,Portable laptop computers,Portable laptop computers,CR_HASH_013,Re-export,EX,BH,BH,CN,BH,BH,CN,CN,NMB,0.96,38646.09375,price_per_item,37100.25,98670.88,0.96,825.29,945.38,10.562226857139194,9.057918359570245,1.044460022767316,7.958447179146432,9.968345476103027,2.009898296956594,4.943599733711541,12.983192921537917,False,0.971451428388866,0.971451428388866,NORMAL,12.0,0.012578616352201259,4.375757021660286,25.427546772711544,12.0,0.012578616352201259,4.375757021660286,18.381069589156386,6.0,2.0,1.0954451150103321,3.0,1.5,31.818181818181824,23.91987501528778,NORMAL,0,0.0,4.566710145904,100.0,1.0,0.0,1,True,91.66666666666666,False,True,75.0,1.0,100.0,93.75,HIGH,1,HIGH,"HIGH (driven by cr_profile; price_level=NORMAL, pattern_level=NORMAL, cr_profile_level=HIGH)",1
2020-2701-2-10079-1,2020-2701-2-10079,2020-03-11,2020,2020-03,1006301000,100630100000,100630,10,Long-grain milled rice,Long-grain milled rice,CR_HASH_002,Import,IM,AE,IN,BH,AE,IN,BH,AE,KGM,1516.51,0.45495908368556753,price_per_kg,689.95,1834.98,3.21,1516.51,1753.97,0.374977779049744,0.32869838978139143,0.06767869107876259,0.270176176769005,0.39860128498662895,0.12842510821762393,0.07753851444256912,0.5912389473130648,False,0.4612237606575005,0.4612237606575005,NORMAL,10.0,0.010482180293501049,4.558078578454241,30.899046383171186,1.0,0.0010482180293501049,6.860663671448286,100.0,8.0,1.25,0.4629100498862757,2.0,1.6,38.181818181818194,56.17679591885832,LOW,1,0.0,0.47087487612567924,11.771871903141982,1.0,0.0,1,True,91.66666666666666,True,True,100.0,1.0,100.0,79.12015516609969,MEDIUM,1,MEDIUM,"MEDIUM (driven by pattern+cr_profile; price_level=NORMAL, pattern_level=LOW, cr_profile_level=MEDIUM)",1
2020-2701-9-10319-1,2020-2701-9-10319,2020-03-12,2020,2020-03,102211000,102211000000,102211,10,"Live cattle, pure-bred breeding","Live cattle, pure-bred breeding",CR_HASH_015,Import,IM,CN,CN,BH,CN,CN,BH,CN,NMB,3.74,1017.8529411764705,price_per_item,3806.77,10124.4,3.74,40.89,48.55,6.926432706003804,10.013369334439131,0.6855679350518233,9.327801399387308,10.638440798004723,1.3106393986174147,7.361842301461186,12.604399895930845,True,-3.0370589470641938,3.0370589470641938,MEDIUM,18.0,0.018867924528301886,3.970291913552122,13.25947284837593,16.0,0.016771488469601678,4.088074949208505,8.931900521218806,10.0,1.8,0.7888106377466155,3.0,1.6666666666666665,42.42424242424242,16.11953797025091,NORMAL,0,0.0,-1.0013413971815899,25.033534929539748,1.0,0.0,1,True,91.66666666666666,False,True,57.14285714285714,1.0,100.0,63.0474515110532,LOW,1,MEDIUM,"MEDIUM (driven by price+cr_profile; price_level=MEDIUM, pattern_level=NORMAL, cr_profile_level=LOW)",1
2020-2601-2-10532-1,2020-2601-2-10532,2020-03-12,2020,2020-03,1006301000,100630100000,100630,10,Long-grain milled rice,Long-grain milled rice,CR_HASH_012,Re-export,EX,BH,BH,CN,BH,BH,CN,CN,KGM,2666.53,0.2068005985306747,price_per_kg,551.44,1466.59,4.95,2666.53,2810.61,0.18797272426773937,0.2942812331971436,0.07865143426710039,0.2366195387420564,0.39544094305664584,0.15882140431458944,-0.0016125677298277352,0.63367304952853,False,-0.9116694132126189,0.9116694132126189,NORMAL,7.0,0.007337526205450734,4.9147535223929735,41.6029195353019,7.0,0.007337526205450734,4.9147535223929735,36.084880671453035,5.0,1.4,0.5477225575051661,2.0,1.4285714285714286,27.27272727272728,37.522077093568605,NORMAL,0,0.0,-1.2853289097029565,32.13322274257391,1.0,0.0,2,False,83.33333333333334,False,True,50.0,0.75,75.0,48.74662795990087,LOW,1,NORMAL,"NORMAL (price_level=NORMAL, pattern_level=NORMAL, cr_profile_level=LOW)",0
2020-2801-5-10275-1,2020-2801-5-10275,2020-03-12,2020,2020-03,8517120000,851712000000,851712,85,Cellular telephones,Cellular telephones,CR_HASH_006,Import,IM,US,US,BH,US,US,BH,US,NMB,4.0,15093.825,price_per_item,60375.3,160572.6,4.0,305.51,346.56,9.622107248830941,9.1609472788485,0.7778458576033893,8.086449359029473,9.737226953131787,1.6507775941023137,5.610282967876002,12.213393344285258,False,0.399884032746574,0.399884032746574,NORMAL,13.0,0.013626834381551363,4.29571431398675,23.025452080470465,11.0,0.011530398322851153,4.462768398649916,21.2390343034744,8.0,1.625,1.0606601717798212,4.0,2.4615384615384617,93.00699300699303,32.89743699750022,NORMAL,0,0.0,0.6495594623224732,16.23898655806183,1.0,0.0,3,False,75.0,False,True,83.33333333333334,0.6666666666666667,66.66666666666667,49.85031196198831,LOW,1,NORMAL,"NORMAL (price_level=NORMAL, pattern_level=NORMAL, cr_profile_level=LOW)",0
2020-2701-3-10593-1,2020-2701-3-10593,2020-03-12,2020,2020-03,102211000,102211000000,102211,10,"Live cattle, pure-bred breeding","Live cattle, pure-bred breeding",CR_HASH_029,Import,IM,DE,IN,BH,DE,IN,BH,DE,NMB,3.04,35120.80921052631,price_per_item,106767.26,283955.49,3.04,1458.3,1660.65,10.466577561528299,10.013369334439131,0.6855679350518233,9.327801399387308,10.638440798004723,1.3106393986174147,7.361842301461186,12.604399895930845,False,0.4458854413418653,0.4458854413418653,NORMAL,4.0,0.0041928721174004195,5.474369310328396,58.39708046469813,1.0,0.0010482180293501049,6.860663671448286,100.0,3.0,1.3333333333333333,0.5773502691896258,2.0,1.5,31.818181818181824,68.97126750507633,LOW,1,0.0,0.9451994921262262,23.629987303155655,1.0,0.0,1,True,91.66666666666666,True,True,100.0,0.75,75.0,78.27049555610448,MEDIUM,1,MEDIUM,"MEDIUM (driven by pattern+cr_profile; price_level=NORMAL, pattern_level=LOW, cr_profile_level=MEDIUM)",1
2020-2701-8-10419-1,2020-2701-8-10419,2020-03-13,2020,2020-03,102211000,102211000000,102211,10,"Live cattle, pure-bred breeding","Live cattle, pure-bred breeding",CR_HASH_049,Import,IM,EG,EG,BH,EG,EG,BH,EG,NMB,3.43,21098.62390670554,price_per_item,72368.28,192468.82,3.43,201.83,238.83,9.957010494978551,10.013369334439131,0.6855679350518233,9.327801399387308,10.638440798004723,1.3106393986174147,7.361842301461186,12.604399895930845,False,-0.05544821233232406,0.05544821233232406,NORMAL,1.0,0.0010482180293501049,6.860663671448286,100.0,1.0,0.0010482180293501049,6.860663671448286,100.0,1.0,1.0,0.0,1.0,1.0,0.0,85.0,HIGH,1,0.0,0.1596990929996622,3.992477324991555,1.0,0.0,2,False,83.33333333333334,True,True,100.0,0.75,75.0,61.39736706374704,LOW,1,HIGH,"HIGH (driven by pattern+cr_profile; price_level=NORMAL, pattern_level=HIGH, cr_profile_level=LOW)",1
2020-2501-4-10146-1,2020-2501-4-10146,2020-03-14,2020,2020-03,2710192100,271019210000,271019,27,Gas oils for diesel engines,Gas oils for diesel engines,CR_HASH_036,Import,IM,SA,SA,BH,SA,SA,BH,SA,LTR,3985.5,0.37805294191443983,price_per_liter_gross_weight,1506.73,4007.26,2.13,3615.53,3985.5,0.32067159123984706,0.26355592811875056,0.07105600884335336,0.1979668243457394,0.33634243682655873,0.13837561248081934,-0.009596594375489625,0.5439058555477878,False,0.5421636765651425,0.5421636765651425,NORMAL,7.0,0.007337526205450734,4.9147535223929735,41.6029195353019,4.0,0.0041928721174004195,5.474369310328396,54.46595026060942,4.0,1.75,0.5,2.0,1.1428571428571428,9.090909090909088,41.2281787225006,NORMAL,0,0.0,0.5567911937467618,13.919779843669044,1.0,0.0,1,True,91.66666666666666,True,True,100.0,1.0,100.0,79.87192294528417,MEDIUM,1,LOW,"LOW (driven by cr_profile; price_level=NORMAL, pattern_level=NORMAL, cr_profile_level=MEDIUM)",1
2020-2701-3-10674-1,2020-2701-3-10674,2020-03-14,2020,2020-03,3923301000,392330100000,392330,39,Plastic bottles for packaging,Plastic bottles for packaging,CR_HASH_026,Import,IM,SA,SA,BH,SA,SA,BH,SA,NMB,2.22,5.918918918918918,price_per_item,13.14,34.96,2.22,453.57,489.96,1.934259531835338,1.6841288050356895,0.6442087840607709,1.0864174155799162,2.3469388358112164,1.2605214202313002,-0.8043647147670341,4.237720966158166,False,0.2618884871827709,0.2618884871827709,NORMAL,8.0,0.008385744234800839,4.781222129768451,37.595620697047174,6.0,0.006289308176100629,5.0689042022202315,41.148094458851695,6.0,1.3333333333333333,0.5163977794943222,2.0,1.5,31.818181818181824,37.97237068184895,NORMAL,0,0.0,0.2875838569889563,7.189596424723907,1.0,0.0,1,True,91.66666666666666,False,True,66.66666666666667,1.0,100.0,59.18302541532003,LOW,1,NORMAL,"NORMAL (price_level=NORMAL, pattern_level=NORMAL, cr_profile_level=LOW)",0
2020-2801-3-10686-1,2020-2801-3-10686,2020-03-15,2020,2020-03,2710192100,271019210000,271019,27,Gas oils for diesel engines,Gas oils for diesel engines,CR_HASH_036,Import,IM,SA,AE,BH,SA,AE,BH,SA,LTR,8886.71,0.4472397546448573,price_per_liter_gross_weight,3974.49,10570.44,4.43,7931.3,8886.71,0.3696581247637054,0.26355592811875056,0.07105600884335336,0.1979668243457394,0.33634243682655873,0.13837561248081934,-0.009596594375489625,0.5439058555477878,False,1.0071625519378562,1.0071625519378562,NORMAL,7.0,0.007337526205450734,4.9147535223929735,41.6029195353019,1.0,0.0010482180293501049,6.860663671448286,100.0,4.0,1.75,0.5,2.0,1.1428571428571428,9.090909090909088,57.165096131287314,LOW,1,0.0,1.0142976739355696,25.35744184838924,1.0,0.0,1,True,91.66666666666666,False,False,75.0,0.75,75.0,52.62510464693624,LOW,1,LOW,"LOW (driven by pattern+cr_profile; price_level=NORMAL, pattern_level=LOW, cr_profile_level=LOW)",1
2020-2801-2-10788-1,2020-2801-2-10788,2020-03-15,2020,2020-03,8517120000,851712000000,851712,85,Cellular telephones,Cellular telephones,CR_HASH_039,Import,IM,US,US,BH,US,US,BH,US,NMB,2.48,6834.008064516129,price_per_item,16948.34,45075.36,2.48,982.14,1172.61,8.829812929042669,9.1609472788485,0.7778458576033893,8.086449359029473,9.737226953131787,1.6507775941023137,5.610282967876002,12.213393344285258,False,-0.2871353712385577,0.2871353712385577,NORMAL,13.0,0.013626834381551363,4.29571431398675,23.025452080470465,11.0,0.011530398322851153,4.462768398649916,21.2390343034744,8.0,1.625,1.0606601717798212,4.0,2.4615384615384617,93.00699300699303,32.89743699750022,NORMAL,0,0.0,-0.2562553600295362,6.406384000738405,1.0,0.0,1,True,91.66666666666666,False,True,50.0,1.0,100.0,54.74223440025844,LOW,1,NORMAL,"NORMAL (price_level=NORMAL, pattern_level=NORMAL, cr_profile_level=LOW)",0
2020-2601-4-10459-1,2020-2601-4-10459,2020-03-15,2020,2020-03,2710192100,271019210000,271019,27,Gas oils for diesel engines,Gas oils for diesel engines,CR_HASH_005,Re-export,EX,BH,BH,CN,BH,BH,CN,CN,LTR,16832.17,0.46187152339834975,price_per_liter_gross_weight,7774.3,20676.34,0.74,15487.84,16832.17,0.3797174801736409,0.2773855677315066,0.0779894680702432,0.16396900989912072,0.33244641877019565,0.16847740887107493,-0.08874710340749165,0.585162532076808,False,0.8850160290825582,0.8850160290825582,NORMAL,10.0,0.010482180293501049,4.558078578454241,30.899046383171186,10.0,0.010482180293501049,4.558078578454241,24.369580448359905,7.0,1.4285714285714286,0.5345224838248488,2.0,1.4,25.454545454545453,27.797058166693375,NORMAL,0,0.0,1.1053302518895198,27.633256297237995,1.0,0.0,1,True,91.66666666666666,True,True,0.0,0.0,0.0,39.671639704033296,LOW,1,NORMAL,"NORMAL (price_level=NORMAL, pattern_level=NORMAL, cr_profile_level=LOW)",0
2020-2501-7-10263-1,2020-2501-7-10263,2020-03-15,2020,2020-03,3923301000,392330100000,392330,39,Plastic bottles for packaging,Plastic bottles for packaging,CR_HASH_027,Import,IM,CN,IN,BH,CN,IN,BH,CN,NMB,0.64,23.59375,price_per_item,15.1,40.17,0.64,218.86,256.22,3.2024923456176766,1.6841288050356895,0.6442087840607709,1.0864174155799162,2.3469388358112164,1.2605214202313002,-0.8043647147670341,4.237720966158166,False,1.589736437918715,1.589736437918715,NORMAL,28.0,0.029350104821802937,3.5284591612730827,0.0,1.0,0.0010482180293501049,6.860663671448286,100.0,12.0,2.3333333333333335,1.2309149097933274,5.0,2.142857142857143,72.72727272727273,45.90909090909091,LOW,1,0.0,3.953606087740935,98.84015219352338,1.0,0.0,1,True,91.66666666666666,True,True,100.0,1.0,100.0,100.0,HIGH,1,HIGH,"HIGH (driven by pattern+cr_profile; price_level=NORMAL, pattern_level=LOW, cr_profile_level=HIGH)",1
2020-2601-2-10335-1,2020-2601-2-10335,2020-03-15,2020,2020-03,8517120000,851712000000,851712,85,Cellular telephones,Cellular telephones,CR_HASH_049,Import,IM,US,US,BH,US,US,BH,US,NMB,3.65,11612.079452054793,price_per_item,42384.09,112723.65,3.65,1008.76,1198.86,9.359887280870058,9.1609472788485,0.7778458576033893,8.086449359029473,9.737226953131787,1.6507775941023137,5.610282967876002,12.213393344285258,False,0.1725061485410829,0.1725061485410829,NORMAL,13.0,0.013626834381551363,4.29571431398675,23.025452080470465,11.0,0.011530398322851153,4.462768398649916,21.2390343034744,8.0,1.625,1.0606601717798212,4.0,2.4615384615384617,93.00699300699303,32.89743699750022,NORMAL,0,0.0,0.26869440777950726,6.717360194487681,1.0,0.0,2,False,83.33333333333334,True,True,100.0,0.8,80.0,63.35107606807069,LOW,1,NORMAL,"NORMAL (price_level=NORMAL, pattern_level=NORMAL, cr_profile_level=LOW)",0
2020-2801-5-10219-1,2020-2801-5-10219,2020-03-16,2020,2020-03,8471300000,847130000000,847130,84,Portable laptop computers,Portable laptop computers,CR_HASH_025,Import,IM,US,US,BH,US,US,BH,US,NMB,2.49,16415.433734939757,price_per_item,40874.43,108708.6,2.49,270.18,292.43,9.70603816909683,8.71824987064452,0.6999612932513521,7.750041925937837,9.126895264901794,1.376853338963957,5.684761917491901,11.192175273347729,False,0.9518441748834592,0.9518441748834592,NORMAL,12.0,0.012578616352201259,4.375757021660286,25.427546772711544,10.0,0.010482180293501049,4.558078578454241,24.369580448359905,9.0,1.3333333333333333,0.5,2.0,1.5,31.818181818181824,26.015853816009013,NORMAL,0,0.0,1.570541099522789,39.26352748806973,1.0,0.0,1,True,91.66666666666666,True,True,100.0,1.0,100.0,88.7422346208244,HIGH,1,HIGH,"HIGH (driven by cr_profile; price_level=NORMAL, pattern_level=NORMAL, cr_profile_level=HIGH)",1
2020-2601-4-10105-1,2020-2601-4-10105,2020-03-16,2020,2020-03,9018390000,901839000000,901839,90,Medical syringes and needles,Medical syringes and needles,CR_HASH_009,Import,IM,US,US,BH,US,US,BH,US,NMB,1.09,4.055045871559632,price_per_item,4.42,11.76,1.09,129.19,150.22,1.6203869269237707,1.1592369104845446,0.5792846449150362,0.6041021775947832,1.7481096643936567,1.1440074867988734,-1.111909052603527,3.464120894591967,False,0.536940565490664,0.536940565490664,NORMAL,11.0,0.011530398322851153,4.462768398649916,28.038772365976683,9.0,0.009433962264150943,4.663439094112067,27.830238657093965,7.0,1.5714285714285714,0.7867957924694432,3.0,1.9090909090909092,57.8512396694215,32.437655663384454,NORMAL,0,0.0,0.5446141259752382,13.615353149380955,1.0,0.0,1,True,91.66666666666666,True,True,100.0,1.0,100.0,79.76537360228333,MEDIUM,1,LOW,"LOW (driven by cr_profile; price_level=NORMAL, pattern_level=NORMAL, cr_profile_level=MEDIUM)",1
2020-2801-5-10567-1,2020-2801-5-10567,2020-03-16,2020,2020-03,3923301000,392330100000,392330,39,Plastic bottles for packaging,Plastic bottles for packaging,CR_HASH_017,Import,IM,IN,IN,BH,IN,IN,BH,IN,NMB,2.16,7.638888888888888,price_per_item,16.5,43.89,2.16,520.37,585.2,2.156273973723124,1.6841288050356895,0.6442087840607709,1.0864174155799162,2.3469388358112164,1.2605214202313002,-0.8043647147670341,4.237720966158166,False,0.49433904238901444,0.49433904238901444,NORMAL,13.0,0.013626834381551363,4.29571431398675,23.025452080470465,11.0,0.011530398322851153,4.462768398649916,21.2390343034744,9.0,1.4444444444444444,0.5270462766947299,2.0,1.3846153846153846,24.475524475524477,22.617716717779942,NORMAL,0,0.0,0.5918244705047397,14.795611762618494,1.0,0.0,1,True,91.66666666666666,True,True,100.0,1.0,100.0,80.17846411691647,MEDIUM,1,LOW,"LOW (driven by cr_profile; price_level=NORMAL, pattern_level=NORMAL, cr_profile_level=MEDIUM)",1
2020-2501-3-10062-1,2020-2501-3-10062,2020-03-17,2020,2020-03,9018390000,901839000000,901839,90,Medical syringes and needles,Medical syringes and needles,CR_HASH_020,Re-export,EX,BH,BH,US,BH,BH,US,US,NMB,1.34,0.17164179104477612,price_per_item,0.23,0.6,1.34,30.37,34.01,0.1584060053973967,1.4183722013465883,0.34031158648964543,0.9528936868330796,1.614923227688858,0.6620295408557785,-0.040150624450588146,2.6079675389725256,False,-2.4972278058080883,2.4972278058080883,LOW,5.0,0.005241090146750524,5.251225759014186,51.700506150822136,5.0,0.005241090146750524,5.251225759014186,47.13660531805522,5.0,1.0,0.0,1.0,1.0,0.0,42.348064936730395,NORMAL,0,0.0,-0.9783628886498049,24.459072216245122,1.0,0.0,2,False,83.33333333333334,False,True,83.33333333333334,0.8333333333333334,83.33333333333334,56.060675275685796,LOW,1,LOW,"LOW (driven by price+cr_profile; price_level=LOW, pattern_level=NORMAL, cr_profile_level=LOW)",1
2020-2701-1-10409-1,2020-2701-1-10409,2020-03-17,2020,2020-03,102211000,102211000000,102211,10,"Live cattle, pure-bred breeding","Live cattle, pure-bred breeding",CR_HASH_012,Import,IM,IN,IN,BH,IN,IN,BH,IN,NMB,2.36,33773.18644067797,price_per_item,79704.72,211980.65,2.36,65.64,74.53,10.427452074919575,10.013369334439131,0.6855679350518233,9.327801399387308,10.638440798004723,1.3106393986174147,7.361842301461186,12.604399895930845,False,0.407392131155743,0.407392131155743,NORMAL,7.0,0.007337526205450734,4.9147535223929735,41.6029195353019,4.0,0.0041928721174004195,5.474369310328396,54.46595026060942,6.0,1.1666666666666667,0.408248290463863,2.0,1.7142857142857142,45.45454545454546,46.68272417704606,LOW,1,0.0,0.9212723249951655,23.031808124879138,1.0,0.0,1,True,91.66666666666666,True,True,100.0,0.6,60.0,75.0611328437077,MEDIUM,1,MEDIUM,"MEDIUM (driven by pattern+cr_profile; price_level=NORMAL, pattern_level=LOW, cr_profile_level=MEDIUM)",1
2020-2801-7-10415-1,2020-2801-7-10415,2020-03-17,2020,2020-03,3923301000,392330100000,392330,39,Plastic bottles for packaging,Plastic bottles for packaging,CR_HASH_018,Re-export,EX,BH,BH,IN,BH,BH,IN,IN,NMB,2.82,4.99290780141844,price_per_item,14.08,37.44,2.82,265.92,313.87,1.7905767369790055,2.008077055471865,0.7629623078147538,1.1201351912780924,2.51712417371907,1.3969889824409778,-0.9753482823833743,4.612607647380537,False,-0.1922794265247886,0.1922794265247886,NORMAL,2.0,0.0020964360587002098,6.1675164908883415,79.19854023234907,2.0,0.0020964360587002098,6.1675164908883415,77.23297513030472,2.0,1.0,0.0,1.0,1.0,0.0,66.6308114117812,LOW,1,0.0,0.1095349664486683,2.7383741612167074,1.0,0.0,1,True,91.66666666666666,True,True,100.0,1.0,100.0,75.95843095642584,MEDIUM,1,MEDIUM,"MEDIUM (driven by pattern+cr_profile; price_level=NORMAL, pattern_level=LOW, cr_profile_level=MEDIUM)",1
2020-2701-9-10337-1,2020-2701-9-10337,2020-03-19,2020,2020-03,8504400090,850440009000,850440,85,Static converters,Static converters,CR_HASH_018,Import,IM,AE,DE,BH,AE,DE,BH,AE,NMB,1.97,5567.944162436548,price_per_item,10968.85,29172.48,1.97,251.34,273.9,8.624960757042105,7.466827051260017,0.5715840105867187,6.914775863803976,8.032836322465545,1.11806045866157,5.23768517581162,9.7099270104579,False,1.366641593046961,1.366641593046961,NORMAL,12.0,0.012578616352201259,4.375757021660286,25.427546772711544,2.0,0.0020964360587002098,6.1675164908883415,77.23297513030472,8.0,1.5,0.5345224838248488,2.0,1.3333333333333333,21.21212121212121,42.927132863780606,NORMAL,0,0.0,2.706463912730298,67.66159781825745,1.0,0.0,2,False,83.33333333333334,True,True,100.0,0.6666666666666667,66.66666666666667,82.01489256972344,MEDIUM,1,LOW,"LOW (driven by cr_profile; price_level=NORMAL, pattern_level=NORMAL, cr_profile_level=MEDIUM)",1
2020-2701-2-10298-1,2020-2701-2-10298,2020-03-19,2020,2020-03,6109100000,610910000000,610910,61,Cotton t-shirts,Cotton t-shirts,CR_HASH_034,Import,IM,SA,SA,BH,SA,SA,BH,SA,NMB,3.78,91.76984126984127,price_per_item,346.89,922.59,3.78,187.18,222.02,4.530121600656292,4.644105600231562,0.7882174659262975,3.8927224589349843,5.444558727344917,1.5518362684099332,1.5649680563200845,7.772313129959818,False,-0.09753799904871994,0.09753799904871994,NORMAL,14.0,0.014675052410901468,4.221606341833028,20.80145976765095,10.0,0.010482180293501049,4.558078578454241,24.369580448359905,8.0,1.75,0.8864052604279183,3.0,1.7142857142857142,45.45454545454546,25.74826485893326,NORMAL,0,0.0,-0.10406109718984048,2.601527429746012,1.0,0.0,1,True,91.66666666666666,False,True,0.0,1.0,100.0,40.910534600411104,LOW,1,NORMAL,"NORMAL (price_level=NORMAL, pattern_level=NORMAL, cr_profile_level=LOW)",0
2020-2601-2-10092-1,2020-2601-2-10092,2020-03-19,2020,2020-03,8703221000,870322100000,870322,87,Passenger cars 1000-1500cc,Passenger cars 1000-1500cc,CR_HASH_004,Import,IM,JP,JP,BH,JP,JP,BH,JP,NMB,4.42,38412.156108597286,price_per_item,169781.73,451547.16,4.42,249.56,298.51,10.556155286894164,12.339741490828857,0.5298577154310848,11.445675964067552,12.647064860424424,1.201388896356871,9.643592619532246,14.44914820495973,False,-2.270444268807399,2.270444268807399,LOW,3.0,0.0031446540880503146,5.762051382780177,67.03046630801344,2.0,0.0020964360587002098,6.1675164908883415,77.23297513030472,3.0,1.0,0.0,1.0,1.0,0.0,60.54677444961337,LOW,1,0.0,-0.9799760493848781,24.499401234621953,1.0,0.0,1,True,91.66666666666666,False,True,66.66666666666667,1.0,100.0,65.24145709878435,LOW,1,LOW,"LOW (driven by price+pattern+cr_profile; price_level=LOW, pattern_level=LOW, cr_profile_level=LOW)",1
2020-2701-9-10128-1,2020-2701-9-10128,2020-03-19,2020,2020-03,8517120000,851712000000,851712,85,Cellular telephones,Cellular telephones,CR_HASH_008,Import,IM,US,US,BH,US,US,BH,US,NMB,2.75,854.5745454545454,price_per_item,2350.08,6250.2,2.75,79.02,91.98,6.751773226245061,9.1609472788485,0.7778458576033893,8.086449359029473,9.737226953131787,1.6507775941023137,5.610282967876002,12.213393344285258,False,-2.0890586747591104,2.0890586747591104,LOW,13.0,0.013626834381551363,4.29571431398675,23.025452080470465,11.0,0.011530398322851153,4.462768398649916,21.2390343034744,8.0,1.625,1.0606601717798212,4.0,2.4615384615384617,93.00699300699303,32.89743699750022,NORMAL,0,0.0,-0.9118764351157825,22.796910877894565,1.0,0.0,1,True,91.66666666666666,False,True,50.0,1.0,100.0,60.4789188072631,LOW,1,LOW,"LOW (driven by price+cr_profile; price_level=LOW, pattern_level=NORMAL, cr_profile_level=LOW)",1
2020-2801-8-10285-1,2020-2801-8-10285,2020-03-20,2020,2020-03,8517120000,851712000000,851712,85,Cellular telephones,Cellular telephones,CR_HASH_045,Import,IM,AE,AE,BH,AE,AE,BH,AE,NMB,3.14,9214.582802547771,price_per_item,28933.79,76951.56,3.14,463.33,496.15,9.128651113090237,9.1609472788485,0.7778458576033893,8.086449359029473,9.737226953131787,1.6507775941023137,5.610282967876002,12.213393344285258,False,-0.028004861319939938,0.028004861319939938,NORMAL,11.0,0.011530398322851153,4.462768398649916,28.038772365976683,9.0,0.009433962264150943,4.663439094112067,27.830238657093965,7.0,1.5714285714285714,0.7867957924694431,3.0,1.9090909090909092,57.8512396694215,32.437655663384454,NORMAL,0,0.0,0.01290580012953325,0.3226450032383313,1.0,0.0,1,True,91.66666666666666,True,True,100.0,1.0,100.0,75.11292575113342,MEDIUM,1,LOW,"LOW (driven by cr_profile; price_level=NORMAL, pattern_level=NORMAL, cr_profile_level=MEDIUM)",1
2020-2501-2-10640-1,2020-2501-2-10640,2020-03-20,2020,2020-03,2710192100,271019210000,271019,27,Gas oils for diesel engines,Gas oils for diesel engines,CR_HASH_016,Re-export,EX,BH,BH,CN,BH,BH,CN,CN,LTR,6534.96,0.2492104006757501,price_per_liter_gross_weight,1628.58,4331.34,4.91,5698.78,6534.96,0.22251167226128293,0.2773855677315066,0.0779894680702432,0.16396900989912072,0.33244641877019565,0.16847740887107493,-0.08874710340749165,0.585162532076808,False,-0.47457607221804227,0.47457607221804227,NORMAL,10.0,0.010482180293501049,4.558078578454241,30.899046383171186,10.0,0.010482180293501049,4.558078578454241,24.369580448359905,7.0,1.4285714285714286,0.5345224838248488,2.0,1.4,25.454545454545453,27.797058166693375,NORMAL,0,0.0,-0.3475536839068297,8.688842097670744,1.0,0.0,1,True,91.66666666666666,False,True,75.0,1.0,100.0,61.79109473418476,LOW,1,NORMAL,"NORMAL (price_level=NORMAL, pattern_level=NORMAL, cr_profile_level=LOW)",0
2020-2801-9-10505-1,2020-2801-9-10505,2020-03-20,2020,2020-03,2710192100,271019210000,271019,27,Gas oils for diesel engines,Gas oils for diesel engines,CR_HASH_026,Import,IM,AE,AE,BH,AE,AE,BH,AE,LTR,6819.46,0.29385171259894477,price_per_liter_gross_weight,2003.91,5329.55,2.47,6010.87,6819.46,0.257623593375242,0.26355592811875056,0.07105600884335336,0.1979668243457394,0.33634243682655873,0.13837561248081934,-0.009596594375489625,0.5439058555477878,False,-0.05631198587918964,0.05631198587918964,NORMAL,12.0,0.012578616352201259,4.375757021660286,25.427546772711544,10.0,0.010482180293501049,4.558078578454241,24.369580448359905,7.0,1.7142857142857142,0.7559289460184544,3.0,1.75,47.727272727272734,28.40221745237265,NORMAL,0,0.0,-0.05359802499310905,1.3399506248277262,1.0,0.0,1,True,91.66666666666666,True,True,100.0,1.0,100.0,75.4689827186897,MEDIUM,1,LOW,"LOW (driven by cr_profile; price_level=NORMAL, pattern_level=NORMAL, cr_profile_level=MEDIUM)",1
2020-2801-7-10119-1,2020-2801-7-10119,2020-03-21,2020,2020-03,2710192100,271019210000,271019,27,Gas oils for diesel engines,Gas oils for diesel engines,CR_HASH_043,Import,IM,IN,IN,BH,IN,IN,BH,IN,LTR,10045.59,0.1331549465984576,price_per_liter_gross_weight,1337.62,3557.5,1.66,8429.12,10045.59,0.12500573050513208,0.26355592811875056,0.07105600884335336,0.1979668243457394,0.33634243682655873,0.13837561248081934,-0.009596594375489625,0.5439058555477878,False,-1.3151713631996844,1.3151713631996844,NORMAL,6.0,0.006289308176100629,5.0689042022202315,46.22900654036249,6.0,0.006289308176100629,5.0689042022202315,41.148094458851695,5.0,1.2,0.4472135954999579,2.0,1.6666666666666667,42.424242424242436,43.879972694415706,NORMAL,0,0.0,-1.1155590033768321,27.888975084420803,1.0,0.0,1,True,91.66666666666666,True,True,100.0,1.0,100.0,84.76114127954727,MEDIUM,1,LOW,"LOW (driven by cr_profile; price_level=NORMAL, pattern_level=NORMAL, cr_profile_level=MEDIUM)",1
2020-2801-5-10023-1,2020-2801-5-10023,2020-03-21,2020,2020-03,8504400090,850440009000,850440,85,Static converters,Static converters,CR_HASH_043,Import,IM,DE,DE,BH,DE,DE,BH,DE,NMB,4.76,325.03151260504205,price_per_item,1547.15,4114.76,4.76,523.21,599.32,5.786994041127647,7.466827051260017,0.5715840105867187,6.914775863803976,8.032836322465545,1.11806045866157,5.23768517581162,9.7099270104579,False,-1.9822665116804166,1.9822665116804166,NORMAL,5.0,0.005241090146750524,5.251225759014186,51.700506150822136,3.0,0.0031446540880503146,5.762051382780177,63.915119328547,4.0,1.25,0.5,2.0,1.6,38.181818181818194,53.947817567675244,LOW,1,0.0,-0.9598228948989191,23.995572372472978,1.0,0.0,1,True,91.66666666666666,True,True,100.0,0.5,50.0,73.39845033036553,LOW,1,LOW,"LOW (driven by pattern+cr_profile; price_level=NORMAL, pattern_level=LOW, cr_profile_level=LOW)",1
2020-2701-1-10135-1,2020-2701-1-10135,2020-03-22,2020,2020-03,8517120000,851712000000,851712,85,Cellular telephones,Cellular telephones,CR_HASH_005,Import,IM,CN,CN,BH,CN,CN,BH,CN,NMB,4.67,10638.203426124199,price_per_item,49680.41,132128.75,4.67,676.73,752.58,9.272300894127268,9.1609472788485,0.7778458576033893,8.086449359029473,9.737226953131787,1.6507775941023137,5.610282967876002,12.213393344285258,False,0.09655767117054759,0.09655767117054759,NORMAL,22.0,0.023060796645702306,3.769621218089971,7.2373125983257305,14.0,0.014675052410901468,4.221606341833028,13.317855801757727,10.0,2.2,0.7888106377466155,3.0,1.3636363636363635,23.140495867768593,11.750980209943359,NORMAL,0,0.0,0.20134160099374102,5.033540024843526,1.0,0.0,1,True,91.66666666666666,False,True,0.0,1.0,100.0,41.76173900869523,LOW,1,NORMAL,"NORMAL (price_level=NORMAL, pattern_level=NORMAL, cr_profile_level=LOW)",0
2020-2501-8-10211-1,2020-2501-8-10211,2020-03-22,2020,2020-03,3923301000,392330100000,392330,39,Plastic bottles for packaging,Plastic bottles for packaging,CR_HASH_010,Import,IM,DE,SA,BH,DE,SA,BH,DE,NMB,2.83,1.3568904593639575,price_per_item,3.84,10.2,2.83,56.16,65.51,0.857343148272386,1.6841288050356895,0.6442087840607709,1.0864174155799162,2.3469388358112164,1.2605214202313002,-0.8043647147670341,4.237720966158166,False,-0.8656499249194185,0.8656499249194185,NORMAL,2.0,0.0020964360587002098,6.1675164908883415,79.19854023234907,1.0,0.0010482180293501049,6.860663671448286,100.0,1.0,2.0,0.0,2.0,1.0,0.0,74.59927011617454,LOW,1,0.0,-0.6461390896830723,16.153477242076807,1.0,0.0,1,True,91.66666666666666,True,True,100.0,1.0,100.0,80.65371703472688,MEDIUM,1,MEDIUM,"MEDIUM (driven by pattern+cr_profile; price_level=NORMAL, pattern_level=LOW, cr_profile_level=MEDIUM)",1
2020-2501-7-10277-1,2020-2501-7-10277,2020-03-22,2020,2020-03,1006301000,100630100000,100630,10,Long-grain milled rice,Long-grain milled rice,CR_HASH_006,Import,IM,SA,IN,BH,SA,IN,BH,SA,KGM,2012.27,0.32711813027078873,price_per_kg,658.25,1750.67,3.75,2012.27,2302.36,0.28300977193868376,0.32869838978139143,0.06767869107876259,0.270176176769005,0.39860128498662895,0.12842510821762393,0.07753851444256912,0.5912389473130648,False,-0.45533608964600636,0.45533608964600636,NORMAL,11.0,0.011530398322851153,4.462768398649916,28.038772365976683,1.0,0.0010482180293501049,6.860663671448286,100.0,9.0,1.2222222222222223,0.4409585518440984,2.0,1.6363636363636362,40.49586776859504,55.0937663482776,LOW,1,0.0,-0.3945305466296515,9.863263665741288,1.0,0.0,1,True,91.66666666666666,True,True,100.0,0.8571428571428572,85.71428571428572,75.5949994258666,MEDIUM,1,MEDIUM,"MEDIUM (driven by pattern+cr_profile; price_level=NORMAL, pattern_level=LOW, cr_profile_level=MEDIUM)",1
2020-2501-4-10841-1,2020-2501-4-10841,2020-03-22,2020,2020-03,8471300000,847130000000,847130,84,Portable laptop computers,Portable laptop computers,CR_HASH_008,Import,IM,US,US,BH,US,US,BH,US,NMB,3.61,187.50969529085873,price_per_item,676.91,1800.3,3.61,13.02,15.35,5.239149439469148,8.71824987064452,0.6999612932513521,7.750041925937837,9.126895264901794,1.376853338963957,5.684761917491901,11.192175273347729,True,-3.3525012236300453,3.3525012236300453,MEDIUM,12.0,0.012578616352201259,4.375757021660286,25.427546772711544,10.0,0.010482180293501049,4.558078578454241,24.369580448359905,9.0,1.3333333333333333,0.5,2.0,1.5,31.818181818181824,26.015853816009013,NORMAL,0,0.0,-0.9902756846385042,24.756892115962607,1.0,0.0,1,True,91.66666666666666,False,True,33.333333333333336,1.0,100.0,56.998245573920244,LOW,1,MEDIUM,"MEDIUM (driven by price+cr_profile; price_level=MEDIUM, pattern_level=NORMAL, cr_profile_level=LOW)",1
2020-2601-3-10968-1,2020-2601-3-10968,2020-03-22,2020,2020-03,8504400090,850440009000,850440,85,Static converters,Static converters,CR_HASH_043,Import,IM,DE,DE,BH,DE,DE,BH,DE,NMB,2.25,2643.448888888889,price_per_item,5947.76,15818.52,2.25,273.24,294.15,7.8802179629942035,7.466827051260017,0.5715840105867187,6.914775863803976,8.032836322465545,1.11806045866157,5.23768517581162,9.7099270104579,False,0.4878169172893802,0.4878169172893802,NORMAL,5.0,0.005241090146750524,5.251225759014186,51.700506150822136,3.0,0.0031446540880503146,5.762051382780177,63.915119328547,4.0,1.25,0.5,2.0,1.6,38.181818181818194,53.947817567675244,LOW,1,0.0,0.6690410302006204,16.72602575501551,1.0,0.0,1,True,91.66666666666666,False,False,75.0,0.5,50.0,44.60410901425543,LOW,1,LOW,"LOW (driven by pattern+cr_profile; price_level=NORMAL, pattern_level=LOW, cr_profile_level=LOW)",1
2020-2801-2-10533-1,2020-2801-2-10533,2020-03-22,2020,2020-03,6109100000,610910000000,610910,61,Cotton t-shirts,Cotton t-shirts,CR_HASH_042,Re-export,EX,BH,BH,US,BH,BH,US,US,NMB,1.8,154.7888888888889,price_per_item,278.62,741.0,1.8,389.61,437.26,5.048501814390867,4.610526181303967,0.7708500247178713,3.916293548711598,5.585818334387825,1.6695247856762268,1.412006370197258,8.090105512902165,False,0.3832269675299616,0.3832269675299616,NORMAL,4.0,0.0041928721174004195,5.474369310328396,58.39708046469813,4.0,0.0041928721174004195,5.474369310328396,54.46595026060942,4.0,1.0,0.0,1.0,1.0,0.0,48.26162282356236,LOW,1,0.0,0.5837341811636734,14.593354529091835,1.0,0.0,1,True,91.66666666666666,True,True,100.0,1.0,100.0,80.10767408518214,MEDIUM,1,MEDIUM,"MEDIUM (driven by pattern+cr_profile; price_level=NORMAL, pattern_level=LOW, cr_profile_level=MEDIUM)",1
2020-2801-8-10599-1,2020-2801-8-10599,2020-03-23,2020,2020-03,8517120000,851712000000,851712,85,Cellular telephones,Cellular telephones,CR_HASH_047,Re-export,EX,BH,BH,SA,BH,BH,SA,SA,NMB,3.21,15903.01246105919,price_per_item,51048.67,135767.73,3.21,102.31,111.41,9.674326712413352,8.864077348542533,0.8102493638708186,8.21372138236038,9.675589371385747,1.461867989025368,6.020919398822327,11.8683913549238,False,0.6744907594765952,0.6744907594765952,NORMAL,4.0,0.0041928721174004195,5.474369310328396,58.39708046469813,4.0,0.0041928721174004195,5.474369310328396,54.46595026060942,4.0,1.0,0.0,1.0,1.0,0.0,48.26162282356236,LOW,1,0.0,0.7952007057563075,19.88001764390769,1.0,0.0,1,True,91.66666666666666,False,True,75.0,1.0,100.0,65.70800617536769,LOW,1,LOW,"LOW (driven by pattern+cr_profile; price_level=NORMAL, pattern_level=LOW, cr_profile_level=LOW)",1
2020-2801-3-10545-1,2020-2801-3-10545,2020-03-23,2020,2020-03,102211000,102211000000,102211,10,"Live cattle, pure-bred breeding","Live cattle, pure-bred breeding",CR_HASH_016,Re-export,EX,BH,BH,IN,BH,BH,IN,IN,NMB,3.96,332.5176767676768,price_per_item,1316.77,3502.05,3.96,21.71,24.07,5.809695867752156,9.549317841384953,0.6971436999939566,8.846103941045365,10.18755556601122,1.3414516249658544,6.833926503596584,12.19973300346,True,-3.6181069486431774,3.6181069486431774,MEDIUM,3.0,0.0031446540880503146,5.762051382780177,67.03046630801344,3.0,0.0031446540880503146,5.762051382780177,63.915119328547,3.0,1.0,0.0,1.0,1.0,0.0,55.88552491899817,LOW,1,0.0,-1.0605991714216176,26.51497928554044,1.0,0.0,1,True,91.66666666666666,True,True,100.0,1.0,100.0,84.28024274993916,MEDIUM,1,HIGH,"HIGH (driven by price+pattern+cr_profile; price_level=MEDIUM, pattern_level=LOW, cr_profile_level=MEDIUM)",1
2020-2701-4-10987-1,2020-2701-4-10987,2020-03-23,2020,2020-03,6109100000,610910000000,610910,61,Cotton t-shirts,Cotton t-shirts,CR_HASH_031,Import,IM,US,US,BH,US,US,BH,US,NMB,1.5,86.63333333333333,price_per_item,129.95,345.6,1.5,254.51,278.73,4.473161443067726,4.644105600231562,0.7882174659262975,3.8927224589349843,5.444558727344917,1.5518362684099332,1.5649680563200845,7.772313129959818,False,-0.14627975067518165,0.14627975067518165,NORMAL,13.0,0.013626834381551363,4.29571431398675,23.025452080470465,11.0,0.011530398322851153,4.462768398649916,21.2390343034744,10.0,1.3,0.48304589153964794,2.0,1.5384615384615383,34.26573426573426,24.086248186311412,NORMAL,0,0.0,-0.16007583163503997,4.001895790876,1.0,0.0,1,True,91.66666666666666,False,True,60.0,1.0,100.0,56.400663526806596,LOW,1,NORMAL,"NORMAL (price_level=NORMAL, pattern_level=NORMAL, cr_profile_level=LOW)",0
2020-2601-5-10506-1,2020-2601-5-10506,2020-03-23,2020,2020-03,3923301000,392330100000,392330,39,Plastic bottles for packaging,Plastic bottles for packaging,CR_HASH_040,Import,IM,DE,CN,BH,DE,CN,BH,DE,NMB,4.81,0.15384615384615385,price_per_item,0.74,1.98,4.81,32.35,35.9,0.14310084364067333,1.6841288050356895,0.6442087840607709,1.0864174155799162,2.3469388358112164,1.2605214202313002,-0.8043647147670341,4.237720966158166,False,-1.6134662329564604,1.6134662329564604,NORMAL,2.0,0.0020964360587002098,6.1675164908883415,79.19854023234907,1.0,0.0010482180293501049,6.860663671448286,100.0,1.0,2.0,0.0,2.0,1.0,0.0,74.59927011617454,LOW,1,0.0,-0.8908655167996447,22.271637919991115,1.0,0.0,2,False,83.33333333333334,True,True,100.0,0.5,50.0,62.79507327199689,LOW,1,LOW,"LOW (driven by pattern+cr_profile; price_level=NORMAL, pattern_level=LOW, cr_profile_level=LOW)",1
2020-2701-6-10256-1,2020-2701-6-10256,2020-03-24,2020,2020-03,9018390000,901839000000,901839,90,Medical syringes and needles,Medical syringes and needles,CR_HASH_017,Re-export,EX,BH,BH,AE,BH,BH,AE,AE,NMB,2.66,0.8308270676691729,price_per_item,2.21,5.89,2.66,221.47,240.03,0.6047678143008907,1.4183722013465883,0.34031158648964543,0.9528936868330796,1.614923227688858,0.6620295408557785,-0.040150624450588146,2.6079675389725256,False,-1.6125476261109892,1.6125476261109892,NORMAL,3.0,0.0031446540880503146,5.762051382780177,67.03046630801344,3.0,0.0031446540880503146,5.762051382780177,63.915119328547,3.0,1.0,0.0,1.0,1.0,0.0,55.88552491899817,LOW,1,0.0,-0.7173231842553874,17.933079606384688,1.0,0.0,1,True,91.66666666666666,True,True,100.0,1.0,100.0,81.27657786223463,MEDIUM,1,MEDIUM,"MEDIUM (driven by pattern+cr_profile; price_level=NORMAL, pattern_level=LOW, cr_profile_level=MEDIUM)",1
2020-2601-8-10314-1,2020-2601-8-10314,2020-03-26,2020,2020-03,9018390000,901839000000,901839,90,Medical syringes and needles,Medical syringes and needles,CR_HASH_045,Import,IM,CN,US,BH,CN,US,BH,CN,NMB,0.77,9.025974025974026,price_per_item,6.95,18.48,0.77,194.72,228.53,2.3051791281710923,1.1592369104845446,0.5792846449150362,0.6041021775947832,1.7481096643936567,1.1440074867988734,-1.111909052603527,3.464120894591967,False,1.3342791726113488,1.3342791726113488,NORMAL,23.0,0.02410901467505241,3.725169455519137,5.903307964603629,2.0,0.0020964360587002098,6.1675164908883415,77.23297513030472,12.0,1.9166666666666667,0.9962049198956219,4.0,2.0869565217391304,69.16996047430831,40.358689349054714,NORMAL,0,0.0,2.500146491748133,62.50366229370332,1.0,0.0,1,True,91.66666666666666,True,True,100.0,1.0,100.0,96.87628180279616,HIGH,1,HIGH,"HIGH (driven by cr_profile; price_level=NORMAL, pattern_level=NORMAL, cr_profile_level=HIGH)",1
2020-2601-1-10713-1,2020-2601-1-10713,2020-03-26,2020,2020-03,8517120000,851712000000,851712,85,Cellular telephones,Cellular telephones,CR_HASH_047,Import,IM,AE,AE,BH,AE,AE,BH,AE,NMB,4.03,912.9156327543424,price_per_item,3679.05,9784.72,4.03,154.85,179.61,6.81773826167332,9.1609472788485,0.7778458576033893,8.086449359029473,9.737226953131787,1.6507775941023137,5.610282967876002,12.213393344285258,False,-2.031858644174654,2.031858644174654,LOW,11.0,0.011530398322851153,4.462768398649916,28.038772365976683,9.0,0.009433962264150943,4.663439094112067,27.830238657093965,7.0,1.5714285714285714,0.7867957924694431,3.0,1.9090909090909092,57.8512396694215,32.437655663384454,NORMAL,0,0.0,-0.8853410646202851,22.133526615507126,1.0,0.0,1,True,91.66666666666666,False,True,60.0,0.8,80.0,58.746734315427496,LOW,1,LOW,"LOW (driven by price+cr_profile; price_level=LOW, pattern_level=NORMAL, cr_profile_level=LOW)",1
2020-2601-5-10762-1,2020-2601-5-10762,2020-03-26,2020,2020-03,8504400090,850440009000,850440,85,Static converters,Static converters,CR_HASH_015,Re-export,EX,BH,BH,AE,BH,BH,AE,AE,NMB,2.61,3088.3716475095785,price_per_item,8060.65,21437.91,2.61,369.27,398.14,8.035722998892787,7.211981005295417,0.7196345903205628,6.668983974826631,7.961818755725377,1.2928347808987457,4.729731803478512,9.901070927073494,False,0.7720673385457452,0.7720673385457452,NORMAL,3.0,0.0031446540880503146,5.762051382780177,67.03046630801344,3.0,0.0031446540880503146,5.762051382780177,63.915119328547,3.0,1.0,0.0,1.0,1.0,0.0,55.88552491899817,LOW,1,0.0,0.9223083555120459,23.057708887801148,1.0,0.0,2,False,83.33333333333334,False,True,62.5,0.875,87.5,51.1951981107304,LOW,1,LOW,"LOW (driven by pattern+cr_profile; price_level=NORMAL, pattern_level=LOW, cr_profile_level=LOW)",1
2020-2601-8-10179-1,2020-2601-8-10179,2020-03-26,2020,2020-03,2710192100,271019210000,271019,27,Gas oils for diesel engines,Gas oils for diesel engines,CR_HASH_015,Import,IM,CN,CN,BH,CN,CN,BH,CN,LTR,4635.99,0.31527678014836097,price_per_liter_gross_weight,1461.62,3887.29,4.61,4052.71,4635.99,0.2740471226823632,0.26355592811875056,0.07105600884335336,0.1979668243457394,0.33634243682655873,0.13837561248081934,-0.009596594375489625,0.5439058555477878,False,0.09958642350188417,0.09958642350188417,NORMAL,19.0,0.019916142557651992,3.916224692281846,11.63690673320574,15.0,0.015723270440251572,4.152613470346076,11.051724646602178,8.0,2.375,1.407885953173359,5.0,2.1052631578947367,70.33492822966507,20.236796227363392,NORMAL,0,0.0,0.14167594741694794,3.5418986854236985,1.0,0.0,2,False,83.33333333333334,False,False,50.0,0.875,87.5,31.239664539898293,NORMAL,0,NORMAL,"NORMAL (price_level=NORMAL, pattern_level=NORMAL, cr_profile_level=NORMAL)",0
2020-2801-3-10595-1,2020-2801-3-10595,2020-03-26,2020,2020-03,8703221000,870322100000,870322,87,Passenger cars 1000-1500cc,Passenger cars 1000-1500cc,CR_HASH_001,Re-export,EX,BH,BH,JP,BH,BH,JP,JP,NMB,1.87,256079.81818181818,price_per_item,478869.26,1273588.47,1.87,571.52,680.33,12.453248369662923,12.004283802979177,0.6624296738554509,11.2719045323345,12.594725507248622,1.3228209749141229,9.287673069963315,14.578956969619806,False,0.4571390194496011,0.4571390194496011,NORMAL,5.0,0.005241090146750524,5.251225759014186,51.700506150822136,5.0,0.005241090146750524,5.251225759014186,47.13660531805522,5.0,1.0,0.0,1.0,1.0,0.0,42.348064936730395,NORMAL,0,0.0,0.2259571390244378,5.648928475610945,1.0,0.0,2,False,83.33333333333334,True,True,100.0,0.8333333333333334,83.33333333333334,63.6437916331305,LOW,1,NORMAL,"NORMAL (price_level=NORMAL, pattern_level=NORMAL, cr_profile_level=LOW)",0
2020-2501-2-10001-1,2020-2501-2-10001,2020-03-27,2020,2020-03,8703221000,870322100000,870322,87,Passenger cars 1000-1500cc,Passenger cars 1000-1500cc,CR_HASH_031,Re-export,EX,BH,BH,US,BH,BH,US,US,NMB,4.71,187915.46921443735,price_per_item,885081.86,2353941.11,4.71,833.5,911.55,12.143752830386793,12.004283802979177,0.6624296738554509,11.2719045323345,12.594725507248622,1.3228209749141229,9.287673069963315,14.578956969619806,False,0.142008388108761,0.142008388108761,NORMAL,8.0,0.008385744234800839,4.781222129768451,37.595620697047174,8.0,0.008385744234800839,4.781222129768451,31.698925390914113,7.0,1.1428571428571428,0.3779644730092272,2.0,1.75,47.727272727272734,37.051525144434436,NORMAL,0,-0.45007765191233645,-0.15007149320908428,11.251941297808411,1.0,0.0,2,False,83.33333333333334,False,False,50.0,0.5,50.0,26.438179454232944,NORMAL,0,NORMAL,"NORMAL (price_level=NORMAL, pattern_level=NORMAL, cr_profile_level=NORMAL)",0
2020-2801-8-10126-1,2020-2801-8-10126,2020-03-27,2020,2020-03,1006301000,100630100000,100630,10,Long-grain milled rice,Long-grain milled rice,CR_HASH_030,Import,IM,DE,AE,BH,DE,AE,BH,DE,KGM,3826.07,0.3459189194133928,price_per_kg,1323.51,3519.98,0.82,3826.07,4320.78,0.29707699123087283,0.32869838978139143,0.06767869107876259,0.270176176769005,0.39860128498662895,0.12842510821762393,0.07753851444256912,0.5912389473130648,False,-0.3151411586732678,0.3151411586732678,NORMAL,6.0,0.006289308176100629,5.0689042022202315,46.22900654036249,1.0,0.0010482180293501049,6.860663671448286,100.0,4.0,1.5,1.0,3.0,2.0,63.63636363636365,67.65995781563579,LOW,1,0.0,-0.29274181787842163,7.318545446960541,1.0,0.0,1,True,91.66666666666666,True,True,100.0,1.0,100.0,77.56149090643619,MEDIUM,1,MEDIUM,"MEDIUM (driven by pattern+cr_profile; price_level=NORMAL, pattern_level=LOW, cr_profile_level=MEDIUM)",1
2020-2601-3-10149-1,2020-2601-3-10149,2020-03-28,2020,2020-03,9018390000,901839000000,901839,90,Medical syringes and needles,Medical syringes and needles,CR_HASH_005,Import,IM,US,US,BH,US,US,BH,US,NMB,1.41,0.3333333333333333,price_per_item,0.47,1.26,1.41,21.3,23.41,0.2876820724517809,1.1592369104845446,0.5792846449150362,0.6041021775947832,1.7481096643936567,1.1440074867988734,-1.111909052603527,3.464120894591967,False,-1.0147959035172436,1.0147959035172436,NORMAL,11.0,0.011530398322851153,4.462768398649916,28.038772365976683,9.0,0.009433962264150943,4.663439094112067,27.830238657093965,7.0,1.5714285714285714,0.7867957924694432,3.0,1.9090909090909092,57.8512396694215,32.437655663384454,NORMAL,0,0.0,-0.9076742945415528,22.69185736353882,1.0,0.0,1,True,91.66666666666666,True,True,100.0,1.0,100.0,82.94215007723858,MEDIUM,1,LOW,"LOW (driven by cr_profile; price_level=NORMAL, pattern_level=NORMAL, cr_profile_level=MEDIUM)",1
2020-2701-7-10192-1,2020-2701-7-10192,2020-03-28,2020,2020-03,8517120000,851712000000,851712,85,Cellular telephones,Cellular telephones,CR_HASH_043,Re-export,EX,BH,BH,US,BH,BH,US,US,NMB,4.19,3030.90692124105,price_per_item,12699.5,33775.26,4.19,360.47,431.86,8.016947047491918,8.864077348542533,0.8102493638708186,8.21372138236038,9.675589371385747,1.461867989025368,6.020919398822327,11.8683913549238,False,-0.7051922353898498,0.7051922353898498,NORMAL,4.0,0.0041928721174004195,5.474369310328396,58.39708046469813,4.0,0.0041928721174004195,5.474369310328396,54.46595026060942,4.0,1.0,0.0,1.0,1.0,0.0,48.26162282356236,LOW,1,0.0,-0.6758014855411331,16.895037138528327,1.0,0.0,2,False,83.33333333333334,True,True,100.0,0.4,40.0,58.91326299848491,LOW,1,LOW,"LOW (driven by pattern+cr_profile; price_level=NORMAL, pattern_level=LOW, cr_profile_level=LOW)",1
2020-2601-3-10888-1,2020-2601-3-10888,2020-03-28,2020,2020-03,2710192100,271019210000,271019,27,Gas oils for diesel engines,Gas oils for diesel engines,CR_HASH_017,Import,IM,AE,AE,BH,AE,AE,BH,AE,LTR,13176.03,0.157237043327922,price_per_liter_gross_weight,2071.76,5509.99,4.3,11801.45,13176.03,0.1460353047792229,0.26355592811875056,0.07105600884335336,0.1979668243457394,0.33634243682655873,0.13837561248081934,-0.009596594375489625,0.5439058555477878,False,-1.1155506167703302,1.1155506167703302,NORMAL,12.0,0.012578616352201259,4.375757021660286,25.427546772711544,10.0,0.010482180293501049,4.558078578454241,24.369580448359905,7.0,1.7142857142857142,0.7559289460184544,3.0,1.75,47.727272727272734,28.40221745237265,NORMAL,0,0.0,-0.9531830370092533,23.82957592523133,1.0,0.0,1,True,91.66666666666666,False,True,80.0,1.0,100.0,68.34035157383096,LOW,1,NORMAL,"NORMAL (price_level=NORMAL, pattern_level=NORMAL, cr_profile_level=LOW)",0
2020-2801-5-10257-1,2020-2801-5-10257,2020-03-30,2020,2020-03,9018390000,901839000000,901839,90,Medical syringes and needles,Medical syringes and needles,CR_HASH_031,Import,IM,CN,SA,BH,CN,SA,BH,CN,NMB,3.7,2.6216216216216215,price_per_item,9.7,25.8,3.7,546.59,649.83,1.286921887306687,1.1592369104845446,0.5792846449150362,0.6041021775947832,1.7481096643936567,1.1440074867988734,-1.111909052603527,3.464120894591967,False,0.14867015334602884,0.14867015334602884,NORMAL,23.0,0.02410901467505241,3.725169455519137,5.903307964603629,1.0,0.0010482180293501049,6.860663671448286,100.0,12.0,1.9166666666666667,0.9962049198956219,4.0,2.0869565217391304,69.16996047430831,48.327148053448056,LOW,1,0.0,-0.04404423871093441,1.1011059677733601,1.0,0.0,1,True,91.66666666666666,True,True,100.0,1.0,100.0,75.38538708872068,MEDIUM,1,MEDIUM,"MEDIUM (driven by pattern+cr_profile; price_level=NORMAL, pattern_level=LOW, cr_profile_level=MEDIUM)",1
2020-2601-3-10194-1,2020-2601-3-10194,2020-03-31,2020,2020-03,9018390000,901839000000,901839,90,Medical syringes and needles,Medical syringes and needles,CR_HASH_046,Import,IM,AE,AE,BH,AE,AE,BH,AE,NMB,2.35,1.9702127659574467,price_per_item,4.63,12.32,2.35,130.86,147.46,1.0886335886182135,1.1592369104845446,0.5792846449150362,0.6041021775947832,1.7481096643936567,1.1440074867988734,-1.111909052603527,3.464120894591967,False,-0.08220706107992351,0.08220706107992351,NORMAL,11.0,0.011530398322851153,4.462768398649916,28.038772365976683,10.0,0.010482180293501049,4.558078578454241,24.369580448359905,6.0,1.8333333333333333,0.983192080250175,3.0,1.6363636363636365,40.495867768595055,28.623119505203565,NORMAL,0,0.0,-0.26414066962385163,6.603516740596291,1.0,0.0,1,True,91.66666666666666,False,True,71.42857142857143,0.8571428571428572,85.71428571428572,57.311230859208706,LOW,1,NORMAL,"NORMAL (price_level=NORMAL, pattern_level=NORMAL, cr_profile_level=LOW)",0
2020-2501-2-10435-1,2020-2501-2-10435,2020-04-01,2020,2020-04,3923301000,392330100000,392330,39,Plastic bottles for packaging,Plastic bottles for packaging,CR_HASH_032,Import,IM,CN,CN,BH,CN,CN,BH,CN,NMB,3.62,4.254143646408839,price_per_item,15.4,40.96,3.62,294.22,326.31,1.6590170312795645,1.6841288050356895,0.6442087840607709,1.0864174155799162,2.3469388358112164,1.2605214202313002,-0.8043647147670341,4.237720966158166,False,-0.026292189382775354,0.026292189382775354,NORMAL,28.0,0.029350104821802937,3.5284591612730827,0.0,21.0,0.0220125786163522,3.8161412337248635,0.0,12.0,2.3333333333333335,1.2309149097933274,5.0,2.142857142857143,72.72727272727273,10.90909090909091,NORMAL,0,0.0,-0.10098547600712061,2.5246369001780153,1.0,0.0,2,False,83.33333333333334,True,True,100.0,0.75,75.0,60.883622915062304,LOW,1,NORMAL,"NORMAL (price_level=NORMAL, pattern_level=NORMAL, cr_profile_level=LOW)",0
2020-2601-5-10302-1,2020-2601-5-10302,2020-04-01,2020,2020-04,2710192100,271019210000,271019,27,Gas oils for diesel engines,Gas oils for diesel engines,CR_HASH_033,Import,IM,JP,JP,BH,JP,JP,BH,JP,LTR,8849.58,0.3394364478314225,price_per_liter_gross_weight,3003.87,7989.01,4.37,8185.67,8849.58,0.29224896418227125,0.26355592811875056,0.07105600884335336,0.1979668243457394,0.33634243682655873,0.13837561248081934,-0.009596594375489625,0.5439058555477878,False,0.27236525103511666,0.27236525103511666,NORMAL,7.0,0.007337526205450734,4.9147535223929735,41.6029195353019,5.0,0.005241090146750524,5.251225759014186,47.13660531805522,6.0,1.1666666666666667,0.408248290463863,2.0,1.7142857142857142,45.45454545454546,44.117453447152094,NORMAL,0,0.0,0.24719413619199634,6.179853404799909,1.0,0.0,2,False,83.33333333333334,False,True,88.88888888888889,0.8888888888888888,88.88888888888889,52.16294869167997,LOW,1,NORMAL,"NORMAL (price_level=NORMAL, pattern_level=NORMAL, cr_profile_level=LOW)",0
2020-2801-6-10986-1,2020-2801-6-10986,2020-04-01,2020,2020-04,8471300000,847130000000,847130,84,Portable laptop computers,Portable laptop computers,CR_HASH_009,Re-export,EX,BH,BH,CN,BH,BH,CN,CN,NMB,2.13,5485.892018779344,price_per_item,11684.95,31077.0,2.13,398.68,460.28,8.610117257401024,9.057918359570245,1.044460022767316,7.958447179146432,9.968345476103027,2.009898296956594,4.943599733711541,12.983192921537917,False,-0.2891807239269146,0.2891807239269146,NORMAL,12.0,0.012578616352201259,4.375757021660286,25.427546772711544,12.0,0.012578616352201259,4.375757021660286,18.381069589156386,6.0,2.0,1.0954451150103321,3.0,1.5,31.818181818181824,23.91987501528778,NORMAL,0,0.0,-0.15817314473457236,3.954328618364309,1.0,0.0,1,True,91.66666666666666,False,True,60.0,1.0,100.0,56.38401501642751,LOW,1,NORMAL,"NORMAL (price_level=NORMAL, pattern_level=NORMAL, cr_profile_level=LOW)",0
2020-2801-2-10206-1,2020-2801-2-10206,2020-04-01,2020,2020-04,9018390000,901839000000,901839,90,Medical syringes and needles,Medical syringes and needles,CR_HASH_027,Import,IM,AE,AE,BH,AE,AE,BH,AE,NMB,2.97,0.946127946127946,price_per_item,2.81,7.48,2.97,75.42,80.25,0.6658417298696778,1.1592369104845446,0.5792846449150362,0.6041021775947832,1.7481096643936567,1.1440074867988734,-1.111909052603527,3.464120894591967,False,-0.5744852604263726,0.5744852604263726,NORMAL,11.0,0.011530398322851153,4.462768398649916,28.038772365976683,10.0,0.010482180293501049,4.558078578454241,24.369580448359905,6.0,1.8333333333333333,0.983192080250175,3.0,1.6363636363636365,40.495867768595055,28.623119505203565,NORMAL,0,0.0,-0.6833942668921136,17.08485667230284,1.0,0.0,3,False,75.0,False,True,80.0,0.7142857142857143,71.42857142857143,50.265414121020285,LOW,1,NORMAL,"NORMAL (price_level=NORMAL, pattern_level=NORMAL, cr_profile_level=LOW)",0
2020-2701-7-10611-1,2020-2701-7-10611,2020-04-01,2020,2020-04,8471300000,847130000000,847130,84,Portable laptop computers,Portable laptop computers,CR_HASH_048,Import,IM,IN,DE,BH,IN,DE,BH,IN,NMB,2.07,7971.323671497585,price_per_item,16500.64,43884.68,2.07,873.95,1040.1,8.983731281549327,8.71824987064452,0.6999612932513521,7.750041925937837,9.126895264901794,1.376853338963957,5.684761917491901,11.192175273347729,False,0.2558209435215153,0.2558209435215153,NORMAL,5.0,0.005241090146750524,5.251225759014186,51.700506150822136,1.0,0.0010482180293501049,6.860663671448286,100.0,5.0,1.0,0.0,1.0,1.0,0.0,60.85025307541107,LOW,1,0.0,0.19717208547962706,4.929302136990676,1.0,0.0,3,False,75.0,False,True,87.5,0.7777777777777778,77.77777777777779,49.15581130350229,LOW,1,LOW,"LOW (driven by pattern+cr_profile; price_level=NORMAL, pattern_level=LOW, cr_profile_level=LOW)",1
2020-2501-1-10487-1,2020-2501-1-10487,2020-04-01,2020,2020-04,1006301000,100630100000,100630,10,Long-grain milled rice,Long-grain milled rice,CR_HASH_034,Import,IM,AE,AE,BH,AE,AE,BH,AE,KGM,161.42,0.5263907818114236,price_per_kg,84.97,225.99,4.46,161.42,186.44,0.42290598252398437,0.32869838978139143,0.06767869107876259,0.270176176769005,0.39860128498662895,0.12842510821762393,0.07753851444256912,0.5912389473130648,False,0.9388797236557765,0.9388797236557765,NORMAL,10.0,0.010482180293501049,4.558078578454241,30.899046383171186,7.0,0.007337526205450734,4.9147535223929735,36.084880671453035,8.0,1.25,0.4629100498862757,2.0,1.6,38.181818181818194,33.80650415386688,NORMAL,0,0.0,0.9469208055183155,23.673020137957888,1.0,0.0,1,True,91.66666666666666,True,True,100.0,1.0,100.0,83.28555704828526,MEDIUM,1,LOW,"LOW (driven by cr_profile; price_level=NORMAL, pattern_level=NORMAL, cr_profile_level=MEDIUM)",1
2020-2701-5-10474-1,2020-2701-5-10474,2020-04-01,2020,2020-04,1006301000,100630100000,100630,10,Long-grain milled rice,Long-grain milled rice,CR_HASH_033,Import,IM,CN,CN,BH,CN,CN,BH,CN,KGM,3450.19,0.4662409896266582,price_per_kg,1608.62,4278.24,2.62,3450.19,3764.27,0.3827019757845067,0.32869838978139143,0.06767869107876259,0.270176176769005,0.39860128498662895,0.12842510821762393,0.07753851444256912,0.5912389473130648,False,0.5382036673154706,0.5382036673154706,NORMAL,25.0,0.02620545073375262,3.641787846580086,3.4010123016442515,21.0,0.0220125786163522,3.8161412337248635,0.0,9.0,2.7777777777777777,1.6414763002993509,5.0,1.8,50.909090909090914,9.336869787185762,NORMAL,0,0.0,0.547243515660725,13.681087891518127,1.0,0.0,1,True,91.66666666666666,False,True,77.77777777777779,1.0,100.0,64.2328252064758,LOW,1,NORMAL,"NORMAL (price_level=NORMAL, pattern_level=NORMAL, cr_profile_level=LOW)",0
2020-2501-7-10893-1,2020-2501-7-10893,2020-04-01,2020,2020-04,9018390000,901839000000,901839,90,Medical syringes and needles,Medical syringes and needles,CR_HASH_014,Import,IM,DE,CN,BH,DE,CN,BH,DE,NMB,1.95,0.4358974358974359,price_per_item,0.85,2.26,1.95,552.12,597.77,0.3617900446055028,1.1592369104845446,0.5792846449150362,0.6041021775947832,1.7481096643936567,1.1440074867988734,-1.111909052603527,3.464120894591967,False,-0.9285081987420452,0.9285081987420452,NORMAL,3.0,0.0031446540880503146,5.762051382780177,67.03046630801344,1.0,0.0010482180293501049,6.860663671448286,100.0,3.0,1.0,0.0,1.0,1.0,0.0,68.51523315400672,LOW,1,0.0,-0.8598705482558174,21.496763706395434,1.0,0.0,1,True,91.66666666666666,True,True,100.0,1.0,100.0,82.5238672972384,MEDIUM,1,MEDIUM,"MEDIUM (driven by pattern+cr_profile; price_level=NORMAL, pattern_level=LOW, cr_profile_level=MEDIUM)",1
2020-2801-8-10272-1,2020-2801-8-10272,2020-04-01,2020,2020-04,8504400090,850440009000,850440,85,Static converters,Static converters,CR_HASH_017,Import,IM,AE,AE,BH,AE,AE,BH,AE,NMB,1.75,986.5657142857143,price_per_item,1726.49,4591.72,1.75,380.36,425.89,6.895243040673298,7.466827051260017,0.5715840105867187,6.914775863803976,8.032836322465545,1.11806045866157,5.23768517581162,9.7099270104579,False,-0.6744907594765952,0.6744907594765952,NORMAL,12.0,0.012578616352201259,4.375757021660286,25.427546772711544,8.0,0.008385744234800839,4.781222129768451,31.698925390914113,8.0,1.5,0.5345224838248488,2.0,1.3333333333333333,21.21212121212121,26.990215454993894,NORMAL,0,0.0,-0.4715050443734659,11.787626109336648,1.0,0.0,1,True,91.66666666666666,False,True,66.66666666666667,1.0,100.0,60.792335804934496,LOW,1,NORMAL,"NORMAL (price_level=NORMAL, pattern_level=NORMAL, cr_profile_level=LOW)",0
2020-2601-7-10731-1,2020-2601-7-10731,2020-04-02,2020,2020-04,6109100000,610910000000,610910,61,Cotton t-shirts,Cotton t-shirts,CR_HASH_025,Import,IM,CN,CN,BH,CN,CN,BH,CN,NMB,2.75,39.96727272727273,price_per_item,109.91,292.32,2.75,366.82,413.69,3.712773521788088,4.644105600231562,0.7882174659262975,3.8927224589349843,5.444558727344917,1.5518362684099332,1.5649680563200845,7.772313129959818,False,-0.7969563071988464,0.7969563071988464,NORMAL,16.0,0.016771488469601678,4.088074949208505,16.794160929396217,13.0,0.013626834381551363,4.29571431398675,15.75199690827349,8.0,2.0,1.4142135623730951,5.0,2.5,95.45454545454547,28.228461200775648,NORMAL,0,0.0,-0.6003615707696908,15.009039269242269,1.0,0.0,1,True,91.66666666666666,False,True,60.0,1.0,100.0,60.2531637442348,LOW,1,NORMAL,"NORMAL (price_level=NORMAL, pattern_level=NORMAL, cr_profile_level=LOW)",0
2020-2801-6-10690-1,2020-2801-6-10690,2020-04-02,2020,2020-04,8504400090,850440009000,850440,85,Static converters,Static converters,CR_HASH_014,Import,IM,DE,IN,BH,DE,IN,BH,DE,NMB,3.55,878.8281690140846,price_per_item,3119.84,8297.45,3.55,42.57,49.43,6.7797266259220565,7.466827051260017,0.5715840105867187,6.914775863803976,8.032836322465545,1.11806045866157,5.23768517581162,9.7099270104579,False,-0.8108044996695732,0.8108044996695732,NORMAL,5.0,0.005241090146750524,5.251225759014186,51.700506150822136,1.0,0.0010482180293501049,6.860663671448286,100.0,4.0,1.25,0.5,2.0,1.6,38.181818181818194,66.5775258026838,LOW,1,0.0,-0.5782951187003333,14.457377967508334,1.0,0.0,1,True,91.66666666666666,False,True,75.0,1.0,100.0,63.81008228862792,LOW,1,LOW,"LOW (driven by pattern+cr_profile; price_level=NORMAL, pattern_level=LOW, cr_profile_level=LOW)",1
2020-2801-7-10815-1,2020-2801-7-10815,2020-04-02,2020,2020-04,3923301000,392330100000,392330,39,Plastic bottles for packaging,Plastic bottles for packaging,CR_HASH_004,Import,IM,US,US,BH,US,US,BH,US,NMB,1.18,33.610169491525426,price_per_item,39.66,105.47,1.18,892.72,1014.79,3.5441475548188914,1.6841288050356895,0.6442087840607709,1.0864174155799162,2.3469388358112164,1.2605214202313002,-0.8043647147670341,4.237720966158166,False,1.947451649562777,1.947451649562777,NORMAL,10.0,0.010482180293501049,4.558078578454241,30.899046383171186,7.0,0.007337526205450734,4.9147535223929735,36.084880671453035,7.0,1.4285714285714286,0.7867957924694432,3.0,2.1,70.00000000000001,38.579231426594156,NORMAL,0,0.0,6.02376218242235,100.0,1.0,0.0,1,True,91.66666666666666,False,True,75.0,1.0,100.0,93.75,HIGH,1,HIGH,"HIGH (driven by cr_profile; price_level=NORMAL, pattern_level=NORMAL, cr_profile_level=HIGH)",1
2020-2701-2-10821-1,2020-2701-2-10821,2020-04-02,2020,2020-04,8471300000,847130000000,847130,84,Portable laptop computers,Portable laptop computers,CR_HASH_046,Import,IM,US,US,BH,US,US,BH,US,NMB,2.37,8301.45569620253,price_per_item,19674.45,52325.67,2.37,154.53,168.2,9.024306617037029,8.71824987064452,0.6999612932513521,7.750041925937837,9.126895264901794,1.376853338963957,5.684761917491901,11.192175273347729,False,0.29491980386276884,0.29491980386276884,NORMAL,12.0,0.012578616352201259,4.375757021660286,25.427546772711544,10.0,0.010482180293501049,4.558078578454241,24.369580448359905,9.0,1.3333333333333333,0.5,2.0,1.5,31.818181818181824,26.015853816009013,NORMAL,0,0.0,0.27981985989260816,6.995496497315204,1.0,0.0,2,False,83.33333333333334,False,False,75.0,0.875,87.5,38.698423774060316,LOW,1,NORMAL,"NORMAL (price_level=NORMAL, pattern_level=NORMAL, cr_profile_level=LOW)",0
2020-2601-6-10069-1,2020-2601-6-10069,2020-04-03,2020,2020-04,8471300000,847130000000,847130,84,Portable laptop computers,Portable laptop computers,CR_HASH_030,Import,IM,SA,SA,BH,SA,SA,BH,SA,NMB,4.71,4008.0106157112527,price_per_item,18877.73,50206.72,4.71,224.03,264.64,8.296299760608882,8.71824987064452,0.6999612932513521,7.750041925937837,9.126895264901794,1.376853338963957,5.684761917491901,11.192175273347729,False,-0.4065959831252723,0.4065959831252723,NORMAL,12.0,0.012578616352201259,4.375757021660286,25.427546772711544,8.0,0.008385744234800839,4.781222129768451,31.698925390914113,7.0,1.7142857142857142,0.9511897312113418,3.0,1.75,47.727272727272734,30.96748818226662,NORMAL,0,0.0,-0.3778996652063417,9.447491630158543,1.0,0.0,1,True,91.66666666666666,True,True,100.0,1.0,100.0,78.30662207055549,MEDIUM,1,LOW,"LOW (driven by cr_profile; price_level=NORMAL, pattern_level=NORMAL, cr_profile_level=MEDIUM)",1
2020-2501-6-10477-1,2020-2501-6-10477,2020-04-03,2020,2020-04,1006301000,100630100000,100630,10,Long-grain milled rice,Long-grain milled rice,CR_HASH_016,Re-export,EX,BH,BH,IN,BH,BH,IN,IN,KGM,4956.42,0.2594392727008607,price_per_kg,1285.89,3419.93,2.49,4956.42,5323.54,0.23066660024587365,0.2942812331971436,0.07865143426710039,0.2366195387420564,0.39544094305664584,0.15882140431458944,-0.0016125677298277352,0.63367304952853,False,-0.5455397284608065,0.5455397284608065,NORMAL,2.0,0.0020964360587002098,6.1675164908883415,79.19854023234907,2.0,0.0020964360587002098,6.1675164908883415,77.23297513030472,2.0,1.0,0.0,1.0,1.0,0.0,66.6308114117812,LOW,1,0.0,-0.8820362686206326,22.050906715515815,1.0,0.0,1,True,91.66666666666666,False,True,83.33333333333334,0.8333333333333334,83.33333333333334,65.21781735043054,LOW,1,LOW,"LOW (driven by pattern+cr_profile; price_level=NORMAL, pattern_level=LOW, cr_profile_level=LOW)",1
2020-2601-7-10851-1,2020-2601-7-10851,2020-04-03,2020,2020-04,1006301000,100630100000,100630,10,Long-grain milled rice,Long-grain milled rice,CR_HASH_041,Import,IM,CN,CN,BH,CN,CN,BH,CN,KGM,4203.57,0.5489595748375786,price_per_kg,2307.59,6137.21,4.54,4203.57,4427.18,0.4375834635070814,0.32869838978139143,0.06767869107876259,0.270176176769005,0.39860128498662895,0.12842510821762393,0.07753851444256912,0.5912389473130648,False,1.085156567041699,1.085156567041699,NORMAL,25.0,0.02620545073375262,3.641787846580086,3.4010123016442515,21.0,0.0220125786163522,3.8161412337248635,0.0,9.0,2.7777777777777777,1.6414763002993509,5.0,1.8,50.909090909090914,9.336869787185762,NORMAL,0,0.0,1.1871101248977398,29.677753122443495,1.0,0.0,2,False,83.33333333333334,False,True,50.0,0.0,0.0,32.88721359285522,NORMAL,0,NORMAL,"NORMAL (price_level=NORMAL, pattern_level=NORMAL, cr_profile_level=NORMAL)",0
2020-2601-2-10213-1,2020-2601-2-10213,2020-04-03,2020,2020-04,6109100000,610910000000,610910,61,Cotton t-shirts,Cotton t-shirts,CR_HASH_030,Import,IM,IN,IN,BH,IN,IN,BH,IN,NMB,1.75,154.50285714285715,price_per_item,270.38,719.1,1.75,297.08,343.85,5.04666410535954,4.644105600231562,0.7882174659262975,3.8927224589349843,5.444558727344917,1.5518362684099332,1.5649680563200845,7.772313129959818,False,0.34447598993311473,0.34447598993311473,NORMAL,3.0,0.0031446540880503146,5.762051382780177,67.03046630801344,3.0,0.0031446540880503146,5.762051382780177,63.915119328547,2.0,1.5,0.7071067811865476,2.0,1.3333333333333333,21.21212121212121,59.06734310081635,LOW,1,0.0,0.5562571072192686,13.906427680481714,1.0,0.0,1,True,91.66666666666666,False,True,66.66666666666667,1.0,100.0,61.53391635483527,LOW,1,LOW,"LOW (driven by pattern+cr_profile; price_level=NORMAL, pattern_level=LOW, cr_profile_level=LOW)",1
2020-2601-2-10170-1,2020-2601-2-10170,2020-04-04,2020,2020-04,8703221000,870322100000,870322,87,Passenger cars 1000-1500cc,Passenger cars 1000-1500cc,CR_HASH_026,Import,IM,IN,SA,BH,IN,SA,BH,IN,NMB,1.98,76458.601010101,price_per_item,151388.03,402627.75,1.98,163.58,177.83,11.24451778895404,12.339741490828857,0.5298577154310848,11.445675964067552,12.647064860424424,1.201388896356871,9.643592619532246,14.44914820495973,False,-1.3941823341636206,1.3941823341636206,NORMAL,9.0,0.009433962264150943,4.663439094112067,34.06093261602687,1.0,0.0010482180293501049,6.860663671448286,100.0,6.0,1.5,0.8366600265340756,3.0,2.0,63.63636363636365,61.57592085346798,LOW,1,0.0,-0.7786247004082342,19.465617510205853,1.0,0.0,2,False,83.33333333333334,True,True,100.0,0.8,80.0,67.81296612857204,LOW,1,LOW,"LOW (driven by pattern+cr_profile; price_level=NORMAL, pattern_level=LOW, cr_profile_level=LOW)",1
2020-2801-3-10801-1,2020-2801-3-10801,2020-04-04,2020,2020-04,3923301000,392330100000,392330,39,Plastic bottles for packaging,Plastic bottles for packaging,CR_HASH_046,Re-export,EX,BH,BH,CN,BH,BH,CN,CN,NMB,2.85,18.45263157894737,price_per_item,52.59,139.87,2.85,143.16,154.08,2.9679823606010887,2.008077055471865,0.7629623078147538,1.1201351912780924,2.51712417371907,1.3969889824409778,-0.9753482823833743,4.612607647380537,False,0.8485966497304638,0.8485966497304638,NORMAL,14.0,0.014675052410901468,4.221606341833028,20.80145976765095,14.0,0.014675052410901468,4.221606341833028,13.317855801757727,7.0,2.0,0.816496580927726,3.0,1.5,31.818181818181824,19.83470668716795,NORMAL,0,0.0,2.8910589727937595,72.27647431984398,1.0,0.0,1,True,91.66666666666666,False,True,66.66666666666667,1.0,100.0,81.96343267861207,MEDIUM,1,LOW,"LOW (driven by cr_profile; price_level=NORMAL, pattern_level=NORMAL, cr_profile_level=MEDIUM)",1
2020-2801-3-10407-1,2020-2801-3-10407,2020-04-04,2020,2020-04,2710192100,271019210000,271019,27,Gas oils for diesel engines,Gas oils for diesel engines,CR_HASH_010,Re-export,EX,BH,BH,CN,BH,BH,CN,CN,LTR,2342.91,0.18259344148942983,price_per_liter_gross_weight,427.8,1137.76,1.17,2182.65,2342.91,0.1677098585490568,0.2773855677315066,0.0779894680702432,0.16396900989912072,0.33244641877019565,0.16847740887107493,-0.08874710340749165,0.585162532076808,False,-0.9485287464196709,0.9485287464196709,NORMAL,10.0,0.010482180293501049,4.558078578454241,30.899046383171186,10.0,0.010482180293501049,4.558078578454241,24.369580448359905,7.0,1.4285714285714286,0.5345224838248488,2.0,1.4,25.454545454545453,27.797058166693375,NORMAL,0,0.0,-0.8628461469185691,21.57115367296423,1.0,0.0,2,False,83.33333333333334,True,True,100.0,0.8571428571428572,85.71428571428572,69.69276092839462,LOW,1,NORMAL,"NORMAL (price_level=NORMAL, pattern_level=NORMAL, cr_profile_level=LOW)",0
2020-2601-7-10579-1,2020-2601-7-10579,2020-04-05,2020,2020-04,2710192100,271019210000,271019,27,Gas oils for diesel engines,Gas oils for diesel engines,CR_HASH_006,Import,IM,CN,CN,BH,CN,CN,BH,CN,LTR,5793.37,0.48674778237882266,price_per_liter_gross_weight,2819.91,7499.76,1.47,5307.72,5793.37,0.3965910380136252,0.26355592811875056,0.07105600884335336,0.1979668243457394,0.33634243682655873,0.13837561248081934,-0.009596594375489625,0.5439058555477878,False,1.2628200453513063,1.2628200453513063,NORMAL,19.0,0.019916142557651992,3.916224692281846,11.63690673320574,15.0,0.015723270440251572,4.152613470346076,11.051724646602178,8.0,2.375,1.407885953173359,5.0,2.1052631578947367,70.33492822966507,20.236796227363392,NORMAL,0,0.0,1.284202194803121,32.10505487007803,1.0,0.0,1,True,91.66666666666666,True,True,100.0,1.0,100.0,86.2367692045273,HIGH,1,HIGH,"HIGH (driven by cr_profile; price_level=NORMAL, pattern_level=NORMAL, cr_profile_level=HIGH)",1
2020-2701-2-10199-1,2020-2701-2-10199,2020-04-05,2020,2020-04,1006301000,100630100000,100630,10,Long-grain milled rice,Long-grain milled rice,CR_HASH_035,Import,IM,CN,CN,BH,CN,CN,BH,CN,KGM,606.28,0.41360427525235866,price_per_kg,250.76,666.91,2.23,606.28,699.06,0.3461426663908465,0.32869838978139143,0.06767869107876259,0.270176176769005,0.39860128498662895,0.12842510821762393,0.07753851444256912,0.5912389473130648,False,0.17385092990551798,0.17385092990551798,NORMAL,25.0,0.02620545073375262,3.641787846580086,3.4010123016442515,21.0,0.0220125786163522,3.8161412337248635,0.0,9.0,2.7777777777777777,1.6414763002993509,5.0,1.8,50.909090909090914,9.336869787185762,NORMAL,0,0.0,0.20757869049207947,5.189467262301987,1.0,0.0,2,False,83.33333333333334,False,False,50.0,0.75,75.0,29.316313541805695,NORMAL,0,NORMAL,"NORMAL (price_level=NORMAL, pattern_level=NORMAL, cr_profile_level=NORMAL)",0
2020-2601-6-10348-1,2020-2601-6-10348,2020-04-05,2020,2020-04,8471300000,847130000000,847130,84,Portable laptop computers,Portable laptop computers,CR_HASH_028,Import,IM,US,US,BH,US,US,BH,US,NMB,4.62,50.11471861471861,price_per_item,231.53,615.76,4.62,10.27,11.79,3.934072491248479,8.71824987064452,0.6999612932513521,7.750041925937837,9.126895264901794,1.376853338963957,5.684761917491901,11.192175273347729,True,-4.610088393760407,4.610088393760407,MEDIUM,12.0,0.012578616352201259,4.375757021660286,25.427546772711544,10.0,0.010482180293501049,4.558078578454241,24.369580448359905,9.0,1.3333333333333333,0.5,2.0,1.5,31.818181818181824,26.015853816009013,NORMAL,0,0.0,-0.948908361328442,23.72270903321105,1.0,0.0,1,True,91.66666666666666,True,True,100.0,1.0,100.0,83.30294816162387,MEDIUM,1,MEDIUM,"MEDIUM (driven by price+cr_profile; price_level=MEDIUM, pattern_level=NORMAL, cr_profile_level=MEDIUM)",1
2020-2501-4-10778-1,2020-2501-4-10778,2020-04-05,2020,2020-04,8504400090,850440009000,850440,85,Static converters,Static converters,CR_HASH_048,Import,IM,CN,CN,BH,CN,CN,BH,CN,NMB,4.78,1163.4665271966526,price_per_item,5561.37,14790.88,4.78,1343.75,1539.21,7.060018344554594,7.466827051260017,0.5715840105867187,6.914775863803976,8.032836322465545,1.11806045866157,5.23768517581162,9.7099270104579,False,-0.48004966630500745,0.48004966630500745,NORMAL,19.0,0.019916142557651992,3.916224692281846,11.63690673320574,15.0,0.015723270440251572,4.152613470346076,11.051724646602178,9.0,2.111111111111111,0.9279607271383371,4.0,1.894736842105263,56.9377990430622,18.22722684937296,NORMAL,0,0.0,-0.35598662329371067,8.899665582342767,1.0,0.0,1,True,91.66666666666666,False,True,66.66666666666667,0.9,90.0,57.781549620486636,LOW,1,NORMAL,"NORMAL (price_level=NORMAL, pattern_level=NORMAL, cr_profile_level=LOW)",0
2020-2801-9-10600-1,2020-2801-9-10600,2020-04-05,2020,2020-04,8517120000,851712000000,851712,85,Cellular telephones,Cellular telephones,CR_HASH_036,Re-export,EX,BH,BH,AE,BH,BH,AE,AE,NMB,3.1,4212.990322580646,price_per_item,13060.27,34734.75,3.1,435.03,482.7,8.346165297869007,8.864077348542533,0.8102493638708186,8.21372138236038,9.675589371385747,1.461867989025368,6.020919398822327,11.8683913549238,False,-0.4311350406151784,0.4311350406151784,NORMAL,5.0,0.005241090146750524,5.251225759014186,51.700506150822136,5.0,0.005241090146750524,5.251225759014186,47.13660531805522,5.0,1.0,0.0,1.0,1.0,0.0,42.348064936730395,NORMAL,0,0.0,-0.538393044838721,13.459826120968025,1.0,0.0,1,True,91.66666666666666,False,True,80.0,0.8,80.0,60.71093914233881,LOW,1,NORMAL,"NORMAL (price_level=NORMAL, pattern_level=NORMAL, cr_profile_level=LOW)",0
2020-2601-8-10309-1,2020-2601-8-10309,2020-04-06,2020,2020-04,2710192100,271019210000,271019,27,Gas oils for diesel engines,Gas oils for diesel engines,CR_HASH_034,Import,IM,CN,CN,BH,CN,CN,BH,CN,LTR,4350.49,0.38061689602780374,price_per_liter_gross_weight,1655.87,4403.9,2.59,3696.48,4350.49,0.322530425389814,0.26355592811875056,0.07105600884335336,0.1979668243457394,0.33634243682655873,0.13837561248081934,-0.009596594375489625,0.5439058555477878,False,0.5598084398717369,0.5598084398717369,NORMAL,19.0,0.019916142557651992,3.916224692281846,11.63690673320574,15.0,0.015723270440251572,4.152613470346076,11.051724646602178,8.0,2.375,1.407885953173359,5.0,2.1052631578947367,70.33492822966507,20.236796227363392,NORMAL,0,0.0,0.5652241387451808,14.130603468629522,1.0,0.0,1,True,91.66666666666666,True,True,100.0,1.0,100.0,79.94571121402033,MEDIUM,1,LOW,"LOW (driven by cr_profile; price_level=NORMAL, pattern_level=NORMAL, cr_profile_level=MEDIUM)",1
2020-2501-1-10147-1,2020-2501-1-10147,2020-04-07,2020,2020-04,3923301000,392330100000,392330,39,Plastic bottles for packaging,Plastic bottles for packaging,CR_HASH_015,Import,IM,CN,CN,BH,CN,CN,BH,CN,NMB,3.23,6.507739938080495,price_per_item,21.02,55.9,3.23,524.89,561.43,2.015934480148927,1.6841288050356895,0.6442087840607709,1.0864174155799162,2.3469388358112164,1.2605214202313002,-0.8043647147670341,4.237720966158166,False,0.34740268581103356,0.34740268581103356,NORMAL,28.0,0.029350104821802937,3.5284591612730827,0.0,21.0,0.0220125786163522,3.8161412337248635,0.0,12.0,2.3333333333333335,1.2309149097933274,5.0,2.142857142857143,72.72727272727273,10.90909090909091,NORMAL,0,0.0,0.3375496213006303,8.438740532515759,1.0,0.0,2,False,83.33333333333334,False,True,50.0,0.9,90.0,43.45355918638052,LOW,1,NORMAL,"NORMAL (price_level=NORMAL, pattern_level=NORMAL, cr_profile_level=LOW)",0
2020-2701-8-10880-1,2020-2701-8-10880,2020-04-07,2020,2020-04,9018390000,901839000000,901839,90,Medical syringes and needles,Medical syringes and needles,CR_HASH_021,Import,IM,CN,US,BH,CN,US,BH,CN,NMB,3.96,4.686868686868687,price_per_item,18.56,49.35,3.96,552.78,624.76,1.7381597780051004,1.1592369104845446,0.5792846449150362,0.6041021775947832,1.7481096643936567,1.1440074867988734,-1.111909052603527,3.464120894591967,False,0.6740695235406758,0.6740695235406758,NORMAL,23.0,0.02410901467505241,3.725169455519137,5.903307964603629,2.0,0.0020964360587002098,6.1675164908883415,77.23297513030472,12.0,1.9166666666666667,0.9962049198956219,4.0,2.0869565217391304,69.16996047430831,40.358689349054714,NORMAL,0,0.0,0.7952767070536293,19.881917676340734,1.0,0.0,1,True,91.66666666666666,False,True,25.0,1.0,100.0,53.20867118671926,LOW,1,NORMAL,"NORMAL (price_level=NORMAL, pattern_level=NORMAL, cr_profile_level=LOW)",0
2020-2701-7-10357-1,2020-2701-7-10357,2020-04-08,2020,2020-04,102211000,102211000000,102211,10,"Live cattle, pure-bred breeding","Live cattle, pure-bred breeding",CR_HASH_044,Import,IM,JP,IN,BH,JP,IN,BH,JP,NMB,3.07,13821.00651465798,price_per_item,42430.49,112847.04,3.07,255.71,275.4,9.534017275976506,10.013369334439131,0.6855679350518233,9.327801399387308,10.638440798004723,1.3106393986174147,7.361842301461186,12.604399895930845,False,-0.47160684950162557,0.47160684950162557,NORMAL,2.0,0.0020964360587002098,6.1675164908883415,79.19854023234907,1.0,0.0010482180293501049,6.860663671448286,100.0,2.0,1.0,0.0,1.0,1.0,0.0,74.59927011617454,LOW,1,0.0,-0.2979885101573642,7.449712753934105,1.0,0.0,1,True,91.66666666666666,True,True,100.0,0.6,60.0,69.60739946387693,LOW,1,LOW,"LOW (driven by pattern+cr_profile; price_level=NORMAL, pattern_level=LOW, cr_profile_level=LOW)",1
2020-2501-3-10452-1,2020-2501-3-10452,2020-04-08,2020,2020-04,3923301000,392330100000,392330,39,Plastic bottles for packaging,Plastic bottles for packaging,CR_HASH_023,Import,IM,AE,IN,BH,AE,IN,BH,AE,NMB,3.64,1.5686813186813187,price_per_item,5.71,15.19,3.64,167.18,190.65,0.9433926616519464,1.6841288050356895,0.6442087840607709,1.0864174155799162,2.3469388358112164,1.2605214202313002,-0.8043647147670341,4.237720966158166,False,-0.7755555284007644,0.7755555284007644,NORMAL,13.0,0.013626834381551363,4.29571431398675,23.025452080470465,1.0,0.0010482180293501049,6.860663671448286,100.0,7.0,1.8571428571428572,1.2149857925879117,4.0,2.1538461538461537,73.42657342657343,57.52671205422125,LOW,1,0.0,-0.6056990441086438,15.142476102716095,1.0,0.0,1,True,91.66666666666666,True,True,100.0,1.0,100.0,80.29986663595064,MEDIUM,1,MEDIUM,"MEDIUM (driven by pattern+cr_profile; price_level=NORMAL, pattern_level=LOW, cr_profile_level=MEDIUM)",1
2020-2601-7-10699-1,2020-2601-7-10699,2020-04-08,2020,2020-04,102211000,102211000000,102211,10,"Live cattle, pure-bred breeding","Live cattle, pure-bred breeding",CR_HASH_014,Re-export,EX,BH,BH,AE,BH,BH,AE,AE,NMB,3.03,29663.96369636964,price_per_item,89881.81,239047.36,3.03,394.54,458.91,10.297721954905365,9.549317841384953,0.6971436999939566,8.846103941045365,10.18755556601122,1.3414516249658544,6.833926503596584,12.19973300346,False,0.7240855205722526,0.7240855205722526,NORMAL,3.0,0.0031446540880503146,5.762051382780177,67.03046630801344,3.0,0.0031446540880503146,5.762051382780177,63.915119328547,3.0,1.0,0.0,1.0,1.0,0.0,55.88552491899817,LOW,1,0.0,0.6746615113848957,16.866537784622395,1.0,0.0,2,False,83.33333333333334,True,True,100.0,0.8,80.0,66.90328822461784,LOW,1,LOW,"LOW (driven by pattern+cr_profile; price_level=NORMAL, pattern_level=LOW, cr_profile_level=LOW)",1
2020-2601-6-10869-1,2020-2601-6-10869,2020-04-08,2020,2020-04,1006301000,100630100000,100630,10,Long-grain milled rice,Long-grain milled rice,CR_HASH_049,Import,IM,CN,CN,BH,CN,CN,BH,CN,KGM,1093.26,0.45871979218118286,price_per_kg,501.5,1333.78,4.19,1093.26,1286.66,0.37755919638788765,0.32869838978139143,0.06767869107876259,0.270176176769005,0.39860128498662895,0.12842510821762393,0.07753851444256912,0.5912389473130648,False,0.4869503536689444,0.4869503536689444,NORMAL,25.0,0.02620545073375262,3.641787846580086,3.4010123016442515,21.0,0.0220125786163522,3.8161412337248635,0.0,9.0,2.7777777777777777,1.6414763002993509,5.0,1.8,50.909090909090914,9.336869787185762,NORMAL,0,0.0,0.4963325830542894,12.408314576357235,1.0,0.0,1,True,91.66666666666666,True,True,100.0,0.6666666666666667,66.66666666666667,72.67624343505837,LOW,1,NORMAL,"NORMAL (price_level=NORMAL, pattern_level=NORMAL, cr_profile_level=LOW)",0
2020-2501-3-10278-1,2020-2501-3-10278,2020-04-09,2020,2020-04,9018390000,901839000000,901839,90,Medical syringes and needles,Medical syringes and needles,CR_HASH_022,Import,IM,AE,AE,BH,AE,AE,BH,AE,NMB,0.68,34.11764705882353,price_per_item,23.2,61.71,0.68,752.93,823.36,3.558703769336386,1.1592369104845446,0.5792846449150362,0.6041021775947832,1.7481096643936567,1.1440074867988734,-1.111909052603527,3.464120894591967,True,2.7938220668757285,2.7938220668757285,LOW,11.0,0.011530398322851153,4.462768398649916,28.038772365976683,10.0,0.010482180293501049,4.558078578454241,24.369580448359905,6.0,1.8333333333333333,0.983192080250175,3.0,1.6363636363636365,40.495867768595055,28.623119505203565,NORMAL,0,0.0,12.679115671011473,100.0,1.0,0.0,1,True,91.66666666666666,False,True,50.0,1.0,100.0,87.5,HIGH,1,HIGH,"HIGH (driven by price+cr_profile; price_level=LOW, pattern_level=NORMAL, cr_profile_level=HIGH)",1
2020-2801-4-10226-1,2020-2801-4-10226,2020-04-09,2020,2020-04,6109100000,610910000000,610910,61,Cotton t-shirts,Cotton t-shirts,CR_HASH_015,Re-export,EX,BH,BH,CN,BH,BH,CN,CN,NMB,1.34,22.097014925373134,price_per_item,29.61,78.75,1.34,3.54,4.03,3.139703385167785,4.610526181303967,0.7708500247178713,3.916293548711598,5.585818334387825,1.6695247856762268,1.412006370197258,8.090105512902165,False,-1.2869641992740053,1.2869641992740053,NORMAL,5.0,0.005241090146750524,5.251225759014186,51.700506150822136,5.0,0.005241090146750524,5.251225759014186,47.13660531805522,3.0,1.6666666666666667,1.1547005383792517,3.0,1.7999999999999998,50.90909090909091,49.98442857309403,LOW,1,0.0,-0.8894848891515583,22.23712222878896,1.0,0.0,3,False,75.0,False,False,45.45454545454546,0.8181818181818181,81.81818181818181,35.51026550734886,LOW,1,LOW,"LOW (driven by pattern+cr_profile; price_level=NORMAL, pattern_level=LOW, cr_profile_level=LOW)",1
2020-2701-5-10855-1,2020-2701-5-10855,2020-04-10,2020,2020-04,2710192100,271019210000,271019,27,Gas oils for diesel engines,Gas oils for diesel engines,CR_HASH_044,Import,IM,AE,US,BH,AE,US,BH,AE,LTR,9452.04,0.3252207988963229,price_per_liter_gross_weight,3074.0,8175.53,1.72,8997.26,9452.04,0.2815790862316404,0.26355592811875056,0.07105600884335336,0.1979668243457394,0.33634243682655873,0.13837561248081934,-0.009596594375489625,0.5439058555477878,False,0.17108269661654316,0.17108269661654316,NORMAL,12.0,0.012578616352201259,4.375757021660286,25.427546772711544,1.0,0.0010482180293501049,6.860663671448286,100.0,7.0,1.7142857142857142,0.7559289460184544,3.0,1.75,47.727272727272734,54.872864295446675,LOW,1,0.0,0.18652068719314957,4.663017179828739,1.0,0.0,1,True,91.66666666666666,True,True,100.0,1.0,100.0,76.63205601294005,MEDIUM,1,MEDIUM,"MEDIUM (driven by pattern+cr_profile; price_level=NORMAL, pattern_level=LOW, cr_profile_level=MEDIUM)",1
2020-2501-1-10276-1,2020-2501-1-10276,2020-04-10,2020,2020-04,102211000,102211000000,102211,10,"Live cattle, pure-bred breeding","Live cattle, pure-bred breeding",CR_HASH_046,Import,IM,CN,CN,BH,CN,CN,BH,CN,NMB,3.05,6891.836065573771,price_per_item,21020.1,55904.52,3.05,230.82,264.16,8.838237899862923,10.013369334439131,0.6855679350518233,9.327801399387308,10.638440798004723,1.3106393986174147,7.361842301461186,12.604399895930845,False,-1.1561440570177954,1.1561440570177954,NORMAL,18.0,0.018867924528301886,3.970291913552122,13.25947284837593,16.0,0.016771488469601678,4.088074949208505,8.931900521218806,10.0,1.8,0.7888106377466155,3.0,1.6666666666666665,42.42424242424242,16.11953797025091,NORMAL,0,0.0,-0.6764529591398816,16.911323978497038,1.0,0.0,2,False,83.33333333333334,False,True,60.0,0.9,90.0,48.91896339247396,LOW,1,NORMAL,"NORMAL (price_level=NORMAL, pattern_level=NORMAL, cr_profile_level=LOW)",0
2020-2701-9-10943-1,2020-2701-9-10943,2020-04-10,2020,2020-04,2710192100,271019210000,271019,27,Gas oils for diesel engines,Gas oils for diesel engines,CR_HASH_033,Import,IM,CN,CN,BH,CN,CN,BH,CN,LTR,11162.88,0.24099515537209035,price_per_liter_gross_weight,2690.2,7154.79,0.66,9827.15,11162.88,0.21591360240509228,0.26355592811875056,0.07105600884335336,0.1979668243457394,0.33634243682655873,0.13837561248081934,-0.009596594375489625,0.5439058555477878,False,-0.4522391417266122,0.4522391417266122,NORMAL,19.0,0.019916142557651992,3.916224692281846,11.63690673320574,15.0,0.015723270440251572,4.152613470346076,11.051724646602178,8.0,2.375,1.407885953173359,5.0,2.1052631578947367,70.33492822966507,20.236796227363392,NORMAL,0,0.0,-0.3877061092754077,9.692652731885193,1.0,0.0,2,False,83.33333333333334,False,True,72.72727272727273,0.8181818181818181,81.81818181818181,47.93788300161437,LOW,1,NORMAL,"NORMAL (price_level=NORMAL, pattern_level=NORMAL, cr_profile_level=LOW)",0
2020-2801-5-10467-1,2020-2801-5-10467,2020-04-10,2020,2020-04,2710192100,271019210000,271019,27,Gas oils for diesel engines,Gas oils for diesel engines,CR_HASH_047,Import,IM,US,US,BH,US,US,BH,US,LTR,17245.58,0.31290742323540294,price_per_liter_gross_weight,5396.27,14351.77,2.45,16127.05,17245.58,0.2722440850171989,0.26355592811875056,0.07105600884335336,0.1979668243457394,0.33634243682655873,0.13837561248081934,-0.009596594375489625,0.5439058555477878,False,0.08247130172769875,0.08247130172769875,NORMAL,11.0,0.011530398322851153,4.462768398649916,28.038772365976683,11.0,0.011530398322851153,4.462768398649916,21.2390343034744,8.0,1.375,0.7440238091428449,3.0,2.1818181818181817,75.20661157024794,32.73403992474157,NORMAL,0,0.0,0.10179828316041178,2.5449570790102944,1.0,0.0,1,True,91.66666666666666,True,True,100.0,1.0,100.0,75.89073497765361,MEDIUM,1,LOW,"LOW (driven by cr_profile; price_level=NORMAL, pattern_level=NORMAL, cr_profile_level=MEDIUM)",1
2020-2501-6-10201-1,2020-2501-6-10201,2020-04-11,2020,2020-04,2710192100,271019210000,271019,27,Gas oils for diesel engines,Gas oils for diesel engines,CR_HASH_024,Import,IM,CN,US,BH,CN,US,BH,CN,LTR,11790.86,0.22114756684414877,price_per_liter_gross_weight,2607.52,6934.89,3.19,11184.19,11790.86,0.19979104519211974,0.26355592811875056,0.07105600884335336,0.1979668243457394,0.33634243682655873,0.13837561248081934,-0.009596594375489625,0.5439058555477878,False,-0.6052806091028075,0.6052806091028075,NORMAL,19.0,0.019916142557651992,3.916224692281846,11.63690673320574,1.0,0.0010482180293501049,6.860663671448286,100.0,8.0,2.375,1.407885953173359,5.0,2.1052631578947367,70.33492822966507,51.36869260105263,LOW,1,0.0,-0.5261847152812129,13.154617882030323,1.0,0.0,2,False,83.33333333333334,True,True,100.0,0.8,80.0,65.6041162587106,LOW,1,LOW,"LOW (driven by pattern+cr_profile; price_level=NORMAL, pattern_level=LOW, cr_profile_level=LOW)",1
2020-2601-9-10110-1,2020-2601-9-10110,2020-04-11,2020,2020-04,8703221000,870322100000,870322,87,Passenger cars 1000-1500cc,Passenger cars 1000-1500cc,CR_HASH_042,Import,IM,CN,IN,BH,CN,IN,BH,CN,NMB,3.07,88274.80781758958,price_per_item,271003.66,720754.42,3.07,176.88,207.88,11.388221371902715,12.339741490828857,0.5298577154310848,11.445675964067552,12.647064860424424,1.201388896356871,9.643592619532246,14.44914820495973,False,-1.2112525853277445,1.2112525853277445,NORMAL,20.0,0.020964360587002098,3.8649313978942956,10.097586615520235,2.0,0.0020964360587002098,6.1675164908883415,77.23297513030472,9.0,2.2222222222222223,1.3017082793177757,5.0,2.25,79.54545454545456,44.01215278518495,NORMAL,0,0.0,-0.713125664760138,17.82814161900345,1.0,0.0,1,True,91.66666666666666,False,True,80.0,1.0,100.0,66.2398495666512,LOW,1,NORMAL,"NORMAL (price_level=NORMAL, pattern_level=NORMAL, cr_profile_level=LOW)",0
2020-2801-3-10390-1,2020-2801-3-10390,2020-04-12,2020,2020-04,6109100000,610910000000,610910,61,Cotton t-shirts,Cotton t-shirts,CR_HASH_042,Import,IM,US,US,BH,US,US,BH,US,NMB,3.76,184.03191489361703,price_per_item,691.96,1840.32,3.76,1010.25,1149.02,5.22052832313815,4.644105600231562,0.7882174659262975,3.8927224589349843,5.444558727344917,1.5518362684099332,1.5649680563200845,7.772313129959818,False,0.49325448491036805,0.49325448491036805,NORMAL,13.0,0.013626834381551363,4.29571431398675,23.025452080470465,11.0,0.011530398322851153,4.462768398649916,21.2390343034744,10.0,1.3,0.48304589153964794,2.0,1.5384615384615383,34.26573426573426,24.086248186311412,NORMAL,0,0.0,0.8821030492019574,22.052576230048935,1.0,0.0,2,False,83.33333333333334,False,False,83.33333333333334,0.8333333333333334,83.33333333333334,45.21840168051713,LOW,1,NORMAL,"NORMAL (price_level=NORMAL, pattern_level=NORMAL, cr_profile_level=LOW)",0
2020-2701-9-10310-1,2020-2701-9-10310,2020-04-12,2020,2020-04,8504400090,850440009000,850440,85,Static converters,Static converters,CR_HASH_040,Re-export,EX,BH,BH,SA,BH,BH,SA,SA,NMB,3.91,1570.8644501278773,price_per_item,6142.08,16335.33,3.91,767.94,855.05,7.360017741617312,7.211981005295417,0.7196345903205628,6.668983974826631,7.961818755725377,1.2928347808987457,4.729731803478512,9.901070927073494,False,0.13875015466907017,0.13875015466907017,NORMAL,3.0,0.0031446540880503146,5.762051382780177,67.03046630801344,3.0,0.0031446540880503146,5.762051382780177,63.915119328547,3.0,1.0,0.0,1.0,1.0,0.0,55.88552491899817,LOW,1,0.0,-0.09461724557128715,2.3654311392821787,1.0,0.0,1,True,91.66666666666666,True,True,100.0,1.0,100.0,75.82790089874877,MEDIUM,1,MEDIUM,"MEDIUM (driven by pattern+cr_profile; price_level=NORMAL, pattern_level=LOW, cr_profile_level=MEDIUM)",1
2020-2701-2-10652-1,2020-2701-2-10652,2020-04-12,2020,2020-04,3923301000,392330100000,392330,39,Plastic bottles for packaging,Plastic bottles for packaging,CR_HASH_019,Import,IM,CN,US,BH,CN,US,BH,CN,NMB,4.83,2.1759834368530018,price_per_item,10.51,27.95,4.83,305.44,358.42,1.1556173282746287,1.6841288050356895,0.6442087840607709,1.0864174155799162,2.3469388358112164,1.2605214202313002,-0.8043647147670341,4.237720966158166,False,-0.5533549311538679,0.5533549311538679,NORMAL,28.0,0.029350104821802937,3.5284591612730827,0.0,2.0,0.0020964360587002098,6.1675164908883415,77.23297513030472,12.0,2.3333333333333335,1.2309149097933274,5.0,2.142857142857143,72.72727272727273,37.940632204697565,NORMAL,0,0.0,-0.49254291557934915,12.313572889483728,1.0,0.0,2,False,83.33333333333334,False,True,75.0,0.8,80.0,49.05975051131931,LOW,1,NORMAL,"NORMAL (price_level=NORMAL, pattern_level=NORMAL, cr_profile_level=LOW)",0
2020-2601-4-10941-1,2020-2601-4-10941,2020-04-13,2020,2020-04,8504400090,850440009000,850440,85,Static converters,Static converters,CR_HASH_006,Import,IM,CN,CN,BH,CN,CN,BH,CN,NMB,1.7,2366.7235294117645,price_per_item,4023.43,10700.62,1.7,268.72,312.82,7.769684236405566,7.466827051260017,0.5715840105867187,6.914775863803976,8.032836322465545,1.11806045866157,5.23768517581162,9.7099270104579,False,0.357382937657899,0.357382937657899,NORMAL,19.0,0.019916142557651992,3.916224692281846,11.63690673320574,15.0,0.015723270440251572,4.152613470346076,11.051724646602178,9.0,2.111111111111111,0.9279607271383371,4.0,1.894736842105263,56.9377990430622,18.22722684937296,NORMAL,0,0.0,0.4413983991938293,11.034959979845732,1.0,0.0,1,True,91.66666666666666,False,True,88.88888888888889,0.6666666666666667,66.66666666666667,59.41779154850156,LOW,1,NORMAL,"NORMAL (price_level=NORMAL, pattern_level=NORMAL, cr_profile_level=LOW)",0
2020-2501-1-10094-1,2020-2501-1-10094,2020-04-13,2020,2020-04,9018390000,901839000000,901839,90,Medical syringes and needles,Medical syringes and needles,CR_HASH_049,Re-export,EX,BH,BH,AE,BH,BH,AE,AE,NMB,1.9,10.731578947368423,price_per_item,20.39,54.23,1.9,650.62,726.58,2.462284261225383,1.4183722013465883,0.34031158648964543,0.9528936868330796,1.614923227688858,0.6620295408557785,-0.040150624450588146,2.6079675389725256,False,2.0690128283829354,2.0690128283829354,LOW,3.0,0.0031446540880503146,5.762051382780177,67.03046630801344,3.0,0.0031446540880503146,5.762051382780177,63.915119328547,3.0,1.0,0.0,1.0,1.0,0.0,55.88552491899817,LOW,1,0.0,3.220631207041932,80.5157801760483,1.0,0.0,2,False,83.33333333333334,False,True,85.71428571428572,0.8571428571428572,85.71428571428572,76.75195163304548,MEDIUM,1,MEDIUM,"MEDIUM (driven by price+pattern+cr_profile; price_level=LOW, pattern_level=LOW, cr_profile_level=MEDIUM)",1
2020-2801-6-10234-1,2020-2801-6-10234,2020-04-13,2020,2020-04,9018390000,901839000000,901839,90,Medical syringes and needles,Medical syringes and needles,CR_HASH_005,Import,IM,CN,CN,BH,CN,CN,BH,CN,NMB,3.04,3.6973684210526314,price_per_item,11.24,29.89,3.04,47.57,55.69,1.5470024414933081,1.1592369104845446,0.5792846449150362,0.6041021775947832,1.7481096643936567,1.1440074867988734,-1.111909052603527,3.464120894591967,False,0.45149525333492474,0.45149525333492474,NORMAL,23.0,0.02410901467505241,3.725169455519137,5.903307964603629,18.0,0.018867924528301886,3.970291913552122,5.063213787398673,12.0,1.9166666666666667,0.9962049198956219,4.0,2.0869565217391304,69.16996047430831,15.099272879037596,NORMAL,0,0.0,0.40312375731390515,10.07809393284763,1.0,0.0,2,False,83.33333333333334,False,True,33.333333333333336,0.6666666666666667,66.66666666666667,35.193999543163336,LOW,1,NORMAL,"NORMAL (price_level=NORMAL, pattern_level=NORMAL, cr_profile_level=LOW)",0
2020-2601-6-10268-1,2020-2601-6-10268,2020-04-13,2020,2020-04,8471300000,847130000000,847130,84,Portable laptop computers,Portable laptop computers,CR_HASH_027,Re-export,EX,BH,BH,CN,BH,BH,CN,CN,NMB,1.99,7872.085427135678,price_per_item,15665.45,41663.44,1.99,466.13,537.28,8.971205313771565,9.057918359570245,1.044460022767316,7.958447179146432,9.968345476103027,2.009898296956594,4.943599733711541,12.983192921537917,False,-0.05599749807782751,0.05599749807782751,NORMAL,12.0,0.012578616352201259,4.375757021660286,25.427546772711544,12.0,0.012578616352201259,4.375757021660286,18.381069589156386,6.0,2.0,1.0954451150103321,3.0,1.5,31.818181818181824,23.91987501528778,NORMAL,0,0.0,0.1778635810801605,4.446589527004012,1.0,0.0,1,True,91.66666666666666,False,True,83.33333333333334,1.0,100.0,62.389639667784735,LOW,1,NORMAL,"NORMAL (price_level=NORMAL, pattern_level=NORMAL, cr_profile_level=LOW)",0
2020-2601-2-10141-1,2020-2601-2-10141,2020-04-14,2020,2020-04,102211000,102211000000,102211,10,"Live cattle, pure-bred breeding","Live cattle, pure-bred breeding",CR_HASH_032,Import,IM,CN,CN,BH,CN,CN,BH,CN,NMB,0.56,88888.55357142855,price_per_item,49777.59,132387.2,0.56,449.49,497.16,11.395149906964459,10.013369334439131,0.6855679350518233,9.327801399387308,10.638440798004723,1.3106393986174147,7.361842301461186,12.604399895930845,False,1.3594542278616943,1.3594542278616943,NORMAL,18.0,0.018867924528301886,3.970291913552122,13.25947284837593,16.0,0.016771488469601678,4.088074949208505,8.931900521218806,10.0,1.8,0.7888106377466155,3.0,1.6666666666666665,42.42424242424242,16.11953797025091,NORMAL,0,0.0,4.231255120037539,100.0,1.0,0.0,1,True,91.66666666666666,False,True,80.0,0.8,80.0,91.0,HIGH,1,HIGH,"HIGH (driven by cr_profile; price_level=NORMAL, pattern_level=NORMAL, cr_profile_level=HIGH)",1
2020-2501-9-10095-1,2020-2501-9-10095,2020-04-14,2020,2020-04,8517120000,851712000000,851712,85,Cellular telephones,Cellular telephones,CR_HASH_018,Re-export,EX,BH,BH,EG,BH,BH,EG,EG,NMB,4.08,1845.5857843137253,price_per_item,7529.99,20026.57,4.08,148.57,174.77,7.52109369100592,8.864077348542533,0.8102493638708186,8.21372138236038,9.675589371385747,1.461867989025368,6.020919398822327,11.8683913549238,False,-1.1179645520597368,1.1179645520597368,NORMAL,1.0,0.0010482180293501049,6.860663671448286,100.0,1.0,0.0010482180293501049,6.860663671448286,100.0,1.0,1.0,0.0,1.0,1.0,0.0,85.0,HIGH,1,0.0,-0.8138905865903378,20.347264664758445,1.0,0.0,1,True,91.66666666666666,True,True,100.0,0.5,50.0,72.12154263266545,LOW,1,HIGH,"HIGH (driven by pattern+cr_profile; price_level=NORMAL, pattern_level=HIGH, cr_profile_level=LOW)",1
2020-2501-2-10404-1,2020-2501-2-10404,2020-04-14,2020,2020-04,1006301000,100630100000,100630,10,Long-grain milled rice,Long-grain milled rice,CR_HASH_047,Re-export,EX,BH,BH,US,BH,BH,US,US,KGM,3400.26,0.2669589972531512,price_per_kg,907.73,2414.18,2.04,3400.26,3671.35,0.2366195387420564,0.2942812331971436,0.07865143426710039,0.2366195387420564,0.39544094305664584,0.15882140431458944,-0.0016125677298277352,0.63367304952853,False,-0.4944891399391511,0.4944891399391511,NORMAL,8.0,0.008385744234800839,4.781222129768451,37.595620697047174,8.0,0.008385744234800839,4.781222129768451,31.698925390914113,8.0,1.0,0.0,1.0,1.0,0.0,29.892434235343526,NORMAL,0,0.0,-0.8301542777030998,20.753856942577496,1.0,0.0,1,True,91.66666666666666,False,True,85.71428571428572,0.8571428571428572,85.71428571428572,65.83527850133069,LOW,1,NORMAL,"NORMAL (price_level=NORMAL, pattern_level=NORMAL, cr_profile_level=LOW)",0
2020-2801-6-10781-1,2020-2801-6-10781,2020-04-15,2020,2020-04,8504400090,850440009000,850440,85,Static converters,Static converters,CR_HASH_006,Re-export,EX,BH,BH,US,BH,BH,US,US,NMB,3.63,477.86776859504135,price_per_item,1734.66,4613.46,3.63,262.35,301.14,6.171424502087252,7.211981005295417,0.7196345903205628,6.668983974826631,7.961818755725377,1.2928347808987457,4.729731803478512,9.901070927073494,False,-0.9752807265900698,0.9752807265900698,NORMAL,7.0,0.007337526205450734,4.9147535223929735,41.6029195353019,7.0,0.007337526205450734,4.9147535223929735,36.084880671453035,7.0,1.0,0.0,1.0,1.0,0.0,33.43116800265951,NORMAL,0,0.0,-0.8173446344887717,20.43361586221929,1.0,0.0,1,True,91.66666666666666,False,True,80.0,0.6,60.0,59.15176555177675,LOW,1,NORMAL,"NORMAL (price_level=NORMAL, pattern_level=NORMAL, cr_profile_level=LOW)",0
2020-2501-7-10166-1,2020-2501-7-10166,2020-04-15,2020,2020-04,8471300000,847130000000,847130,84,Portable laptop computers,Portable laptop computers,CR_HASH_042,Re-export,EX,BH,BH,CN,BH,BH,CN,CN,NMB,2.97,1259.5656565656564,price_per_item,3740.91,9949.24,2.97,9.49,10.04,7.13931583298717,9.057918359570245,1.044460022767316,7.958447179146432,9.968345476103027,2.009898296956594,4.943599733711541,12.983192921537917,False,-1.2389939749537227,1.2389939749537227,NORMAL,12.0,0.012578616352201259,4.375757021660286,25.427546772711544,12.0,0.012578616352201259,4.375757021660286,18.381069589156386,6.0,2.0,1.0954451150103321,3.0,1.5,31.818181818181824,23.91987501528778,NORMAL,0,0.0,-0.8123593678902638,20.308984197256592,1.0,0.0,2,False,83.33333333333334,False,True,71.42857142857143,0.8571428571428572,85.71428571428572,52.108144469039814,LOW,1,NORMAL,"NORMAL (price_level=NORMAL, pattern_level=NORMAL, cr_profile_level=LOW)",0
2020-2601-3-10080-1,2020-2601-3-10080,2020-04-15,2020,2020-04,8504400090,850440009000,850440,85,Static converters,Static converters,CR_HASH_028,Import,IM,TR,TR,BH,TR,TR,BH,TR,NMB,0.8,1514.7499999999998,price_per_item,1211.8,3222.87,0.8,92.7,101.71,7.32366564495184,7.466827051260017,0.5715840105867187,6.914775863803976,8.032836322465545,1.11806045866157,5.23768517581162,9.7099270104579,False,-0.16893587623177592,0.16893587623177592,NORMAL,1.0,0.0010482180293501049,6.860663671448286,100.0,1.0,0.0010482180293501049,6.860663671448286,100.0,1.0,1.0,0.0,1.0,1.0,0.0,85.0,HIGH,1,0.0,-0.0918142905206568,2.29535726301642,1.0,0.0,1,True,91.66666666666666,True,True,100.0,1.0,100.0,75.80337504205575,MEDIUM,1,HIGH,"HIGH (driven by pattern+cr_profile; price_level=NORMAL, pattern_level=HIGH, cr_profile_level=MEDIUM)",1
2020-2701-5-10373-1,2020-2701-5-10373,2020-04-15,2020,2020-04,6109100000,610910000000,610910,61,Cotton t-shirts,Cotton t-shirts,CR_HASH_030,Import,IM,TR,JP,BH,TR,JP,BH,TR,NMB,0.74,358.93243243243245,price_per_item,265.61,706.41,0.74,229.67,273.07,5.88591632614693,4.644105600231562,0.7882174659262975,3.8927224589349843,5.444558727344917,1.5518362684099332,1.5649680563200845,7.772313129959818,False,1.0626380356397196,1.0626380356397196,NORMAL,1.0,0.0010482180293501049,6.860663671448286,100.0,1.0,0.0010482180293501049,6.860663671448286,100.0,1.0,1.0,0.0,1.0,1.0,0.0,85.0,HIGH,1,0.0,2.6119415822639644,65.29853955659911,1.0,0.0,1,True,91.66666666666666,True,True,100.0,0.8,80.0,93.85448884480968,HIGH,1,HIGH,"HIGH (driven by pattern+cr_profile; price_level=NORMAL, pattern_level=HIGH, cr_profile_level=HIGH)",1
2020-2801-6-10411-1,2020-2801-6-10411,2020-04-15,2020,2020-04,1006301000,100630100000,100630,10,Long-grain milled rice,Long-grain milled rice,CR_HASH_031,Re-export,EX,BH,BH,AE,BH,BH,AE,AE,KGM,1211.52,0.3308818674062335,price_per_kg,400.87,1066.14,3.39,1211.52,1284.59,0.2858417807078716,0.2942812331971436,0.07865143426710039,0.2366195387420564,0.39544094305664584,0.15882140431458944,-0.0016125677298277352,0.63367304952853,False,-0.07237417565361313,0.07237417565361313,NORMAL,5.0,0.005241090146750524,5.251225759014186,51.700506150822136,5.0,0.005241090146750524,5.251225759014186,47.13660531805522,4.0,1.25,0.5,2.0,1.6,38.181818181818194,48.07533766400312,LOW,1,0.0,-0.38912139868698514,9.72803496717463,1.0,0.0,1,True,91.66666666666666,True,True,100.0,1.0,100.0,78.40481223851111,MEDIUM,1,MEDIUM,"MEDIUM (driven by pattern+cr_profile; price_level=NORMAL, pattern_level=LOW, cr_profile_level=MEDIUM)",1
2020-2801-9-10961-1,2020-2801-9-10961,2020-04-16,2020,2020-04,6109100000,610910000000,610910,61,Cotton t-shirts,Cotton t-shirts,CR_HASH_046,Import,IM,IN,IN,BH,IN,IN,BH,IN,NMB,1.42,116.14788732394368,price_per_item,164.93,438.65,1.42,162.89,184.63,4.763437130851316,4.644105600231562,0.7882174659262975,3.8927224589349843,5.444558727344917,1.5518362684099332,1.5649680563200845,7.772313129959818,False,0.10211397006108545,0.10211397006108545,NORMAL,3.0,0.0031446540880503146,5.762051382780177,67.03046630801344,3.0,0.0031446540880503146,5.762051382780177,63.915119328547,2.0,1.5,0.7071067811865476,2.0,1.3333333333333333,21.21212121212121,59.06734310081635,LOW,1,0.0,0.14503208503230783,3.6258021258076956,1.0,0.0,2,False,83.33333333333334,True,True,100.0,0.9090909090909091,90.9090909090909,64.45084892585088,LOW,1,LOW,"LOW (driven by pattern+cr_profile; price_level=NORMAL, pattern_level=LOW, cr_profile_level=LOW)",1
2020-2501-1-10776-1,2020-2501-1-10776,2020-04-16,2020,2020-04,2710192100,271019210000,271019,27,Gas oils for diesel engines,Gas oils for diesel engines,CR_HASH_007,Import,IM,TR,TR,BH,TR,TR,BH,TR,LTR,17060.72,0.2666780768924172,price_per_liter_gross_weight,4549.72,12100.31,1.63,14844.81,17060.72,0.23639778609661888,0.26355592811875056,0.07105600884335336,0.1979668243457394,0.33634243682655873,0.13837561248081934,-0.009596594375489625,0.5439058555477878,False,-0.2577954508937256,0.2577954508937256,NORMAL,1.0,0.0010482180293501049,6.860663671448286,100.0,1.0,0.0010482180293501049,6.860663671448286,100.0,1.0,1.0,0.0,1.0,1.0,0.0,85.0,HIGH,1,0.0,-0.22821599000384318,5.705399750096079,1.0,0.0,1,True,91.66666666666666,True,True,100.0,1.0,100.0,76.99688991253363,MEDIUM,1,HIGH,"HIGH (driven by pattern+cr_profile; price_level=NORMAL, pattern_level=HIGH, cr_profile_level=MEDIUM)",1
2020-2701-3-10159-1,2020-2701-3-10159,2020-04-16,2020,2020-04,3923301000,392330100000,392330,39,Plastic bottles for packaging,Plastic bottles for packaging,CR_HASH_027,Re-export,EX,BH,BH,CN,BH,BH,CN,CN,NMB,0.92,18.141304347826086,price_per_item,16.69,44.4,0.92,223.09,257.61,2.951848531447166,2.008077055471865,0.7629623078147538,1.1201351912780924,2.51712417371907,1.3969889824409778,-0.9753482823833743,4.612607647380537,False,0.8343336663984783,0.8343336663984783,NORMAL,14.0,0.014675052410901468,4.221606341833028,20.80145976765095,14.0,0.014675052410901468,4.221606341833028,13.317855801757727,7.0,2.0,0.816496580927726,3.0,1.5,31.818181818181824,19.83470668716795,NORMAL,0,0.0,2.826715025788415,70.66787564471038,1.0,0.0,2,False,83.33333333333334,False,False,71.42857142857143,0.8888888888888888,88.88888888888889,60.368677110569266,LOW,1,NORMAL,"NORMAL (price_level=NORMAL, pattern_level=NORMAL, cr_profile_level=LOW)",0
2020-2601-8-10646-1,2020-2601-8-10646,2020-04-16,2020,2020-04,8504400090,850440009000,850440,85,Static converters,Static converters,CR_HASH_047,Re-export,EX,BH,BH,DE,BH,BH,DE,DE,NMB,2.89,1086.0934256055364,price_per_item,3138.81,8347.91,2.89,188.45,201.43,6.99126283154705,7.211981005295417,0.7196345903205628,6.668983974826631,7.961818755725377,1.2928347808987457,4.729731803478512,9.901070927073494,False,-0.20687216907612507,0.20687216907612507,NORMAL,1.0,0.0010482180293501049,6.860663671448286,100.0,1.0,0.0010482180293501049,6.860663671448286,100.0,1.0,1.0,0.0,1.0,1.0,0.0,85.0,HIGH,1,0.0,-0.4073070960669694,10.182677401674235,1.0,0.0,1,True,91.66666666666666,True,True,100.0,0.75,75.0,73.56393709058598,LOW,1,HIGH,"HIGH (driven by pattern+cr_profile; price_level=NORMAL, pattern_level=HIGH, cr_profile_level=LOW)",1
2020-2701-1-10297-1,2020-2701-1-10297,2020-04-17,2020,2020-04,2710192100,271019210000,271019,27,Gas oils for diesel engines,Gas oils for diesel engines,CR_HASH_038,Import,IM,AE,AE,BH,AE,AE,BH,AE,LTR,9232.27,0.5077407831443405,price_per_liter_gross_weight,4687.6,12467.03,1.34,8667.64,9232.27,0.41061236034359955,0.26355592811875056,0.07105600884335336,0.1979668243457394,0.33634243682655873,0.13837561248081934,-0.009596594375489625,0.5439058555477878,False,1.3959157891336447,1.3959157891336447,NORMAL,12.0,0.012578616352201259,4.375757021660286,25.427546772711544,10.0,0.010482180293501049,4.558078578454241,24.369580448359905,7.0,1.7142857142857142,0.7559289460184544,3.0,1.75,47.727272727272734,28.40221745237265,NORMAL,0,0.0,1.3794718573897997,34.486796434744996,1.0,0.0,1,True,91.66666666666666,True,True,100.0,1.0,100.0,87.07037875216075,HIGH,1,HIGH,"HIGH (driven by cr_profile; price_level=NORMAL, pattern_level=NORMAL, cr_profile_level=HIGH)",1
2020-2801-2-10388-1,2020-2801-2-10388,2020-04-17,2020,2020-04,3923301000,392330100000,392330,39,Plastic bottles for packaging,Plastic bottles for packaging,CR_HASH_002,Import,IM,US,US,BH,US,US,BH,US,NMB,2.33,3.6781115879828326,price_per_item,8.57,22.8,2.33,176.0,195.26,1.5428945216574887,1.6841288050356895,0.6442087840607709,1.0864174155799162,2.3469388358112164,1.2605214202313002,-0.8043647147670341,4.237720966158166,False,-0.14787320728447087,0.14787320728447087,NORMAL,10.0,0.010482180293501049,4.558078578454241,30.899046383171186,7.0,0.007337526205450734,4.9147535223929735,36.084880671453035,7.0,1.4285714285714286,0.7867957924694432,3.0,2.1,70.00000000000001,38.579231426594156,NORMAL,0,0.0,-0.16208909372573554,4.052227343143389,1.0,0.0,2,False,83.33333333333334,True,True,100.0,0.7142857142857143,71.42857142857143,60.703993855814474,LOW,1,NORMAL,"NORMAL (price_level=NORMAL, pattern_level=NORMAL, cr_profile_level=LOW)",0
2020-2701-3-10803-1,2020-2701-3-10803,2020-04-17,2020,2020-04,6109100000,610910000000,610910,61,Cotton t-shirts,Cotton t-shirts,CR_HASH_037,Import,IM,US,US,BH,US,US,BH,US,NMB,1.69,293.7278106508876,price_per_item,496.4,1320.22,1.69,235.77,250.09,5.6860522546528225,4.644105600231562,0.7882174659262975,3.8927224589349843,5.444558727344917,1.5518362684099332,1.5649680563200845,7.772313129959818,False,0.8916110345877662,0.8916110345877662,NORMAL,13.0,0.013626834381551363,4.29571431398675,23.025452080470465,11.0,0.011530398322851153,4.462768398649916,21.2390343034744,10.0,1.3,0.48304589153964794,2.0,1.5384615384615383,34.26573426573426,24.086248186311412,NORMAL,0,1.0594065645492112,2.0878645320821607,52.19661330205402,0.6666666666666666,0.0,3,False,75.0,True,True,100.0,0.7,70.0,77.2688146557189,MEDIUM,1,LOW,"LOW (driven by cr_profile; price_level=NORMAL, pattern_level=NORMAL, cr_profile_level=MEDIUM)",1
2020-2601-9-10216-1,2020-2601-9-10216,2020-04-17,2020,2020-04,1006301000,100630100000,100630,10,Long-grain milled rice,Long-grain milled rice,CR_HASH_029,Re-export,EX,BH,BH,JP,BH,BH,JP,JP,KGM,3521.13,0.26695975439702596,price_per_kg,940.0,2500.0,2.27,3521.13,3745.55,0.23662013634912196,0.2942812331971436,0.07865143426710039,0.2366195387420564,0.39544094305664584,0.15882140431458944,-0.0016125677298277352,0.63367304952853,False,-0.49448401504286316,0.49448401504286316,NORMAL,4.0,0.0041928721174004195,5.474369310328396,58.39708046469813,4.0,0.0041928721174004195,5.474369310328396,54.46595026060942,4.0,1.0,0.0,1.0,1.0,0.0,48.26162282356236,LOW,1,0.0,-0.8781025935289424,21.95256483822356,1.0,0.0,2,False,83.33333333333334,True,True,100.0,0.6,60.0,64.68339769337825,LOW,1,LOW,"LOW (driven by pattern+cr_profile; price_level=NORMAL, pattern_level=LOW, cr_profile_level=LOW)",1
2020-2601-3-10924-1,2020-2601-3-10924,2020-04-18,2020,2020-04,3923301000,392330100000,392330,39,Plastic bottles for packaging,Plastic bottles for packaging,CR_HASH_022,Import,IM,CN,CN,BH,CN,CN,BH,CN,NMB,4.34,0.9239631336405529,price_per_item,4.01,10.67,4.34,695.46,834.32,0.6543871907504506,1.6841288050356895,0.6442087840607709,1.0864174155799162,2.3469388358112164,1.2605214202313002,-0.8043647147670341,4.237720966158166,False,-1.0781461238479264,1.0781461238479264,NORMAL,28.0,0.029350104821802937,3.5284591612730827,0.0,21.0,0.0220125786163522,3.8161412337248635,0.0,12.0,2.3333333333333335,1.2309149097933274,5.0,2.142857142857143,72.72727272727273,10.90909090909091,NORMAL,0,0.0,-0.7360304761203298,18.400761903008245,1.0,0.0,1,True,91.66666666666666,False,True,66.66666666666667,1.0,100.0,63.10693333271955,LOW,1,NORMAL,"NORMAL (price_level=NORMAL, pattern_level=NORMAL, cr_profile_level=LOW)",0
2020-2801-1-10904-1,2020-2801-1-10904,2020-04-18,2020,2020-04,8504400090,850440009000,850440,85,Static converters,Static converters,CR_HASH_024,Import,IM,AE,AE,BH,AE,AE,BH,AE,NMB,4.97,1933.5633802816901,price_per_item,9609.81,25558.0,4.97,613.02,650.15,7.567636936737334,7.466827051260017,0.5715840105867187,6.914775863803976,8.032836322465545,1.11806045866157,5.23768517581162,9.7099270104579,False,0.11895947919982662,0.11895947919982662,NORMAL,12.0,0.012578616352201259,4.375757021660286,25.427546772711544,8.0,0.008385744234800839,4.781222129768451,31.698925390914113,8.0,1.5,0.5345224838248488,2.0,1.3333333333333333,21.21212121212121,26.990215454993894,NORMAL,0,0.0,0.1527382846964458,3.818457117411145,1.0,0.0,3,False,75.0,True,True,100.0,0.6666666666666667,66.66666666666667,59.66979332442723,LOW,1,NORMAL,"NORMAL (price_level=NORMAL, pattern_level=NORMAL, cr_profile_level=LOW)",0
2020-2601-2-10807-1,2020-2601-2-10807,2020-04-19,2020,2020-04,1006301000,100630100000,100630,10,Long-grain milled rice,Long-grain milled rice,CR_HASH_008,Import,IM,SA,SA,BH,SA,SA,BH,SA,KGM,1411.29,0.165437294957096,price_per_kg,233.48,620.97,1.68,1411.29,1578.11,0.1530963770657375,0.32869838978139143,0.06767869107876259,0.270176176769005,0.39860128498662895,0.12842510821762393,0.07753851444256912,0.5912389473130648,False,-1.7500624352258924,1.7500624352258924,NORMAL,11.0,0.011530398322851153,4.462768398649916,28.038772365976683,8.0,0.008385744234800839,4.781222129768451,31.698925390914113,9.0,1.2222222222222223,0.4409585518440984,2.0,1.6363636363636362,40.49586776859504,31.188390235097536,NORMAL,0,0.0,-1.5305985559249708,38.26496389812427,1.0,0.0,1,True,91.66666666666666,True,True,100.0,1.0,100.0,88.3927373643435,HIGH,1,HIGH,"HIGH (driven by cr_profile; price_level=NORMAL, pattern_level=NORMAL, cr_profile_level=HIGH)",1
2020-2701-5-10493-1,2020-2701-5-10493,2020-04-19,2020,2020-04,3923301000,392330100000,392330,39,Plastic bottles for packaging,Plastic bottles for packaging,CR_HASH_008,Import,IM,CN,CN,BH,CN,CN,BH,CN,NMB,1.9,1.0,price_per_item,1.9,5.04,1.9,60.54,65.0,0.6931471805599453,1.6841288050356895,0.6442087840607709,1.0864174155799162,2.3469388358112164,1.2605214202313002,-0.8043647147670341,4.237720966158166,False,-1.0375641640691151,1.0375641640691151,NORMAL,28.0,0.029350104821802937,3.5284591612730827,0.0,21.0,0.0220125786163522,3.8161412337248635,0.0,12.0,2.3333333333333335,1.2309149097933274,5.0,2.142857142857143,72.72727272727273,10.90909090909091,NORMAL,0,0.0,-0.7197930257595596,17.99482564398899,1.0,0.0,2,False,83.33333333333334,False,False,75.0,0.75,75.0,40.048188975396144,LOW,1,NORMAL,"NORMAL (price_level=NORMAL, pattern_level=NORMAL, cr_profile_level=LOW)",0
2020-2701-8-10313-1,2020-2701-8-10313,2020-04-19,2020,2020-04,1006301000,100630100000,100630,10,Long-grain milled rice,Long-grain milled rice,CR_HASH_017,Import,IM,CN,CN,BH,CN,CN,BH,CN,KGM,3597.92,0.5640008671676969,price_per_kg,2029.23,5396.88,3.32,3597.92,4076.54,0.4472471965780148,0.32869838978139143,0.06767869107876259,0.270176176769005,0.39860128498662895,0.12842510821762393,0.07753851444256912,0.5912389473130648,False,1.1814660339432885,1.1814660339432885,NORMAL,25.0,0.02620545073375262,3.641787846580086,3.4010123016442515,21.0,0.0220125786163522,3.8161412337248635,0.0,9.0,2.7777777777777777,1.6414763002993509,5.0,1.8,50.909090909090914,9.336869787185762,NORMAL,0,0.0,1.1493996525366967,28.734991313417417,1.0,0.0,2,False,83.33333333333334,False,True,85.71428571428572,0.7142857142857143,71.42857142857143,55.77153267398181,LOW,1,NORMAL,"NORMAL (price_level=NORMAL, pattern_level=NORMAL, cr_profile_level=LOW)",0
2020-2501-2-10641-1,2020-2501-2-10641,2020-04-19,2020,2020-04,8517120000,851712000000,851712,85,Cellular telephones,Cellular telephones,CR_HASH_042,Import,IM,CN,CN,BH,CN,CN,BH,CN,NMB,2.56,13857.289062500002,price_per_item,35474.66,94347.51,2.56,1040.27,1236.41,9.536638820859954,9.1609472788485,0.7778458576033893,8.086449359029473,9.737226953131787,1.6507775941023137,5.610282967876002,12.213393344285258,False,0.3257720935623258,0.3257720935623258,NORMAL,22.0,0.023060796645702306,3.769621218089971,7.2373125983257305,14.0,0.014675052410901468,4.221606341833028,13.317855801757727,10.0,2.2,0.7888106377466155,3.0,1.3636363636363635,23.140495867768593,11.750980209943359,NORMAL,0,0.0,0.5446755892862559,13.616889732156398,1.0,0.0,1,True,91.66666666666666,False,True,62.5,1.0,100.0,60.39091140625474,LOW,1,NORMAL,"NORMAL (price_level=NORMAL, pattern_level=NORMAL, cr_profile_level=LOW)",0
2020-2801-5-10427-1,2020-2801-5-10427,2020-04-20,2020,2020-04,8504400090,850440009000,850440,85,Static converters,Static converters,CR_HASH_020,Import,IM,SA,SA,BH,SA,SA,BH,SA,NMB,2.0,478.105,price_per_item,956.21,2543.11,2.0,102.13,119.37,6.171919780069226,7.466827051260017,0.5715840105867187,6.914775863803976,8.032836322465545,1.11806045866157,5.23768517581162,9.7099270104579,False,-1.5280395753210672,1.5280395753210672,NORMAL,2.0,0.0020964360587002098,6.1675164908883415,79.19854023234907,2.0,0.0020964360587002098,6.1675164908883415,77.23297513030472,2.0,1.0,0.0,1.0,1.0,0.0,66.6308114117812,LOW,1,0.0,-0.8361351623924921,20.903379059812302,1.0,0.0,1,True,91.66666666666666,True,True,100.0,0.8571428571428572,85.71428571428572,79.45903981379145,MEDIUM,1,MEDIUM,"MEDIUM (driven by pattern+cr_profile; price_level=NORMAL, pattern_level=LOW, cr_profile_level=MEDIUM)",1
2020-2801-4-10106-1,2020-2801-4-10106,2020-04-20,2020,2020-04,3923301000,392330100000,392330,39,Plastic bottles for packaging,Plastic bottles for packaging,CR_HASH_049,Re-export,EX,BH,BH,US,BH,BH,US,US,NMB,4.5,2.4733333333333336,price_per_item,11.13,29.61,4.5,250.16,295.21,1.2451147476571112,2.008077055471865,0.7629623078147538,1.1201351912780924,2.51712417371907,1.3969889824409778,-0.9753482823833743,4.612607647380537,False,-0.6744907594765952,0.6744907594765952,NORMAL,6.0,0.006289308176100629,5.0689042022202315,46.22900654036249,6.0,0.006289308176100629,5.0689042022202315,41.148094458851695,6.0,1.0,0.0,1.0,1.0,0.0,37.51633633077934,NORMAL,0,0.0,-0.4241746094802437,10.604365237006093,1.0,0.0,1,True,91.66666666666666,False,True,87.5,1.0,100.0,65.58652783295213,LOW,1,NORMAL,"NORMAL (price_level=NORMAL, pattern_level=NORMAL, cr_profile_level=LOW)",0
2020-2501-6-10115-1,2020-2501-6-10115,2020-04-21,2020,2020-04,8703221000,870322100000,870322,87,Passenger cars 1000-1500cc,Passenger cars 1000-1500cc,CR_HASH_043,Re-export,EX,BH,BH,JP,BH,BH,JP,JP,NMB,3.85,112312.88311688311,price_per_item,432404.6,1150012.24,3.85,906.35,1011.65,11.62905275834721,12.004283802979177,0.6624296738554509,11.2719045323345,12.594725507248622,1.3228209749141229,9.287673069963315,14.578956969619806,False,-0.38206300572253404,0.38206300572253404,NORMAL,5.0,0.005241090146750524,5.251225759014186,51.700506150822136,5.0,0.005241090146750524,5.251225759014186,47.13660531805522,5.0,1.0,0.0,1.0,1.0,0.0,42.348064936730395,NORMAL,0,0.0,-0.5723087555677502,14.307718889193755,1.0,0.0,1,True,91.66666666666666,True,True,100.0,1.0,100.0,80.00770161121781,MEDIUM,1,LOW,"LOW (driven by cr_profile; price_level=NORMAL, pattern_level=NORMAL, cr_profile_level=MEDIUM)",1
2020-2701-4-10123-1,2020-2701-4-10123,2020-04-22,2020,2020-04,8703221000,870322100000,870322,87,Passenger cars 1000-1500cc,Passenger cars 1000-1500cc,CR_HASH_021,Import,IM,US,US,BH,US,US,BH,US,NMB,4.29,228601.84848484848,price_per_item,980701.93,2608249.82,4.29,1210.69,1318.57,12.339741490828857,12.339741490828857,0.5298577154310848,11.445675964067552,12.647064860424424,1.201388896356871,9.643592619532246,14.44914820495973,False,0.0,0.0,NORMAL,10.0,0.010482180293501049,4.558078578454241,30.899046383171186,8.0,0.008385744234800839,4.781222129768451,31.698925390914113,7.0,1.4285714285714286,0.5345224838248488,2.0,1.4,25.454545454545453,30.362328896587346,NORMAL,0,0.0,0.06618370069120556,1.654592517280139,1.0,0.0,2,False,83.33333333333334,False,True,80.0,0.8,80.0,46.57910738104805,LOW,1,NORMAL,"NORMAL (price_level=NORMAL, pattern_level=NORMAL, cr_profile_level=LOW)",0
2020-2501-6-10771-1,2020-2501-6-10771,2020-04-22,2020,2020-04,9018390000,901839000000,901839,90,Medical syringes and needles,Medical syringes and needles,CR_HASH_032,Import,IM,EG,IN,BH,EG,IN,BH,EG,NMB,0.74,6.702702702702703,price_per_item,4.96,13.2,0.74,578.66,656.88,2.041571267624426,1.1592369104845446,0.5792846449150362,0.6041021775947832,1.7481096643936567,1.1440074867988734,-1.111909052603527,3.464120894591967,False,1.0273470493022638,1.0273470493022638,NORMAL,1.0,0.0010482180293501049,6.860663671448286,100.0,1.0,0.0010482180293501049,6.860663671448286,100.0,1.0,1.0,0.0,1.0,1.0,0.0,85.0,HIGH,1,0.0,1.6046560731816741,40.11640182954185,1.0,0.0,1,True,91.66666666666666,True,True,100.0,1.0,100.0,89.04074064033965,HIGH,1,HIGH,"HIGH (driven by pattern+cr_profile; price_level=NORMAL, pattern_level=HIGH, cr_profile_level=HIGH)",1
2020-2701-3-10191-1,2020-2701-3-10191,2020-04-23,2020,2020-04,8703221000,870322100000,870322,87,Passenger cars 1000-1500cc,Passenger cars 1000-1500cc,CR_HASH_014,Re-export,EX,BH,BH,US,BH,BH,US,US,NMB,1.78,112782.62359550562,price_per_item,200753.07,533917.75,1.78,162.61,191.56,11.633226426615423,12.004283802979177,0.6624296738554509,11.2719045323345,12.594725507248622,1.3228209749141229,9.287673069963315,14.578956969619806,False,-0.37781334603617767,0.37781334603617767,NORMAL,8.0,0.008385744234800839,4.781222129768451,37.595620697047174,8.0,0.008385744234800839,4.781222129768451,31.698925390914113,7.0,1.1428571428571428,0.3779644730092272,2.0,1.75,47.727272727272734,37.051525144434436,NORMAL,0,0.0,-0.5761427437625256,14.40356859406314,1.0,0.0,1,True,91.66666666666666,True,True,100.0,1.0,100.0,80.04124900792209,MEDIUM,1,LOW,"LOW (driven by cr_profile; price_level=NORMAL, pattern_level=NORMAL, cr_profile_level=MEDIUM)",1
2020-2501-1-10692-1,2020-2501-1-10692,2020-04-24,2020,2020-04,9018390000,901839000000,901839,90,Medical syringes and needles,Medical syringes and needles,CR_HASH_035,Import,IM,AE,AE,BH,AE,AE,BH,AE,NMB,4.0,0.04,price_per_item,0.16,0.43,4.0,3.5,4.11,0.039220713153281295,1.1592369104845446,0.5792846449150362,0.6041021775947832,1.7481096643936567,1.1440074867988734,-1.111909052603527,3.464120894591967,False,-1.3040921802352496,1.3040921802352496,NORMAL,11.0,0.011530398322851153,4.462768398649916,28.038772365976683,10.0,0.010482180293501049,4.558078578454241,24.369580448359905,6.0,1.8333333333333333,0.983192080250175,3.0,1.6363636363636365,40.495867768595055,28.623119505203565,NORMAL,0,0.0,-1.021971783078832,25.549294576970798,1.0,0.0,1,True,91.66666666666666,True,True,100.0,1.0,100.0,83.94225310193977,MEDIUM,1,LOW,"LOW (driven by cr_profile; price_level=NORMAL, pattern_level=NORMAL, cr_profile_level=MEDIUM)",1
2020-2701-8-10653-1,2020-2701-8-10653,2020-04-24,2020,2020-04,8703221000,870322100000,870322,87,Passenger cars 1000-1500cc,Passenger cars 1000-1500cc,CR_HASH_037,Re-export,EX,BH,BH,US,BH,BH,US,US,NMB,4.44,274507.509009009,price_per_item,1218813.34,3241524.84,4.44,553.07,633.82,12.522737537662614,12.004283802979177,0.6624296738554509,11.2719045323345,12.594725507248622,1.3228209749141229,9.287673069963315,14.578956969619806,False,0.5278934007059819,0.5278934007059819,NORMAL,8.0,0.008385744234800839,4.781222129768451,37.595620697047174,8.0,0.008385744234800839,4.781222129768451,31.698925390914113,7.0,1.1428571428571428,0.3779644730092272,2.0,1.75,47.727272727272734,37.051525144434436,NORMAL,0,0.0,0.26614356643889747,6.6535891609724365,1.0,0.0,2,False,83.33333333333334,False,True,90.9090909090909,0.9090909090909091,90.9090909090909,53.237847115431265,LOW,1,NORMAL,"NORMAL (price_level=NORMAL, pattern_level=NORMAL, cr_profile_level=LOW)",0
2020-2501-2-10998-1,2020-2501-2-10998,2020-04-24,2020,2020-04,8504400090,850440009000,850440,85,Static converters,Static converters,CR_HASH_030,Import,IM,JP,JP,BH,JP,JP,BH,JP,NMB,4.96,1133.5282258064517,price_per_item,5622.3,14952.93,4.96,426.06,481.66,7.033972183422484,7.466827051260017,0.5715840105867187,6.914775863803976,8.032836322465545,1.11806045866157,5.23768517581162,9.7099270104579,False,-0.5107851219476763,0.5107851219476763,NORMAL,3.0,0.0031446540880503146,5.762051382780177,67.03046630801344,3.0,0.0031446540880503146,5.762051382780177,63.915119328547,3.0,1.0,0.0,1.0,1.0,0.0,55.88552491899817,LOW,1,0.0,-0.38557396250566806,9.6393490626417,1.0,0.0,1,True,91.66666666666666,True,True,100.0,1.0,100.0,78.3737721719246,MEDIUM,1,MEDIUM,"MEDIUM (driven by pattern+cr_profile; price_level=NORMAL, pattern_level=LOW, cr_profile_level=MEDIUM)",1
2020-2501-1-10751-1,2020-2501-1-10751,2020-04-24,2020,2020-04,8703221000,870322100000,870322,87,Passenger cars 1000-1500cc,Passenger cars 1000-1500cc,CR_HASH_007,Import,IM,CN,CN,BH,CN,CN,BH,CN,NMB,4.46,25832.09865470852,price_per_item,115211.16,306412.65,4.46,26.22,31.27,10.159411842298201,12.339741490828857,0.5298577154310848,11.445675964067552,12.647064860424424,1.201388896356871,9.643592619532246,14.44914820495973,False,-2.7754851117913986,2.7754851117913986,LOW,20.0,0.020964360587002098,3.8649313978942956,10.097586615520235,14.0,0.014675052410901468,4.221606341833028,13.317855801757727,9.0,2.2222222222222223,1.3017082793177757,5.0,2.25,79.54545454545456,21.641861020193506,NORMAL,0,0.0,-1.0418890984200748,26.04722746050187,1.0,0.0,2,False,83.33333333333334,False,True,85.71428571428572,0.7142857142857143,71.42857142857143,54.83081532546137,LOW,1,LOW,"LOW (driven by price+cr_profile; price_level=LOW, pattern_level=NORMAL, cr_profile_level=LOW)",1
2020-2701-2-10288-1,2020-2701-2-10288,2020-04-25,2020,2020-04,8517120000,851712000000,851712,85,Cellular telephones,Cellular telephones,CR_HASH_008,Import,IM,CN,CN,BH,CN,CN,BH,CN,NMB,1.15,18234.67826086957,price_per_item,20969.88,55770.97,1.15,234.39,261.3,9.811135298101883,9.1609472788485,0.7778458576033893,8.086449359029473,9.737226953131787,1.6507775941023137,5.610282967876002,12.213393344285258,False,0.563795264347097,0.563795264347097,NORMAL,22.0,0.023060796645702306,3.769621218089971,7.2373125983257305,14.0,0.014675052410901468,4.221606341833028,13.317855801757727,10.0,2.2,0.7888106377466155,3.0,1.3636363636363635,23.140495867768593,11.750980209943359,NORMAL,0,0.0,0.9838761204523555,24.59690301130889,1.0,0.0,2,False,83.33333333333334,False,True,66.66666666666667,0.8333333333333334,83.33333333333334,51.94224938729144,LOW,1,NORMAL,"NORMAL (price_level=NORMAL, pattern_level=NORMAL, cr_profile_level=LOW)",0
2020-2801-3-10626-1,2020-2801-3-10626,2020-04-25,2020,2020-04,9018390000,901839000000,901839,90,Medical syringes and needles,Medical syringes and needles,CR_HASH_011,Re-export,EX,BH,BH,SA,BH,BH,SA,SA,NMB,2.25,5.466666666666667,price_per_item,12.3,32.7,2.25,592.74,697.39,1.8666607774011728,1.4183722013465883,0.34031158648964543,0.9528936868330796,1.614923227688858,0.6620295408557785,-0.040150624450588146,2.6079675389725256,False,0.888498993662498,0.888498993662498,NORMAL,6.0,0.006289308176100629,5.0689042022202315,46.22900654036249,6.0,0.006289308176100629,5.0689042022202315,41.148094458851695,6.0,1.0,0.0,1.0,1.0,0.0,37.51633633077934,NORMAL,0,0.0,1.1453081687175846,28.632704217939615,1.0,0.0,2,False,83.33333333333334,True,True,100.0,0.75,75.0,70.02144647627887,LOW,1,NORMAL,"NORMAL (price_level=NORMAL, pattern_level=NORMAL, cr_profile_level=LOW)",0
2020-2501-6-10473-1,2020-2501-6-10473,2020-04-25,2020,2020-04,3923301000,392330100000,392330,39,Plastic bottles for packaging,Plastic bottles for packaging,CR_HASH_045,Import,IM,US,IN,BH,US,IN,BH,US,NMB,4.16,3.4783653846153846,price_per_item,14.47,38.48,4.16,500.51,562.69,1.4992581103403253,1.6841288050356895,0.6442087840607709,1.0864174155799162,2.3469388358112164,1.2605214202313002,-0.8043647147670341,4.237720966158166,False,-0.193560811890884,0.193560811890884,NORMAL,10.0,0.010482180293501049,4.558078578454241,30.899046383171186,1.0,0.0010482180293501049,6.860663671448286,100.0,7.0,1.4285714285714286,0.7867957924694432,3.0,2.1,70.00000000000001,60.94952319158559,LOW,1,0.0,-0.24159037390572136,6.039759347643034,1.0,0.0,1,True,91.66666666666666,True,True,100.0,1.0,100.0,77.11391577167507,MEDIUM,1,MEDIUM,"MEDIUM (driven by pattern+cr_profile; price_level=NORMAL, pattern_level=LOW, cr_profile_level=MEDIUM)",1
2020-2801-8-10755-1,2020-2801-8-10755,2020-04-26,2020,2020-04,3923301000,392330100000,392330,39,Plastic bottles for packaging,Plastic bottles for packaging,CR_HASH_033,Re-export,EX,BH,BH,CN,BH,BH,CN,CN,NMB,3.24,1.1018518518518516,price_per_item,3.57,9.5,3.24,227.72,248.26,0.7428187903571829,2.008077055471865,0.7629623078147538,1.1201351912780924,2.51712417371907,1.3969889824409778,-0.9753482823833743,4.612607647380537,False,-1.118541505170196,1.118541505170196,NORMAL,14.0,0.014675052410901468,4.221606341833028,20.80145976765095,14.0,0.014675052410901468,4.221606341833028,13.317855801757727,7.0,2.0,0.816496580927726,3.0,1.5,31.818181818181824,19.83470668716795,NORMAL,0,0.0,-0.7025144733674794,17.562861834186986,1.0,0.0,2,False,83.33333333333334,False,False,66.66666666666667,0.9166666666666666,91.66666666666666,41.147001641965446,LOW,1,NORMAL,"NORMAL (price_level=NORMAL, pattern_level=NORMAL, cr_profile_level=LOW)",0
2020-2601-4-10625-1,2020-2601-4-10625,2020-04-27,2020,2020-04,3923301000,392330100000,392330,39,Plastic bottles for packaging,Plastic bottles for packaging,CR_HASH_005,Import,IM,SA,SA,BH,SA,SA,BH,SA,NMB,4.88,1.5901639344262295,price_per_item,7.76,20.64,4.88,1108.01,1319.96,0.9517211688536555,1.6841288050356895,0.6442087840607709,1.0864174155799162,2.3469388358112164,1.2605214202313002,-0.8043647147670341,4.237720966158166,False,-0.7668355275457974,0.7668355275457974,NORMAL,8.0,0.008385744234800839,4.781222129768451,37.595620697047174,6.0,0.006289308176100629,5.0689042022202315,41.148094458851695,6.0,1.3333333333333333,0.5163977794943222,2.0,1.5,31.818181818181824,37.97237068184895,NORMAL,0,0.0,-0.5997610556210045,14.99402639052511,1.0,0.0,1,True,91.66666666666666,True,True,100.0,1.0,100.0,80.2479092366838,MEDIUM,1,LOW,"LOW (driven by cr_profile; price_level=NORMAL, pattern_level=NORMAL, cr_profile_level=MEDIUM)",1
2020-2601-7-10142-1,2020-2601-7-10142,2020-04-28,2020,2020-04,9018390000,901839000000,901839,90,Medical syringes and needles,Medical syringes and needles,CR_HASH_037,Import,IM,CN,CN,BH,CN,CN,BH,CN,NMB,4.74,0.04641350210970464,price_per_item,0.22,0.58,4.74,6.17,6.87,0.04536860502985099,1.1592369104845446,0.5792846449150362,0.6041021775947832,1.7481096643936567,1.1440074867988734,-1.111909052603527,3.464120894591967,False,-1.296933875078351,1.296933875078351,NORMAL,23.0,0.02410901467505241,3.725169455519137,5.903307964603629,18.0,0.018867924528301886,3.970291913552122,5.063213787398673,12.0,1.9166666666666667,0.9962049198956219,4.0,2.0869565217391304,69.16996047430831,15.099272879037596,NORMAL,0,0.0,-1.0137829653768742,25.344574134421855,1.0,0.0,3,False,75.0,False,False,91.66666666666666,0.8333333333333334,83.33333333333334,48.45393428038098,LOW,1,NORMAL,"NORMAL (price_level=NORMAL, pattern_level=NORMAL, cr_profile_level=LOW)",0
2020-2601-3-10529-1,2020-2601-3-10529,2020-04-28,2020,2020-04,9018390000,901839000000,901839,90,Medical syringes and needles,Medical syringes and needles,CR_HASH_008,Import,IM,CN,CN,BH,CN,CN,BH,CN,NMB,2.87,4.104529616724738,price_per_item,11.78,31.32,2.87,213.53,234.61,1.6301283056915465,1.1592369104845446,0.5792846449150362,0.6041021775947832,1.7481096643936567,1.1440074867988734,-1.111909052603527,3.464120894591967,False,0.5482829513472578,0.5482829513472578,NORMAL,23.0,0.02410901467505241,3.725169455519137,5.903307964603629,18.0,0.018867924528301886,3.970291913552122,5.063213787398673,12.0,1.9166666666666667,0.9962049198956219,4.0,2.0869565217391304,69.16996047430831,15.099272879037596,NORMAL,0,0.0,0.5498614178430759,13.746535446076896,1.0,0.0,2,False,83.33333333333334,False,True,57.14285714285714,0.8571428571428572,85.71428571428572,46.239858834698346,LOW,1,NORMAL,"NORMAL (price_level=NORMAL, pattern_level=NORMAL, cr_profile_level=LOW)",0
2020-2601-8-10402-1,2020-2601-8-10402,2020-04-28,2020,2020-04,2710192100,271019210000,271019,27,Gas oils for diesel engines,Gas oils for diesel engines,CR_HASH_023,Import,IM,CN,CN,BH,CN,CN,BH,CN,LTR,17534.66,0.24008962819923513,price_per_liter_gross_weight,4209.89,11196.51,2.13,16435.03,17534.66,0.21518365781064872,0.26355592811875056,0.07105600884335336,0.1979668243457394,0.33634243682655873,0.13837561248081934,-0.009596594375489625,0.5439058555477878,False,-0.4591680544518888,0.4591680544518888,NORMAL,19.0,0.019916142557651992,3.916224692281846,11.63690673320574,15.0,0.015723270440251572,4.152613470346076,11.051724646602178,8.0,2.375,1.407885953173359,5.0,2.1052631578947367,70.33492822966507,20.236796227363392,NORMAL,0,0.0,-0.39442266260560604,9.860566565140152,1.0,0.0,1,True,91.66666666666666,True,True,100.0,1.0,100.0,78.45119829779905,MEDIUM,1,LOW,"LOW (driven by cr_profile; price_level=NORMAL, pattern_level=NORMAL, cr_profile_level=MEDIUM)",1
2020-2801-8-10937-1,2020-2801-8-10937,2020-04-28,2020,2020-04,2710192100,271019210000,271019,27,Gas oils for diesel engines,Gas oils for diesel engines,CR_HASH_047,,,US,BH,SA,US,BH,SA,,LTR,12336.43,0.3792620717663051,price_per_liter_gross_weight,4678.74,12443.47,1.21,10628.68,12336.43,0.32154862554559027,0.32154862554559027,0.0,0.32154862554559027,0.32154862554559027,0.0,0.32154862554559027,0.32154862554559027,False,0.0,0.0,NORMAL,,,,0.0,,,,0.0,,,,,,0.0,0.0,NORMAL,0,0.0,0.5396513030172462,13.491282575431155,1.0,0.0,1,True,91.66666666666666,False,False,0.0,0.8888888888888888,88.88888888888889,32.49972667917868,NORMAL,0,NORMAL,"NORMAL (price_level=NORMAL, pattern_level=NORMAL, cr_profile_level=NORMAL)",0
2020-2701-3-10422-1,2020-2701-3-10422,2020-04-28,2020,2020-04,8517120000,851712000000,851712,85,Cellular telephones,Cellular telephones,CR_HASH_024,Import,IM,CN,SA,BH,CN,SA,BH,CN,NMB,2.11,48601.56398104266,price_per_item,102549.3,272737.5,2.11,912.73,1085.94,10.79143156530857,9.1609472788485,0.7778458576033893,8.086449359029473,9.737226953131787,1.6507775941023137,5.610282967876002,12.213393344285258,False,1.4138361398201982,1.4138361398201982,NORMAL,22.0,0.023060796645702306,3.769621218089971,7.2373125983257305,1.0,0.0010482180293501049,6.860663671448286,100.0,10.0,2.2,0.7888106377466155,3.0,1.3636363636363635,23.140495867768593,42.089730679328156,NORMAL,0,0.0,4.392574106593532,100.0,1.0,0.0,1,True,91.66666666666666,False,True,80.0,0.5714285714285714,57.14285714285714,86.42857142857143,HIGH,1,HIGH,"HIGH (driven by cr_profile; price_level=NORMAL, pattern_level=NORMAL, cr_profile_level=HIGH)",1
2020-2601-2-10843-1,2020-2601-2-10843,2020-04-29,2020,2020-04,102211000,102211000000,102211,10,"Live cattle, pure-bred breeding","Live cattle, pure-bred breeding",CR_HASH_003,Re-export,EX,BH,BH,CN,BH,BH,CN,CN,NMB,0.68,128982.17647058824,price_per_item,87707.88,233265.63,0.68,512.94,612.99,11.767437259882358,9.549317841384953,0.6971436999939566,8.846103941045365,10.18755556601122,1.3414516249658544,6.833926503596584,12.19973300346,False,2.146043995240964,2.146043995240964,LOW,11.0,0.011530398322851153,4.462768398649916,28.038772365976683,11.0,0.011530398322851153,4.462768398649916,21.2390343034744,9.0,1.2222222222222223,0.4409585518440984,2.0,1.6363636363636362,40.49586776859504,27.527428354493637,NORMAL,0,0.0,6.671921710607864,100.0,1.0,0.0,1,True,91.66666666666666,False,True,33.333333333333336,1.0,100.0,83.33333333333334,MEDIUM,1,MEDIUM,"MEDIUM (driven by price+cr_profile; price_level=LOW, pattern_level=NORMAL, cr_profile_level=MEDIUM)",1
2020-2601-3-10630-1,2020-2601-3-10630,2020-04-30,2020,2020-04,8703221000,870322100000,870322,87,Passenger cars 1000-1500cc,Passenger cars 1000-1500cc,CR_HASH_006,Import,IM,AE,SA,BH,AE,SA,BH,AE,NMB,2.15,660233.8465116279,price_per_item,1419502.77,3775273.32,2.15,268.49,304.08,13.400350878758744,12.339741490828857,0.5298577154310848,11.445675964067552,12.647064860424424,1.201388896356871,9.643592619532246,14.44914820495973,False,1.3501194957420222,1.3501194957420222,NORMAL,7.0,0.007337526205450734,4.9147535223929735,41.6029195353019,1.0,0.0010482180293501049,6.860663671448286,100.0,5.0,1.4,0.5477225575051661,2.0,1.4285714285714286,27.27272727272728,59.89236885856005,LOW,1,0.0,2.464296945136005,61.60742362840013,1.0,0.0,1,True,91.66666666666666,False,True,81.81818181818181,1.0,100.0,82.01714372448549,MEDIUM,1,MEDIUM,"MEDIUM (driven by pattern+cr_profile; price_level=NORMAL, pattern_level=LOW, cr_profile_level=MEDIUM)",1
2020-2501-1-10805-1,2020-2501-1-10805,2020-04-30,2020,2020-04,3923301000,392330100000,392330,39,Plastic bottles for packaging,Plastic bottles for packaging,CR_HASH_001,Import,IM,SA,AE,BH,SA,AE,BH,SA,NMB,3.68,4.230978260869565,price_per_item,15.57,41.4,3.68,160.89,188.37,1.6545983085529536,1.6841288050356895,0.6442087840607709,1.0864174155799162,2.3469388358112164,1.2605214202313002,-0.8043647147670341,4.237720966158166,False,-0.03091862062918175,0.03091862062918175,NORMAL,8.0,0.008385744234800839,4.781222129768451,37.595620697047174,1.0,0.0010482180293501049,6.860663671448286,100.0,6.0,1.3333333333333333,0.5163977794943222,2.0,1.5,31.818181818181824,58.57053762125086,LOW,1,0.0,-0.10896583339056023,2.724145834764006,1.0,0.0,2,False,83.33333333333334,True,True,100.0,0.8571428571428572,85.71428571428572,63.09630818502455,LOW,1,LOW,"LOW (driven by pattern+cr_profile; price_level=NORMAL, pattern_level=LOW, cr_profile_level=LOW)",1
2020-2501-9-10663-1,2020-2501-9-10663,2020-04-30,2020,2020-04,6109100000,610910000000,610910,61,Cotton t-shirts,Cotton t-shirts,CR_HASH_012,Re-export,EX,BH,BH,SA,BH,BH,SA,SA,NMB,3.68,66.39130434782608,price_per_item,244.32,649.8,3.68,49.24,56.27,4.210515993984142,4.610526181303967,0.7708500247178713,3.916293548711598,5.585818334387825,1.6695247856762268,1.412006370197258,8.090105512902165,False,-0.3500073508364622,0.3500073508364622,NORMAL,4.0,0.0041928721174004195,5.474369310328396,58.39708046469813,4.0,0.0041928721174004195,5.474369310328396,54.46595026060942,4.0,1.0,0.0,1.0,1.0,0.0,48.26162282356236,LOW,1,0.0,-0.33362269039339953,8.34056725983499,1.0,0.0,1,True,91.66666666666666,True,True,100.0,1.0,100.0,77.91919854094225,MEDIUM,1,MEDIUM,"MEDIUM (driven by pattern+cr_profile; price_level=NORMAL, pattern_level=LOW, cr_profile_level=MEDIUM)",1
2020-2701-3-10996-1,2020-2701-3-10996,2020-05-01,2020,2020-05,1006301000,100630100000,100630,10,Long-grain milled rice,Long-grain milled rice,CR_HASH_041,Import,IM,DE,US,BH,DE,US,BH,DE,KGM,1315.77,0.5000798011810575,price_per_kg,657.99,1749.97,4.62,1315.77,1534.19,0.4055183074804244,0.32869838978139143,0.06767869107876259,0.270176176769005,0.39860128498662895,0.12842510821762393,0.07753851444256912,0.5912389473130648,False,0.7655928890742021,0.7655928890742021,NORMAL,6.0,0.006289308176100629,5.0689042022202315,46.22900654036249,1.0,0.0010482180293501049,6.860663671448286,100.0,4.0,1.5,1.0,3.0,2.0,63.63636363636365,67.65995781563579,LOW,1,0.0,0.836376727414466,20.909418185361652,1.0,0.0,3,False,75.0,True,True,100.0,0.0,0.0,52.31829636487658,LOW,1,LOW,"LOW (driven by pattern+cr_profile; price_level=NORMAL, pattern_level=LOW, cr_profile_level=LOW)",1
2020-2801-8-10445-1,2020-2801-8-10445,2020-05-01,2020,2020-05,2710192100,271019210000,271019,27,Gas oils for diesel engines,Gas oils for diesel engines,CR_HASH_006,Import,IM,JP,JP,BH,JP,JP,BH,JP,LTR,3981.96,1.2983832082692943,price_per_liter_gross_weight,5170.11,13750.3,3.32,3695.73,3981.96,0.8322059228214544,0.26355592811875056,0.07105600884335336,0.1979668243457394,0.33634243682655873,0.13837561248081934,-0.009596594375489625,0.5439058555477878,True,5.397842815080461,5.397842815080461,HIGH,7.0,0.007337526205450734,4.9147535223929735,41.6029195353019,5.0,0.005241090146750524,5.251225759014186,47.13660531805522,6.0,1.1666666666666667,0.408248290463863,2.0,1.7142857142857142,45.45454545454546,44.117453447152094,NORMAL,0,0.0,6.687650779825761,100.0,1.0,0.0,2,False,83.33333333333334,False,True,91.66666666666666,0.9166666666666666,91.66666666666666,86.25,HIGH,1,HIGH,"HIGH (driven by price+cr_profile; price_level=HIGH, pattern_level=NORMAL, cr_profile_level=HIGH)",1
2020-2601-8-10873-1,2020-2601-8-10873,2020-05-01,2020,2020-05,3923301000,392330100000,392330,39,Plastic bottles for packaging,Plastic bottles for packaging,CR_HASH_031,Re-export,EX,BH,BH,CN,BH,BH,CN,CN,NMB,1.02,11.647058823529413,price_per_item,11.88,31.59,1.02,133.25,146.11,2.5374246840714467,2.008077055471865,0.7629623078147538,1.1201351912780924,2.51712417371907,1.3969889824409778,-0.9753482823833743,4.612607647380537,False,0.46796556053193045,0.46796556053193045,NORMAL,14.0,0.014675052410901468,4.221606341833028,20.80145976765095,14.0,0.014675052410901468,4.221606341833028,13.317855801757727,7.0,2.0,0.816496580927726,3.0,1.5,31.818181818181824,19.83470668716795,NORMAL,0,0.0,1.5006992775482981,37.517481938707455,1.0,0.0,1,True,91.66666666666666,False,True,88.88888888888889,1.0,100.0,75.35334090076984,MEDIUM,1,LOW,"LOW (driven by cr_profile; price_level=NORMAL, pattern_level=NORMAL, cr_profile_level=MEDIUM)",1
2020-2501-3-10056-1,2020-2501-3-10056,2020-05-01,2020,2020-05,6109100000,610910000000,610910,61,Cotton t-shirts,Cotton t-shirts,CR_HASH_010,Import,IM,CN,AE,BH,CN,AE,BH,CN,NMB,2.85,19.010526315789473,price_per_item,54.18,144.1,2.85,71.08,77.6,2.9962584508878884,4.644105600231562,0.7882174659262975,3.8927224589349843,5.444558727344917,1.5518362684099332,1.5649680563200845,7.772313129959818,False,-1.410090137949422,1.410090137949422,NORMAL,16.0,0.016771488469601678,4.088074949208505,16.794160929396217,1.0,0.0010482180293501049,6.860663671448286,100.0,8.0,2.0,1.4142135623730951,5.0,2.5,95.45454545454547,57.71526228287993,LOW,1,0.0,-0.9065562778451256,22.66390694612814,1.0,0.0,2,False,83.33333333333334,False,True,85.71428571428572,0.875,87.5,56.86093885971628,LOW,1,LOW,"LOW (driven by pattern+cr_profile; price_level=NORMAL, pattern_level=LOW, cr_profile_level=LOW)",1
2020-2701-4-10633-1,2020-2701-4-10633,2020-05-02,2020,2020-05,6109100000,610910000000,610910,61,Cotton t-shirts,Cotton t-shirts,CR_HASH_037,Re-export,EX,BH,BH,TR,BH,BH,TR,TR,NMB,4.44,48.50225225225225,price_per_item,215.35,572.73,4.44,81.19,93.5,3.902018168585049,4.610526181303967,0.7708500247178713,3.916293548711598,5.585818334387825,1.6695247856762268,1.412006370197258,8.090105512902165,False,-0.6199417425833764,0.6199417425833764,NORMAL,2.0,0.0020964360587002098,6.1675164908883415,79.19854023234907,2.0,0.0020964360587002098,6.1675164908883415,77.23297513030472,2.0,1.0,0.0,1.0,1.0,0.0,66.6308114117812,LOW,1,-1.9527909243191166,-0.5439396646398893,48.819773107977916,1.0,0.0,4,False,66.66666666666666,True,True,100.0,0.6923076923076923,69.23076923076923,75.93307443394612,MEDIUM,1,MEDIUM,"MEDIUM (driven by pattern+cr_profile; price_level=NORMAL, pattern_level=LOW, cr_profile_level=MEDIUM)",1
2020-2701-9-10556-1,2020-2701-9-10556,2020-05-02,2020,2020-05,6109100000,610910000000,610910,61,Cotton t-shirts,Cotton t-shirts,CR_HASH_024,Import,IM,CN,IN,BH,CN,IN,BH,CN,NMB,2.89,166.75432525951558,price_per_item,481.92,1281.69,2.89,541.67,648.06,5.122500559480735,4.644105600231562,0.7882174659262975,3.8927224589349843,5.444558727344917,1.5518362684099332,1.5649680563200845,7.772313129959818,False,0.4093705015969809,0.4093705015969809,NORMAL,16.0,0.016771488469601678,4.088074949208505,16.794160929396217,1.0,0.0010482180293501049,6.860663671448286,100.0,8.0,2.0,1.4142135623730951,5.0,2.5,95.45454545454547,57.71526228287993,LOW,1,0.0,0.6942768485293713,17.356921213234283,1.0,0.0,2,False,83.33333333333334,False,True,66.66666666666667,0.875,87.5,50.241589091298664,LOW,1,LOW,"LOW (driven by pattern+cr_profile; price_level=NORMAL, pattern_level=LOW, cr_profile_level=LOW)",1
2020-2501-7-10046-1,2020-2501-7-10046,2020-05-02,2020,2020-05,2710192100,271019210000,271019,27,Gas oils for diesel engines,Gas oils for diesel engines,CR_HASH_046,Import,IM,SA,SA,BH,SA,SA,BH,SA,LTR,15159.95,0.15720764250541724,price_per_liter_gross_weight,2383.26,6338.45,1.35,14158.51,15159.95,0.14600989840620715,0.26355592811875056,0.07105600884335336,0.1979668243457394,0.33634243682655873,0.13837561248081934,-0.009596594375489625,0.5439058555477878,False,-1.1157917837611293,1.1157917837611293,NORMAL,7.0,0.007337526205450734,4.9147535223929735,41.6029195353019,4.0,0.0041928721174004195,5.474369310328396,54.46595026060942,4.0,1.75,0.5,2.0,1.1428571428571428,9.090909090909088,41.2281787225006,NORMAL,0,0.0,-0.9557998192866743,23.89499548216686,1.0,0.0,2,False,83.33333333333334,True,True,100.0,0.9166666666666666,91.66666666666666,71.69658175209173,LOW,1,NORMAL,"NORMAL (price_level=NORMAL, pattern_level=NORMAL, cr_profile_level=LOW)",0
2020-2601-3-10885-1,2020-2601-3-10885,2020-05-03,2020,2020-05,102211000,102211000000,102211,10,"Live cattle, pure-bred breeding","Live cattle, pure-bred breeding",CR_HASH_009,Import,IM,IN,IN,BH,IN,IN,BH,IN,NMB,1.71,87287.1403508772,price_per_item,149261.01,396970.76,1.71,994.92,1178.02,11.376969883239394,10.013369334439131,0.6855679350518233,9.327801399387308,10.638440798004723,1.3106393986174147,7.361842301461186,12.604399895930845,False,1.341567950831111,1.341567950831111,NORMAL,7.0,0.007337526205450734,4.9147535223929735,41.6029195353019,4.0,0.0041928721174004195,5.474369310328396,54.46595026060942,6.0,1.1666666666666667,0.408248290463863,2.0,1.7142857142857142,45.45454545454546,46.68272417704606,LOW,1,0.0,4.071614675189417,100.0,1.0,0.0,2,False,83.33333333333334,True,True,100.0,0.8333333333333334,83.33333333333334,96.66666666666667,HIGH,1,HIGH,"HIGH (driven by pattern+cr_profile; price_level=NORMAL, pattern_level=LOW, cr_profile_level=HIGH)",1
2020-2701-7-10795-1,2020-2701-7-10795,2020-05-04,2020,2020-05,8517120000,851712000000,851712,85,Cellular telephones,Cellular telephones,CR_HASH_023,Import,IM,AE,AE,BH,AE,AE,BH,AE,NMB,3.27,406.6146788990826,price_per_item,1329.63,3536.25,3.27,20.18,22.51,6.010322313700811,9.1609472788485,0.7778458576033893,8.086449359029473,9.737226953131787,1.6507775941023137,5.610282967876002,12.213393344285258,False,-2.731990412748232,2.731990412748232,LOW,11.0,0.011530398322851153,4.462768398649916,28.038772365976683,9.0,0.009433962264150943,4.663439094112067,27.830238657093965,7.0,1.5714285714285714,0.7867957924694431,3.0,1.9090909090909092,57.8512396694215,32.437655663384454,NORMAL,0,0.0,-0.9607381148686643,24.018452871716608,1.0,0.0,1,True,91.66666666666666,False,True,83.33333333333334,1.0,100.0,69.23979183843414,LOW,1,LOW,"LOW (driven by price+cr_profile; price_level=LOW, pattern_level=NORMAL, cr_profile_level=LOW)",1
2020-2701-6-10528-1,2020-2701-6-10528,2020-05-04,2020,2020-05,8517120000,851712000000,851712,85,Cellular telephones,Cellular telephones,CR_HASH_007,Import,IM,AE,AE,BH,AE,AE,BH,AE,NMB,4.88,936.2254098360655,price_per_item,4568.78,12151.02,4.88,526.37,580.99,6.8429238187672405,9.1609472788485,0.7778458576033893,8.086449359029473,9.737226953131787,1.6507775941023137,5.610282967876002,12.213393344285258,False,-2.010019580090081,2.010019580090081,LOW,11.0,0.011530398322851153,4.462768398649916,28.038772365976683,9.0,0.009433962264150943,4.663439094112067,27.830238657093965,7.0,1.5714285714285714,0.7867957924694431,3.0,1.9090909090909092,57.8512396694215,32.437655663384454,NORMAL,0,0.0,-0.9029702837285312,22.57425709321328,1.0,0.0,1,True,91.66666666666666,True,True,100.0,1.0,100.0,82.90098998262465,MEDIUM,1,MEDIUM,"MEDIUM (driven by price+cr_profile; price_level=LOW, pattern_level=NORMAL, cr_profile_level=MEDIUM)",1
2020-2601-7-10782-1,2020-2601-7-10782,2020-05-06,2020,2020-05,102211000,102211000000,102211,10,"Live cattle, pure-bred breeding","Live cattle, pure-bred breeding",CR_HASH_046,Re-export,EX,BH,BH,IN,BH,BH,IN,IN,NMB,1.22,13730.090163934427,price_per_item,16750.71,44549.76,1.22,140.44,167.62,9.527417895750883,9.549317841384953,0.6971436999939566,8.846103941045365,10.18755556601122,1.3414516249658544,6.833926503596584,12.19973300346,False,-0.02118833027300986,0.02118833027300986,NORMAL,3.0,0.0031446540880503146,5.762051382780177,67.03046630801344,3.0,0.0031446540880503146,5.762051382780177,63.915119328547,3.0,1.0,0.0,1.0,1.0,0.0,55.88552491899817,LOW,1,0.0,-0.30923292782726847,7.730823195681712,1.0,0.0,3,False,75.0,False,True,92.3076923076923,0.8461538461538461,84.61538461538461,52.7057881184886,LOW,1,LOW,"LOW (driven by pattern+cr_profile; price_level=NORMAL, pattern_level=LOW, cr_profile_level=LOW)",1
2020-2801-8-10408-1,2020-2801-8-10408,2020-05-06,2020,2020-05,2710192100,271019210000,271019,27,Gas oils for diesel engines,Gas oils for diesel engines,CR_HASH_019,Re-export,EX,BH,BH,IN,BH,BH,IN,IN,LTR,3118.4,0.4267156233966137,price_per_liter_gross_weight,1330.67,3539.01,3.73,2700.53,3118.4,0.3553750358017498,0.2773855677315066,0.0779894680702432,0.16396900989912072,0.33244641877019565,0.16847740887107493,-0.08874710340749165,0.585162532076808,False,0.6744907594765952,0.6744907594765952,NORMAL,2.0,0.0020964360587002098,6.1675164908883415,79.19854023234907,2.0,0.0020964360587002098,6.1675164908883415,77.23297513030472,2.0,1.0,0.0,1.0,1.0,0.0,66.6308114117812,LOW,1,0.0,0.868949674363748,21.7237418590937,1.0,0.0,1,True,91.66666666666666,True,True,100.0,1.0,100.0,82.6033096506828,MEDIUM,1,MEDIUM,"MEDIUM (driven by pattern+cr_profile; price_level=NORMAL, pattern_level=LOW, cr_profile_level=MEDIUM)",1
2020-2801-1-10764-1,2020-2801-1-10764,2020-05-07,2020,2020-05,1006301000,100630100000,100630,10,Long-grain milled rice,Long-grain milled rice,CR_HASH_020,Import,IM,DE,DE,BH,DE,DE,BH,DE,KGM,3723.54,0.32711881703969875,price_per_kg,1218.04,3239.48,4.41,3723.54,4229.74,0.2830102894274564,0.32869838978139143,0.06767869107876259,0.270176176769005,0.39860128498662895,0.12842510821762393,0.07753851444256912,0.5912389473130648,False,-0.4553309323152469,0.4553309323152469,NORMAL,6.0,0.006289308176100629,5.0689042022202315,46.22900654036249,4.0,0.0041928721174004195,5.474369310328396,54.46595026060942,4.0,1.5,1.0,3.0,2.0,63.63636363636365,51.72304040684909,LOW,1,0.0,-0.41997273221122966,10.499318305280742,1.0,0.0,1,True,91.66666666666666,False,True,87.5,0.75,75.0,60.54976140684826,LOW,1,LOW,"LOW (driven by pattern+cr_profile; price_level=NORMAL, pattern_level=LOW, cr_profile_level=LOW)",1
2020-2601-7-10963-1,2020-2601-7-10963,2020-05-07,2020,2020-05,8471300000,847130000000,847130,84,Portable laptop computers,Portable laptop computers,CR_HASH_026,Re-export,EX,BH,BH,AE,BH,BH,AE,AE,NMB,4.3,21209.56046511628,price_per_item,91201.11,242556.15,4.3,361.68,394.25,9.962254471778973,9.057918359570245,1.044460022767316,7.958447179146432,9.968345476103027,2.009898296956594,4.943599733711541,12.983192921537917,False,0.584001625576496,0.584001625576496,NORMAL,5.0,0.005241090146750524,5.251225759014186,51.700506150822136,5.0,0.005241090146750524,5.251225759014186,47.13660531805522,5.0,1.0,0.0,1.0,1.0,0.0,42.348064936730395,NORMAL,0,0.0,2.1492291155536845,53.73072788884211,1.0,0.0,2,False,83.33333333333334,False,True,83.33333333333334,0.8333333333333334,83.33333333333334,66.30575476109473,LOW,1,NORMAL,"NORMAL (price_level=NORMAL, pattern_level=NORMAL, cr_profile_level=LOW)",0
2020-2501-3-10960-1,2020-2501-3-10960,2020-05-08,2020,2020-05,8471300000,847130000000,847130,84,Portable laptop computers,Portable laptop computers,CR_HASH_014,,,CN,BH,CN,CN,BH,CN,,NMB,2.78,12959.67985611511,price_per_item,36027.91,95818.9,2.78,904.54,1045.0,9.469675426563965,9.469675426563965,0.0,9.469675426563965,9.469675426563965,0.0,9.469675426563965,9.469675426563965,False,0.0,0.0,NORMAL,,,,0.0,,,,0.0,,,,,,0.0,0.0,NORMAL,0,0.0,0.9395354167085189,23.488385417712973,1.0,0.0,2,False,83.33333333333334,False,False,0.0,0.8571428571428572,85.71428571428572,25.363792039056683,NORMAL,0,NORMAL,"NORMAL (price_level=NORMAL, pattern_level=NORMAL, cr_profile_level=NORMAL)",0
2020-2801-1-10150-1,2020-2801-1-10150,2020-05-08,2020,2020-05,8703221000,870322100000,870322,87,Passenger cars 1000-1500cc,Passenger cars 1000-1500cc,CR_HASH_009,Re-export,EX,BH,BH,SA,BH,BH,SA,SA,NMB,4.13,163452.49636803876,price_per_item,675058.81,1795369.17,4.13,1086.29,1286.52,12.004283802979177,12.004283802979177,0.6624296738554509,11.2719045323345,12.594725507248622,1.3228209749141229,9.287673069963315,14.578956969619806,False,0.0,0.0,NORMAL,5.0,0.005241090146750524,5.251225759014186,51.700506150822136,5.0,0.005241090146750524,5.251225759014186,47.13660531805522,5.0,1.0,0.0,1.0,1.0,0.0,42.348064936730395,NORMAL,0,0.0,-0.27524539952800425,6.881134988200106,1.0,0.0,2,False,83.33333333333334,True,True,100.0,0.8571428571428572,85.71428571428572,64.55125438872719,LOW,1,NORMAL,"NORMAL (price_level=NORMAL, pattern_level=NORMAL, cr_profile_level=LOW)",0
2020-2701-4-10913-1,2020-2701-4-10913,2020-05-09,2020,2020-05,1006301000,100630100000,100630,10,Long-grain milled rice,Long-grain milled rice,CR_HASH_047,Import,IM,SA,SA,BH,SA,SA,BH,SA,KGM,4723.81,0.4248794934597284,price_per_kg,2007.05,5337.91,3.33,4723.81,5633.61,0.3540872441515356,0.32869838978139143,0.06767869107876259,0.270176176769005,0.39860128498662895,0.12842510821762393,0.07753851444256912,0.5912389473130648,False,0.25302716990241625,0.25302716990241625,NORMAL,11.0,0.011530398322851153,4.462768398649916,28.038772365976683,8.0,0.008385744234800839,4.781222129768451,31.698925390914113,9.0,1.2222222222222223,0.4409585518440984,2.0,1.6363636363636362,40.49586776859504,31.188390235097536,NORMAL,0,0.0,0.25941086433209093,6.4852716083022734,1.0,0.0,2,False,83.33333333333334,False,True,77.77777777777779,0.8,80.0,47.714289507350244,LOW,1,NORMAL,"NORMAL (price_level=NORMAL, pattern_level=NORMAL, cr_profile_level=LOW)",0
2020-2801-6-10058-1,2020-2801-6-10058,2020-05-09,2020,2020-05,8471300000,847130000000,847130,84,Portable laptop computers,Portable laptop computers,CR_HASH_009,Import,IM,CN,CN,BH,CN,CN,BH,CN,NMB,1.22,8792.172131147541,price_per_item,10726.45,28527.8,1.22,420.31,475.52,9.081730805116834,8.71824987064452,0.6999612932513521,7.750041925937837,9.126895264901794,1.376853338963957,5.684761917491901,11.192175273347729,False,0.35025441251000183,0.35025441251000183,NORMAL,21.0,0.0220125786163522,3.8161412337248635,8.633385843315326,15.0,0.015723270440251572,4.152613470346076,11.051724646602178,10.0,2.1,1.449137674618944,5.0,2.380952380952381,87.87878787878789,21.36661472978661,NORMAL,0,0.0,0.29980982714109633,7.495245678527408,1.0,0.0,2,False,83.33333333333334,False,False,62.5,0.875,87.5,35.748335987484595,LOW,1,NORMAL,"NORMAL (price_level=NORMAL, pattern_level=NORMAL, cr_profile_level=LOW)",0
2020-2701-1-10828-1,2020-2701-1-10828,2020-05-09,2020,2020-05,8471300000,847130000000,847130,84,Portable laptop computers,Portable laptop computers,CR_HASH_017,Import,IM,CN,CN,BH,CN,CN,BH,CN,NMB,3.88,8344.932989690722,price_per_item,32378.34,86112.6,3.88,823.61,882.0,9.029529632086282,8.71824987064452,0.6999612932513521,7.750041925937837,9.126895264901794,1.376853338963957,5.684761917491901,11.192175273347729,False,0.2999527612866925,0.2999527612866925,NORMAL,21.0,0.0220125786163522,3.8161412337248635,8.633385843315326,15.0,0.015723270440251572,4.152613470346076,11.051724646602178,10.0,2.1,1.449137674618944,5.0,2.380952380952381,87.87878787878789,21.36661472978661,NORMAL,0,0.0,0.25223769361581444,6.305942340395361,1.0,0.0,2,False,83.33333333333334,False,False,75.0,0.875,87.5,38.45707981913837,LOW,1,NORMAL,"NORMAL (price_level=NORMAL, pattern_level=NORMAL, cr_profile_level=LOW)",0
2020-2701-5-10282-1,2020-2701-5-10282,2020-05-10,2020,2020-05,3923301000,392330100000,392330,39,Plastic bottles for packaging,Plastic bottles for packaging,CR_HASH_046,,,CN,BH,IN,CN,BH,IN,,NMB,1.14,13.017543859649123,price_per_item,14.84,39.48,1.14,742.76,874.53,2.6403096779317243,2.6403096779317243,0.0,2.6403096779317243,2.6403096779317243,0.0,2.6403096779317243,2.6403096779317243,False,0.0,0.0,NORMAL,,,,0.0,,,,0.0,,,,,,0.0,0.0,NORMAL,0,0.0,1.7677553834469983,44.19388458617496,1.0,0.0,2,False,83.33333333333334,False,False,0.0,0.9285714285714286,92.85714285714286,34.03928817658981,NORMAL,0,NORMAL,"NORMAL (price_level=NORMAL, pattern_level=NORMAL, cr_profile_level=NORMAL)",0
2020-2701-8-10279-1,2020-2701-8-10279,2020-05-10,2020,2020-05,6109100000,610910000000,610910,61,Cotton t-shirts,Cotton t-shirts,CR_HASH_012,,,AE,BH,IN,AE,BH,IN,,NMB,2.41,159.24896265560164,price_per_item,383.79,1020.73,2.41,617.22,713.39,5.07672862249185,5.07672862249185,0.0,5.07672862249185,5.07672862249185,0.0,5.07672862249185,5.07672862249185,False,0.0,0.0,NORMAL,,,,0.0,,,,0.0,,,,,,0.0,0.0,NORMAL,0,0.0,0.5991018670496269,14.97754667624067,1.0,0.0,2,False,83.33333333333334,False,False,0.0,0.8571428571428572,85.71428571428572,22.38499847954138,NORMAL,0,NORMAL,"NORMAL (price_level=NORMAL, pattern_level=NORMAL, cr_profile_level=NORMAL)",0
2020-2601-1-10742-1,2020-2601-1-10742,2020-05-10,2020,2020-05,8504400090,850440009000,850440,85,Static converters,Static converters,CR_HASH_014,Import,IM,US,US,BH,US,US,BH,US,NMB,3.76,320.7367021276596,price_per_item,1205.97,3207.37,3.76,149.14,178.51,5.773733515793571,7.466827051260017,0.5715840105867187,6.914775863803976,8.032836322465545,1.11806045866157,5.23768517581162,9.7099270104579,False,-1.9979144333121963,1.9979144333121963,NORMAL,14.0,0.014675052410901468,4.221606341833028,20.80145976765095,11.0,0.011530398322851153,4.462768398649916,21.2390343034744,9.0,1.5555555555555556,1.130388330520878,4.0,2.571428571428571,100.0,32.834391890041516,NORMAL,0,0.0,-0.9692421519558599,24.2310537988965,1.0,0.0,2,False,83.33333333333334,False,True,85.71428571428572,0.875,87.5,57.40944025818521,LOW,1,NORMAL,"NORMAL (price_level=NORMAL, pattern_level=NORMAL, cr_profile_level=LOW)",0
2020-2601-7-10107-1,2020-2601-7-10107,2020-05-11,2020,2020-05,8471300000,847130000000,847130,84,Portable laptop computers,Portable laptop computers,CR_HASH_049,Import,IM,US,US,BH,US,US,BH,US,NMB,4.07,6036.8378378378375,price_per_item,24569.93,65345.56,4.07,659.05,774.71,8.705801252973012,8.71824987064452,0.6999612932513521,7.750041925937837,9.126895264901794,1.376853338963957,5.684761917491901,11.192175273347729,False,-0.011995631285105772,0.011995631285105772,NORMAL,12.0,0.012578616352201259,4.375757021660286,25.427546772711544,10.0,0.010482180293501049,4.558078578454241,24.369580448359905,9.0,1.3333333333333333,0.5,2.0,1.5,31.818181818181824,26.015853816009013,NORMAL,0,0.0,-0.08525045562834342,2.1312613907085853,1.0,0.0,2,False,83.33333333333334,False,True,77.77777777777779,0.8888888888888888,88.88888888888889,47.96816370897023,LOW,1,NORMAL,"NORMAL (price_level=NORMAL, pattern_level=NORMAL, cr_profile_level=LOW)",0
2020-2801-9-10375-1,2020-2801-9-10375,2020-05-11,2020,2020-05,8703221000,870322100000,870322,87,Passenger cars 1000-1500cc,Passenger cars 1000-1500cc,CR_HASH_037,Import,IM,IN,IN,BH,IN,IN,BH,IN,NMB,4.26,53730.8896713615,price_per_item,228893.59,608759.55,4.26,495.83,544.34,10.891761952867341,12.339741490828857,0.5298577154310848,11.445675964067552,12.647064860424424,1.201388896356871,9.643592619532246,14.44914820495973,False,-1.8432284551554452,1.8432284551554452,NORMAL,9.0,0.009433962264150943,4.663439094112067,34.06093261602687,7.0,0.007337526205450734,4.9147535223929735,36.084880671453035,6.0,1.5,0.8366600265340756,3.0,2.0,63.63636363636365,39.20562908847654,NORMAL,0,0.0,-0.9029122601595597,22.572806503988993,1.0,0.0,3,False,75.0,False,True,78.57142857142857,0.8571428571428572,85.71428571428572,54.68619656211044,LOW,1,NORMAL,"NORMAL (price_level=NORMAL, pattern_level=NORMAL, cr_profile_level=LOW)",0
2020-2501-1-10631-1,2020-2501-1-10631,2020-05-12,2020,2020-05,9018390000,901839000000,901839,90,Medical syringes and needles,Medical syringes and needles,CR_HASH_045,Re-export,EX,BH,BH,CN,BH,BH,CN,CN,NMB,3.83,0.2819843342036554,price_per_item,1.08,2.88,3.83,42.52,44.89,0.2484091386138746,1.4183722013465883,0.34031158648964543,0.9528936868330796,1.614923227688858,0.6620295408557785,-0.040150624450588146,2.6079675389725256,False,-2.3188433954956222,2.3188433954956222,LOW,6.0,0.006289308176100629,5.0689042022202315,46.22900654036249,6.0,0.006289308176100629,5.0689042022202315,41.148094458851695,4.0,1.5,0.5773502691896257,2.0,1.3333333333333333,21.21212121212121,40.69815451259752,NORMAL,0,0.0,-0.9354381871555588,23.38595467888897,1.0,0.0,2,False,83.33333333333334,False,False,75.0,0.8,80.0,42.93508413761114,LOW,1,LOW,"LOW (driven by price+cr_profile; price_level=LOW, pattern_level=NORMAL, cr_profile_level=LOW)",1
2020-2501-9-10372-1,2020-2501-9-10372,2020-05-13,2020,2020-05,8471300000,847130000000,847130,84,Portable laptop computers,Portable laptop computers,CR_HASH_043,Import,IM,IN,US,BH,IN,US,BH,IN,NMB,2.53,9866.521739130436,price_per_item,24962.3,66389.1,2.53,300.72,316.78,9.19700401063875,8.71824987064452,0.6999612932513521,7.750041925937837,9.126895264901794,1.376853338963957,5.684761917491901,11.192175273347729,False,0.46133300026822377,0.46133300026822377,NORMAL,5.0,0.005241090146750524,5.251225759014186,51.700506150822136,1.0,0.0010482180293501049,6.860663671448286,100.0,5.0,1.0,0.0,1.0,1.0,0.0,60.85025307541107,LOW,1,0.0,0.582976371341501,14.574409283537527,1.0,0.0,1,True,91.66666666666666,False,True,85.71428571428572,1.0,100.0,66.52961467780956,LOW,1,LOW,"LOW (driven by pattern+cr_profile; price_level=NORMAL, pattern_level=LOW, cr_profile_level=LOW)",1
2020-2701-5-10675-1,2020-2701-5-10675,2020-05-13,2020,2020-05,8504400090,850440009000,850440,85,Static converters,Static converters,CR_HASH_042,Re-export,EX,BH,BH,CN,BH,BH,CN,CN,NMB,4.82,929.3879668049791,price_per_item,4479.65,11913.95,4.82,451.96,516.5,6.835601667764175,7.211981005295417,0.7196345903205628,6.668983974826631,7.961818755725377,1.2928347808987457,4.729731803478512,9.901070927073494,False,-0.3527684586557475,0.3527684586557475,NORMAL,2.0,0.0020964360587002098,6.1675164908883415,79.19854023234907,2.0,0.0020964360587002098,6.1675164908883415,77.23297513030472,2.0,1.0,0.0,1.0,1.0,0.0,66.6308114117812,LOW,1,0.0,-0.508386170527917,12.709654263197926,1.0,0.0,1,True,91.66666666666666,False,True,55.55555555555556,0.8888888888888888,88.88888888888889,56.115045658785945,LOW,1,LOW,"LOW (driven by pattern+cr_profile; price_level=NORMAL, pattern_level=LOW, cr_profile_level=LOW)",1
2020-2601-5-10346-1,2020-2601-5-10346,2020-05-13,2020,2020-05,8471300000,847130000000,847130,84,Portable laptop computers,Portable laptop computers,CR_HASH_010,Import,IM,CN,DE,BH,CN,DE,BH,CN,NMB,2.95,2512.5898305084747,price_per_item,7412.14,19713.15,2.95,201.31,222.37,7.829467221705647,8.71824987064452,0.6999612932513521,7.750041925937837,9.126895264901794,1.376853338963957,5.684761917491901,11.192175273347729,False,-0.8564411913518943,0.8564411913518943,NORMAL,21.0,0.0220125786163522,3.8161412337248635,8.633385843315326,2.0,0.0020964360587002098,6.1675164908883415,77.23297513030472,10.0,2.1,1.449137674618944,5.0,2.380952380952381,87.87878787878789,44.53005239908249,NORMAL,0,0.0,-0.6056880180005778,15.142200450014446,1.0,0.0,1,True,91.66666666666666,False,True,75.0,1.0,100.0,64.04977015750505,LOW,1,NORMAL,"NORMAL (price_level=NORMAL, pattern_level=NORMAL, cr_profile_level=LOW)",0
2020-2701-2-10356-1,2020-2701-2-10356,2020-05-13,2020,2020-05,3923301000,392330100000,392330,39,Plastic bottles for packaging,Plastic bottles for packaging,CR_HASH_032,Import,IM,IN,JP,BH,IN,JP,BH,IN,NMB,1.76,13.221590909090908,price_per_item,23.27,61.88,1.76,679.82,753.97,2.6547612963936222,1.6841288050356895,0.6442087840607709,1.0864174155799162,2.3469388358112164,1.2605214202313002,-0.8043647147670341,4.237720966158166,False,1.0162584902085299,1.0162584902085299,NORMAL,13.0,0.013626834381551363,4.29571431398675,23.025452080470465,1.0,0.0010482180293501049,6.860663671448286,100.0,9.0,1.4444444444444444,0.5270462766947299,2.0,1.3846153846153846,24.475524475524477,50.18405471156391,LOW,1,0.0,1.6252475422360921,40.631188555902305,1.0,0.0,3,False,75.0,False,True,85.71428571428572,0.7142857142857143,71.42857142857143,59.93520170885152,LOW,1,LOW,"LOW (driven by pattern+cr_profile; price_level=NORMAL, pattern_level=LOW, cr_profile_level=LOW)",1
2020-2601-2-10262-1,2020-2601-2-10262,2020-05-13,2020,2020-05,9018390000,901839000000,901839,90,Medical syringes and needles,Medical syringes and needles,CR_HASH_028,Import,IM,CN,CN,BH,CN,CN,BH,CN,NMB,3.53,3.2719546742209635,price_per_item,11.55,30.72,3.53,433.05,498.12,1.4520714916346047,1.1592369104845446,0.5792846449150362,0.6041021775947832,1.7481096643936567,1.1440074867988734,-1.111909052603527,3.464120894591967,False,0.34096228991169647,0.34096228991169647,NORMAL,23.0,0.02410901467505241,3.725169455519137,5.903307964603629,18.0,0.018867924528301886,3.970291913552122,5.063213787398673,12.0,1.9166666666666667,0.9962049198956219,4.0,2.0869565217391304,69.16996047430831,15.099272879037596,NORMAL,0,0.0,0.2068980228247893,5.172450570619732,1.0,0.0,1,True,91.66666666666666,True,True,100.0,1.0,100.0,76.8103576997169,MEDIUM,1,LOW,"LOW (driven by cr_profile; price_level=NORMAL, pattern_level=NORMAL, cr_profile_level=MEDIUM)",1
2020-2601-5-10660-1,2020-2601-5-10660,2020-05-14,2020,2020-05,102211000,102211000000,102211,10,"Live cattle, pure-bred breeding","Live cattle, pure-bred breeding",CR_HASH_021,Import,IM,DE,US,BH,DE,US,BH,DE,NMB,0.53,131033.67924528303,price_per_item,69447.85,184701.72,0.53,868.8,1009.64,11.783217294212491,10.013369334439131,0.6855679350518233,9.327801399387308,10.638440798004723,1.3106393986174147,7.361842301461186,12.604399895930845,False,1.7412513530922336,1.7412513530922336,NORMAL,4.0,0.0041928721174004195,5.474369310328396,58.39708046469813,1.0,0.0010482180293501049,6.860663671448286,100.0,3.0,1.3333333333333333,0.5773502691896258,2.0,1.5,31.818181818181824,68.97126750507633,LOW,1,0.0,6.762303140536449,100.0,1.0,0.0,2,False,83.33333333333334,True,True,100.0,0.6666666666666667,66.66666666666667,93.33333333333334,HIGH,1,HIGH,"HIGH (driven by pattern+cr_profile; price_level=NORMAL, pattern_level=LOW, cr_profile_level=HIGH)",1
2020-2601-5-10168-1,2020-2601-5-10168,2020-05-14,2020,2020-05,102211000,102211000000,102211,10,"Live cattle, pure-bred breeding","Live cattle, pure-bred breeding",CR_HASH_007,Import,IM,CN,US,BH,CN,US,BH,CN,NMB,4.31,10881.069605568448,price_per_item,46897.41,124727.16,4.31,647.75,738.64,9.294871723420234,10.013369334439131,0.6855679350518233,9.327801399387308,10.638440798004723,1.3106393986174147,7.361842301461186,12.604399895930845,False,-0.7068883688406777,0.7068883688406777,NORMAL,18.0,0.018867924528301886,3.970291913552122,13.25947284837593,1.0,0.0010482180293501049,6.860663671448286,100.0,10.0,1.8,0.7888106377466155,3.0,1.6666666666666665,42.42424242424242,47.99337278782433,LOW,1,0.0,-0.4650450082149057,11.626125205372642,1.0,0.0,2,False,83.33333333333334,False,False,77.77777777777779,0.7777777777777778,77.77777777777779,39.06914382188043,LOW,1,LOW,"LOW (driven by pattern+cr_profile; price_level=NORMAL, pattern_level=LOW, cr_profile_level=LOW)",1
2020-2601-1-10176-1,2020-2601-1-10176,2020-05-14,2020,2020-05,8504400090,850440009000,850440,85,Static converters,Static converters,CR_HASH_017,Import,IM,JP,JP,BH,JP,JP,BH,JP,NMB,2.23,354.35426008968614,price_per_item,790.21,2101.63,2.23,65.58,69.9,5.873115207634099,7.466827051260017,0.5715840105867187,6.914775863803976,8.032836322465545,1.11806045866157,5.23768517581162,9.7099270104579,False,-1.8806402766422445,1.8806402766422445,NORMAL,3.0,0.0031446540880503146,5.762051382780177,67.03046630801344,3.0,0.0031446540880503146,5.762051382780177,63.915119328547,3.0,1.0,0.0,1.0,1.0,0.0,55.88552491899817,LOW,1,0.0,-0.8792977858827175,21.982444647067936,1.0,0.0,2,False,83.33333333333334,True,True,100.0,0.8888888888888888,88.88888888888889,70.47163340425155,LOW,1,LOW,"LOW (driven by pattern+cr_profile; price_level=NORMAL, pattern_level=LOW, cr_profile_level=LOW)",1
2020-2701-8-10802-1,2020-2701-8-10802,2020-05-15,2020,2020-05,8517120000,851712000000,851712,85,Cellular telephones,Cellular telephones,CR_HASH_008,Re-export,EX,BH,BH,CN,BH,BH,CN,CN,NMB,3.13,5313.476038338658,price_per_item,16631.18,44231.85,3.13,92.49,105.36,8.578189704230507,8.864077348542533,0.8102493638708186,8.21372138236038,9.675589371385747,1.461867989025368,6.020919398822327,11.8683913549238,False,-0.23798670253289703,0.23798670253289703,NORMAL,5.0,0.005241090146750524,5.251225759014186,51.700506150822136,5.0,0.005241090146750524,5.251225759014186,47.13660531805522,5.0,1.0,0.0,1.0,1.0,0.0,42.348064936730395,NORMAL,0,0.0,-0.4255172028251027,10.637930070627567,1.0,0.0,3,False,75.0,False,False,50.0,0.75,75.0,31.223275524719647,NORMAL,0,NORMAL,"NORMAL (price_level=NORMAL, pattern_level=NORMAL, cr_profile_level=NORMAL)",0
2020-2701-4-10607-1,2020-2701-4-10607,2020-05-15,2020,2020-05,6109100000,610910000000,610910,61,Cotton t-shirts,Cotton t-shirts,CR_HASH_012,,,US,BH,CN,US,BH,CN,,NMB,4.33,59.86836027713626,price_per_item,259.23,689.43,4.33,369.07,421.13,4.108713504031221,4.108713504031221,0.0,4.108713504031221,4.108713504031221,0.0,4.108713504031221,4.108713504031221,False,0.0,0.0,NORMAL,,,,0.0,,,,0.0,,,,,,0.0,0.0,NORMAL,0,0.0,-0.39914351261135883,9.978587815283971,1.0,0.0,2,False,83.33333333333334,False,False,0.0,0.75,75.0,18.49250573534939,NORMAL,0,NORMAL,"NORMAL (price_level=NORMAL, pattern_level=NORMAL, cr_profile_level=NORMAL)",0
2020-2501-6-10478-1,2020-2501-6-10478,2020-05-16,2020,2020-05,6109100000,610910000000,610910,61,Cotton t-shirts,Cotton t-shirts,CR_HASH_034,Import,IM,JP,US,BH,JP,US,BH,JP,NMB,4.04,106.4480198019802,price_per_item,430.05,1143.75,4.04,1385.48,1464.45,4.677007193900371,4.644105600231562,0.7882174659262975,3.8927224589349843,5.444558727344917,1.5518362684099332,1.5649680563200845,7.772313129959818,False,0.02815443942946123,0.02815443942946123,NORMAL,6.0,0.006289308176100629,5.0689042022202315,46.22900654036249,1.0,0.0010482180293501049,6.860663671448286,100.0,4.0,1.5,1.0,3.0,2.0,63.63636363636365,67.65995781563579,LOW,1,0.0,0.043539300491973874,1.088482512299347,1.0,0.0,2,False,83.33333333333334,True,True,100.0,0.8333333333333334,83.33333333333334,62.04763554597144,LOW,1,LOW,"LOW (driven by pattern+cr_profile; price_level=NORMAL, pattern_level=LOW, cr_profile_level=LOW)",1
2020-2701-5-10955-1,2020-2701-5-10955,2020-05-16,2020,2020-05,8517120000,851712000000,851712,85,Cellular telephones,Cellular telephones,CR_HASH_046,Import,IM,CN,IN,BH,CN,IN,BH,CN,NMB,4.68,218.8824786324786,price_per_item,1024.37,2724.4,4.68,42.59,51.09,5.393093215588913,9.1609472788485,0.7778458576033893,8.086449359029473,9.737226953131787,1.6507775941023137,5.610282967876002,12.213393344285258,True,-3.2672061230166536,3.2672061230166536,MEDIUM,22.0,0.023060796645702306,3.769621218089971,7.2373125983257305,3.0,0.0031446540880503146,5.762051382780177,63.915119328547,10.0,2.2,0.7888106377466155,3.0,1.3636363636363635,23.140495867768593,29.460022444319602,NORMAL,0,0.0,-0.9708969431923495,24.272423579808738,1.0,0.0,1,True,91.66666666666666,False,True,64.28571428571428,0.9333333333333333,93.33333333333333,63.2334434910283,LOW,1,MEDIUM,"MEDIUM (driven by price+cr_profile; price_level=MEDIUM, pattern_level=NORMAL, cr_profile_level=LOW)",1
2020-2801-5-10547-1,2020-2801-5-10547,2020-05-16,2020,2020-05,102211000,102211000000,102211,10,"Live cattle, pure-bred breeding","Live cattle, pure-bred breeding",CR_HASH_008,Import,IM,CN,CN,BH,CN,CN,BH,CN,NMB,4.97,2757.128772635815,price_per_item,13702.93,36443.96,4.97,60.27,67.77,7.922307747849141,10.013369334439131,0.6855679350518233,9.327801399387308,10.638440798004723,1.3106393986174147,7.361842301461186,12.604399895930845,False,-2.0572749184146164,2.0572749184146164,LOW,18.0,0.018867924528301886,3.970291913552122,13.25947284837593,16.0,0.016771488469601678,4.088074949208505,8.931900521218806,10.0,1.8,0.7888106377466155,3.0,1.6666666666666665,42.42424242424242,16.11953797025091,NORMAL,0,0.0,-0.9013592455384081,22.533981138460202,1.0,0.0,1,True,91.66666666666666,False,True,44.44444444444444,0.8888888888888888,88.88888888888889,56.775782287349955,LOW,1,LOW,"LOW (driven by price+cr_profile; price_level=LOW, pattern_level=NORMAL, cr_profile_level=LOW)",1
2020-2801-8-10883-1,2020-2801-8-10883,2020-05-17,2020,2020-05,8517120000,851712000000,851712,85,Cellular telephones,Cellular telephones,CR_HASH_044,Import,IM,AE,SA,BH,AE,SA,BH,AE,NMB,0.98,470.90816326530614,price_per_item,461.49,1227.36,0.98,60.96,66.88,6.156784397301318,9.1609472788485,0.7778458576033893,8.086449359029473,9.737226953131787,1.6507775941023137,5.610282967876002,12.213393344285258,False,-2.604989258166522,2.604989258166522,LOW,11.0,0.011530398322851153,4.462768398649916,28.038772365976683,1.0,0.0010482180293501049,6.860663671448286,100.0,7.0,1.5714285714285714,0.7867957924694431,3.0,1.9090909090909092,57.8512396694215,57.69707213340157,LOW,1,0.0,-0.9625450465067473,24.063626162668683,1.0,0.0,2,False,83.33333333333334,False,True,85.71428571428572,0.8571428571428572,85.71428571428572,56.99369772836262,LOW,1,LOW,"LOW (driven by price+pattern+cr_profile; price_level=LOW, pattern_level=LOW, cr_profile_level=LOW)",1
2020-2501-7-10756-1,2020-2501-7-10756,2020-05-17,2020,2020-05,8471300000,847130000000,847130,84,Portable laptop computers,Portable laptop computers,CR_HASH_024,Import,IM,CN,IN,BH,CN,IN,BH,CN,NMB,4.64,4208.519396551724,price_per_item,19527.53,51934.92,4.64,191.98,210.36,8.34510376257129,8.71824987064452,0.6999612932513521,7.750041925937837,9.126895264901794,1.376853338963957,5.684761917491901,11.192175273347729,False,-0.35956788504828197,0.35956788504828197,NORMAL,21.0,0.0220125786163522,3.8161412337248635,8.633385843315326,1.0,0.0010482180293501049,6.860663671448286,100.0,10.0,2.1,1.449137674618944,5.0,2.380952380952381,87.87878787878789,52.49851110347585,LOW,1,0.0,-0.34366177937775116,8.591544484443778,1.0,0.0,1,True,91.66666666666666,False,True,57.14285714285714,1.0,100.0,57.29275485526961,LOW,1,LOW,"LOW (driven by pattern+cr_profile; price_level=NORMAL, pattern_level=LOW, cr_profile_level=LOW)",1
2020-2701-1-10153-1,2020-2701-1-10153,2020-05-17,2020,2020-05,8517120000,851712000000,851712,85,Cellular telephones,Cellular telephones,CR_HASH_025,Import,IM,IN,IN,BH,IN,IN,BH,IN,NMB,1.14,36453.0701754386,price_per_item,41556.5,110522.61,1.14,1189.31,1388.77,10.50380839582386,9.1609472788485,0.7778458576033893,8.086449359029473,9.737226953131787,1.6507775941023137,5.610282967876002,12.213393344285258,False,1.164430466276424,1.164430466276424,NORMAL,9.0,0.009433962264150943,4.663439094112067,34.06093261602687,8.0,0.008385744234800839,4.781222129768451,31.698925390914113,6.0,1.5,0.5477225575051662,2.0,1.3333333333333333,21.21212121212121,31.306908376651556,NORMAL,0,0.0,3.0417661501213136,76.04415375303284,1.0,0.0,1,True,91.66666666666666,False,True,83.33333333333334,0.8333333333333334,83.33333333333334,84.11545381356149,MEDIUM,1,LOW,"LOW (driven by cr_profile; price_level=NORMAL, pattern_level=NORMAL, cr_profile_level=MEDIUM)",1
2020-2701-7-10130-1,2020-2701-7-10130,2020-05-18,2020,2020-05,9018390000,901839000000,901839,90,Medical syringes and needles,Medical syringes and needles,CR_HASH_014,,,DE,BH,AE,DE,BH,AE,,NMB,2.96,1.4290540540540542,price_per_item,4.23,11.25,2.96,328.31,384.05,0.8875019033969863,0.8875019033969863,0.0,0.8875019033969863,0.8875019033969863,0.0,0.8875019033969863,0.8875019033969863,False,0.0,0.0,NORMAL,,,,0.0,,,,0.0,,,,,,0.0,0.0,NORMAL,0,0.0,-0.5013969201244296,12.53492300311074,1.0,0.0,2,False,83.33333333333334,False,False,0.0,0.8888888888888888,88.88888888888889,22.16500082886654,NORMAL,0,NORMAL,"NORMAL (price_level=NORMAL, pattern_level=NORMAL, cr_profile_level=NORMAL)",0
2020-2701-9-10619-1,2020-2701-9-10619,2020-05-19,2020,2020-05,3923301000,392330100000,392330,39,Plastic bottles for packaging,Plastic bottles for packaging,CR_HASH_044,Import,IM,CN,CN,BH,CN,CN,BH,CN,NMB,3.09,13.262135922330097,price_per_item,40.98,108.99,3.09,798.51,863.1,2.6576081879442417,1.6841288050356895,0.6442087840607709,1.0864174155799162,2.3469388358112164,1.2605214202313002,-0.8043647147670341,4.237720966158166,False,1.019239204057262,1.019239204057262,NORMAL,28.0,0.029350104821802937,3.5284591612730827,0.0,21.0,0.0220125786163522,3.8161412337248635,0.0,12.0,2.3333333333333335,1.2309149097933274,5.0,2.142857142857143,72.72727272727273,10.90909090909091,NORMAL,0,0.0,1.7207904527834665,43.019761319586664,1.0,0.0,2,False,83.33333333333334,False,True,87.5,0.875,87.5,64.43191646185534,LOW,1,NORMAL,"NORMAL (price_level=NORMAL, pattern_level=NORMAL, cr_profile_level=LOW)",0
2020-2601-7-10604-1,2020-2601-7-10604,2020-05-19,2020,2020-05,8504400090,850440009000,850440,85,Static converters,Static converters,CR_HASH_010,Import,IM,US,IN,BH,US,IN,BH,US,NMB,3.31,3808.930513595166,price_per_item,12607.56,33530.75,3.31,677.07,765.73,8.245366230052904,7.466827051260017,0.5715840105867187,6.914775863803976,8.032836322465545,1.11806045866157,5.23768517581162,9.7099270104579,False,0.918705688508111,0.918705688508111,NORMAL,14.0,0.014675052410901468,4.221606341833028,20.80145976765095,1.0,0.0010482180293501049,6.860663671448286,100.0,9.0,1.5555555555555556,1.130388330520878,4.0,2.571428571428571,100.0,60.40072988382548,LOW,1,0.0,1.4414827585645855,36.03706896411464,1.0,0.0,2,False,83.33333333333334,False,False,77.77777777777779,0.9,90.0,50.05741858188457,LOW,1,LOW,"LOW (driven by pattern+cr_profile; price_level=NORMAL, pattern_level=LOW, cr_profile_level=LOW)",1
2020-2801-2-10777-1,2020-2801-2-10777,2020-05-20,2020,2020-05,2710192100,271019210000,271019,27,Gas oils for diesel engines,Gas oils for diesel engines,CR_HASH_024,Import,IM,SA,SA,BH,SA,SA,BH,SA,LTR,4815.49,0.02138100172568108,price_per_liter_gross_weight,102.96,273.82,1.39,4542.83,4815.49,0.02115563482901052,0.26355592811875056,0.07105600884335336,0.1979668243457394,0.33634243682655873,0.13837561248081934,-0.009596594375489625,0.5439058555477878,False,-2.300956113068259,2.300956113068259,LOW,7.0,0.007337526205450734,4.9147535223929735,41.6029195353019,4.0,0.0041928721174004195,5.474369310328396,54.46595026060942,4.0,1.75,0.5,2.0,1.1428571428571428,9.090909090909088,41.2281787225006,NORMAL,0,0.0,-1.833532001711453,45.83830004278632,1.0,0.0,3,False,75.0,False,False,87.5,0.8,80.0,53.91840501497521,LOW,1,LOW,"LOW (driven by price+cr_profile; price_level=LOW, pattern_level=NORMAL, cr_profile_level=LOW)",1
2020-2701-3-10539-1,2020-2701-3-10539,2020-05-21,2020,2020-05,8517120000,851712000000,851712,85,Cellular telephones,Cellular telephones,CR_HASH_010,Import,IM,CN,CN,BH,CN,CN,BH,CN,NMB,2.27,10462.506607929516,price_per_item,23749.89,63164.61,2.27,319.09,350.7,9.255648921202436,9.1609472788485,0.7778458576033893,8.086449359029473,9.737226953131787,1.6507775941023137,5.610282967876002,12.213393344285258,False,0.0821183040966404,0.0821183040966404,NORMAL,22.0,0.023060796645702306,3.769621218089971,7.2373125983257305,14.0,0.014675052410901468,4.221606341833028,13.317855801757727,10.0,2.2,0.7888106377466155,3.0,1.3636363636363635,23.140495867768593,11.750980209943359,NORMAL,0,0.0,0.14980804098969921,3.7452010247424803,1.0,0.0,1,True,91.66666666666666,False,True,70.0,0.8181818181818181,81.81818181818181,55.17445672229623,LOW,1,NORMAL,"NORMAL (price_level=NORMAL, pattern_level=NORMAL, cr_profile_level=LOW)",0
2020-2501-7-10908-1,2020-2501-7-10908,2020-05-21,2020,2020-05,8504400090,850440009000,850440,85,Static converters,Static converters,CR_HASH_025,Re-export,EX,BH,BH,US,BH,BH,US,US,NMB,3.61,1691.180055401662,price_per_item,6105.16,16237.13,3.61,93.41,104.08,7.43377295022644,7.211981005295417,0.7196345903205628,6.668983974826631,7.961818755725377,1.2928347808987457,4.729731803478512,9.901070927073494,False,0.20787858087210434,0.20787858087210434,NORMAL,7.0,0.007337526205450734,4.9147535223929735,41.6029195353019,7.0,0.007337526205450734,4.9147535223929735,36.084880671453035,7.0,1.0,0.0,1.0,1.0,0.0,33.43116800265951,NORMAL,0,0.0,-0.02773580919850409,0.6933952299626022,1.0,0.0,2,False,83.33333333333334,False,True,85.71428571428572,0.7142857142857143,71.42857142857143,45.95697404477263,LOW,1,NORMAL,"NORMAL (price_level=NORMAL, pattern_level=NORMAL, cr_profile_level=LOW)",0
2020-2801-9-10441-1,2020-2801-9-10441,2020-05-21,2020,2020-05,8504400090,850440009000,850440,85,Static converters,Static converters,CR_HASH_035,Import,IM,CN,CN,BH,CN,CN,BH,CN,NMB,4.52,2567.4601769911505,price_per_item,11604.92,30864.16,4.52,1228.14,1426.58,7.851061845403694,7.466827051260017,0.5715840105867187,6.914775863803976,8.032836322465545,1.11806045866157,5.23768517581162,9.7099270104579,False,0.45341159535459535,0.45341159535459535,NORMAL,19.0,0.019916142557651992,3.916224692281846,11.63690673320574,15.0,0.015723270440251572,4.152613470346076,11.051724646602178,9.0,2.111111111111111,0.9279607271383371,4.0,1.894736842105263,56.9377990430622,18.22722684937296,NORMAL,0,0.0,0.5751703165561677,14.379257913904192,1.0,0.0,1,True,91.66666666666666,False,True,50.0,1.0,100.0,57.532740269866466,LOW,1,NORMAL,"NORMAL (price_level=NORMAL, pattern_level=NORMAL, cr_profile_level=LOW)",0
2020-2601-5-10260-1,2020-2601-5-10260,2020-05-22,2020,2020-05,9018390000,901839000000,901839,90,Medical syringes and needles,Medical syringes and needles,CR_HASH_047,Import,IM,CN,AE,BH,CN,AE,BH,CN,NMB,1.79,1.1173184357541899,price_per_item,2.0,5.33,1.79,91.27,107.92,0.7501503992416713,1.1592369104845446,0.5792846449150362,0.6041021775947832,1.7481096643936567,1.1440074867988734,-1.111909052603527,3.464120894591967,False,-0.47632036181505616,0.47632036181505616,NORMAL,23.0,0.02410901467505241,3.725169455519137,5.903307964603629,1.0,0.0010482180293501049,6.860663671448286,100.0,12.0,1.9166666666666667,0.9962049198956219,4.0,2.0869565217391304,69.16996047430831,48.327148053448056,LOW,1,0.0,-0.6014504670959764,15.036261677399409,1.0,0.0,1,True,91.66666666666666,False,True,90.0,1.0,100.0,67.76269158708979,LOW,1,LOW,"LOW (driven by pattern+cr_profile; price_level=NORMAL, pattern_level=LOW, cr_profile_level=LOW)",1
2020-2801-5-10090-1,2020-2801-5-10090,2020-05-22,2020,2020-05,1006301000,100630100000,100630,10,Long-grain milled rice,Long-grain milled rice,CR_HASH_006,Import,IM,US,US,BH,US,US,BH,US,KGM,2865.52,0.5564784053156145,price_per_kg,1594.6,4240.97,4.27,2865.52,3188.3,0.44242583692960114,0.32869838978139143,0.06767869107876259,0.270176176769005,0.39860128498662895,0.12842510821762393,0.07753851444256912,0.5912389473130648,False,1.1334160128933275,1.1334160128933275,NORMAL,8.0,0.008385744234800839,4.781222129768451,37.595620697047174,7.0,0.007337526205450734,4.9147535223929735,36.084880671453035,5.0,1.6,0.5477225575051662,2.0,1.25,15.909090909090912,33.81388221989579,NORMAL,0,0.0,1.1580988767793607,28.95247191948402,1.0,0.0,2,False,83.33333333333334,False,True,76.92307692307692,0.8461538461538461,84.61538461538461,56.28721132566556,LOW,1,NORMAL,"NORMAL (price_level=NORMAL, pattern_level=NORMAL, cr_profile_level=LOW)",0
2020-2601-1-10384-1,2020-2601-1-10384,2020-05-22,2020,2020-05,9018390000,901839000000,901839,90,Medical syringes and needles,Medical syringes and needles,CR_HASH_017,Import,IM,US,US,BH,US,US,BH,US,NMB,4.49,3.2783964365256124,price_per_item,14.72,39.16,4.49,174.0,199.69,1.4535782750263024,1.1592369104845446,0.5792846449150362,0.6041021775947832,1.7481096643936567,1.1440074867988734,-1.111909052603527,3.464120894591967,False,0.34271671493081984,0.34271671493081984,NORMAL,11.0,0.011530398322851153,4.462768398649916,28.038772365976683,9.0,0.009433962264150943,4.663439094112067,27.830238657093965,7.0,1.5714285714285714,0.7867957924694432,3.0,1.9090909090909092,57.8512396694215,32.437655663384454,NORMAL,0,0.0,0.16611156885105283,4.15278922127632,1.0,0.0,2,False,83.33333333333334,True,True,100.0,0.9,90.0,64.45347622744671,LOW,1,NORMAL,"NORMAL (price_level=NORMAL, pattern_level=NORMAL, cr_profile_level=LOW)",0
2020-2701-8-10870-1,2020-2701-8-10870,2020-05-22,2020,2020-05,8504400090,850440009000,850440,85,Static converters,Static converters,CR_HASH_032,Import,IM,US,US,BH,US,US,BH,US,NMB,0.74,3002.8243243243246,price_per_item,2222.09,5909.82,0.74,46.17,51.68,8.007641530589524,7.466827051260017,0.5715840105867187,6.914775863803976,8.032836322465545,1.11806045866157,5.23768517581162,9.7099270104579,False,0.6381815483684812,0.6381815483684812,NORMAL,14.0,0.014675052410901468,4.221606341833028,20.80145976765095,11.0,0.011530398322851153,4.462768398649916,21.2390343034744,9.0,1.5555555555555556,1.130388330520878,4.0,2.571428571428571,100.0,32.834391890041516,NORMAL,0,0.0,0.9215295114964281,23.038237787410704,1.0,0.0,1,True,91.66666666666666,False,True,87.5,0.75,75.0,64.93838322559375,LOW,1,NORMAL,"NORMAL (price_level=NORMAL, pattern_level=NORMAL, cr_profile_level=LOW)",0
2020-2601-2-10679-1,2020-2601-2-10679,2020-05-22,2020,2020-05,2710192100,271019210000,271019,27,Gas oils for diesel engines,Gas oils for diesel engines,CR_HASH_008,Import,IM,US,US,BH,US,US,BH,US,LTR,11604.18,0.16523356238872544,price_per_liter_gross_weight,1917.4,5099.48,4.99,11012.63,11604.18,0.15292154966078897,0.26355592811875056,0.07105600884335336,0.1979668243457394,0.33634243682655873,0.13837561248081934,-0.009596594375489625,0.5439058555477878,False,-1.0501837517336405,1.0501837517336405,NORMAL,11.0,0.011530398322851153,4.462768398649916,28.038772365976683,11.0,0.011530398322851153,4.462768398649916,21.2390343034744,8.0,1.375,0.7440238091428449,3.0,2.1818181818181817,75.20661157024794,32.73403992474157,NORMAL,0,0.0,-0.9119954600499245,22.79988650124811,1.0,0.0,1,True,91.66666666666666,False,True,70.0,1.0,100.0,65.47996027543684,LOW,1,NORMAL,"NORMAL (price_level=NORMAL, pattern_level=NORMAL, cr_profile_level=LOW)",0
2020-2701-2-10359-1,2020-2701-2-10359,2020-05-22,2020,2020-05,8504400090,850440009000,850440,85,Static converters,Static converters,CR_HASH_015,Import,IM,US,US,BH,US,US,BH,US,NMB,3.33,1388.2912912912914,price_per_item,4623.01,12295.25,3.33,227.55,263.39,7.23654903372035,7.466827051260017,0.5715840105867187,6.914775863803976,8.032836322465545,1.11806045866157,5.23768517581162,9.7099270104579,False,-0.271736773710065,0.271736773710065,NORMAL,14.0,0.014675052410901468,4.221606341833028,20.80145976765095,11.0,0.011530398322851153,4.462768398649916,21.2390343034744,9.0,1.5555555555555556,1.130388330520878,4.0,2.571428571428571,100.0,32.834391890041516,NORMAL,0,0.0,-0.21063379363602003,5.265844840900501,1.0,0.0,3,False,75.0,True,True,100.0,0.8333333333333334,83.33333333333334,63.509712360981844,LOW,1,NORMAL,"NORMAL (price_level=NORMAL, pattern_level=NORMAL, cr_profile_level=LOW)",0
2020-2501-6-10997-1,2020-2501-6-10997,2020-05-23,2020,2020-05,3923301000,392330100000,392330,39,Plastic bottles for packaging,Plastic bottles for packaging,CR_HASH_009,Import,IM,US,US,BH,US,US,BH,US,NMB,1.02,4.11764705882353,price_per_item,4.2,11.18,1.02,45.71,51.35,1.6326947745983678,1.6841288050356895,0.6442087840607709,1.0864174155799162,2.3469388358112164,1.2605214202313002,-0.8043647147670341,4.237720966158166,False,-0.05385176220965476,0.05385176220965476,NORMAL,10.0,0.010482180293501049,4.558078578454241,30.899046383171186,7.0,0.007337526205450734,4.9147535223929735,36.084880671453035,7.0,1.4285714285714286,0.7867957924694432,3.0,2.1,70.00000000000001,38.579231426594156,NORMAL,0,0.0,-0.1251050551955531,3.1276263798888273,1.0,0.0,2,False,83.33333333333334,False,True,88.88888888888889,0.8888888888888888,88.88888888888889,51.09466923296109,LOW,1,NORMAL,"NORMAL (price_level=NORMAL, pattern_level=NORMAL, cr_profile_level=LOW)",0
2020-2701-3-10245-1,2020-2701-3-10245,2020-05-25,2020,2020-05,3923301000,392330100000,392330,39,Plastic bottles for packaging,Plastic bottles for packaging,CR_HASH_024,Re-export,EX,BH,BH,CN,BH,BH,CN,CN,NMB,4.25,7.131764705882353,price_per_item,30.31,80.6,4.25,172.42,198.94,2.0957779609995297,2.008077055471865,0.7629623078147538,1.1201351912780924,2.51712417371907,1.3969889824409778,-0.9753482823833743,4.612607647380537,False,0.07753128794208021,0.07753128794208021,NORMAL,14.0,0.014675052410901468,4.221606341833028,20.80145976765095,14.0,0.014675052410901468,4.221606341833028,13.317855801757727,7.0,2.0,0.816496580927726,3.0,1.5,31.818181818181824,19.83470668716795,NORMAL,0,0.0,0.5350855970822145,13.377139927055362,1.0,0.0,1,True,91.66666666666666,False,True,55.55555555555556,1.0,100.0,58.570887863358266,LOW,1,NORMAL,"NORMAL (price_level=NORMAL, pattern_level=NORMAL, cr_profile_level=LOW)",0
2020-2701-9-10025-1,2020-2701-9-10025,2020-05-26,2020,2020-05,1006301000,100630100000,100630,10,Long-grain milled rice,Long-grain milled rice,CR_HASH_024,Import,IM,US,US,BH,US,US,BH,US,KGM,2103.04,0.24064211807668898,price_per_kg,506.08,1345.95,3.08,2103.04,2340.18,0.21562908274417317,0.32869838978139143,0.06767869107876259,0.270176176769005,0.39860128498662895,0.12842510821762393,0.07753851444256912,0.5912389473130648,False,-1.1268569406620395,1.1268569406620395,NORMAL,8.0,0.008385744234800839,4.781222129768451,37.595620697047174,7.0,0.007337526205450734,4.9147535223929735,36.084880671453035,5.0,1.6,0.5477225575051662,2.0,1.25,15.909090909090912,33.81388221989579,NORMAL,0,0.0,-1.0117460249518129,25.293650623795322,1.0,0.0,2,False,83.33333333333334,False,True,90.0,0.9166666666666666,91.66666666666666,59.6861110516617,LOW,1,NORMAL,"NORMAL (price_level=NORMAL, pattern_level=NORMAL, cr_profile_level=LOW)",0
2020-2601-4-10866-1,2020-2601-4-10866,2020-05-26,2020,2020-05,2710192100,271019210000,271019,27,Gas oils for diesel engines,Gas oils for diesel engines,CR_HASH_017,Import,IM,AE,AE,BH,AE,AE,BH,AE,LTR,15145.94,0.28298012536693,price_per_liter_gross_weight,4286.0,11398.94,1.16,13286.87,15145.94,0.24918559476287735,0.26355592811875056,0.07105600884335336,0.1979668243457394,0.33634243682655873,0.13837561248081934,-0.009596594375489625,0.5439058555477878,False,-0.13640868966483508,0.13640868966483508,NORMAL,12.0,0.012578616352201259,4.375757021660286,25.427546772711544,10.0,0.010482180293501049,4.558078578454241,24.369580448359905,7.0,1.7142857142857142,0.7559289460184544,3.0,1.75,47.727272727272734,28.40221745237265,NORMAL,0,0.0,-0.12518562962541016,3.129640740635254,1.0,0.0,2,False,83.33333333333334,False,False,72.72727272727273,0.9090909090909091,90.9090909090909,37.459010622858706,LOW,1,NORMAL,"NORMAL (price_level=NORMAL, pattern_level=NORMAL, cr_profile_level=LOW)",0
2020-2501-3-10084-1,2020-2501-3-10084,2020-05-26,2020,2020-05,1006301000,100630100000,100630,10,Long-grain milled rice,Long-grain milled rice,CR_HASH_015,Import,IM,DE,DE,BH,DE,DE,BH,DE,KGM,2926.62,0.4850407637479413,price_per_kg,1419.53,3775.34,2.29,2926.62,3289.67,0.3954422222132234,0.32869838978139143,0.06767869107876259,0.270176176769005,0.39860128498662895,0.12842510821762393,0.07753851444256912,0.5912389473130648,False,0.6651738901825706,0.6651738901825706,NORMAL,6.0,0.006289308176100629,5.0689042022202315,46.22900654036249,4.0,0.0041928721174004195,5.474369310328396,54.46595026060942,4.0,1.5,1.0,3.0,2.0,63.63636363636365,51.72304040684909,LOW,1,0.0,0.6745038659226779,16.862596648066948,1.0,0.0,1,True,91.66666666666666,True,True,100.0,0.9230769230769231,92.3076923076923,79.3634472883619,MEDIUM,1,MEDIUM,"MEDIUM (driven by pattern+cr_profile; price_level=NORMAL, pattern_level=LOW, cr_profile_level=MEDIUM)",1
2020-2801-8-10403-1,2020-2801-8-10403,2020-05-26,2020,2020-05,8517120000,851712000000,851712,85,Cellular telephones,Cellular telephones,CR_HASH_009,Import,IM,US,US,BH,US,US,BH,US,NMB,1.16,8080.327586206898,price_per_item,9373.18,24928.68,1.16,156.49,187.34,8.997311443242141,9.1609472788485,0.7778458576033893,8.086449359029473,9.737226953131787,1.6507775941023137,5.610282967876002,12.213393344285258,False,-0.14189297012621788,0.14189297012621788,NORMAL,13.0,0.013626834381551363,4.29571431398675,23.025452080470465,11.0,0.011530398322851153,4.462768398649916,21.2390343034744,8.0,1.625,1.0606601717798212,4.0,2.4615384615384617,93.00699300699303,32.89743699750022,NORMAL,0,0.0,-0.14702674343537211,3.675668585884303,1.0,0.0,1,True,91.66666666666666,False,True,80.0,1.0,100.0,61.286484005059506,LOW,1,NORMAL,"NORMAL (price_level=NORMAL, pattern_level=NORMAL, cr_profile_level=LOW)",0
2020-2601-7-10617-1,2020-2601-7-10617,2020-05-26,2020,2020-05,1006301000,100630100000,100630,10,Long-grain milled rice,Long-grain milled rice,CR_HASH_037,Import,IM,IN,IN,BH,IN,IN,BH,IN,KGM,2875.97,0.4286414670528552,price_per_kg,1232.76,3278.61,0.73,2875.97,3290.25,0.35672396967395004,0.32869838978139143,0.06767869107876259,0.270176176769005,0.39860128498662895,0.12842510821762393,0.07753851444256912,0.5912389473130648,False,0.2793049683024316,0.2793049683024316,NORMAL,5.0,0.005241090146750524,5.251225759014186,51.700506150822136,4.0,0.0041928721174004195,5.474369310328396,54.46595026060942,4.0,1.25,0.5,2.0,1.6,38.181818181818194,50.64060839389709,LOW,1,0.0,0.35073559378310015,8.768389844577504,1.0,0.0,2,False,83.33333333333334,False,True,73.33333333333334,0.9333333333333333,93.33333333333333,50.068936445602134,LOW,1,LOW,"LOW (driven by pattern+cr_profile; price_level=NORMAL, pattern_level=LOW, cr_profile_level=LOW)",1
2020-2601-2-10738-1,2020-2601-2-10738,2020-05-26,2020,2020-05,8471300000,847130000000,847130,84,Portable laptop computers,Portable laptop computers,CR_HASH_041,Import,IM,AE,AE,BH,AE,AE,BH,AE,NMB,2.64,6552.227272727273,price_per_item,17297.88,46005.0,2.64,1193.64,1399.12,8.787712920679388,8.71824987064452,0.6999612932513521,7.750041925937837,9.126895264901794,1.376853338963957,5.684761917491901,11.192175273347729,False,0.0669353946072476,0.0669353946072476,NORMAL,8.0,0.008385744234800839,4.781222129768451,37.595620697047174,5.0,0.005241090146750524,5.251225759014186,47.13660531805522,6.0,1.3333333333333333,0.5163977794943223,2.0,1.5,31.818181818181824,40.068349482570184,NORMAL,0,0.0,0.015135923271357413,0.3783980817839353,1.0,0.0,1,True,91.66666666666666,True,True,100.0,1.0,100.0,75.13243932862437,MEDIUM,1,LOW,"LOW (driven by cr_profile; price_level=NORMAL, pattern_level=NORMAL, cr_profile_level=MEDIUM)",1
2020-2701-5-10531-1,2020-2701-5-10531,2020-05-27,2020,2020-05,8471300000,847130000000,847130,84,Portable laptop computers,Portable laptop computers,CR_HASH_043,Import,IM,AE,DE,BH,AE,DE,BH,AE,NMB,3.72,239.12634408602148,price_per_item,889.55,2365.83,3.72,45.1,52.87,5.481165218516143,8.71824987064452,0.6999612932513521,7.750041925937837,9.126895264901794,1.376853338963957,5.684761917491901,11.192175273347729,True,-3.1192920330811185,3.1192920330811185,MEDIUM,8.0,0.008385744234800839,4.781222129768451,37.595620697047174,2.0,0.0020964360587002098,6.1675164908883415,77.23297513030472,6.0,1.3333333333333333,0.5163977794943223,2.0,1.5,31.818181818181824,50.602078916857515,LOW,1,0.0,-0.9777901460609864,24.44475365152466,1.0,0.0,1,True,91.66666666666666,False,True,75.0,0.875,87.5,64.80566377803363,LOW,1,MEDIUM,"MEDIUM (driven by price+pattern+cr_profile; price_level=MEDIUM, pattern_level=LOW, cr_profile_level=LOW)",1
2020-2801-2-10352-1,2020-2801-2-10352,2020-05-27,2020,2020-05,3923301000,392330100000,392330,39,Plastic bottles for packaging,Plastic bottles for packaging,CR_HASH_037,Re-export,EX,BH,BH,AE,BH,BH,AE,AE,NMB,4.22,4.808056872037914,price_per_item,20.29,53.95,4.22,227.86,262.57,1.7592460694921008,2.008077055471865,0.7629623078147538,1.1201351912780924,2.51712417371907,1.3969889824409778,-0.9753482823833743,4.612607647380537,False,-0.21997705390650968,0.21997705390650968,NORMAL,5.0,0.005241090146750524,5.251225759014186,51.700506150822136,5.0,0.005241090146750524,5.251225759014186,47.13660531805522,5.0,1.0,0.0,1.0,1.0,0.0,42.348064936730395,NORMAL,0,0.05999309496871364,0.011143064918599713,1.499827374217841,0.6666666666666666,0.0,3,False,75.0,False,True,87.5,0.8125,81.25,48.649939580976245,LOW,1,NORMAL,"NORMAL (price_level=NORMAL, pattern_level=NORMAL, cr_profile_level=LOW)",0
2020-2801-7-10011-1,2020-2801-7-10011,2020-05-27,2020,2020-05,8471300000,847130000000,847130,84,Portable laptop computers,Portable laptop computers,CR_HASH_039,,,IN,BH,JP,IN,BH,JP,,NMB,2.91,15896.948453608247,price_per_item,46260.12,123032.24,2.91,1059.8,1214.93,9.673945351808532,9.673945351808532,0.0,9.673945351808532,9.673945351808532,0.0,9.673945351808532,9.673945351808532,False,0.0,0.0,NORMAL,,,,0.0,,,,0.0,,,,,,0.0,0.0,NORMAL,0,0.0,1.5606123481968004,39.01530870492001,1.0,0.0,1,True,91.66666666666666,False,False,0.0,1.0,100.0,43.655358046722,LOW,1,NORMAL,"NORMAL (price_level=NORMAL, pattern_level=NORMAL, cr_profile_level=LOW)",0
2020-2601-7-10698-1,2020-2601-7-10698,2020-05-27,2020,2020-05,6109100000,610910000000,610910,61,Cotton t-shirts,Cotton t-shirts,CR_HASH_039,Import,IM,CN,CN,BH,CN,CN,BH,CN,NMB,2.48,23.625,price_per_item,58.59,155.82,2.48,214.61,244.79,3.2037621870581527,4.644105600231562,0.7882174659262975,3.8927224589349843,5.444558727344917,1.5518362684099332,1.5649680563200845,7.772313129959818,False,-1.2325257491176735,1.2325257491176735,NORMAL,16.0,0.016771488469601678,4.088074949208505,16.794160929396217,13.0,0.013626834381551363,4.29571431398675,15.75199690827349,8.0,2.0,1.4142135623730951,5.0,2.5,95.45454545454547,28.228461200775648,NORMAL,0,0.0,-0.8407181692937663,21.017954232344156,1.0,0.0,1,True,91.66666666666666,True,True,100.0,1.0,100.0,82.35628398132044,MEDIUM,1,LOW,"LOW (driven by cr_profile; price_level=NORMAL, pattern_level=NORMAL, cr_profile_level=MEDIUM)",1
2020-2801-8-10562-1,2020-2801-8-10562,2020-05-27,2020,2020-05,2710192100,271019210000,271019,27,Gas oils for diesel engines,Gas oils for diesel engines,CR_HASH_034,Re-export,EX,BH,BH,US,BH,BH,US,US,LTR,13267.45,0.3729978255052779,price_per_liter_gross_weight,4948.73,13161.51,0.75,12446.32,13267.45,0.31699654303023017,0.2773855677315066,0.0779894680702432,0.16396900989912072,0.33244641877019565,0.16847740887107493,-0.08874710340749165,0.585162532076808,False,0.34257493317919757,0.34257493317919757,NORMAL,4.0,0.0041928721174004195,5.474369310328396,58.39708046469813,4.0,0.0041928721174004195,5.474369310328396,54.46595026060942,4.0,1.0,0.0,1.0,1.0,0.0,48.26162282356236,LOW,1,0.0,0.5155903754780926,12.889759386952315,1.0,0.0,2,False,83.33333333333334,True,True,100.0,0.8571428571428572,85.71428571428572,66.65427292829045,LOW,1,LOW,"LOW (driven by pattern+cr_profile; price_level=NORMAL, pattern_level=LOW, cr_profile_level=LOW)",1
2020-2601-6-10657-1,2020-2601-6-10657,2020-05-27,2020,2020-05,8504400090,850440009000,850440,85,Static converters,Static converters,CR_HASH_034,Import,IM,IN,IN,BH,IN,IN,BH,IN,NMB,2.71,3395.0295202952034,price_per_item,9200.53,24469.5,2.71,306.04,361.72,8.130362240059888,7.466827051260017,0.5715840105867187,6.914775863803976,8.032836322465545,1.11806045866157,5.23768517581162,9.7099270104579,False,0.7829966289184198,0.7829966289184198,NORMAL,10.0,0.010482180293501049,4.558078578454241,30.899046383171186,7.0,0.007337526205450734,4.9147535223929735,36.084880671453035,6.0,1.6666666666666667,1.2110601416389966,4.0,2.4,89.0909090909091,41.44286779023052,NORMAL,0,0.0,1.1970833878125038,29.927084695312594,1.0,0.0,1,True,91.66666666666666,True,True,100.0,0.8571428571428572,85.71428571428572,82.61733678621655,MEDIUM,1,LOW,"LOW (driven by cr_profile; price_level=NORMAL, pattern_level=NORMAL, cr_profile_level=MEDIUM)",1
2020-2601-2-10520-1,2020-2601-2-10520,2020-05-28,2020,2020-05,9018390000,901839000000,901839,90,Medical syringes and needles,Medical syringes and needles,CR_HASH_001,Import,IM,US,DE,BH,US,DE,BH,US,NMB,1.48,0.12837837837837837,price_per_item,0.19,0.51,1.48,22.82,25.42,0.12078153865264003,1.1592369104845446,0.5792846449150362,0.6041021775947832,1.7481096643936567,1.1440074867988734,-1.111909052603527,3.464120894591967,False,-1.2091267368776595,1.2091267368776595,NORMAL,11.0,0.011530398322851153,4.462768398649916,28.038772365976683,1.0,0.0010482180293501049,6.860663671448286,100.0,7.0,1.5714285714285714,0.7867957924694432,3.0,1.9090909090909092,57.8512396694215,57.69707213340157,LOW,1,0.0,-0.9633328300304641,24.0833207507616,1.0,0.0,2,False,83.33333333333334,True,True,100.0,0.875,87.5,70.92916226276657,LOW,1,LOW,"LOW (driven by pattern+cr_profile; price_level=NORMAL, pattern_level=LOW, cr_profile_level=LOW)",1
2020-2501-8-10240-1,2020-2501-8-10240,2020-05-28,2020,2020-05,9018390000,901839000000,901839,90,Medical syringes and needles,Medical syringes and needles,CR_HASH_018,Re-export,EX,BH,BH,CN,BH,BH,CN,CN,NMB,2.86,1.9930069930069931,price_per_item,5.7,15.15,2.86,70.35,76.43,1.0962785653218896,1.4183722013465883,0.34031158648964543,0.9528936868330796,1.614923227688858,0.6620295408557785,-0.040150624450588146,2.6079675389725256,False,-0.6383831459452445,0.6383831459452445,NORMAL,6.0,0.006289308176100629,5.0689042022202315,46.22900654036249,6.0,0.006289308176100629,5.0689042022202315,41.148094458851695,4.0,1.5,0.5773502691896257,2.0,1.3333333333333333,21.21212121212121,40.69815451259752,NORMAL,0,0.0,-0.3026277553487044,7.56569388371761,1.0,0.0,1,True,91.66666666666666,True,True,100.0,1.0,100.0,77.64799285930116,MEDIUM,1,LOW,"LOW (driven by cr_profile; price_level=NORMAL, pattern_level=NORMAL, cr_profile_level=MEDIUM)",1
2020-2601-4-10300-1,2020-2601-4-10300,2020-05-28,2020,2020-05,3923301000,392330100000,392330,39,Plastic bottles for packaging,Plastic bottles for packaging,CR_HASH_021,Import,IM,IN,US,BH,IN,US,BH,IN,NMB,2.79,7.562724014336918,price_per_item,21.1,56.12,2.79,729.99,835.12,2.147418365504444,1.6841288050356895,0.6442087840607709,1.0864174155799162,2.3469388358112164,1.2605214202313002,-0.8043647147670341,4.237720966158166,False,0.4850671633634078,0.4850671633634078,NORMAL,13.0,0.013626834381551363,4.29571431398675,23.025452080470465,1.0,0.0010482180293501049,6.860663671448286,100.0,9.0,1.4444444444444444,0.5270462766947299,2.0,1.3846153846153846,24.475524475524477,50.18405471156391,LOW,1,0.0,0.6403736321419262,16.009340803548156,1.0,0.0,2,False,83.33333333333334,True,True,100.0,0.8571428571428572,85.71428571428572,67.746126424099,LOW,1,LOW,"LOW (driven by pattern+cr_profile; price_level=NORMAL, pattern_level=LOW, cr_profile_level=LOW)",1
2020-2801-2-10592-1,2020-2801-2-10592,2020-05-28,2020,2020-05,8703221000,870322100000,870322,87,Passenger cars 1000-1500cc,Passenger cars 1000-1500cc,CR_HASH_026,Re-export,EX,BH,BH,US,BH,BH,US,US,NMB,1.99,227195.23618090453,price_per_item,452118.52,1202442.88,1.99,32.05,34.81,12.33356939958674,12.004283802979177,0.6624296738554509,11.2719045323345,12.594725507248622,1.3228209749141229,9.287673069963315,14.578956969619806,False,0.335281013074005,0.335281013074005,NORMAL,8.0,0.008385744234800839,4.781222129768451,37.595620697047174,8.0,0.008385744234800839,4.781222129768451,31.698925390914113,7.0,1.1428571428571428,0.3779644730092272,2.0,1.75,47.727272727272734,37.051525144434436,NORMAL,0,0.0,0.05229487244753164,1.307371811188291,1.0,0.0,3,False,75.0,True,True,100.0,0.7142857142857143,71.42857142857143,59.74329441963019,LOW,1,NORMAL,"NORMAL (price_level=NORMAL, pattern_level=NORMAL, cr_profile_level=LOW)",0
2020-2801-5-10979-1,2020-2801-5-10979,2020-05-29,2020,2020-05,1006301000,100630100000,100630,10,Long-grain milled rice,Long-grain milled rice,CR_HASH_014,Import,IM,AE,JP,BH,AE,JP,BH,AE,KGM,2263.23,0.5188823053777123,price_per_kg,1174.35,3123.26,1.33,2263.23,2428.41,0.41797473896445225,0.32869838978139143,0.06767869107876259,0.270176176769005,0.39860128498662895,0.12842510821762393,0.07753851444256912,0.5912389473130648,False,0.889734591552644,0.889734591552644,NORMAL,10.0,0.010482180293501049,4.558078578454241,30.899046383171186,1.0,0.0010482180293501049,6.860663671448286,100.0,8.0,1.25,0.4629100498862757,2.0,1.6,38.181818181818194,56.17679591885832,LOW,1,0.0,0.9339564233471935,23.34891058367984,1.0,0.0,1,True,91.66666666666666,False,True,87.5,0.8,80.0,66.04711870428794,LOW,1,LOW,"LOW (driven by pattern+cr_profile; price_level=NORMAL, pattern_level=LOW, cr_profile_level=LOW)",1
2020-2801-8-10639-1,2020-2801-8-10639,2020-05-30,2020,2020-05,102211000,102211000000,102211,10,"Live cattle, pure-bred breeding","Live cattle, pure-bred breeding",CR_HASH_020,Import,IM,AE,AE,BH,AE,AE,BH,AE,NMB,0.57,112960.77192982456,price_per_item,64387.64,171243.72,0.57,417.24,454.39,11.634804738951637,10.013369334439131,0.6855679350518233,9.327801399387308,10.638440798004723,1.3106393986174147,7.361842301461186,12.604399895930845,False,1.5952367978662967,1.5952367978662967,NORMAL,11.0,0.011530398322851153,4.462768398649916,28.038772365976683,8.0,0.008385744234800839,4.781222129768451,31.698925390914113,8.0,1.375,0.7440238091428449,3.0,2.1818181818181817,75.20661157024794,36.39500180534547,NORMAL,0,0.0,5.679451378705255,100.0,1.0,0.0,3,False,75.0,True,True,100.0,0.6666666666666667,66.66666666666667,93.33333333333334,HIGH,1,HIGH,"HIGH (driven by cr_profile; price_level=NORMAL, pattern_level=NORMAL, cr_profile_level=HIGH)",1
2020-2601-1-10363-1,2020-2601-1-10363,2020-05-30,2020,2020-05,1006301000,100630100000,100630,10,Long-grain milled rice,Long-grain milled rice,CR_HASH_016,Re-export,EX,BH,BH,JP,BH,BH,JP,JP,KGM,1120.57,0.4850388641494954,price_per_kg,543.52,1445.54,1.88,1120.57,1214.24,0.39544094305664584,0.2942812331971436,0.07865143426710039,0.2366195387420564,0.39544094305664584,0.15882140431458944,-0.0016125677298277352,0.63367304952853,False,0.8675148796378477,0.8675148796378477,NORMAL,4.0,0.0041928721174004195,5.474369310328396,58.39708046469813,4.0,0.0041928721174004195,5.474369310328396,54.46595026060942,4.0,1.0,0.0,1.0,1.0,0.0,48.26162282356236,LOW,1,0.0,0.6744776532851872,16.86194133212968,1.0,0.0,2,False,83.33333333333334,False,True,85.71428571428572,0.7142857142857143,71.42857142857143,51.615965180531106,LOW,1,LOW,"LOW (driven by pattern+cr_profile; price_level=NORMAL, pattern_level=LOW, cr_profile_level=LOW)",1
2020-2601-7-10948-1,2020-2601-7-10948,2020-05-30,2020,2020-05,8504400090,850440009000,850440,85,Static converters,Static converters,CR_HASH_017,Import,IM,AE,DE,BH,AE,DE,BH,AE,NMB,2.03,2027.497536945813,price_per_item,4115.82,10946.34,2.03,176.92,208.35,7.615050668421369,7.466827051260017,0.5715840105867187,6.914775863803976,8.032836322465545,1.11806045866157,5.23768517581162,9.7099270104579,False,0.17490947657704026,0.17490947657704026,NORMAL,12.0,0.012578616352201259,4.375757021660286,25.427546772711544,2.0,0.0020964360587002098,6.1675164908883415,77.23297513030472,8.0,1.5,0.5345224838248488,2.0,1.3333333333333333,21.21212121212121,42.927132863780606,NORMAL,0,0.0,0.19992290725482703,4.998072681370676,1.0,0.0,2,False,83.33333333333334,False,False,66.66666666666667,0.8333333333333334,83.33333333333334,35.08265877181307,LOW,1,NORMAL,"NORMAL (price_level=NORMAL, pattern_level=NORMAL, cr_profile_level=LOW)",0
2020-2701-9-10305-1,2020-2701-9-10305,2020-05-30,2020,2020-05,8703221000,870322100000,870322,87,Passenger cars 1000-1500cc,Passenger cars 1000-1500cc,CR_HASH_011,Import,IM,CN,JP,BH,CN,JP,BH,CN,NMB,0.98,491910.18367346935,price_per_item,482071.98,1282106.32,0.98,219.32,233.65,13.106053458189686,12.339741490828857,0.5298577154310848,11.445675964067552,12.647064860424424,1.201388896356871,9.643592619532246,14.44914820495973,False,0.9754889394045934,0.9754889394045934,NORMAL,20.0,0.020964360587002098,3.8649313978942956,10.097586615520235,1.0,0.0010482180293501049,6.860663671448286,100.0,9.0,2.2222222222222223,1.3017082793177757,5.0,2.25,79.54545454545456,51.98061148957831,LOW,1,0.0,1.466409157675616,36.6602289418904,1.0,0.0,2,False,83.33333333333334,True,True,100.0,0.8,80.0,73.83108012966164,LOW,1,LOW,"LOW (driven by pattern+cr_profile; price_level=NORMAL, pattern_level=LOW, cr_profile_level=LOW)",1
2020-2601-1-10736-1,2020-2601-1-10736,2020-05-31,2020,2020-05,8504400090,850440009000,850440,85,Static converters,Static converters,CR_HASH_033,Import,IM,AE,AE,BH,AE,AE,BH,AE,NMB,4.07,1233.8108108108106,price_per_item,5021.61,13355.34,4.07,216.78,259.22,7.118673047700474,7.466827051260017,0.5715840105867187,6.914775863803976,8.032836322465545,1.11806045866157,5.23768517581162,9.7099270104579,False,-0.4108348972789649,0.4108348972789649,NORMAL,12.0,0.012578616352201259,4.375757021660286,25.427546772711544,8.0,0.008385744234800839,4.781222129768451,31.698925390914113,8.0,1.5,0.5345224838248488,2.0,1.3333333333333333,21.21212121212121,26.990215454993894,NORMAL,0,0.0,-0.32105173938125076,8.02629348453127,1.0,0.0,1,True,91.66666666666666,True,True,100.0,0.8461538461538461,84.61538461538461,74.73227964266286,LOW,1,NORMAL,"NORMAL (price_level=NORMAL, pattern_level=NORMAL, cr_profile_level=LOW)",0
2020-2801-3-10696-1,2020-2801-3-10696,2020-05-31,2020,2020-05,8703221000,870322100000,870322,87,Passenger cars 1000-1500cc,Passenger cars 1000-1500cc,CR_HASH_047,Re-export,EX,BH,BH,AE,BH,BH,AE,AE,NMB,3.48,53555.95977011494,price_per_item,186374.74,495677.5,3.48,174.38,203.61,10.888501035126716,12.004283802979177,0.6624296738554509,11.2719045323345,12.594725507248622,1.3228209749141229,9.287673069963315,14.578956969619806,False,-1.1360982096703693,1.1360982096703693,NORMAL,2.0,0.0020964360587002098,6.1675164908883415,79.19854023234907,2.0,0.0020964360587002098,6.1675164908883415,77.23297513030472,2.0,1.0,0.0,1.0,1.0,0.0,66.6308114117812,LOW,1,0.0,-0.9048730597061209,22.62182649265302,1.0,0.0,2,False,83.33333333333334,False,True,72.72727272727273,0.9166666666666666,91.66666666666666,54.432790787580075,LOW,1,LOW,"LOW (driven by pattern+cr_profile; price_level=NORMAL, pattern_level=LOW, cr_profile_level=LOW)",1
2020-2801-8-10608-1,2020-2801-8-10608,2020-05-31,2020,2020-05,3923301000,392330100000,392330,39,Plastic bottles for packaging,Plastic bottles for packaging,CR_HASH_008,Import,IM,JP,JP,BH,JP,JP,BH,JP,NMB,3.45,4.391304347826087,price_per_item,15.15,40.3,3.45,94.96,109.65,1.6847873496758872,1.6841288050356895,0.6442087840607709,1.0864174155799162,2.3469388358112164,1.2605214202313002,-0.8043647147670341,4.237720966158166,False,0.0006895004934832687,0.0006895004934832687,NORMAL,4.0,0.0041928721174004195,5.474369310328396,58.39708046469813,4.0,0.0041928721174004195,5.474369310328396,54.46595026060942,4.0,1.0,0.0,1.0,1.0,0.0,48.26162282356236,LOW,1,0.0,-0.06875090023631925,1.7187725059079813,1.0,0.0,3,False,75.0,True,True,100.0,0.8181818181818181,81.81818181818181,61.96520674070416,LOW,1,LOW,"LOW (driven by pattern+cr_profile; price_level=NORMAL, pattern_level=LOW, cr_profile_level=LOW)",1
2020-2501-1-10082-1,2020-2501-1-10082,2020-05-31,2020,2020-05,1006301000,100630100000,100630,10,Long-grain milled rice,Long-grain milled rice,CR_HASH_003,Re-export,EX,BH,BH,US,BH,BH,US,US,KGM,963.08,0.20679486647007517,price_per_kg,199.16,529.69,1.69,963.08,1063.35,0.18796797445719104,0.2942812331971436,0.07865143426710039,0.2366195387420564,0.39544094305664584,0.15882140431458944,-0.0016125677298277352,0.63367304952853,False,-0.9117101461420811,0.9117101461420811,NORMAL,8.0,0.008385744234800839,4.781222129768451,37.595620697047174,8.0,0.008385744234800839,4.781222129768451,31.698925390914113,8.0,1.0,0.0,1.0,1.0,0.0,29.892434235343526,NORMAL,0,0.0,-1.2583584484822719,31.458961212056796,1.0,0.0,1,True,91.66666666666666,False,True,75.0,0.75,75.0,64.76063642421988,LOW,1,NORMAL,"NORMAL (price_level=NORMAL, pattern_level=NORMAL, cr_profile_level=LOW)",0
2020-2601-9-10754-1,2020-2601-9-10754,2020-06-01,2020,2020-06,8504400090,850440009000,850440,85,Static converters,Static converters,CR_HASH_023,Import,IM,AE,AE,BH,AE,AE,BH,AE,NMB,1.16,1391.8706896551726,price_per_item,1614.57,4294.08,1.16,214.23,254.06,7.239122140795561,7.466827051260017,0.5715840105867187,6.914775863803976,8.032836322465545,1.11806045866157,5.23768517581162,9.7099270104579,False,-0.26870041000284356,0.26870041000284356,NORMAL,12.0,0.012578616352201259,4.375757021660286,25.427546772711544,8.0,0.008385744234800839,4.781222129768451,31.698925390914113,8.0,1.5,0.5345224838248488,2.0,1.3333333333333333,21.21212121212121,26.990215454993894,NORMAL,0,0.0,-0.21007285114717408,5.251821278679352,1.0,0.0,1,True,91.66666666666666,False,True,71.42857142857143,0.8571428571428572,85.71428571428572,56.838137447537775,LOW,1,NORMAL,"NORMAL (price_level=NORMAL, pattern_level=NORMAL, cr_profile_level=LOW)",0
2020-2701-1-10392-1,2020-2701-1-10392,2020-06-01,2020,2020-06,8471300000,847130000000,847130,84,Portable laptop computers,Portable laptop computers,CR_HASH_003,Re-export,EX,BH,BH,DE,BH,BH,DE,DE,NMB,1.15,40619.53913043479,price_per_item,46712.47,124235.28,1.15,626.8,731.86,10.612029107582849,9.057918359570245,1.044460022767316,7.958447179146432,9.968345476103027,2.009898296956594,4.943599733711541,12.983192921537917,False,1.0036126954485511,1.0036126954485511,NORMAL,2.0,0.0020964360587002098,6.1675164908883415,79.19854023234907,2.0,0.0020964360587002098,6.1675164908883415,77.23297513030472,2.0,1.0,0.0,1.0,1.0,0.0,66.6308114117812,LOW,1,0.0,5.267582956411855,100.0,1.0,0.0,1,True,91.66666666666666,True,True,100.0,1.0,100.0,100.0,HIGH,1,HIGH,"HIGH (driven by pattern+cr_profile; price_level=NORMAL, pattern_level=LOW, cr_profile_level=HIGH)",1
2020-2601-1-10730-1,2020-2601-1-10730,2020-06-01,2020,2020-06,9018390000,901839000000,901839,90,Medical syringes and needles,Medical syringes and needles,CR_HASH_049,Import,IM,CN,CN,BH,CN,CN,BH,CN,NMB,2.2,5.577272727272726,price_per_item,12.27,32.64,2.2,211.7,239.85,1.8836201802791221,1.1592369104845446,0.5792846449150362,0.6041021775947832,1.7481096643936567,1.1440074867988734,-1.111909052603527,3.464120894591967,False,0.8434365144747547,0.8434365144747547,NORMAL,23.0,0.02410901467505241,3.725169455519137,5.903307964603629,18.0,0.018867924528301886,3.970291913552122,5.063213787398673,12.0,1.9166666666666667,0.9962049198956219,4.0,2.0869565217391304,69.16996047430831,15.099272879037596,NORMAL,0,0.0,1.1685413975217949,29.213534938044873,1.0,0.0,3,False,75.0,False,True,90.0,0.8,80.0,58.7247372283157,LOW,1,NORMAL,"NORMAL (price_level=NORMAL, pattern_level=NORMAL, cr_profile_level=LOW)",0
2020-2801-1-10758-1,2020-2801-1-10758,2020-06-01,2020,2020-06,8471300000,847130000000,847130,84,Portable laptop computers,Portable laptop computers,CR_HASH_040,Import,IM,SA,SA,BH,SA,SA,BH,SA,NMB,3.48,7418.551724137931,price_per_item,25816.56,68661.06,3.48,106.88,123.42,8.911873919799728,8.71824987064452,0.6999612932513521,7.750041925937837,9.126895264901794,1.376853338963957,5.684761917491901,11.192175273347729,False,0.1865783625848762,0.1865783625848762,NORMAL,12.0,0.012578616352201259,4.375757021660286,25.427546772711544,8.0,0.008385744234800839,4.781222129768451,31.698925390914113,7.0,1.7142857142857142,0.9511897312113418,3.0,1.75,47.727272727272734,30.96748818226662,NORMAL,0,0.0,0.121893782944446,3.04734457361115,1.0,0.0,1,True,91.66666666666666,False,True,75.0,1.0,100.0,59.8165706007639,LOW,1,NORMAL,"NORMAL (price_level=NORMAL, pattern_level=NORMAL, cr_profile_level=LOW)",0
2020-2701-8-10265-1,2020-2701-8-10265,2020-06-01,2020,2020-06,8703221000,870322100000,870322,87,Passenger cars 1000-1500cc,Passenger cars 1000-1500cc,CR_HASH_021,Re-export,EX,BH,BH,JP,BH,BH,JP,JP,NMB,1.08,38659.027777777774,price_per_item,41751.75,111041.88,1.08,67.15,72.93,10.56256147127675,12.004283802979177,0.6624296738554509,11.2719045323345,12.594725507248622,1.3228209749141229,9.287673069963315,14.578956969619806,False,-1.4679722676139235,1.4679722676139235,NORMAL,5.0,0.005241090146750524,5.251225759014186,51.700506150822136,5.0,0.005241090146750524,5.251225759014186,47.13660531805522,5.0,1.0,0.0,1.0,1.0,0.0,42.348064936730395,NORMAL,0,0.0,-0.9721431287421228,24.30357821855307,3.0,50.0,3,False,75.0,True,True,100.0,0.75,75.0,73.50625237649358,LOW,1,NORMAL,"NORMAL (price_level=NORMAL, pattern_level=NORMAL, cr_profile_level=LOW)",0
2020-2501-2-10543-1,2020-2501-2-10543,2020-06-02,2020,2020-06,8471300000,847130000000,847130,84,Portable laptop computers,Portable laptop computers,CR_HASH_043,Re-export,EX,BH,BH,JP,BH,BH,JP,JP,NMB,2.97,15941.94276094276,price_per_item,47347.57,125924.39,2.97,522.69,614.71,9.676771550169644,9.057918359570245,1.044460022767316,7.958447179146432,9.968345476103027,2.009898296956594,4.943599733711541,12.983192921537917,False,0.3996426377583752,0.3996426377583752,NORMAL,2.0,0.0020964360587002098,6.1675164908883415,79.19854023234907,2.0,0.0020964360587002098,6.1675164908883415,77.23297513030472,2.0,1.0,0.0,1.0,1.0,0.0,66.6308114117812,LOW,1,0.0,1.5679066999378304,39.19766749844576,1.0,0.0,2,False,83.33333333333334,False,True,88.88888888888889,0.7777777777777778,77.77777777777779,61.496961402233794,LOW,1,LOW,"LOW (driven by pattern+cr_profile; price_level=NORMAL, pattern_level=LOW, cr_profile_level=LOW)",1
2020-2801-6-10830-1,2020-2801-6-10830,2020-06-02,2020,2020-06,8471300000,847130000000,847130,84,Portable laptop computers,Portable laptop computers,CR_HASH_035,,,AE,BH,IN,AE,BH,IN,,NMB,3.2,537.728125,price_per_item,1720.73,4576.4,3.2,293.1,326.46,6.289211037345363,6.289211037345363,0.0,6.289211037345363,6.289211037345363,0.0,6.289211037345363,6.289211037345363,False,0.0,0.0,NORMAL,,,,0.0,,,,0.0,,,,,,0.0,0.0,NORMAL,0,0.0,-0.9121134676734592,22.802836691836482,1.0,0.0,2,False,83.33333333333334,False,False,0.0,0.8571428571428572,85.71428571428572,25.123849984999914,NORMAL,0,NORMAL,"NORMAL (price_level=NORMAL, pattern_level=NORMAL, cr_profile_level=NORMAL)",0
2020-2601-7-10526-1,2020-2601-7-10526,2020-06-03,2020,2020-06,102211000,102211000000,102211,10,"Live cattle, pure-bred breeding","Live cattle, pure-bred breeding",CR_HASH_036,Re-export,EX,BH,BH,SA,BH,BH,SA,SA,NMB,3.01,18372.64784053156,price_per_item,55301.67,147078.9,3.01,465.84,542.5,9.81867273446354,9.549317841384953,0.6971436999939566,8.846103941045365,10.18755556601122,1.3414516249658544,6.833926503596584,12.19973300346,False,0.260602493292112,0.260602493292112,NORMAL,5.0,0.005241090146750524,5.251225759014186,51.700506150822136,5.0,0.005241090146750524,5.251225759014186,47.13660531805522,4.0,1.25,0.5,2.0,1.6,38.181818181818194,48.07533766400312,LOW,1,0.0,-0.04584550200855922,1.1461375502139806,1.0,0.0,1,True,91.66666666666666,False,True,66.66666666666667,1.0,100.0,57.06781480924156,LOW,1,LOW,"LOW (driven by pattern+cr_profile; price_level=NORMAL, pattern_level=LOW, cr_profile_level=LOW)",1
2020-2501-3-10775-1,2020-2501-3-10775,2020-06-03,2020,2020-06,8703221000,870322100000,870322,87,Passenger cars 1000-1500cc,Passenger cars 1000-1500cc,CR_HASH_003,Import,IM,AE,AE,BH,AE,AE,BH,AE,NMB,2.64,268298.11742424243,price_per_item,708307.03,1883795.28,2.64,521.27,553.89,12.499857746897469,12.339741490828857,0.5298577154310848,11.445675964067552,12.647064860424424,1.201388896356871,9.643592619532246,14.44914820495973,False,0.20382252067878698,0.20382252067878698,NORMAL,7.0,0.007337526205450734,4.9147535223929735,41.6029195353019,6.0,0.006289308176100629,5.0689042022202315,41.148094458851695,5.0,1.4,0.5477225575051661,2.0,1.4285714285714286,27.27272727272728,39.294201919158134,NORMAL,0,0.0,0.28318427441512356,7.079606860378089,1.0,0.0,1,True,91.66666666666666,True,True,100.0,1.0,100.0,77.47786240113233,MEDIUM,1,LOW,"LOW (driven by cr_profile; price_level=NORMAL, pattern_level=NORMAL, cr_profile_level=MEDIUM)",1
2020-2501-1-10237-1,2020-2501-1-10237,2020-06-03,2020,2020-06,8517120000,851712000000,851712,85,Cellular telephones,Cellular telephones,CR_HASH_048,Re-export,EX,BH,BH,AE,BH,BH,AE,AE,NMB,2.74,5826.317518248175,price_per_item,15964.11,42457.74,2.74,364.25,409.07,8.670312056519695,8.864077348542533,0.8102493638708186,8.21372138236038,9.675589371385747,1.461867989025368,6.020919398822327,11.8683913549238,False,-0.16129960084427253,0.16129960084427253,NORMAL,5.0,0.005241090146750524,5.251225759014186,51.700506150822136,5.0,0.005241090146750524,5.251225759014186,47.13660531805522,5.0,1.0,0.0,1.0,1.0,0.0,42.348064936730395,NORMAL,0,0.0,-0.3820507912343917,9.551269780859792,1.0,0.0,2,False,83.33333333333334,False,True,90.0,0.8181818181818181,81.81818181818181,52.206580786937295,LOW,1,NORMAL,"NORMAL (price_level=NORMAL, pattern_level=NORMAL, cr_profile_level=LOW)",0
2020-2601-8-10651-1,2020-2601-8-10651,2020-06-04,2020,2020-06,9018390000,901839000000,901839,90,Medical syringes and needles,Medical syringes and needles,CR_HASH_029,Import,IM,SA,SA,BH,SA,SA,BH,SA,NMB,2.34,11.055555555555557,price_per_item,25.87,68.8,2.34,791.15,887.36,2.489525595644295,1.1592369104845446,0.5792846449150362,0.6041021775947832,1.7481096643936567,1.1440074867988734,-1.111909052603527,3.464120894591967,False,1.5489231994197326,1.5489231994197326,NORMAL,6.0,0.006289308176100629,5.0689042022202315,46.22900654036249,5.0,0.005241090146750524,5.251225759014186,47.13660531805522,5.0,1.2,0.4472135954999579,2.0,1.6666666666666667,42.424242424242436,45.97595149513693,LOW,1,0.0,3.3097279439608194,82.74319859902049,1.0,0.0,2,False,83.33333333333334,False,False,83.33333333333334,0.8333333333333334,83.33333333333334,66.46011950965718,LOW,1,LOW,"LOW (driven by pattern+cr_profile; price_level=NORMAL, pattern_level=LOW, cr_profile_level=LOW)",1
2020-2701-3-10292-1,2020-2701-3-10292,2020-06-04,2020,2020-06,8703221000,870322100000,870322,87,Passenger cars 1000-1500cc,Passenger cars 1000-1500cc,CR_HASH_021,Import,IM,SA,SA,BH,SA,SA,BH,SA,NMB,4.76,144333.9117647059,price_per_item,687029.42,1827205.9,4.76,253.55,278.2,11.879891654270848,12.339741490828857,0.5298577154310848,11.445675964067552,12.647064860424424,1.201388896356871,9.643592619532246,14.44914820495973,False,-0.585373122769108,0.585373122769108,NORMAL,5.0,0.005241090146750524,5.251225759014186,51.700506150822136,4.0,0.0041928721174004195,5.474369310328396,54.46595026060942,4.0,1.25,0.5,2.0,1.6,38.181818181818194,50.64060839389709,LOW,1,-33.19663032332808,-0.39446892746183554,100.0,3.0,50.0,3,False,75.0,True,True,100.0,0.6666666666666667,66.66666666666667,98.33333333333334,HIGH,1,HIGH,"HIGH (driven by pattern+cr_profile; price_level=NORMAL, pattern_level=LOW, cr_profile_level=HIGH)",1
2020-2701-5-10267-1,2020-2701-5-10267,2020-06-04,2020,2020-06,8471300000,847130000000,847130,84,Portable laptop computers,Portable laptop computers,CR_HASH_030,Import,IM,DE,DE,BH,DE,DE,BH,DE,NMB,2.94,1000.6224489795918,price_per_item,2941.83,7824.02,2.94,124.34,131.28,6.909376413213266,8.71824987064452,0.6999612932513521,7.750041925937837,9.126895264901794,1.376853338963957,5.684761917491901,11.192175273347729,False,-1.7430512856397924,1.7430512856397924,NORMAL,5.0,0.005241090146750524,5.251225759014186,51.700506150822136,3.0,0.0031446540880503146,5.762051382780177,63.915119328547,3.0,1.6666666666666667,1.1547005383792517,3.0,1.7999999999999998,50.90909090909091,55.85690847676615,LOW,1,0.0,-0.792264723210375,19.806618080259376,1.0,0.0,2,False,83.33333333333334,False,True,85.71428571428572,0.8571428571428572,85.71428571428572,55.50374489951936,LOW,1,LOW,"LOW (driven by pattern+cr_profile; price_level=NORMAL, pattern_level=LOW, cr_profile_level=LOW)",1
2020-2801-3-10813-1,2020-2801-3-10813,2020-06-04,2020,2020-06,3923301000,392330100000,392330,39,Plastic bottles for packaging,Plastic bottles for packaging,CR_HASH_026,Import,IM,CN,CN,BH,CN,CN,BH,CN,NMB,4.87,6.724845995893224,price_per_item,32.75,87.1,4.87,979.84,1082.27,2.044441886778386,1.6841288050356895,0.6442087840607709,1.0864174155799162,2.3469388358112164,1.2605214202313002,-0.8043647147670341,4.237720966158166,False,0.3772501247531234,0.3772501247531234,NORMAL,28.0,0.029350104821802937,3.5284591612730827,0.0,21.0,0.0220125786163522,3.8161412337248635,0.0,12.0,2.3333333333333335,1.2309149097933274,5.0,2.142857142857143,72.72727272727273,10.90909090909091,NORMAL,0,0.0,0.4469172315536796,11.17293078884199,1.0,0.0,2,False,83.33333333333334,False,True,87.5,0.875,87.5,53.2855257760947,LOW,1,NORMAL,"NORMAL (price_level=NORMAL, pattern_level=NORMAL, cr_profile_level=LOW)",0
2020-2701-4-10568-1,2020-2701-4-10568,2020-06-04,2020,2020-06,3923301000,392330100000,392330,39,Plastic bottles for packaging,Plastic bottles for packaging,CR_HASH_003,Import,IM,US,US,BH,US,US,BH,US,NMB,3.39,1.3480825958702065,price_per_item,4.57,12.15,3.39,217.46,233.55,0.8535990784639328,1.6841288050356895,0.6442087840607709,1.0864174155799162,2.3469388358112164,1.2605214202313002,-0.8043647147670341,4.237720966158166,False,-0.8695699902012337,0.8695699902012337,NORMAL,10.0,0.010482180293501049,4.558078578454241,30.899046383171186,7.0,0.007337526205450734,4.9147535223929735,36.084880671453035,7.0,1.4285714285714286,0.7867957924694432,3.0,2.1,70.00000000000001,38.579231426594156,NORMAL,0,0.0,-0.6478902163082413,16.19725540770603,1.0,0.0,1,True,91.66666666666666,False,True,71.42857142857143,1.0,100.0,63.52618224983996,LOW,1,NORMAL,"NORMAL (price_level=NORMAL, pattern_level=NORMAL, cr_profile_level=LOW)",0
2020-2701-1-10512-1,2020-2701-1-10512,2020-06-05,2020,2020-06,1006301000,100630100000,100630,10,Long-grain milled rice,Long-grain milled rice,CR_HASH_029,Import,IM,JP,JP,BH,JP,JP,BH,JP,KGM,1512.22,0.3797595587943553,price_per_kg,574.28,1527.34,0.93,1512.22,1627.69,0.32190925123110953,0.32869838978139143,0.06767869107876259,0.270176176769005,0.39860128498662895,0.12842510821762393,0.07753851444256912,0.5912389473130648,False,-0.06766104875820238,0.06766104875820238,NORMAL,7.0,0.007337526205450734,4.9147535223929735,41.6029195353019,6.0,0.006289308176100629,5.0689042022202315,41.148094458851695,6.0,1.1666666666666667,0.408248290463863,2.0,1.7142857142857142,45.45454545454546,42.02147464643086,NORMAL,0,0.0,-0.11453205582652512,2.863301395663128,1.0,0.0,3,False,75.0,False,False,85.71428571428572,0.5714285714285714,57.14285714285714,33.85929834562495,NORMAL,0,NORMAL,"NORMAL (price_level=NORMAL, pattern_level=NORMAL, cr_profile_level=NORMAL)",0
2020-2601-7-10786-1,2020-2601-7-10786,2020-06-06,2020,2020-06,8517120000,851712000000,851712,85,Cellular telephones,Cellular telephones,CR_HASH_021,Import,IM,AE,AE,BH,AE,AE,BH,AE,NMB,2.55,21033.839215686276,price_per_item,53636.29,142649.72,2.55,800.25,914.24,9.953935352338943,9.1609472788485,0.7778458576033893,8.086449359029473,9.737226953131787,1.6507775941023137,5.610282967876002,12.213393344285258,False,0.6876209762078196,0.6876209762078196,NORMAL,11.0,0.011530398322851153,4.462768398649916,28.038772365976683,9.0,0.009433962264150943,4.663439094112067,27.830238657093965,7.0,1.5714285714285714,0.7867957924694431,3.0,1.9090909090909092,57.8512396694215,32.437655663384454,NORMAL,0,0.0,1.3417858400950837,33.54464600237709,1.0,0.0,1,True,91.66666666666666,True,True,100.0,1.0,100.0,86.74062610083197,HIGH,1,HIGH,"HIGH (driven by cr_profile; price_level=NORMAL, pattern_level=NORMAL, cr_profile_level=HIGH)",1
2020-2501-5-10891-1,2020-2501-5-10891,2020-06-07,2020,2020-06,2710192100,271019210000,271019,27,Gas oils for diesel engines,Gas oils for diesel engines,CR_HASH_042,Re-export,EX,BH,BH,SA,BH,BH,SA,SA,LTR,2656.08,0.17377865124544442,price_per_liter_gross_weight,461.57,1227.58,1.15,2440.07,2656.08,0.16022816124918465,0.2773855677315066,0.0779894680702432,0.16396900989912072,0.33244641877019565,0.16847740887107493,-0.08874710340749165,0.585162532076808,False,-1.0132340947036167,1.0132340947036167,NORMAL,4.0,0.0041928721174004195,5.474369310328396,58.39708046469813,4.0,0.0041928721174004195,5.474369310328396,54.46595026060942,4.0,1.0,0.0,1.0,1.0,0.0,48.26162282356236,LOW,1,0.0,-0.8548264701623765,21.370661754059412,1.0,0.0,3,False,75.0,False,False,80.0,0.8,80.0,43.47973161392079,LOW,1,LOW,"LOW (driven by pattern+cr_profile; price_level=NORMAL, pattern_level=LOW, cr_profile_level=LOW)",1
2020-2501-3-10839-1,2020-2501-3-10839,2020-06-07,2020,2020-06,102211000,102211000000,102211,10,"Live cattle, pure-bred breeding","Live cattle, pure-bred breeding",CR_HASH_043,Import,IM,AE,AE,BH,AE,AE,BH,AE,NMB,3.39,26194.637168141595,price_per_item,88799.82,236169.73,3.39,1148.15,1331.16,10.173348155583204,10.013369334439131,0.6855679350518233,9.327801399387308,10.638440798004723,1.3106393986174147,7.361842301461186,12.604399895930845,False,0.1573939372842447,0.1573939372842447,NORMAL,11.0,0.011530398322851153,4.462768398649916,28.038772365976683,8.0,0.008385744234800839,4.781222129768451,31.698925390914113,8.0,1.375,0.7440238091428449,3.0,2.1818181818181817,75.20661157024794,36.39500180534547,NORMAL,0,0.0,0.42026177327892933,10.506544331973233,1.0,0.0,1,True,91.66666666666666,False,True,70.0,1.0,100.0,61.17729051619063,LOW,1,NORMAL,"NORMAL (price_level=NORMAL, pattern_level=NORMAL, cr_profile_level=LOW)",0
2020-2701-5-10860-1,2020-2701-5-10860,2020-06-07,2020,2020-06,8504400090,850440009000,850440,85,Static converters,Static converters,CR_HASH_041,Import,IM,IN,IN,BH,IN,IN,BH,IN,NMB,1.49,4688.6308724832215,price_per_item,6986.06,18579.96,1.49,1060.64,1241.91,8.453109153115449,7.466827051260017,0.5715840105867187,6.914775863803976,8.032836322465545,1.11806045866157,5.23768517581162,9.7099270104579,False,1.1638501980763774,1.1638501980763774,NORMAL,10.0,0.010482180293501049,4.558078578454241,30.899046383171186,7.0,0.007337526205450734,4.9147535223929735,36.084880671453035,6.0,1.6666666666666667,1.2110601416389966,4.0,2.4,89.0909090909091,41.44286779023052,NORMAL,0,0.0,2.105936382788104,52.6484095697026,1.0,0.0,1,True,91.66666666666666,False,True,80.0,1.0,100.0,78.42694334939591,MEDIUM,1,LOW,"LOW (driven by cr_profile; price_level=NORMAL, pattern_level=NORMAL, cr_profile_level=MEDIUM)",1
2020-2601-6-10578-1,2020-2601-6-10578,2020-06-07,2020,2020-06,3923301000,392330100000,392330,39,Plastic bottles for packaging,Plastic bottles for packaging,CR_HASH_018,Import,IM,IN,IN,BH,IN,IN,BH,IN,NMB,3.22,9.26086956521739,price_per_item,29.82,79.3,3.22,945.95,1090.58,2.3283375890964604,1.6841288050356895,0.6442087840607709,1.0864174155799162,2.3469388358112164,1.2605214202313002,-0.8043647147670341,4.237720966158166,False,0.6744907594765952,0.6744907594765952,NORMAL,13.0,0.013626834381551363,4.29571431398675,23.025452080470465,11.0,0.011530398322851153,4.462768398649916,21.2390343034744,9.0,1.4444444444444444,0.5270462766947299,2.0,1.3846153846153846,24.475524475524477,22.617716717779942,NORMAL,0,0.0,0.9805771103845564,24.51442775961391,1.0,0.0,2,False,83.33333333333334,False,False,83.33333333333334,0.8333333333333334,83.33333333333334,46.080049715864874,LOW,1,NORMAL,"NORMAL (price_level=NORMAL, pattern_level=NORMAL, cr_profile_level=LOW)",0
2020-2601-5-10621-1,2020-2601-5-10621,2020-06-08,2020,2020-06,8471300000,847130000000,847130,84,Portable laptop computers,Portable laptop computers,CR_HASH_031,Import,IM,AE,DE,BH,AE,DE,BH,AE,NMB,4.25,2347.8682352941178,price_per_item,9978.44,26538.4,4.25,905.54,1019.25,7.76168888912821,8.71824987064452,0.6999612932513521,7.750041925937837,9.126895264901794,1.376853338963957,5.684761917491901,11.192175273347729,False,-0.9217531728242707,0.9217531728242707,NORMAL,8.0,0.008385744234800839,4.781222129768451,37.595620697047174,2.0,0.0020964360587002098,6.1675164908883415,77.23297513030472,6.0,1.3333333333333333,0.5163977794943223,2.0,1.5,31.818181818181824,50.602078916857515,LOW,1,0.0,-0.6043344563979379,15.108361409948449,1.0,0.0,1,True,91.66666666666666,False,True,90.0,1.0,100.0,67.78792649348196,LOW,1,LOW,"LOW (driven by pattern+cr_profile; price_level=NORMAL, pattern_level=LOW, cr_profile_level=LOW)",1
2020-2601-3-10367-1,2020-2601-3-10367,2020-06-08,2020,2020-06,8504400090,850440009000,850440,85,Static converters,Static converters,CR_HASH_010,Import,IM,IN,IN,BH,IN,IN,BH,IN,NMB,1.36,1162.0514705882354,price_per_item,1580.39,4203.16,1.36,523.44,597.9,7.058802408279033,7.466827051260017,0.5715840105867187,6.914775863803976,8.032836322465545,1.11806045866157,5.23768517581162,9.7099270104579,False,-0.48148451711746565,0.48148451711746565,NORMAL,10.0,0.010482180293501049,4.558078578454241,30.899046383171186,7.0,0.007337526205450734,4.9147535223929735,36.084880671453035,6.0,1.6666666666666667,1.2110601416389966,4.0,2.4,89.0909090909091,41.44286779023052,NORMAL,0,0.0,-0.38287874624503276,9.571968656125819,1.0,0.0,3,False,75.0,True,True,100.0,0.75,75.0,63.350189029644035,LOW,1,NORMAL,"NORMAL (price_level=NORMAL, pattern_level=NORMAL, cr_profile_level=LOW)",0
2020-2701-8-10102-1,2020-2701-8-10102,2020-06-08,2020,2020-06,6109100000,610910000000,610910,61,Cotton t-shirts,Cotton t-shirts,CR_HASH_027,Import,IM,IN,IN,BH,IN,IN,BH,IN,NMB,1.09,437.5779816513761,price_per_item,476.96,1268.52,1.09,1120.52,1253.81,6.083537633290403,4.644105600231562,0.7882174659262975,3.8927224589349843,5.444558727344917,1.5518362684099332,1.5649680563200845,7.772313129959818,False,1.231745866036899,1.231745866036899,NORMAL,3.0,0.0031446540880503146,5.762051382780177,67.03046630801344,3.0,0.0031446540880503146,5.762051382780177,63.915119328547,2.0,1.5,0.7071067811865476,2.0,1.3333333333333333,21.21212121212121,59.06734310081635,LOW,1,0.0,3.4598255422311484,86.49563855577871,1.0,0.0,2,False,83.33333333333334,True,True,100.0,0.9,90.0,93.27347349452255,HIGH,1,HIGH,"HIGH (driven by pattern+cr_profile; price_level=NORMAL, pattern_level=LOW, cr_profile_level=HIGH)",1
2020-2801-3-10602-1,2020-2801-3-10602,2020-06-08,2020,2020-06,2710192100,271019210000,271019,27,Gas oils for diesel engines,Gas oils for diesel engines,CR_HASH_011,Import,IM,US,US,BH,US,US,BH,US,LTR,5669.77,0.21126077424657436,price_per_liter_gross_weight,1197.8,3185.63,0.92,5209.48,5669.77,0.19166177933008796,0.26355592811875056,0.07105600884335336,0.1979668243457394,0.33634243682655873,0.13837561248081934,-0.009596594375489625,0.5439058555477878,False,-0.6824467037726725,0.6824467037726725,NORMAL,11.0,0.011530398322851153,4.462768398649916,28.038772365976683,11.0,0.011530398322851153,4.462768398649916,21.2390343034744,8.0,1.375,0.7440238091428449,3.0,2.1818181818181817,75.20661157024794,32.73403992474157,NORMAL,0,0.0,-0.5797215776963425,14.493039442408563,1.0,0.0,1,True,91.66666666666666,False,True,66.66666666666667,1.0,100.0,61.739230471509664,LOW,1,NORMAL,"NORMAL (price_level=NORMAL, pattern_level=NORMAL, cr_profile_level=LOW)",0
2020-2501-7-10264-1,2020-2501-7-10264,2020-06-09,2020,2020-06,8504400090,850440009000,850440,85,Static converters,Static converters,CR_HASH_027,Import,IM,IN,IN,BH,IN,IN,BH,IN,NMB,0.87,2799.0,price_per_item,2435.13,6476.4,0.87,116.28,127.49,7.937374696163295,7.466827051260017,0.5715840105867187,6.914775863803976,8.032836322465545,1.11806045866157,5.23768517581162,9.7099270104579,False,0.5552640250642272,0.5552640250642272,NORMAL,10.0,0.010482180293501049,4.558078578454241,30.899046383171186,7.0,0.007337526205450734,4.9147535223929735,36.084880671453035,6.0,1.6666666666666667,1.2110601416389966,4.0,2.4,89.0909090909091,41.44286779023052,NORMAL,0,0.0,0.7294696258408914,18.236740646022284,1.0,0.0,1,True,91.66666666666666,False,True,88.88888888888889,1.0,100.0,68.60508144833003,LOW,1,NORMAL,"NORMAL (price_level=NORMAL, pattern_level=NORMAL, cr_profile_level=LOW)",0
2020-2501-4-10560-1,2020-2501-4-10560,2020-06-09,2020,2020-06,6109100000,610910000000,610910,61,Cotton t-shirts,Cotton t-shirts,CR_HASH_035,Re-export,EX,BH,BH,AE,BH,BH,AE,AE,NMB,3.2,269.671875,price_per_item,862.95,2295.08,3.2,1295.9,1418.87,5.600907293919269,4.610526181303967,0.7708500247178713,3.916293548711598,5.585818334387825,1.6695247856762268,1.412006370197258,8.090105512902165,False,0.8665796035534375,0.8665796035534375,NORMAL,6.0,0.006289308176100629,5.0689042022202315,46.22900654036249,6.0,0.006289308176100629,5.0689042022202315,41.148094458851695,4.0,1.5,0.5773502691896257,2.0,1.3333333333333333,21.21212121212121,40.69815451259752,NORMAL,0,0.0,1.7423139716426719,43.557849291066795,1.0,0.0,2,False,83.33333333333334,False,True,85.71428571428572,0.875,87.5,64.17381868044481,LOW,1,NORMAL,"NORMAL (price_level=NORMAL, pattern_level=NORMAL, cr_profile_level=LOW)",0
2020-2601-4-10994-1,2020-2601-4-10994,2020-06-09,2020,2020-06,8471300000,847130000000,847130,84,Portable laptop computers,Portable laptop computers,CR_HASH_016,Import,IM,DE,DE,BH,DE,DE,BH,DE,NMB,3.36,2240.949404761905,price_per_item,7529.59,20025.5,3.36,279.11,309.96,7.715101036366719,8.71824987064452,0.6999612932513521,7.750041925937837,9.126895264901794,1.376853338963957,5.684761917491901,11.192175273347729,False,-0.9666457640210209,0.9666457640210209,NORMAL,5.0,0.005241090146750524,5.251225759014186,51.700506150822136,3.0,0.0031446540880503146,5.762051382780177,63.915119328547,3.0,1.6666666666666667,1.1547005383792517,3.0,1.7999999999999998,50.90909090909091,55.85690847676615,LOW,1,0.0,-0.6434519529335309,16.08629882333827,1.0,0.0,2,False,83.33333333333334,True,True,100.0,0.75,75.0,65.6302045881684,LOW,1,LOW,"LOW (driven by pattern+cr_profile; price_level=NORMAL, pattern_level=LOW, cr_profile_level=LOW)",1
2020-2701-6-10383-1,2020-2701-6-10383,2020-06-09,2020,2020-06,102211000,102211000000,102211,10,"Live cattle, pure-bred breeding","Live cattle, pure-bred breeding",CR_HASH_010,Import,IM,CN,CN,BH,CN,CN,BH,CN,NMB,4.2,3255.0571428571425,price_per_item,13671.24,36359.68,4.2,151.14,170.25,8.08827227698598,10.013369334439131,0.6855679350518233,9.327801399387308,10.638440798004723,1.3106393986174147,7.361842301461186,12.604399895930845,False,-1.8939919881894436,1.8939919881894436,NORMAL,18.0,0.018867924528301886,3.970291913552122,13.25947284837593,16.0,0.016771488469601678,4.088074949208505,8.931900521218806,10.0,1.8,0.7888106377466155,3.0,1.6666666666666665,42.42424242424242,16.11953797025091,NORMAL,0,0.0,-0.8933419205106491,22.333548012766226,1.0,0.0,1,True,91.66666666666666,False,True,66.66666666666667,1.0,100.0,64.48340847113485,LOW,1,NORMAL,"NORMAL (price_level=NORMAL, pattern_level=NORMAL, cr_profile_level=LOW)",0
2020-2801-7-10269-1,2020-2801-7-10269,2020-06-09,2020,2020-06,8504400090,850440009000,850440,85,Static converters,Static converters,CR_HASH_021,,,SA,BH,DE,SA,BH,DE,,NMB,2.64,4850.018939393939,price_per_item,12804.05,34053.32,2.64,1166.5,1352.6,8.48694405246228,8.48694405246228,0.0,8.48694405246228,8.48694405246228,0.0,8.48694405246228,8.48694405246228,False,0.0,0.0,NORMAL,,,,0.0,,,,0.0,,,,,,0.0,0.0,NORMAL,0,0.0,2.2193237317708756,55.48309329427189,1.0,0.0,1,True,91.66666666666666,False,False,0.0,0.9090909090909091,90.9090909090909,47.600900834813345,LOW,1,NORMAL,"NORMAL (price_level=NORMAL, pattern_level=NORMAL, cr_profile_level=LOW)",0
2020-2801-1-10497-1,2020-2801-1-10497,2020-06-09,2020,2020-06,2710192100,271019210000,271019,27,Gas oils for diesel engines,Gas oils for diesel engines,CR_HASH_033,Import,IM,CN,CN,BH,CN,CN,BH,CN,LTR,19063.37,0.23470718975711014,price_per_liter_gross_weight,4474.31,11899.75,4.24,16552.62,19063.37,0.21083384865479649,0.26355592811875056,0.07105600884335336,0.1979668243457394,0.33634243682655873,0.13837561248081934,-0.009596594375489625,0.5439058555477878,False,-0.50045810337058,0.50045810337058,NORMAL,19.0,0.019916142557651992,3.916224692281846,11.63690673320574,15.0,0.015723270440251572,4.152613470346076,11.051724646602178,8.0,2.375,1.407885953173359,5.0,2.1052631578947367,70.33492822966507,20.236796227363392,NORMAL,0,-14.749132281590144,-0.42826054342295605,100.0,0.6666666666666666,0.0,3,False,75.0,False,False,64.28571428571428,0.7857142857142857,78.57142857142857,66.78571428571428,LOW,1,NORMAL,"NORMAL (price_level=NORMAL, pattern_level=NORMAL, cr_profile_level=LOW)",0
2020-2601-9-10662-1,2020-2601-9-10662,2020-06-09,2020,2020-06,6109100000,610910000000,610910,61,Cotton t-shirts,Cotton t-shirts,CR_HASH_019,Import,IM,SA,SA,BH,SA,SA,BH,SA,NMB,1.83,20.25136612021858,price_per_item,37.06,98.56,1.83,25.19,29.18,3.0564211813143265,4.644105600231562,0.7882174659262975,3.8927224589349843,5.444558727344917,1.5518362684099332,1.5649680563200845,7.772313129959818,False,-1.358607891625654,1.358607891625654,NORMAL,14.0,0.014675052410901468,4.221606341833028,20.80145976765095,10.0,0.010482180293501049,4.558078578454241,24.369580448359905,8.0,1.75,0.8864052604279183,3.0,1.7142857142857142,45.45454545454546,25.74826485893326,NORMAL,0,0.0,-0.8984774837398863,22.46193709349716,1.0,0.0,1,True,91.66666666666666,True,True,100.0,1.0,100.0,82.861677982724,MEDIUM,1,LOW,"LOW (driven by cr_profile; price_level=NORMAL, pattern_level=NORMAL, cr_profile_level=MEDIUM)",1
2020-2501-4-10571-1,2020-2501-4-10571,2020-06-09,2020,2020-06,6109100000,610910000000,610910,61,Cotton t-shirts,Cotton t-shirts,CR_HASH_025,Import,IM,SA,SA,BH,SA,SA,BH,SA,NMB,4.17,54.966426858513195,price_per_item,229.21,609.6,4.17,57.07,63.69,4.0247519905672515,4.644105600231562,0.7882174659262975,3.8927224589349843,5.444558727344917,1.5518362684099332,1.5649680563200845,7.772313129959818,False,-0.5299911567883387,0.5299911567883387,NORMAL,14.0,0.014675052410901468,4.221606341833028,20.80145976765095,10.0,0.010482180293501049,4.558078578454241,24.369580448359905,8.0,1.75,0.8864052604279183,3.0,1.7142857142857142,45.45454545454546,25.74826485893326,NORMAL,0,0.0,-0.4493684824926014,11.234212062315036,1.0,0.0,2,False,83.33333333333334,True,True,100.0,0.875,87.5,66.43197422181026,LOW,1,NORMAL,"NORMAL (price_level=NORMAL, pattern_level=NORMAL, cr_profile_level=LOW)",0
2020-2501-3-10019-1,2020-2501-3-10019,2020-06-10,2020,2020-06,8703221000,870322100000,870322,87,Passenger cars 1000-1500cc,Passenger cars 1000-1500cc,CR_HASH_033,Import,IM,DE,IN,BH,DE,IN,BH,DE,NMB,3.43,413768.38192419824,price_per_item,1419225.55,3774536.04,3.43,1240.14,1321.94,12.933064049106024,12.339741490828857,0.5298577154310848,11.445675964067552,12.647064860424424,1.201388896356871,9.643592619532246,14.44914820495973,False,0.7552793349840599,0.7552793349840599,NORMAL,2.0,0.0020964360587002098,6.1675164908883415,79.19854023234907,1.0,0.0010482180293501049,6.860663671448286,100.0,2.0,1.0,0.0,1.0,1.0,0.0,74.59927011617454,LOW,1,0.0,1.0900024388316791,27.250060970791978,1.0,0.0,2,False,83.33333333333334,True,True,100.0,0.9333333333333333,93.33333333333333,73.20418800644386,LOW,1,LOW,"LOW (driven by pattern+cr_profile; price_level=NORMAL, pattern_level=LOW, cr_profile_level=LOW)",1
2020-2701-7-10824-1,2020-2701-7-10824,2020-06-11,2020,2020-06,8703221000,870322100000,870322,87,Passenger cars 1000-1500cc,Passenger cars 1000-1500cc,CR_HASH_008,Import,IM,CN,US,BH,CN,US,BH,CN,NMB,4.37,281092.6292906178,price_per_item,1228374.79,3266954.24,4.37,156.47,180.07,12.546443093139466,12.339741490828857,0.5298577154310848,11.445675964067552,12.647064860424424,1.201388896356871,9.643592619532246,14.44914820495973,False,0.26312407400557175,0.26312407400557175,NORMAL,20.0,0.020964360587002098,3.8649313978942956,10.097586615520235,1.0,0.0010482180293501049,6.860663671448286,100.0,9.0,2.2222222222222223,1.3017082793177757,5.0,2.25,79.54545454545456,51.98061148957831,LOW,1,0.0,0.344182571456523,8.604564286413074,1.0,0.0,1,True,91.66666666666666,False,True,50.0,1.0,100.0,55.51159750024458,LOW,1,LOW,"LOW (driven by pattern+cr_profile; price_level=NORMAL, pattern_level=LOW, cr_profile_level=LOW)",1
2020-2701-2-10051-1,2020-2701-2-10051,2020-06-12,2020,2020-06,102211000,102211000000,102211,10,"Live cattle, pure-bred breeding","Live cattle, pure-bred breeding",CR_HASH_031,Import,IM,AE,AE,BH,AE,AE,BH,AE,NMB,2.28,25279.697368421053,price_per_item,57637.71,153291.78,2.28,486.74,529.6,10.137796433656462,10.013369334439131,0.6855679350518233,9.327801399387308,10.638440798004723,1.3106393986174147,7.361842301461186,12.604399895930845,False,0.12241664809516312,0.12241664809516312,NORMAL,11.0,0.011530398322851153,4.462768398649916,28.038772365976683,8.0,0.008385744234800839,4.781222129768451,31.698925390914113,8.0,1.375,0.7440238091428449,3.0,2.1818181818181817,75.20661157024794,36.39500180534547,NORMAL,0,0.0,0.4001502329882445,10.003755824706111,1.0,0.0,1,True,91.66666666666666,False,True,81.81818181818181,0.9090909090909091,90.9090909090909,62.13767817501078,LOW,1,NORMAL,"NORMAL (price_level=NORMAL, pattern_level=NORMAL, cr_profile_level=LOW)",0
2020-2701-8-10759-1,2020-2701-8-10759,2020-06-12,2020,2020-06,8504400090,850440009000,850440,85,Static converters,Static converters,CR_HASH_039,Import,IM,AE,CN,BH,AE,CN,BH,AE,NMB,4.19,2384.467780429594,price_per_item,9990.92,26571.6,4.19,364.25,397.49,7.777150518442645,7.466827051260017,0.5715840105867187,6.914775863803976,8.032836322465545,1.11806045866157,5.23768517581162,9.7099270104579,False,0.3661934329628439,0.3661934329628439,NORMAL,12.0,0.012578616352201259,4.375757021660286,25.427546772711544,1.0,0.0010482180293501049,6.860663671448286,100.0,8.0,1.5,0.5345224838248488,2.0,1.3333333333333333,21.21212121212121,50.89559156817395,LOW,1,0.0,0.4365728302959975,10.914320757399938,1.0,0.0,1,True,91.66666666666666,False,True,75.0,0.8,80.0,58.57001226508998,LOW,1,LOW,"LOW (driven by pattern+cr_profile; price_level=NORMAL, pattern_level=LOW, cr_profile_level=LOW)",1
2020-2501-4-10729-1,2020-2501-4-10729,2020-06-13,2020,2020-06,1006301000,100630100000,100630,10,Long-grain milled rice,Long-grain milled rice,CR_HASH_035,Import,IM,AE,CN,BH,AE,CN,BH,AE,KGM,4556.65,0.35720101390275755,price_per_kg,1627.64,4328.82,4.32,4556.65,4937.91,0.30542450098244645,0.32869838978139143,0.06767869107876259,0.270176176769005,0.39860128498662895,0.12842510821762393,0.07753851444256912,0.5912389473130648,False,-0.23194926913857272,0.23194926913857272,NORMAL,10.0,0.010482180293501049,4.558078578454241,30.899046383171186,1.0,0.0010482180293501049,6.860663671448286,100.0,8.0,1.25,0.4629100498862757,2.0,1.6,38.181818181818194,56.17679591885832,LOW,1,0.0,-0.181580473018995,4.539511825474875,1.0,0.0,3,False,75.0,False,True,75.0,0.7777777777777778,77.77777777777779,45.89438469447177,LOW,1,LOW,"LOW (driven by pattern+cr_profile; price_level=NORMAL, pattern_level=LOW, cr_profile_level=LOW)",1
2020-2801-9-10918-1,2020-2801-9-10918,2020-06-13,2020,2020-06,8703221000,870322100000,870322,87,Passenger cars 1000-1500cc,Passenger cars 1000-1500cc,CR_HASH_033,Re-export,EX,BH,BH,EG,BH,BH,EG,EG,NMB,4.43,40282.1309255079,price_per_item,178449.84,474600.63,4.43,34.58,37.12,10.60368807284621,12.004283802979177,0.6624296738554509,11.2719045323345,12.594725507248622,1.3228209749141229,9.287673069963315,14.578956969619806,False,-1.4260968598203254,1.4260968598203254,NORMAL,1.0,0.0010482180293501049,6.860663671448286,100.0,1.0,0.0010482180293501049,6.860663671448286,100.0,1.0,1.0,0.0,1.0,1.0,0.0,85.0,HIGH,1,0.0,-0.9736334013275129,24.340835033187822,1.0,0.0,2,False,83.33333333333334,True,True,100.0,0.875,87.5,71.01929226161573,LOW,1,HIGH,"HIGH (driven by pattern+cr_profile; price_level=NORMAL, pattern_level=HIGH, cr_profile_level=LOW)",1
2020-2601-9-10535-1,2020-2601-9-10535,2020-06-13,2020,2020-06,9018390000,901839000000,901839,90,Medical syringes and needles,Medical syringes and needles,CR_HASH_028,Re-export,EX,BH,BH,IN,BH,BH,IN,IN,NMB,1.94,1.927835051546392,price_per_item,3.74,9.94,1.94,653.22,688.08,1.0742632596578232,1.4183722013465883,0.34031158648964543,0.9528936868330796,1.614923227688858,0.6620295408557785,-0.040150624450588146,2.6079675389725256,False,-0.6820170415484944,0.6820170415484944,NORMAL,5.0,0.005241090146750524,5.251225759014186,51.700506150822136,5.0,0.005241090146750524,5.251225759014186,47.13660531805522,4.0,1.25,0.5,2.0,1.6,38.181818181818194,48.07533766400312,LOW,1,0.0,-0.29685019588423,7.42125489710575,1.0,0.0,2,False,83.33333333333334,True,True,100.0,0.8,80.0,63.597439213987016,LOW,1,LOW,"LOW (driven by pattern+cr_profile; price_level=NORMAL, pattern_level=LOW, cr_profile_level=LOW)",1
2020-2601-1-10465-1,2020-2601-1-10465,2020-06-13,2020,2020-06,3923301000,392330100000,392330,39,Plastic bottles for packaging,Plastic bottles for packaging,CR_HASH_023,Re-export,EX,BH,BH,US,BH,BH,US,US,NMB,4.43,1.9706546275395036,price_per_item,8.73,23.22,4.43,200.11,220.23,1.088782341840127,2.008077055471865,0.7629623078147538,1.1201351912780924,2.51712417371907,1.3969889824409778,-0.9753482823833743,4.612607647380537,False,-0.8126951793414658,0.8126951793414658,NORMAL,6.0,0.006289308176100629,5.0689042022202315,46.22900654036249,6.0,0.006289308176100629,5.0689042022202315,41.148094458851695,6.0,1.0,0.0,1.0,1.0,0.0,37.51633633077934,NORMAL,0,0.0,-0.5305379999745958,13.263449999364896,1.0,0.0,2,False,83.33333333333334,True,True,100.0,0.875,87.5,67.14220749977771,LOW,1,NORMAL,"NORMAL (price_level=NORMAL, pattern_level=NORMAL, cr_profile_level=LOW)",0
2020-2601-5-10488-1,2020-2601-5-10488,2020-06-14,2020,2020-06,8517120000,851712000000,851712,85,Cellular telephones,Cellular telephones,CR_HASH_031,Import,IM,CN,IN,BH,CN,IN,BH,CN,NMB,0.82,82561.78048780489,price_per_item,67700.66,180054.95,0.82,378.46,416.63,11.321314258537395,9.1609472788485,0.7778458576033893,8.086449359029473,9.737226953131787,1.6507775941023137,5.610282967876002,12.213393344285258,False,1.8733114673492242,1.8733114673492242,NORMAL,22.0,0.023060796645702306,3.769621218089971,7.2373125983257305,3.0,0.0031446540880503146,5.762051382780177,63.915119328547,10.0,2.2,0.7888106377466155,3.0,1.3636363636363635,23.140495867768593,29.460022444319602,NORMAL,0,0.0,8.02981921792986,100.0,1.0,0.0,1,True,91.66666666666666,False,True,83.33333333333334,1.0,100.0,95.83333333333334,HIGH,1,HIGH,"HIGH (driven by cr_profile; price_level=NORMAL, pattern_level=NORMAL, cr_profile_level=HIGH)",1
2020-2801-4-10590-1,2020-2801-4-10590,2020-06-14,2020,2020-06,3923301000,392330100000,392330,39,Plastic bottles for packaging,Plastic bottles for packaging,CR_HASH_010,Re-export,EX,BH,BH,JP,BH,BH,JP,JP,NMB,0.92,11.771739130434781,price_per_item,10.83,28.8,0.92,659.52,777.31,2.547234849529219,2.008077055471865,0.7629623078147538,1.1201351912780924,2.51712417371907,1.3969889824409778,-0.9753482823833743,4.612607647380537,False,0.47663815927295555,0.47663815927295555,NORMAL,4.0,0.0041928721174004195,5.474369310328396,58.39708046469813,4.0,0.0041928721174004195,5.474369310328396,54.46595026060942,2.0,2.0,0.0,2.0,1.0,0.0,48.26162282356236,LOW,1,0.0,1.4244786961121787,35.61196740280447,1.0,0.0,2,False,83.33333333333334,False,True,84.61538461538461,0.9285714285714286,92.85714285714286,62.18946331625629,LOW,1,LOW,"LOW (driven by pattern+cr_profile; price_level=NORMAL, pattern_level=LOW, cr_profile_level=LOW)",1
2020-2801-7-10566-1,2020-2801-7-10566,2020-06-14,2020,2020-06,1006301000,100630100000,100630,10,Long-grain milled rice,Long-grain milled rice,CR_HASH_020,,,CN,BH,AE,CN,BH,AE,,KGM,3199.29,0.3609613382969346,price_per_kg,1154.82,3071.32,2.88,3199.29,3808.12,0.30819131643038405,0.30819131643038405,0.0,0.30819131643038405,0.30819131643038405,0.0,0.30819131643038405,0.30819131643038405,False,0.0,0.0,NORMAL,,,,0.0,,,,0.0,,,,,,0.0,0.0,NORMAL,0,0.0,-0.1908842895472348,4.77210723868087,1.0,0.0,2,False,83.33333333333334,False,False,0.0,0.6,60.0,13.670237533538305,NORMAL,0,NORMAL,"NORMAL (price_level=NORMAL, pattern_level=NORMAL, cr_profile_level=NORMAL)",0
2020-2501-4-10999-1,2020-2501-4-10999,2020-06-14,2020,2020-06,8471300000,847130000000,847130,84,Portable laptop computers,Portable laptop computers,CR_HASH_029,Import,IM,DE,JP,BH,DE,JP,BH,DE,NMB,1.99,17012.81407035176,price_per_item,33855.5,90041.22,1.99,603.61,695.4,9.741780885437548,8.71824987064452,0.6999612932513521,7.750041925937837,9.126895264901794,1.376853338963957,5.684761917491901,11.192175273347729,False,0.9862862677860876,0.9862862677860876,NORMAL,5.0,0.005241090146750524,5.251225759014186,51.700506150822136,1.0,0.0010482180293501049,6.860663671448286,100.0,3.0,1.6666666666666667,1.1547005383792517,3.0,1.7999999999999998,50.90909090909091,68.4866167117747,LOW,1,0.0,1.7415133729361003,43.53783432340251,1.0,0.0,2,False,83.33333333333334,False,True,87.5,0.875,87.5,64.61324201319087,LOW,1,LOW,"LOW (driven by pattern+cr_profile; price_level=NORMAL, pattern_level=LOW, cr_profile_level=LOW)",1
2020-2601-8-10460-1,2020-2601-8-10460,2020-06-14,2020,2020-06,8517120000,851712000000,851712,85,Cellular telephones,Cellular telephones,CR_HASH_002,Import,IM,CN,CN,BH,CN,CN,BH,CN,NMB,3.77,7339.331564986737,price_per_item,27669.28,73588.5,3.77,32.4,36.91,8.90113929292984,9.1609472788485,0.7778458576033893,8.086449359029473,9.737226953131787,1.6507775941023137,5.610282967876002,12.213393344285258,False,-0.22528639064850955,0.22528639064850955,NORMAL,22.0,0.023060796645702306,3.769621218089971,7.2373125983257305,14.0,0.014675052410901468,4.221606341833028,13.317855801757727,10.0,2.2,0.7888106377466155,3.0,1.3636363636363635,23.140495867768593,11.750980209943359,NORMAL,0,0.0,-0.2018601530756262,5.046503826890655,1.0,0.0,1,True,91.66666666666666,False,True,83.33333333333334,0.875,87.5,60.09960967274506,LOW,1,NORMAL,"NORMAL (price_level=NORMAL, pattern_level=NORMAL, cr_profile_level=LOW)",0
2020-2501-8-10144-1,2020-2501-8-10144,2020-06-14,2020,2020-06,8703221000,870322100000,870322,87,Passenger cars 1000-1500cc,Passenger cars 1000-1500cc,CR_HASH_049,,,US,BH,CN,US,BH,CN,,NMB,0.91,392006.05494505493,price_per_item,356725.51,948738.05,0.91,57.71,68.78,12.879035115919464,12.879035115919464,0.0,12.879035115919464,12.879035115919464,0.0,12.879035115919464,12.879035115919464,False,0.0,0.0,NORMAL,,,,0.0,,,,0.0,,,,,,0.0,0.0,NORMAL,0,0.0,0.9697583393518808,24.24395848379702,1.0,0.0,1,True,91.66666666666666,False,False,0.0,1.0,100.0,38.48538546932896,LOW,1,NORMAL,"NORMAL (price_level=NORMAL, pattern_level=NORMAL, cr_profile_level=LOW)",0
2020-2801-1-10077-1,2020-2801-1-10077,2020-06-15,2020,2020-06,8471300000,847130000000,847130,84,Portable laptop computers,Portable laptop computers,CR_HASH_016,Import,IM,SA,SA,BH,SA,SA,BH,SA,NMB,1.44,69864.78472222222,price_per_item,100605.29,267567.25,1.44,520.79,583.13,11.154331319430604,8.71824987064452,0.6999612932513521,7.750041925937837,9.126895264901794,1.376853338963957,5.684761917491901,11.192175273347729,False,2.347436125940948,2.347436125940948,LOW,12.0,0.012578616352201259,4.375757021660286,25.427546772711544,8.0,0.008385744234800839,4.781222129768451,31.698925390914113,7.0,1.7142857142857142,0.9511897312113418,3.0,1.75,47.727272727272734,30.96748818226662,NORMAL,0,32.846535258090135,9.361641650146057,100.0,1.0,0.0,2,False,83.33333333333334,False,False,88.88888888888889,0.6666666666666667,66.66666666666667,70.55555555555556,LOW,1,LOW,"LOW (driven by price+cr_profile; price_level=LOW, pattern_level=NORMAL, cr_profile_level=LOW)",1
2020-2601-9-10244-1,2020-2601-9-10244,2020-06-15,2020,2020-06,8471300000,847130000000,847130,84,Portable laptop computers,Portable laptop computers,CR_HASH_027,Re-export,EX,BH,BH,AE,BH,BH,AE,AE,NMB,2.48,6270.504032258064,price_per_item,15550.85,41358.64,2.48,117.16,135.06,8.743771482414067,9.057918359570245,1.044460022767316,7.958447179146432,9.968345476103027,2.009898296956594,4.943599733711541,12.983192921537917,False,-0.20286957963107757,0.20286957963107757,NORMAL,5.0,0.005241090146750524,5.251225759014186,51.700506150822136,5.0,0.005241090146750524,5.251225759014186,47.13660531805522,5.0,1.0,0.0,1.0,1.0,0.0,42.348064936730395,NORMAL,0,0.0,-0.04432417335905504,1.1081043339763759,1.0,0.0,2,False,83.33333333333334,False,True,80.0,0.9166666666666666,91.66666666666666,48.72116985022507,LOW,1,NORMAL,"NORMAL (price_level=NORMAL, pattern_level=NORMAL, cr_profile_level=LOW)",0
2020-2701-3-10008-1,2020-2701-3-10008,2020-06-15,2020,2020-06,102211000,102211000000,102211,10,"Live cattle, pure-bred breeding","Live cattle, pure-bred breeding",CR_HASH_008,Re-export,EX,BH,BH,CN,BH,BH,CN,CN,NMB,1.9,19645.91052631579,price_per_item,37327.23,99274.56,1.9,47.96,54.63,9.885675379812364,9.549317841384953,0.6971436999939566,8.846103941045365,10.18755556601122,1.3414516249658544,6.833926503596584,12.19973300346,False,0.3254279591876811,0.3254279591876811,NORMAL,11.0,0.011530398322851153,4.462768398649916,28.038772365976683,11.0,0.011530398322851153,4.462768398649916,21.2390343034744,9.0,1.2222222222222223,0.4409585518440984,2.0,1.6363636363636362,40.49586776859504,27.527428354493637,NORMAL,0,0.0,0.05297390859779671,1.3243477149449177,1.0,0.0,2,False,83.33333333333334,False,False,46.15384615384615,0.8461538461538461,84.61538461538461,28.92506016176918,NORMAL,0,NORMAL,"NORMAL (price_level=NORMAL, pattern_level=NORMAL, cr_profile_level=NORMAL)",0
2020-2501-5-10820-1,2020-2501-5-10820,2020-06-15,2020,2020-06,1006301000,100630100000,100630,10,Long-grain milled rice,Long-grain milled rice,CR_HASH_028,Re-export,EX,BH,BH,CN,BH,BH,CN,CN,KGM,4826.84,0.2857604561162168,price_per_kg,1379.32,3668.4,2.52,4826.84,5510.53,0.25135033794875933,0.2942812331971436,0.07865143426710039,0.2366195387420564,0.39544094305664584,0.15882140431458944,-0.0016125677298277352,0.63367304952853,False,-0.36816228986691557,0.36816228986691557,NORMAL,7.0,0.007337526205450734,4.9147535223929735,41.6029195353019,7.0,0.007337526205450734,4.9147535223929735,36.084880671453035,5.0,1.4,0.5477225575051661,2.0,1.4285714285714286,27.27272727272728,37.522077093568605,NORMAL,0,0.0,-0.6996218260306332,17.490545650765828,1.0,0.0,1,True,91.66666666666666,False,True,83.33333333333334,0.8333333333333334,83.33333333333334,63.62169097776804,LOW,1,NORMAL,"NORMAL (price_level=NORMAL, pattern_level=NORMAL, cr_profile_level=LOW)",0
2020-2701-3-10071-1,2020-2701-3-10071,2020-06-16,2020,2020-06,6109100000,610910000000,610910,61,Cotton t-shirts,Cotton t-shirts,CR_HASH_043,Import,IM,AE,AE,BH,AE,AE,BH,AE,NMB,0.53,527.132075471698,price_per_item,279.38,743.04,0.53,276.24,323.87,6.269346395364555,4.644105600231562,0.7882174659262975,3.8927224589349843,5.444558727344917,1.5518362684099332,1.5649680563200845,7.772313129959818,False,1.3907455056877658,1.3907455056877658,NORMAL,10.0,0.010482180293501049,4.558078578454241,30.899046383171186,9.0,0.009433962264150943,4.663439094112067,27.830238657093965,8.0,1.25,0.4629100498862757,2.0,1.6,38.181818181818194,30.91737944884121,NORMAL,0,0.0,4.366374029238079,100.0,1.0,0.0,1,True,91.66666666666666,False,True,63.63636363636363,1.0,100.0,90.9090909090909,HIGH,1,HIGH,"HIGH (driven by cr_profile; price_level=NORMAL, pattern_level=NORMAL, cr_profile_level=HIGH)",1
2020-2801-8-10525-1,2020-2801-8-10525,2020-06-16,2020,2020-06,1006301000,100630100000,100630,10,Long-grain milled rice,Long-grain milled rice,CR_HASH_028,Import,IM,US,US,BH,US,US,BH,US,KGM,2307.65,0.424878122765584,price_per_kg,980.47,2607.64,3.7,2307.65,2657.3,0.35408628217909516,0.32869838978139143,0.06767869107876259,0.270176176769005,0.39860128498662895,0.12842510821762393,0.07753851444256912,0.5912389473130648,False,0.25301758281508346,0.25301758281508346,NORMAL,8.0,0.008385744234800839,4.781222129768451,37.595620697047174,7.0,0.007337526205450734,4.9147535223929735,36.084880671453035,5.0,1.6,0.5477225575051662,2.0,1.25,15.909090909090912,33.81388221989579,NORMAL,0,0.0,0.22487204137979414,5.621801034494854,1.0,0.0,1,True,91.66666666666666,False,True,85.71428571428572,0.7142857142857143,71.42857142857143,57.68191607635892,LOW,1,NORMAL,"NORMAL (price_level=NORMAL, pattern_level=NORMAL, cr_profile_level=LOW)",0
2020-2801-6-10919-1,2020-2801-6-10919,2020-06-17,2020,2020-06,2710192100,271019210000,271019,27,Gas oils for diesel engines,Gas oils for diesel engines,CR_HASH_009,Import,IM,JP,US,BH,JP,US,BH,JP,LTR,7604.99,0.4989947389805904,price_per_liter_gross_weight,3794.85,10092.68,4.95,6731.83,7604.99,0.40479470942823786,0.26355592811875056,0.07105600884335336,0.1979668243457394,0.33634243682655873,0.13837561248081934,-0.009596594375489625,0.5439058555477878,False,1.3406924259283939,1.3406924259283939,NORMAL,7.0,0.007337526205450734,4.9147535223929735,41.6029195353019,1.0,0.0010482180293501049,6.860663671448286,100.0,6.0,1.1666666666666667,0.408248290463863,2.0,1.7142857142857142,45.45454545454546,62.619641585832774,LOW,1,0.0,1.3657360931640161,34.143402329100404,1.0,0.0,2,False,83.33333333333334,True,True,100.0,0.9090909090909091,90.9090909090909,75.13200899700333,MEDIUM,1,MEDIUM,"MEDIUM (driven by pattern+cr_profile; price_level=NORMAL, pattern_level=LOW, cr_profile_level=MEDIUM)",1
2020-2801-3-10707-1,2020-2801-3-10707,2020-06-17,2020,2020-06,102211000,102211000000,102211,10,"Live cattle, pure-bred breeding","Live cattle, pure-bred breeding",CR_HASH_030,,,DE,BH,IN,DE,BH,IN,,NMB,3.54,4947.62429378531,price_per_item,17514.59,46581.36,3.54,187.01,211.06,8.50686489648828,8.50686489648828,0.0,8.50686489648828,8.50686489648828,0.0,8.50686489648828,8.50686489648828,False,0.0,0.0,NORMAL,,,,0.0,,,,0.0,,,,,,0.0,0.0,NORMAL,0,0.0,-0.8030663395317977,20.076658488294942,1.0,0.0,1,True,91.66666666666666,False,False,0.0,0.875,87.5,34.52683047090323,NORMAL,0,NORMAL,"NORMAL (price_level=NORMAL, pattern_level=NORMAL, cr_profile_level=NORMAL)",0
2020-2601-6-10065-1,2020-2601-6-10065,2020-06-17,2020,2020-06,6109100000,610910000000,610910,61,Cotton t-shirts,Cotton t-shirts,CR_HASH_029,,,US,BH,SA,US,BH,SA,,NMB,4.52,81.3561946902655,price_per_item,367.73,978.0,4.52,670.28,788.85,4.411053677719979,4.411053677719979,0.0,4.411053677719979,4.411053677719979,0.0,4.411053677719979,4.411053677719979,False,0.0,0.0,NORMAL,,,,0.0,,,,0.0,,,,,,0.0,0.0,NORMAL,0,0.0,-0.24277531871982766,6.069382967995692,1.0,0.0,2,False,83.33333333333334,False,False,0.0,0.8888888888888888,88.88888888888889,19.90206181657627,NORMAL,0,NORMAL,"NORMAL (price_level=NORMAL, pattern_level=NORMAL, cr_profile_level=NORMAL)",0
2020-2601-4-10846-1,2020-2601-4-10846,2020-06-18,2020,2020-06,8703221000,870322100000,870322,87,Passenger cars 1000-1500cc,Passenger cars 1000-1500cc,CR_HASH_021,Import,IM,SA,SA,BH,SA,SA,BH,SA,NMB,2.43,504590.95473251026,price_per_item,1226156.02,3261053.25,2.43,174.91,192.49,13.131505371210444,12.339741490828857,0.5298577154310848,11.445675964067552,12.647064860424424,1.201388896356871,9.643592619532246,14.44914820495973,False,1.007888354650508,1.007888354650508,NORMAL,5.0,0.005241090146750524,5.251225759014186,51.700506150822136,4.0,0.0041928721174004195,5.474369310328396,54.46595026060942,4.0,1.25,0.5,2.0,1.6,38.181818181818194,50.64060839389709,LOW,1,4.991180103983432,1.574884543300126,100.0,3.0,50.0,3,False,75.0,False,False,90.9090909090909,0.6666666666666667,66.66666666666667,76.06060606060606,MEDIUM,1,MEDIUM,"MEDIUM (driven by pattern+cr_profile; price_level=NORMAL, pattern_level=LOW, cr_profile_level=MEDIUM)",1
2020-2501-8-10203-1,2020-2501-8-10203,2020-06-18,2020,2020-06,8504400090,850440009000,850440,85,Static converters,Static converters,CR_HASH_022,Import,IM,CN,CN,BH,CN,CN,BH,CN,NMB,1.6,5521.443749999999,price_per_item,8834.31,23495.5,1.6,115.42,134.82,8.616575749638052,7.466827051260017,0.5715840105867187,6.914775863803976,8.032836322465545,1.11806045866157,5.23768517581162,9.7099270104579,False,1.3567469670472392,1.3567469670472392,NORMAL,19.0,0.019916142557651992,3.916224692281846,11.63690673320574,15.0,0.015723270440251572,4.152613470346076,11.051724646602178,9.0,2.111111111111111,0.9279607271383371,4.0,1.894736842105263,56.9377990430622,18.22722684937296,NORMAL,0,0.0,2.6910505500739768,67.27626375184941,1.0,0.0,1,True,91.66666666666666,False,True,50.0,0.75,75.0,71.04669231314729,LOW,1,NORMAL,"NORMAL (price_level=NORMAL, pattern_level=NORMAL, cr_profile_level=LOW)",0
2020-2501-7-10502-1,2020-2501-7-10502,2020-06-18,2020,2020-06,8703221000,870322100000,870322,87,Passenger cars 1000-1500cc,Passenger cars 1000-1500cc,CR_HASH_029,Re-export,EX,BH,BH,AE,BH,BH,AE,AE,NMB,4.88,30215.89549180328,price_per_item,147453.57,392163.74,4.88,450.3,506.18,10.316156500298236,12.004283802979177,0.6624296738554509,11.2719045323345,12.594725507248622,1.3228209749141229,9.287673069963315,14.578956969619806,False,-1.7188636189128574,1.7188636189128574,NORMAL,2.0,0.0020964360587002098,6.1675164908883415,79.19854023234907,2.0,0.0020964360587002098,6.1675164908883415,77.23297513030472,2.0,1.0,0.0,1.0,1.0,0.0,66.6308114117812,LOW,1,0.0,-1.026629952877783,25.66574882194457,1.0,0.0,1,True,91.66666666666666,True,True,100.0,1.0,100.0,83.9830120876806,MEDIUM,1,MEDIUM,"MEDIUM (driven by pattern+cr_profile; price_level=NORMAL, pattern_level=LOW, cr_profile_level=MEDIUM)",1
2020-2501-3-10113-1,2020-2501-3-10113,2020-06-18,2020,2020-06,8517120000,851712000000,851712,85,Cellular telephones,Cellular telephones,CR_HASH_007,Re-export,EX,BH,BH,CN,BH,BH,CN,CN,NMB,2.31,28426.38528138528,price_per_item,65664.95,174640.83,2.31,406.41,442.26,10.255108230010489,8.864077348542533,0.8102493638708186,8.21372138236038,9.675589371385747,1.461867989025368,6.020919398822327,11.8683913549238,False,1.1579613851400763,1.1579613851400763,NORMAL,5.0,0.005241090146750524,5.251225759014186,51.700506150822136,5.0,0.005241090146750524,5.251225759014186,47.13660531805522,5.0,1.0,0.0,1.0,1.0,0.0,42.348064936730395,NORMAL,0,0.0,2.0955469681129455,52.38867420282364,1.0,0.0,2,False,83.33333333333334,False,True,70.0,0.9,90.0,63.83603597098827,LOW,1,NORMAL,"NORMAL (price_level=NORMAL, pattern_level=NORMAL, cr_profile_level=LOW)",0
2020-2801-7-10697-1,2020-2801-7-10697,2020-06-18,2020,2020-06,2710192100,271019210000,271019,27,Gas oils for diesel engines,Gas oils for diesel engines,CR_HASH_003,Re-export,EX,BH,BH,AE,BH,BH,AE,AE,LTR,9080.5,0.17069764880788502,price_per_liter_gross_weight,1550.02,4122.39,4.37,8229.2,9080.5,0.15759985213714817,0.2773855677315066,0.0779894680702432,0.16396900989912072,0.33244641877019565,0.16847740887107493,-0.08874710340749165,0.585162532076808,False,-1.0359649871302716,1.0359649871302716,NORMAL,8.0,0.008385744234800839,4.781222129768451,37.595620697047174,8.0,0.008385744234800839,4.781222129768451,31.698925390914113,6.0,1.3333333333333333,0.5163977794943222,2.0,1.5,31.818181818181824,34.665161508070796,NORMAL,0,0.0,-0.8429650098598359,21.074125246495896,1.0,0.0,2,False,83.33333333333334,False,True,87.5,0.875,87.5,56.750943836273564,LOW,1,NORMAL,"NORMAL (price_level=NORMAL, pattern_level=NORMAL, cr_profile_level=LOW)",0
2020-2501-3-10449-1,2020-2501-3-10449,2020-06-18,2020,2020-06,8471300000,847130000000,847130,84,Portable laptop computers,Portable laptop computers,CR_HASH_047,Import,IM,CN,CN,BH,CN,CN,BH,CN,NMB,1.79,12529.41340782123,price_per_item,22427.65,59648.0,1.79,233.74,245.62,9.435914040787281,8.71824987064452,0.6999612932513521,7.750041925937837,9.126895264901794,1.376853338963957,5.684761917491901,11.192175273347729,False,0.6915494554281147,0.6915494554281147,NORMAL,21.0,0.0220125786163522,3.8161412337248635,8.633385843315326,15.0,0.015723270440251572,4.152613470346076,11.051724646602178,10.0,2.1,1.449137674618944,5.0,2.380952380952381,87.87878787878789,21.36661472978661,NORMAL,0,0.0,0.9776297345557187,24.440743363892967,1.0,0.0,3,False,75.0,False,True,83.33333333333334,0.8461538461538461,84.61538461538461,56.3106704337728,LOW,1,NORMAL,"NORMAL (price_level=NORMAL, pattern_level=NORMAL, cr_profile_level=LOW)",0
2020-2501-8-10424-1,2020-2501-8-10424,2020-06-19,2020,2020-06,8703221000,870322100000,870322,87,Passenger cars 1000-1500cc,Passenger cars 1000-1500cc,CR_HASH_041,Re-export,EX,BH,BH,IN,BH,BH,IN,IN,NMB,1.1,330816.65454545454,price_per_item,363898.32,967814.68,1.1,322.83,361.39,12.709322609950194,12.004283802979177,0.6624296738554509,11.2719045323345,12.594725507248622,1.3228209749141229,9.287673069963315,14.578956969619806,False,0.7178756917796554,0.7178756917796554,NORMAL,4.0,0.0041928721174004195,5.474369310328396,58.39708046469813,4.0,0.0041928721174004195,5.474369310328396,54.46595026060942,4.0,1.0,0.0,1.0,1.0,0.0,48.26162282356236,LOW,1,0.0,0.5985279683449627,14.963199208624067,1.0,0.0,1,True,91.66666666666666,False,True,66.66666666666667,1.0,100.0,61.903786389685095,LOW,1,LOW,"LOW (driven by pattern+cr_profile; price_level=NORMAL, pattern_level=LOW, cr_profile_level=LOW)",1
2020-2501-9-10290-1,2020-2501-9-10290,2020-06-19,2020,2020-06,1006301000,100630100000,100630,10,Long-grain milled rice,Long-grain milled rice,CR_HASH_033,Import,IM,US,US,BH,US,US,BH,US,KGM,4900.15,0.3271205983490302,price_per_kg,1602.94,4263.13,2.03,4900.15,5155.54,0.28301163166457416,0.32869838978139143,0.06767869107876259,0.270176176769005,0.39860128498662895,0.12842510821762393,0.07753851444256912,0.5912389473130648,False,-0.4553175554824722,0.4553175554824722,NORMAL,8.0,0.008385744234800839,4.781222129768451,37.595620697047174,7.0,0.007337526205450734,4.9147535223929735,36.084880671453035,5.0,1.6,0.5477225575051662,2.0,1.25,15.909090909090912,33.81388221989579,NORMAL,0,0.0,-0.3945116800830808,9.86279200207702,1.0,0.0,2,False,83.33333333333334,False,True,94.11764705882352,0.9411764705882353,94.11764705882352,55.804918377197545,LOW,1,NORMAL,"NORMAL (price_level=NORMAL, pattern_level=NORMAL, cr_profile_level=LOW)",0
2020-2601-9-10036-1,2020-2601-9-10036,2020-06-19,2020,2020-06,102211000,102211000000,102211,10,"Live cattle, pure-bred breeding","Live cattle, pure-bred breeding",CR_HASH_003,Import,IM,AE,US,BH,AE,US,BH,AE,NMB,0.99,66935.33333333333,price_per_item,66265.98,176239.32,0.99,546.89,577.27,11.111497197844315,10.013369334439131,0.6855679350518233,9.327801399387308,10.638440798004723,1.3106393986174147,7.361842301461186,12.604399895930845,False,1.0803846835902322,1.0803846835902322,NORMAL,11.0,0.011530398322851153,4.462768398649916,28.038772365976683,2.0,0.0020964360587002098,6.1675164908883415,77.23297513030472,8.0,1.375,0.7440238091428449,3.0,2.1818181818181817,75.20661157024794,52.331919214132185,LOW,1,0.0,2.9336550782267747,73.34137695566938,1.0,0.0,2,False,83.33333333333334,False,True,77.77777777777779,0.7777777777777778,77.77777777777779,70.66948193448428,LOW,1,LOW,"LOW (driven by pattern+cr_profile; price_level=NORMAL, pattern_level=LOW, cr_profile_level=LOW)",1
2020-2701-9-10691-1,2020-2701-9-10691,2020-06-19,2020,2020-06,8471300000,847130000000,847130,84,Portable laptop computers,Portable laptop computers,CR_HASH_008,Import,IM,CN,CN,BH,CN,CN,BH,CN,NMB,2.97,7051.363636363636,price_per_item,20942.55,55698.28,2.97,524.93,602.88,8.861118107186012,8.71824987064452,0.6999612932513521,7.750041925937837,9.126895264901794,1.376853338963957,5.684761917491901,11.192175273347729,False,0.1376694772968673,0.1376694772968673,NORMAL,21.0,0.0220125786163522,3.8161412337248635,8.633385843315326,15.0,0.015723270440251572,4.152613470346076,11.051724646602178,10.0,2.1,1.449137674618944,5.0,2.380952380952381,87.87878787878789,21.36661472978661,NORMAL,0,0.0,0.13465096006661573,3.3662740016653934,1.0,0.0,2,False,83.33333333333334,False,True,42.85714285714286,0.9285714285714286,92.85714285714286,40.46391018629718,LOW,1,NORMAL,"NORMAL (price_level=NORMAL, pattern_level=NORMAL, cr_profile_level=LOW)",0
2020-2801-2-10936-1,2020-2801-2-10936,2020-06-20,2020,2020-06,102211000,102211000000,102211,10,"Live cattle, pure-bred breeding","Live cattle, pure-bred breeding",CR_HASH_024,Re-export,EX,BH,BH,AE,BH,BH,AE,AE,NMB,3.97,6225.604534005038,price_per_item,24715.65,65733.12,3.97,106.91,113.21,8.73658644458609,9.549317841384953,0.6971436999939566,8.846103941045365,10.18755556601122,1.3414516249658544,6.833926503596584,12.19973300346,False,-0.786322557432695,0.786322557432695,NORMAL,3.0,0.0031446540880503146,5.762051382780177,67.03046630801344,3.0,0.0031446540880503146,5.762051382780177,63.915119328547,3.0,1.0,0.0,1.0,1.0,0.0,55.88552491899817,LOW,1,0.0,-0.7302613233065901,18.256533082664752,1.0,0.0,1,True,91.66666666666666,False,True,90.9090909090909,0.8461538461538461,84.61538461538461,66.04013622928231,LOW,1,LOW,"LOW (driven by pattern+cr_profile; price_level=NORMAL, pattern_level=LOW, cr_profile_level=LOW)",1
2020-2801-4-10274-1,2020-2801-4-10274,2020-06-20,2020,2020-06,1006301000,100630100000,100630,10,Long-grain milled rice,Long-grain milled rice,CR_HASH_041,Re-export,EX,BH,BH,DE,BH,BH,DE,DE,KGM,3551.85,0.18423919929051058,price_per_kg,654.39,1740.41,1.52,3551.85,3774.72,0.1691005424850194,0.2942812331971436,0.07865143426710039,0.2366195387420564,0.39544094305664584,0.15882140431458944,-0.0016125677298277352,0.63367304952853,False,-1.0735114996567017,1.0735114996567017,NORMAL,1.0,0.0010482180293501049,6.860663671448286,100.0,1.0,0.0010482180293501049,6.860663671448286,100.0,1.0,1.0,0.0,1.0,1.0,0.0,85.0,HIGH,1,-21.12807586917556,-1.4299154232541773,100.0,1.0,0.0,4,False,66.66666666666666,False,False,85.71428571428572,0.4285714285714286,42.85714285714286,65.0,LOW,1,HIGH,"HIGH (driven by pattern+cr_profile; price_level=NORMAL, pattern_level=HIGH, cr_profile_level=LOW)",1
2020-2701-1-10768-1,2020-2701-1-10768,2020-06-20,2020,2020-06,8703221000,870322100000,870322,87,Passenger cars 1000-1500cc,Passenger cars 1000-1500cc,CR_HASH_027,Import,IM,US,US,BH,US,US,BH,US,NMB,3.47,310848.7204610951,price_per_item,1078645.06,2868736.85,3.47,807.16,904.62,12.647064860424424,12.339741490828857,0.5298577154310848,11.445675964067552,12.647064860424424,1.201388896356871,9.643592619532246,14.44914820495973,False,0.3912121441786964,0.3912121441786964,NORMAL,10.0,0.010482180293501049,4.558078578454241,30.899046383171186,8.0,0.008385744234800839,4.781222129768451,31.698925390914113,7.0,1.4285714285714286,0.5345224838248488,2.0,1.4,25.454545454545453,30.362328896587346,NORMAL,0,0.0,0.5292855868821922,13.232139672054805,1.0,0.0,1,True,91.66666666666666,True,True,100.0,1.0,100.0,79.63124888521918,MEDIUM,1,LOW,"LOW (driven by cr_profile; price_level=NORMAL, pattern_level=NORMAL, cr_profile_level=MEDIUM)",1
2020-2701-7-10951-1,2020-2701-7-10951,2020-06-20,2020,2020-06,8703221000,870322100000,870322,87,Passenger cars 1000-1500cc,Passenger cars 1000-1500cc,CR_HASH_039,Import,IM,AE,AE,BH,AE,AE,BH,AE,NMB,1.71,86653.48538011695,price_per_item,148177.46,394089.0,1.71,60.38,69.83,11.36968405814467,12.339741490828857,0.5298577154310848,11.445675964067552,12.647064860424424,1.201388896356871,9.643592619532246,14.44914820495973,False,-1.234849952075809,1.234849952075809,NORMAL,7.0,0.007337526205450734,4.9147535223929735,41.6029195353019,6.0,0.006289308176100629,5.0689042022202315,41.148094458851695,5.0,1.4,0.5477225575051661,2.0,1.4285714285714286,27.27272727272728,39.294201919158134,NORMAL,0,0.0,-0.7224264911510836,18.06066227877709,1.0,0.0,1,True,91.66666666666666,False,True,60.0,1.0,100.0,61.32123179757198,LOW,1,NORMAL,"NORMAL (price_level=NORMAL, pattern_level=NORMAL, cr_profile_level=LOW)",0
2020-2501-4-10053-1,2020-2501-4-10053,2020-06-20,2020,2020-06,3923301000,392330100000,392330,39,Plastic bottles for packaging,Plastic bottles for packaging,CR_HASH_044,Re-export,EX,BH,BH,JP,BH,BH,JP,JP,NMB,2.21,2.1628959276018103,price_per_item,4.78,12.72,2.21,110.83,124.18,1.1514880407160575,2.008077055471865,0.7629623078147538,1.1201351912780924,2.51712417371907,1.3969889824409778,-0.9753482823833743,4.612607647380537,False,-0.7572607050232325,0.7572607050232325,NORMAL,4.0,0.0041928721174004195,5.474369310328396,58.39708046469813,4.0,0.0041928721174004195,5.474369310328396,54.46595026060942,2.0,2.0,0.0,2.0,1.0,0.0,48.26162282356236,LOW,1,0.0,-0.48589391371452584,12.147347842863146,1.0,0.0,3,False,75.0,False,True,88.88888888888889,0.7777777777777778,77.77777777777779,52.02934952277988,LOW,1,LOW,"LOW (driven by pattern+cr_profile; price_level=NORMAL, pattern_level=LOW, cr_profile_level=LOW)",1
2020-2701-4-10308-1,2020-2701-4-10308,2020-06-20,2020,2020-06,8504400090,850440009000,850440,85,Static converters,Static converters,CR_HASH_049,Import,IM,IN,IN,BH,IN,IN,BH,IN,NMB,2.79,6442.677419354838,price_per_item,17975.07,47806.05,2.79,763.49,891.34,8.770854683974166,7.466827051260017,0.5715840105867187,6.914775863803976,8.032836322465545,1.11806045866157,5.23768517581162,9.7099270104579,False,1.5388019470051113,1.5388019470051113,NORMAL,10.0,0.010482180293501049,4.558078578454241,30.899046383171186,7.0,0.007337526205450734,4.9147535223929735,36.084880671453035,6.0,1.6666666666666667,1.2110601416389966,4.0,2.4,89.0909090909091,41.44286779023052,NORMAL,0,0.0,3.1655782051825705,79.13945512956427,1.0,0.0,1,True,91.66666666666666,False,True,90.9090909090909,0.8333333333333334,83.33333333333334,87.09274868928688,HIGH,1,HIGH,"HIGH (driven by cr_profile; price_level=NORMAL, pattern_level=NORMAL, cr_profile_level=HIGH)",1
2020-2501-2-10043-1,2020-2501-2-10043,2020-06-21,2020,2020-06,8703221000,870322100000,870322,87,Passenger cars 1000-1500cc,Passenger cars 1000-1500cc,CR_HASH_048,,,AE,BH,CN,AE,BH,CN,,NMB,0.68,639056.3235294117,price_per_item,434558.3,1155740.16,0.68,239.83,253.11,13.367749437519876,13.367749437519876,0.0,13.367749437519876,13.367749437519876,0.0,13.367749437519876,13.367749437519876,False,0.0,0.0,NORMAL,,,,0.0,,,,0.0,,,,,,0.0,0.0,NORMAL,0,0.0,2.2609632403622117,56.524081009055294,1.0,0.0,2,False,83.33333333333334,False,False,0.0,0.9166666666666666,91.66666666666666,38.116761686502684,LOW,1,NORMAL,"NORMAL (price_level=NORMAL, pattern_level=NORMAL, cr_profile_level=LOW)",0
2020-2801-5-10410-1,2020-2801-5-10410,2020-06-22,2020,2020-06,1006301000,100630100000,100630,10,Long-grain milled rice,Long-grain milled rice,CR_HASH_027,Import,IM,AE,AE,BH,AE,AE,BH,AE,KGM,4496.69,0.5264005301677457,price_per_kg,2367.06,6295.37,0.71,4496.69,5124.84,0.4229123690439432,0.32869838978139143,0.06767869107876259,0.270176176769005,0.39860128498662895,0.12842510821762393,0.07753851444256912,0.5912389473130648,False,0.9389433721783584,0.9389433721783584,NORMAL,10.0,0.010482180293501049,4.558078578454241,30.899046383171186,7.0,0.007337526205450734,4.9147535223929735,36.084880671453035,8.0,1.25,0.4629100498862757,2.0,1.6,38.181818181818194,33.80650415386688,NORMAL,0,0.0,0.9598692018083879,23.996730045209695,1.0,0.0,2,False,83.33333333333334,False,True,75.0,0.9285714285714286,92.85714285714286,55.72028408725197,LOW,1,NORMAL,"NORMAL (price_level=NORMAL, pattern_level=NORMAL, cr_profile_level=LOW)",0
2020-2601-4-10210-1,2020-2601-4-10210,2020-06-22,2020,2020-06,6109100000,610910000000,610910,61,Cotton t-shirts,Cotton t-shirts,CR_HASH_035,Import,IM,JP,JP,BH,JP,JP,BH,JP,NMB,0.55,330.94545454545454,price_per_item,182.02,484.1,0.55,415.96,456.82,5.80497066188104,4.644105600231562,0.7882174659262975,3.8927224589349843,5.444558727344917,1.5518362684099332,1.5649680563200845,7.772313129959818,False,0.9933714881103823,0.9933714881103823,NORMAL,6.0,0.006289308176100629,5.0689042022202315,46.22900654036249,2.0,0.0020964360587002098,6.1675164908883415,77.23297513030472,4.0,1.5,1.0,3.0,2.0,63.63636363636365,59.69149911124244,LOW,1,0.0,2.3669704323490626,59.174260808726565,1.0,0.0,2,False,83.33333333333334,True,True,100.0,0.8,80.0,81.7109912830543,MEDIUM,1,MEDIUM,"MEDIUM (driven by pattern+cr_profile; price_level=NORMAL, pattern_level=LOW, cr_profile_level=MEDIUM)",1
2020-2501-6-10217-1,2020-2501-6-10217,2020-06-22,2020,2020-06,8517120000,851712000000,851712,85,Cellular telephones,Cellular telephones,CR_HASH_004,Import,IM,IN,IN,BH,IN,IN,BH,IN,NMB,1.54,3928.8246753246754,price_per_item,6050.39,16091.46,1.54,210.1,245.5,8.276350091991494,9.1609472788485,0.7778458576033893,8.086449359029473,9.737226953131787,1.6507775941023137,5.610282967876002,12.213393344285258,False,-0.7670576664538395,0.7670576664538395,NORMAL,9.0,0.009433962264150943,4.663439094112067,34.06093261602687,8.0,0.008385744234800839,4.781222129768451,31.698925390914113,6.0,1.5,0.5477225575051662,2.0,1.3333333333333333,21.21212121212121,31.306908376651556,NORMAL,0,0.0,-0.5689818640353048,14.22454660088262,1.0,0.0,1,True,91.66666666666666,True,True,100.0,0.8571428571428572,85.71428571428572,77.12144845316607,MEDIUM,1,LOW,"LOW (driven by cr_profile; price_level=NORMAL, pattern_level=NORMAL, cr_profile_level=MEDIUM)",1
2020-2801-3-10810-1,2020-2801-3-10810,2020-06-23,2020,2020-06,102211000,102211000000,102211,10,"Live cattle, pure-bred breeding","Live cattle, pure-bred breeding",CR_HASH_047,Import,IM,IN,US,BH,IN,US,BH,IN,NMB,4.84,2122.772727272727,price_per_item,10274.22,27325.06,4.84,69.58,79.92,7.660949374411037,10.013369334439131,0.6855679350518233,9.327801399387308,10.638440798004723,1.3106393986174147,7.361842301461186,12.604399895930845,False,-2.3144103513641006,2.3144103513641006,LOW,7.0,0.007337526205450734,4.9147535223929735,41.6029195353019,1.0,0.0010482180293501049,6.860663671448286,100.0,6.0,1.1666666666666667,0.408248290463863,2.0,1.7142857142857142,45.45454545454546,62.619641585832774,LOW,1,0.0,-0.9598976872752178,23.997442181880444,1.0,0.0,2,False,83.33333333333334,True,True,100.0,0.7857142857142857,78.57142857142857,69.11339047794387,LOW,1,LOW,"LOW (driven by price+pattern+cr_profile; price_level=LOW, pattern_level=LOW, cr_profile_level=LOW)",1
2020-2601-3-10939-1,2020-2601-3-10939,2020-06-23,2020,2020-06,8703221000,870322100000,870322,87,Passenger cars 1000-1500cc,Passenger cars 1000-1500cc,CR_HASH_029,Re-export,EX,BH,BH,SA,BH,BH,SA,SA,NMB,1.73,828263.8034682081,price_per_item,1432896.38,3810894.64,1.73,956.5,1139.15,13.627088193190717,12.004283802979177,0.6624296738554509,11.2719045323345,12.594725507248622,1.3228209749141229,9.287673069963315,14.578956969619806,False,1.652351349638634,1.652351349638634,NORMAL,5.0,0.005241090146750524,5.251225759014186,51.700506150822136,5.0,0.005241090146750524,5.251225759014186,47.13660531805522,5.0,1.0,0.0,1.0,1.0,0.0,42.348064936730395,NORMAL,0,0.0,3.2826385341034747,82.06596335258686,1.0,0.0,1,True,91.66666666666666,False,True,80.0,0.9090909090909091,90.9090909090909,86.90490535522358,HIGH,1,HIGH,"HIGH (driven by cr_profile; price_level=NORMAL, pattern_level=NORMAL, cr_profile_level=HIGH)",1
2020-2501-5-10868-1,2020-2501-5-10868,2020-06-23,2020,2020-06,102211000,102211000000,102211,10,"Live cattle, pure-bred breeding","Live cattle, pure-bred breeding",CR_HASH_043,Import,IM,US,US,BH,US,US,BH,US,NMB,4.29,16034.333333333332,price_per_item,68787.29,182944.92,4.29,295.54,348.79,9.68254989977108,10.013369334439131,0.6855679350518233,9.327801399387308,10.638440798004723,1.3106393986174147,7.361842301461186,12.604399895930845,False,-0.32547416576885896,0.32547416576885896,NORMAL,10.0,0.010482180293501049,4.558078578454241,30.899046383171186,7.0,0.007337526205450734,4.9147535223929735,36.084880671453035,7.0,1.4285714285714286,0.7867957924694432,3.0,2.1,70.00000000000001,38.579231426594156,NORMAL,0,0.0,-0.1524216804000222,3.8105420100005554,1.0,0.0,1,True,91.66666666666666,False,True,91.66666666666666,0.9166666666666666,91.66666666666666,62.58368970350019,LOW,1,NORMAL,"NORMAL (price_level=NORMAL, pattern_level=NORMAL, cr_profile_level=LOW)",0
2020-2701-6-10797-1,2020-2701-6-10797,2020-06-24,2020,2020-06,8471300000,847130000000,847130,84,Portable laptop computers,Portable laptop computers,CR_HASH_033,Import,IM,US,US,BH,US,US,BH,US,NMB,4.05,4547.222222222223,price_per_item,18416.25,48979.38,4.05,212.57,246.2,8.422491715203176,8.71824987064452,0.6999612932513521,7.750041925937837,9.126895264901794,1.376853338963957,5.684761917491901,11.192175273347729,False,-0.2849959630744824,0.2849959630744824,NORMAL,12.0,0.012578616352201259,4.375757021660286,25.427546772711544,10.0,0.010482180293501049,4.558078578454241,24.369580448359905,9.0,1.3333333333333333,0.5,2.0,1.5,31.818181818181824,26.015853816009013,NORMAL,0,0.0,-0.2910145240489536,7.2753631012238404,1.0,0.0,1,True,91.66666666666666,False,True,88.88888888888889,1.0,100.0,64.76859930765056,LOW,1,NORMAL,"NORMAL (price_level=NORMAL, pattern_level=NORMAL, cr_profile_level=LOW)",0
2020-2801-7-10647-1,2020-2801-7-10647,2020-06-24,2020,2020-06,8471300000,847130000000,847130,84,Portable laptop computers,Portable laptop computers,CR_HASH_009,Import,IM,IN,IN,BH,IN,IN,BH,IN,NMB,3.05,3385.8229508196723,price_per_item,10326.76,27464.8,3.05,31.01,35.63,8.1276475782952,8.71824987064452,0.6999612932513521,7.750041925937837,9.126895264901794,1.376853338963957,5.684761917491901,11.192175273347729,False,-0.5691111673688847,0.5691111673688847,NORMAL,5.0,0.005241090146750524,5.251225759014186,51.700506150822136,3.0,0.0031446540880503146,5.762051382780177,63.915119328547,5.0,1.0,0.0,1.0,1.0,0.0,48.22054484040252,LOW,1,0.0,-0.44907283871102377,11.226820967775595,1.0,0.0,3,False,75.0,False,True,91.66666666666666,0.8333333333333334,83.33333333333334,53.51272067205479,LOW,1,LOW,"LOW (driven by pattern+cr_profile; price_level=NORMAL, pattern_level=LOW, cr_profile_level=LOW)",1
2020-2701-9-10376-1,2020-2701-9-10376,2020-06-25,2020,2020-06,8504400090,850440009000,850440,85,Static converters,Static converters,CR_HASH_016,Import,IM,US,US,BH,US,US,BH,US,NMB,2.55,1443.8627450980393,price_per_item,3681.85,9792.16,2.55,54.36,57.11,7.275769609943746,7.466827051260017,0.5715840105867187,6.914775863803976,8.032836322465545,1.11806045866157,5.23768517581162,9.7099270104579,False,-0.22545500978025645,0.22545500978025645,NORMAL,14.0,0.014675052410901468,4.221606341833028,20.80145976765095,11.0,0.011530398322851153,4.462768398649916,21.2390343034744,9.0,1.5555555555555556,1.130388330520878,4.0,2.571428571428571,100.0,32.834391890041516,NORMAL,0,0.0,-0.17653663049658522,4.413415762414631,1.0,0.0,2,False,83.33333333333334,False,False,90.0,0.9,90.0,42.044695516845124,LOW,1,NORMAL,"NORMAL (price_level=NORMAL, pattern_level=NORMAL, cr_profile_level=LOW)",0
2020-2701-7-10032-1,2020-2701-7-10032,2020-06-25,2020,2020-06,6109100000,610910000000,610910,61,Cotton t-shirts,Cotton t-shirts,CR_HASH_025,Re-export,EX,BH,BH,AE,BH,BH,AE,AE,NMB,0.97,564.0824742268042,price_per_item,547.16,1455.2,0.97,1169.1,1287.28,6.336971692576392,4.610526181303967,0.7708500247178713,3.916293548711598,5.585818334387825,1.6695247856762268,1.412006370197258,8.090105512902165,False,1.510633076154197,1.510633076154197,NORMAL,6.0,0.006289308176100629,5.0689042022202315,46.22900654036249,6.0,0.006289308176100629,5.0689042022202315,41.148094458851695,4.0,1.5,0.5773502691896257,2.0,1.3333333333333333,21.21212121212121,40.69815451259752,NORMAL,0,0.0,4.675787483699579,100.0,1.0,0.0,2,False,83.33333333333334,False,True,88.88888888888889,0.7777777777777778,77.77777777777779,82.77777777777777,MEDIUM,1,LOW,"LOW (driven by cr_profile; price_level=NORMAL, pattern_level=NORMAL, cr_profile_level=MEDIUM)",1
2020-2801-5-10377-1,2020-2801-5-10377,2020-06-26,2020,2020-06,8517120000,851712000000,851712,85,Cellular telephones,Cellular telephones,CR_HASH_044,Re-export,EX,BH,BH,US,BH,BH,US,US,NMB,3.32,15943.225903614459,price_per_item,52931.51,140775.29,3.32,1054.8,1127.18,9.676852030358141,8.864077348542533,0.8102493638708186,8.21372138236038,9.675589371385747,1.461867989025368,6.020919398822327,11.8683913549238,False,0.6765929562748295,0.6765929562748295,NORMAL,4.0,0.0041928721174004195,5.474369310328396,58.39708046469813,4.0,0.0041928721174004195,5.474369310328396,54.46595026060942,4.0,1.0,0.0,1.0,1.0,0.0,48.26162282356236,LOW,1,0.0,0.740720847222082,18.51802118055205,1.0,0.0,3,False,75.0,False,True,90.0,0.8,80.0,54.98130741319322,LOW,1,LOW,"LOW (driven by pattern+cr_profile; price_level=NORMAL, pattern_level=LOW, cr_profile_level=LOW)",1
2020-2701-6-10360-1,2020-2701-6-10360,2020-06-26,2020,2020-06,8517120000,851712000000,851712,85,Cellular telephones,Cellular telephones,CR_HASH_049,Import,IM,CN,AE,BH,CN,AE,BH,CN,NMB,4.1,12829.926829268294,price_per_item,52602.7,139900.8,4.1,140.42,159.98,9.459613694226455,9.1609472788485,0.7778458576033893,8.086449359029473,9.737226953131787,1.6507775941023137,5.610282967876002,12.213393344285258,False,0.2589815647525682,0.2589815647525682,NORMAL,22.0,0.023060796645702306,3.769621218089971,7.2373125983257305,1.0,0.0010482180293501049,6.860663671448286,100.0,10.0,2.2,0.7888106377466155,3.0,1.3636363636363635,23.140495867768593,42.089730679328156,NORMAL,0,0.0,0.4019136512193863,10.047841280484658,1.0,0.0,3,False,75.0,False,True,83.33333333333334,0.7692307692307692,76.92307692307692,49.73469316611835,LOW,1,NORMAL,"NORMAL (price_level=NORMAL, pattern_level=NORMAL, cr_profile_level=LOW)",0
2020-2701-3-10831-1,2020-2701-3-10831,2020-06-26,2020,2020-06,9018390000,901839000000,901839,90,Medical syringes and needles,Medical syringes and needles,CR_HASH_001,Re-export,EX,BH,BH,AE,BH,BH,AE,AE,NMB,3.47,2.590778097982709,price_per_item,8.99,23.92,3.47,224.11,247.2,1.2783689194005392,1.4183722013465883,0.34031158648964543,0.9528936868330796,1.614923227688858,0.6620295408557785,-0.040150624450588146,2.6079675389725256,False,-0.27748370528042465,0.27748370528042465,NORMAL,3.0,0.0031446540880503146,5.762051382780177,67.03046630801344,3.0,0.0031446540880503146,5.762051382780177,63.915119328547,3.0,1.0,0.0,1.0,1.0,0.0,55.88552491899817,LOW,1,0.0,-0.09767324315395441,2.4418310788488604,1.0,0.0,3,False,75.0,False,False,77.77777777777779,0.7777777777777778,77.77777777777779,35.854640877597106,LOW,1,LOW,"LOW (driven by pattern+cr_profile; price_level=NORMAL, pattern_level=LOW, cr_profile_level=LOW)",1
2020-2701-5-10865-1,2020-2701-5-10865,2020-06-27,2020,2020-06,8517120000,851712000000,851712,85,Cellular telephones,Cellular telephones,CR_HASH_020,Re-export,EX,BH,BH,DE,BH,BH,DE,DE,NMB,3.16,16140.189873417721,price_per_item,51003.0,135646.28,3.16,917.67,974.09,9.689129661127529,8.864077348542533,0.8102493638708186,8.21372138236038,9.675589371385747,1.461867989025368,6.020919398822327,11.8683913549238,False,0.6868134499542765,0.6868134499542765,NORMAL,2.0,0.0020964360587002098,6.1675164908883415,79.19854023234907,2.0,0.0020964360587002098,6.1675164908883415,77.23297513030472,2.0,1.0,0.0,1.0,1.0,0.0,66.6308114117812,LOW,1,0.0,0.7727242506181811,19.318106265454528,1.0,0.0,2,False,83.33333333333334,False,False,80.0,0.8181818181818181,81.81818181818181,43.12497355654545,LOW,1,LOW,"LOW (driven by pattern+cr_profile; price_level=NORMAL, pattern_level=LOW, cr_profile_level=LOW)",1
2020-2501-2-10922-1,2020-2501-2-10922,2020-06-28,2020,2020-06,2710192100,271019210000,271019,27,Gas oils for diesel engines,Gas oils for diesel engines,CR_HASH_020,Import,IM,AE,AE,BH,AE,AE,BH,AE,LTR,5063.78,1.1542326088416164,price_per_liter_gross_weight,5844.78,15544.64,3.77,4412.58,5063.78,0.7674345621524389,0.26355592811875056,0.07105600884335336,0.1979668243457394,0.33634243682655873,0.13837561248081934,-0.009596594375489625,0.5439058555477878,True,4.783008335053745,4.783008335053745,MEDIUM,12.0,0.012578616352201259,4.375757021660286,25.427546772711544,10.0,0.010482180293501049,4.558078578454241,24.369580448359905,7.0,1.7142857142857142,0.7559289460184544,3.0,1.75,47.727272727272734,28.40221745237265,NORMAL,0,0.0,5.828801381717246,100.0,1.0,0.0,2,False,83.33333333333334,False,True,90.9090909090909,0.9166666666666666,91.66666666666666,86.06060606060606,HIGH,1,HIGH,"HIGH (driven by price+cr_profile; price_level=MEDIUM, pattern_level=NORMAL, cr_profile_level=HIGH)",1
2020-2501-2-10413-1,2020-2501-2-10413,2020-06-28,2020,2020-06,8703221000,870322100000,870322,87,Passenger cars 1000-1500cc,Passenger cars 1000-1500cc,CR_HASH_038,Re-export,EX,BH,BH,US,BH,BH,US,US,NMB,2.46,108816.93902439025,price_per_item,267689.67,711940.62,2.46,175.79,190.58,11.597431480551526,12.004283802979177,0.6624296738554509,11.2719045323345,12.594725507248622,1.3228209749141229,9.287673069963315,14.578956969619806,False,-0.4142600230329116,0.4142600230329116,NORMAL,8.0,0.008385744234800839,4.781222129768451,37.595620697047174,8.0,0.008385744234800839,4.781222129768451,31.698925390914113,7.0,1.1428571428571428,0.3779644730092272,2.0,1.75,47.727272727272734,37.051525144434436,NORMAL,0,0.0,-0.597385176252575,14.934629406314375,1.0,0.0,2,False,83.33333333333334,True,True,100.0,0.8,80.0,66.22712029221003,LOW,1,NORMAL,"NORMAL (price_level=NORMAL, pattern_level=NORMAL, cr_profile_level=LOW)",0
2020-2801-2-10229-1,2020-2801-2-10229,2020-06-28,2020,2020-06,8471300000,847130000000,847130,84,Portable laptop computers,Portable laptop computers,CR_HASH_010,Re-export,EX,BH,BH,IN,BH,BH,IN,IN,NMB,2.99,305.3511705685618,price_per_item,913.0,2428.2,2.99,18.9,20.66,5.724732060181376,9.057918359570245,1.044460022767316,7.958447179146432,9.968345476103027,2.009898296956594,4.943599733711541,12.983192921537917,False,-2.1525030250512835,2.1525030250512835,LOW,3.0,0.0031446540880503146,5.762051382780177,67.03046630801344,3.0,0.0031446540880503146,5.762051382780177,63.915119328547,3.0,1.0,0.0,1.0,1.0,0.0,55.88552491899817,LOW,1,0.0,-0.9211318172325573,23.028295430813934,1.0,0.0,2,False,83.33333333333334,False,True,92.85714285714286,0.9333333333333333,93.33333333333333,59.940855781737255,LOW,1,LOW,"LOW (driven by price+pattern+cr_profile; price_level=LOW, pattern_level=LOW, cr_profile_level=LOW)",1
2020-2701-4-10456-1,2020-2701-4-10456,2020-06-28,2020,2020-06,2710192100,271019210000,271019,27,Gas oils for diesel engines,Gas oils for diesel engines,CR_HASH_022,Import,IM,AE,AE,BH,AE,AE,BH,AE,LTR,10715.95,0.22213056238597603,price_per_liter_gross_weight,2380.34,6330.69,3.04,9606.81,10715.95,0.20059569823845552,0.26355592811875056,0.07105600884335336,0.1979668243457394,0.33634243682655873,0.13837561248081934,-0.009596594375489625,0.5439058555477878,False,-0.5976425352344221,0.5976425352344221,NORMAL,12.0,0.012578616352201259,4.375757021660286,25.427546772711544,10.0,0.010482180293501049,4.558078578454241,24.369580448359905,7.0,1.7142857142857142,0.7559289460184544,3.0,1.75,47.727272727272734,28.40221745237265,NORMAL,0,0.0,-0.5197516239707687,12.993790599269218,1.0,0.0,1,True,91.66666666666666,False,True,60.0,1.0,100.0,59.54782670974423,LOW,1,NORMAL,"NORMAL (price_level=NORMAL, pattern_level=NORMAL, cr_profile_level=LOW)",0
2020-2701-5-10511-1,2020-2701-5-10511,2020-06-29,2020,2020-06,102211000,102211000000,102211,10,"Live cattle, pure-bred breeding","Live cattle, pure-bred breeding",CR_HASH_044,Re-export,EX,BH,BH,SA,BH,BH,SA,SA,NMB,4.85,13381.408247422682,price_per_item,64899.83,172605.93,4.85,697.01,806.65,9.501696306082827,9.549317841384953,0.6971436999939566,8.846103941045365,10.18755556601122,1.3414516249658544,6.833926503596584,12.19973300346,False,-0.04607412433570104,0.04607412433570104,NORMAL,5.0,0.005241090146750524,5.251225759014186,51.700506150822136,5.0,0.005241090146750524,5.251225759014186,47.13660531805522,4.0,1.25,0.5,2.0,1.6,38.181818181818194,48.07533766400312,LOW,1,0.0,-0.32239751998327665,8.059937999581916,1.0,0.0,2,False,83.33333333333334,False,True,90.9090909090909,0.7272727272727273,72.72727272727273,50.093705572580944,LOW,1,LOW,"LOW (driven by pattern+cr_profile; price_level=NORMAL, pattern_level=LOW, cr_profile_level=LOW)",1
2020-2801-4-10207-1,2020-2801-4-10207,2020-06-29,2020,2020-06,8517120000,851712000000,851712,85,Cellular telephones,Cellular telephones,CR_HASH_005,,,AE,BH,CN,AE,BH,CN,,NMB,1.42,9751.957746478874,price_per_item,13847.78,36829.2,1.42,715.88,857.63,9.18532587660119,9.18532587660119,0.0,9.18532587660119,9.18532587660119,0.0,9.18532587660119,9.18532587660119,False,0.0,0.0,NORMAL,,,,0.0,,,,0.0,,,,,,0.0,0.0,NORMAL,0,0.0,0.10373962126363818,2.5934905315909544,1.0,0.0,2,False,83.33333333333334,False,False,0.0,0.8,80.0,16.907721686056835,NORMAL,0,NORMAL,"NORMAL (price_level=NORMAL, pattern_level=NORMAL, cr_profile_level=NORMAL)",0
2020-2701-4-10852-1,2020-2701-4-10852,2020-06-29,2020,2020-06,9018390000,901839000000,901839,90,Medical syringes and needles,Medical syringes and needles,CR_HASH_040,Re-export,EX,BH,BH,SA,BH,BH,SA,SA,NMB,2.3,3.8260869565217397,price_per_item,8.8,23.4,2.3,486.49,536.94,1.5740359853831847,1.4183722013465883,0.34031158648964543,0.9528936868330796,1.614923227688858,0.6620295408557785,-0.040150624450588146,2.6079675389725256,False,0.30852250727302005,0.30852250727302005,NORMAL,6.0,0.006289308176100629,5.0689042022202315,46.22900654036249,6.0,0.006289308176100629,5.0689042022202315,41.148094458851695,6.0,1.0,0.0,1.0,1.0,0.0,37.51633633077934,NORMAL,0,0.0,0.4649489813211121,11.623724533027803,1.0,0.0,1,True,91.66666666666666,False,True,60.0,1.0,100.0,59.06830358655973,LOW,1,NORMAL,"NORMAL (price_level=NORMAL, pattern_level=NORMAL, cr_profile_level=LOW)",0
2020-2501-4-10185-1,2020-2501-4-10185,2020-06-30,2020,2020-06,1006301000,100630100000,100630,10,Long-grain milled rice,Long-grain milled rice,CR_HASH_002,Import,IM,SA,SA,BH,SA,SA,BH,SA,KGM,4718.27,2.7259991479928023,price_per_kg,12862.0,34207.46,3.26,4718.27,5487.44,1.3153350435139928,0.32869838978139143,0.06767869107876259,0.270176176769005,0.39860128498662895,0.12842510821762393,0.07753851444256912,0.5912389473130648,True,9.832892677092183,9.832892677092183,HIGH,11.0,0.011530398322851153,4.462768398649916,28.038772365976683,8.0,0.008385744234800839,4.781222129768451,31.698925390914113,9.0,1.2222222222222223,0.4409585518440984,2.0,1.6363636363636362,40.49586776859504,31.188390235097536,NORMAL,0,0.0,15.844433461608611,100.0,1.0,0.0,2,False,83.33333333333334,True,True,100.0,0.8888888888888888,88.88888888888889,97.77777777777777,HIGH,1,HIGH,"HIGH (driven by price+cr_profile; price_level=HIGH, pattern_level=NORMAL, cr_profile_level=HIGH)",1
2020-2801-3-10899-1,2020-2801-3-10899,2020-07-02,2020,2020-07,6109100000,610910000000,610910,61,Cotton t-shirts,Cotton t-shirts,CR_HASH_030,Import,IM,US,US,BH,US,US,BH,US,NMB,2.41,65.35684647302904,price_per_item,157.51,418.9,2.41,80.71,95.22,4.195046942689581,4.644105600231562,0.7882174659262975,3.8927224589349843,5.444558727344917,1.5518362684099332,1.5649680563200845,7.772313129959818,False,-0.38426694163530795,0.38426694163530795,NORMAL,13.0,0.013626834381551363,4.29571431398675,23.025452080470465,11.0,0.011530398322851153,4.462768398649916,21.2390343034744,10.0,1.3,0.48304589153964794,2.0,1.5384615384615383,34.26573426573426,24.086248186311412,NORMAL,0,0.0,-0.34016930215203467,8.504232553800867,1.0,0.0,2,False,83.33333333333334,True,True,100.0,0.7777777777777778,77.77777777777779,63.53203694938586,LOW,1,NORMAL,"NORMAL (price_level=NORMAL, pattern_level=NORMAL, cr_profile_level=LOW)",0
2020-2601-6-10864-1,2020-2601-6-10864,2020-07-03,2020,2020-07,1006301000,100630100000,100630,10,Long-grain milled rice,Long-grain milled rice,CR_HASH_030,Import,IM,CN,US,BH,CN,US,BH,CN,KGM,3402.09,0.48879953205235604,price_per_kg,1662.94,4422.72,1.53,3402.09,3914.65,0.397970112033896,0.32869838978139143,0.06767869107876259,0.270176176769005,0.39860128498662895,0.12842510821762393,0.07753851444256912,0.5912389473130648,False,0.6903670240603274,0.6903670240603274,NORMAL,25.0,0.02620545073375262,3.641787846580086,3.4010123016442515,2.0,0.0020964360587002098,6.1675164908883415,77.23297513030472,9.0,2.7777777777777777,1.6414763002993509,5.0,1.8,50.909090909090914,36.36841108279241,NORMAL,0,0.0,0.6745571754915228,16.86392938728807,1.0,0.0,2,False,83.33333333333334,False,True,88.88888888888889,0.8,80.0,54.124597507773046,LOW,1,NORMAL,"NORMAL (price_level=NORMAL, pattern_level=NORMAL, cr_profile_level=LOW)",0
2020-2501-7-10654-1,2020-2501-7-10654,2020-07-03,2020,2020-07,3923301000,392330100000,392330,39,Plastic bottles for packaging,Plastic bottles for packaging,CR_HASH_014,Import,IM,AE,AE,BH,AE,AE,BH,AE,NMB,3.62,0.20441988950276244,price_per_item,0.74,1.96,3.62,4.45,5.11,0.18599803152326327,1.6841288050356895,0.6442087840607709,1.0864174155799162,2.3469388358112164,1.2605214202313002,-0.8043647147670341,4.237720966158166,False,-1.5685526000625494,1.5685526000625494,NORMAL,13.0,0.013626834381551363,4.29571431398675,23.025452080470465,11.0,0.011530398322851153,4.462768398649916,21.2390343034744,7.0,1.8571428571428572,1.2149857925879117,4.0,2.1538461538461537,73.42657342657343,29.960374060437285,NORMAL,0,0.0,-0.8725236901407023,21.813092253517556,1.0,0.0,1,True,91.66666666666666,False,True,77.77777777777779,1.0,100.0,67.0790267331756,LOW,1,NORMAL,"NORMAL (price_level=NORMAL, pattern_level=NORMAL, cr_profile_level=LOW)",0
2020-2601-8-10030-1,2020-2601-8-10030,2020-07-03,2020,2020-07,2710192100,271019210000,271019,27,Gas oils for diesel engines,Gas oils for diesel engines,CR_HASH_003,Import,IM,US,US,BH,US,US,BH,US,LTR,1921.78,0.3951648992080259,price_per_liter_gross_weight,759.42,2019.74,1.81,1620.3,1921.78,0.3330126156049758,0.26355592811875056,0.07105600884335336,0.1979668243457394,0.33634243682655873,0.13837561248081934,-0.009596594375489625,0.5439058555477878,False,0.659309390660981,0.659309390660981,NORMAL,11.0,0.011530398322851153,4.462768398649916,28.038772365976683,11.0,0.011530398322851153,4.462768398649916,21.2390343034744,8.0,1.375,0.7440238091428449,3.0,2.1818181818181817,75.20661157024794,32.73403992474157,NORMAL,0,0.0,0.6079673350493592,15.199183376233979,2.0,25.0,3,False,75.0,False,True,70.0,0.8,80.0,51.31971418168189,LOW,1,NORMAL,"NORMAL (price_level=NORMAL, pattern_level=NORMAL, cr_profile_level=LOW)",0
2020-2701-7-10796-1,2020-2701-7-10796,2020-07-04,2020,2020-07,8471300000,847130000000,847130,84,Portable laptop computers,Portable laptop computers,CR_HASH_049,Import,IM,CN,CN,BH,CN,CN,BH,CN,NMB,3.25,239.0430769230769,price_per_item,776.89,2066.2,3.25,7.08,8.48,5.480818394415582,8.71824987064452,0.6999612932513521,7.750041925937837,9.126895264901794,1.376853338963957,5.684761917491901,11.192175273347729,True,-3.1196262367767336,3.1196262367767336,MEDIUM,21.0,0.0220125786163522,3.8161412337248635,8.633385843315326,15.0,0.015723270440251572,4.152613470346076,11.051724646602178,10.0,2.1,1.449137674618944,5.0,2.380952380952381,87.87878787878789,21.36661472978661,NORMAL,0,0.0,-0.9216531388946494,23.041328472366235,1.0,0.0,3,False,75.0,False,True,76.92307692307692,0.8571428571428572,85.71428571428572,54.43809133895456,LOW,1,MEDIUM,"MEDIUM (driven by price+cr_profile; price_level=MEDIUM, pattern_level=NORMAL, cr_profile_level=LOW)",1
2020-2601-9-10934-1,2020-2601-9-10934,2020-07-04,2020,2020-07,3923301000,392330100000,392330,39,Plastic bottles for packaging,Plastic bottles for packaging,CR_HASH_037,Import,IM,AE,AE,BH,AE,AE,BH,AE,NMB,2.08,2.3701923076923075,price_per_item,4.93,13.12,2.08,206.43,227.27,1.214969807333272,1.6841288050356895,0.6442087840607709,1.0864174155799162,2.3469388358112164,1.2605214202313002,-0.8043647147670341,4.237720966158166,False,-0.49121250207251194,0.49121250207251194,NORMAL,13.0,0.013626834381551363,4.29571431398675,23.025452080470465,11.0,0.011530398322851153,4.462768398649916,21.2390343034744,7.0,1.8571428571428572,1.2149857925879117,4.0,2.1538461538461537,73.42657342657343,29.960374060437285,NORMAL,0,-0.7908929496079061,-0.4522199787369816,19.772323740197653,1.0,0.0,4,False,66.66666666666666,False,False,82.35294117647058,0.7647058823529411,76.47058823529412,42.80266625024565,LOW,1,NORMAL,"NORMAL (price_level=NORMAL, pattern_level=NORMAL, cr_profile_level=LOW)",0
2020-2601-2-10765-1,2020-2601-2-10765,2020-07-04,2020,2020-07,102211000,102211000000,102211,10,"Live cattle, pure-bred breeding","Live cattle, pure-bred breeding",CR_HASH_042,Import,IM,US,US,BH,US,US,BH,US,NMB,2.79,19331.14336917563,price_per_item,53933.89,143441.2,2.79,1119.01,1294.53,9.86952444909595,10.013369334439131,0.6855679350518233,9.327801399387308,10.638440798004723,1.3106393986174147,7.361842301461186,12.604399895930845,False,-0.14152068817893618,0.14152068817893618,NORMAL,10.0,0.010482180293501049,4.558078578454241,30.899046383171186,7.0,0.007337526205450734,4.9147535223929735,36.084880671453035,7.0,1.4285714285714286,0.7867957924694432,3.0,2.1,70.00000000000001,38.579231426594156,NORMAL,0,0.0,0.05383963767913231,1.3459909419783078,1.0,0.0,1,True,91.66666666666666,False,True,81.81818181818181,0.9090909090909091,90.9090909090909,59.10746046605604,LOW,1,NORMAL,"NORMAL (price_level=NORMAL, pattern_level=NORMAL, cr_profile_level=LOW)",0
2020-2801-9-10500-1,2020-2801-9-10500,2020-07-04,2020,2020-07,8517120000,851712000000,851712,85,Cellular telephones,Cellular telephones,CR_HASH_014,Import,IM,SA,SA,BH,SA,SA,BH,SA,NMB,4.78,495.5585774058577,price_per_item,2368.77,6299.93,4.78,76.98,91.05,6.207701457202505,9.1609472788485,0.7778458576033893,8.086449359029473,9.737226953131787,1.6507775941023137,5.610282967876002,12.213393344285258,False,-2.5608377259993635,2.5608377259993635,LOW,6.0,0.006289308176100629,5.0689042022202315,46.22900654036249,5.0,0.005241090146750524,5.251225759014186,47.13660531805522,4.0,1.5,1.0,3.0,2.0,63.63636363636365,49.15776967695511,LOW,1,0.0,-0.9510364683389684,23.775911708474208,1.0,0.0,1,True,91.66666666666666,True,True,100.0,0.8333333333333334,83.33333333333334,79.98823576463263,MEDIUM,1,MEDIUM,"MEDIUM (driven by price+pattern+cr_profile; price_level=LOW, pattern_level=LOW, cr_profile_level=MEDIUM)",1
2020-2501-2-10569-1,2020-2501-2-10569,2020-07-05,2020,2020-07,6109100000,610910000000,610910,61,Cotton t-shirts,Cotton t-shirts,CR_HASH_012,Re-export,EX,BH,BH,US,BH,BH,US,US,NMB,0.7,342.1857142857143,price_per_item,239.53,637.05,0.7,590.09,657.3,5.838271741705836,4.610526181303967,0.7708500247178713,3.916293548711598,5.585818334387825,1.6695247856762268,1.412006370197258,8.090105512902165,False,1.0742725678481466,1.0742725678481466,NORMAL,4.0,0.0041928721174004195,5.474369310328396,58.39708046469813,4.0,0.0041928721174004195,5.474369310328396,54.46595026060942,4.0,1.0,0.0,1.0,1.0,0.0,48.26162282356236,LOW,1,28.517917523510746,2.4366412129020927,100.0,0.6666666666666666,0.0,3,False,75.0,False,True,85.71428571428572,0.6666666666666667,66.66666666666667,79.76190476190476,MEDIUM,1,MEDIUM,"MEDIUM (driven by pattern+cr_profile; price_level=NORMAL, pattern_level=LOW, cr_profile_level=MEDIUM)",1
2020-2501-3-10689-1,2020-2501-3-10689,2020-07-05,2020,2020-07,8504400090,850440009000,850440,85,Static converters,Static converters,CR_HASH_028,Import,IM,CN,CN,BH,CN,CN,BH,CN,NMB,1.52,3589.1973684210525,price_per_item,5455.58,14509.51,1.52,1181.34,1404.86,8.18596245724719,7.466827051260017,0.5715840105867187,6.914775863803976,8.032836322465545,1.11806045866157,5.23768517581162,9.7099270104579,False,0.8486069889409676,0.8486069889409676,NORMAL,19.0,0.019916142557651992,3.916224692281846,11.63690673320574,15.0,0.015723270440251572,4.152613470346076,11.051724646602178,9.0,2.111111111111111,0.9279607271383371,4.0,1.894736842105263,56.9377990430622,18.22722684937296,NORMAL,0,0.0,1.2859349000764193,32.14837250191048,1.0,0.0,2,False,83.33333333333334,False,True,75.0,0.875,87.5,57.501930375668664,LOW,1,NORMAL,"NORMAL (price_level=NORMAL, pattern_level=NORMAL, cr_profile_level=LOW)",0
2020-2801-5-10517-1,2020-2801-5-10517,2020-07-05,2020,2020-07,3923301000,392330100000,392330,39,Plastic bottles for packaging,Plastic bottles for packaging,CR_HASH_049,Import,IM,AE,AE,BH,AE,AE,BH,AE,NMB,1.53,87.04575163398692,price_per_item,133.18,354.2,1.53,383.66,438.07,4.477856584306132,1.6841288050356895,0.6442087840607709,1.0864174155799162,2.3469388358112164,1.2605214202313002,-0.8043647147670341,4.237720966158166,True,2.9250510366111757,2.9250510366111757,LOW,13.0,0.013626834381551363,4.29571431398675,23.025452080470465,11.0,0.011530398322851153,4.462768398649916,21.2390343034744,7.0,1.8571428571428572,1.2149857925879117,4.0,2.1538461538461537,73.42657342657343,29.960374060437285,NORMAL,0,0.0,16.390006666861247,100.0,1.0,0.0,2,False,83.33333333333334,False,True,85.71428571428572,0.9333333333333333,93.33333333333333,85.0952380952381,HIGH,1,HIGH,"HIGH (driven by price+cr_profile; price_level=LOW, pattern_level=NORMAL, cr_profile_level=HIGH)",1
2020-2501-2-10848-1,2020-2501-2-10848,2020-07-06,2020,2020-07,8471300000,847130000000,847130,84,Portable laptop computers,Portable laptop computers,CR_HASH_038,Re-export,EX,BH,BH,AE,BH,BH,AE,AE,NMB,4.17,556.7218225419665,price_per_item,2321.53,6174.27,4.17,235.71,273.99,6.3238603121655,9.057918359570245,1.044460022767316,7.958447179146432,9.968345476103027,2.009898296956594,4.943599733711541,12.983192921537917,False,-1.7655983461781086,1.7655983461781086,NORMAL,5.0,0.005241090146750524,5.251225759014186,51.700506150822136,5.0,0.005241090146750524,5.251225759014186,47.13660531805522,5.0,1.0,0.0,1.0,1.0,0.0,42.348064936730395,NORMAL,0,0.0,-0.8758241010950446,21.895602527376116,1.0,0.0,1,True,91.66666666666666,False,True,75.0,1.0,100.0,66.41346088458164,LOW,1,NORMAL,"NORMAL (price_level=NORMAL, pattern_level=NORMAL, cr_profile_level=LOW)",0
2020-2501-9-10708-1,2020-2501-9-10708,2020-07-06,2020,2020-07,3923301000,392330100000,392330,39,Plastic bottles for packaging,Plastic bottles for packaging,CR_HASH_009,Import,IM,CN,CN,BH,CN,CN,BH,CN,NMB,3.54,2.754237288135593,price_per_item,9.75,25.92,3.54,154.81,177.4,1.3228851455794708,1.6841288050356895,0.6442087840607709,1.0864174155799162,2.3469388358112164,1.2605214202313002,-0.8043647147670341,4.237720966158166,False,-0.37822444563212365,0.37822444563212365,NORMAL,28.0,0.029350104821802937,3.5284591612730827,0.0,21.0,0.0220125786163522,3.8161412337248635,0.0,12.0,2.3333333333333335,1.2309149097933274,5.0,2.142857142857143,72.72727272727273,10.90909090909091,NORMAL,0,0.0,-0.38311492018932675,9.577873004733169,2.0,25.0,3,False,75.0,False,True,69.23076923076923,0.8461538461538461,84.61538461538461,50.08302478242584,LOW,1,NORMAL,"NORMAL (price_level=NORMAL, pattern_level=NORMAL, cr_profile_level=LOW)",0
2020-2701-1-10995-1,2020-2701-1-10995,2020-07-06,2020,2020-07,8504400090,850440009000,850440,85,Static converters,Static converters,CR_HASH_043,Re-export,EX,BH,BH,CN,BH,BH,CN,CN,NMB,2.53,4732.517786561265,price_per_item,11973.27,31843.8,2.53,819.43,957.88,8.462423923153787,7.211981005295417,0.7196345903205628,6.668983974826631,7.961818755725377,1.2928347808987457,4.729731803478512,9.901070927073494,False,1.1720006301708235,1.1720006301708235,NORMAL,2.0,0.0020964360587002098,6.1675164908883415,79.19854023234907,2.0,0.0020964360587002098,6.1675164908883415,77.23297513030472,2.0,1.0,0.0,1.0,1.0,0.0,66.6308114117812,LOW,1,0.0,2.136770266219504,53.4192566554876,1.0,0.0,2,False,83.33333333333334,True,True,100.0,0.6923076923076923,69.23076923076923,77.5428936755745,MEDIUM,1,MEDIUM,"MEDIUM (driven by pattern+cr_profile; price_level=NORMAL, pattern_level=LOW, cr_profile_level=MEDIUM)",1
2020-2801-4-10127-1,2020-2801-4-10127,2020-07-07,2020,2020-07,1006301000,100630100000,100630,10,Long-grain milled rice,Long-grain milled rice,CR_HASH_001,Import,IM,CN,CN,BH,CN,CN,BH,CN,KGM,2394.77,0.5489587726587523,price_per_kg,1314.63,3496.36,3.96,2394.77,2548.7,0.4375829456245962,0.32869838978139143,0.06767869107876259,0.270176176769005,0.39860128498662895,0.12842510821762393,0.07753851444256912,0.5912389473130648,False,1.0851514057871716,1.0851514057871716,NORMAL,25.0,0.02620545073375262,3.641787846580086,3.4010123016442515,21.0,0.0220125786163522,3.8161412337248635,0.0,9.0,2.7777777777777777,1.6414763002993509,5.0,1.8,50.909090909090914,9.336869787185762,NORMAL,0,0.0,1.12847472399655,28.21186809991375,1.0,0.0,1,True,91.66666666666666,False,True,80.0,1.0,100.0,69.8741538349698,LOW,1,NORMAL,"NORMAL (price_level=NORMAL, pattern_level=NORMAL, cr_profile_level=LOW)",0
2020-2501-7-10909-1,2020-2501-7-10909,2020-07-07,2020,2020-07,8471300000,847130000000,847130,84,Portable laptop computers,Portable laptop computers,CR_HASH_025,Import,IM,CN,CN,BH,CN,CN,BH,CN,NMB,1.27,8233.724409448818,price_per_item,10456.83,27810.72,1.27,1017.86,1161.82,9.016115176289615,8.71824987064452,0.6999612932513521,7.750041925937837,9.126895264901794,1.376853338963957,5.684761917491901,11.192175273347729,False,0.2870264372663582,0.2870264372663582,NORMAL,21.0,0.0220125786163522,3.8161412337248635,8.633385843315326,15.0,0.015723270440251572,4.152613470346076,11.051724646602178,10.0,2.1,1.449137674618944,5.0,2.380952380952381,87.87878787878789,21.36661472978661,NORMAL,0,0.0,0.3089915214287415,7.724788035718537,1.0,0.0,2,False,83.33333333333334,False,True,70.0,0.9,90.0,48.20367581250149,LOW,1,NORMAL,"NORMAL (price_level=NORMAL, pattern_level=NORMAL, cr_profile_level=LOW)",0
2020-2701-8-10270-1,2020-2701-8-10270,2020-07-07,2020,2020-07,8517120000,851712000000,851712,85,Cellular telephones,Cellular telephones,CR_HASH_038,Re-export,EX,BH,BH,DE,BH,BH,DE,DE,NMB,4.58,7072.264192139738,price_per_item,32390.97,86146.2,4.58,203.55,235.39,8.864077348542533,8.864077348542533,0.8102493638708186,8.21372138236038,9.675589371385747,1.461867989025368,6.020919398822327,11.8683913549238,False,0.0,0.0,NORMAL,2.0,0.0020964360587002098,6.1675164908883415,79.19854023234907,2.0,0.0020964360587002098,6.1675164908883415,77.23297513030472,2.0,1.0,0.0,1.0,1.0,0.0,66.6308114117812,LOW,1,0.0,-0.22361002465927393,5.590250616481848,1.0,0.0,2,False,83.33333333333334,False,False,80.0,0.8571428571428572,85.71428571428572,39.09944485862579,LOW,1,LOW,"LOW (driven by pattern+cr_profile; price_level=NORMAL, pattern_level=LOW, cr_profile_level=LOW)",1
2020-2701-4-10785-1,2020-2701-4-10785,2020-07-07,2020,2020-07,2710192100,271019210000,271019,27,Gas oils for diesel engines,Gas oils for diesel engines,CR_HASH_011,Re-export,EX,BH,BH,US,BH,BH,US,US,LTR,14029.76,0.40119360559268297,price_per_liter_gross_weight,5628.65,14969.81,2.79,13197.9,14029.76,0.3373244488085744,0.2773855677315066,0.0779894680702432,0.16396900989912072,0.33244641877019565,0.16847740887107493,-0.08874710340749165,0.585162532076808,False,0.5183805252195857,0.5183805252195857,NORMAL,4.0,0.0041928721174004195,5.474369310328396,58.39708046469813,4.0,0.0041928721174004195,5.474369310328396,54.46595026060942,4.0,1.0,0.0,1.0,1.0,0.0,48.26162282356236,LOW,1,0.0,0.6973452123013844,17.43363030753461,1.0,0.0,2,False,83.33333333333334,False,False,57.14285714285714,0.8571428571428572,85.71428571428572,37.530342036208545,LOW,1,LOW,"LOW (driven by pattern+cr_profile; price_level=NORMAL, pattern_level=LOW, cr_profile_level=LOW)",1
2020-2601-3-10299-1,2020-2601-3-10299,2020-07-08,2020,2020-07,6109100000,610910000000,610910,61,Cotton t-shirts,Cotton t-shirts,CR_HASH_016,Import,IM,SA,SA,BH,SA,SA,BH,SA,NMB,4.78,156.00836820083683,price_per_item,745.72,1983.3,4.78,812.01,957.99,5.056299104570152,4.644105600231562,0.7882174659262975,3.8927224589349843,5.444558727344917,1.5518362684099332,1.5649680563200845,7.772313129959818,False,0.3527208185699492,0.3527208185699492,NORMAL,14.0,0.014675052410901468,4.221606341833028,20.80145976765095,10.0,0.010482180293501049,4.558078578454241,24.369580448359905,8.0,1.75,0.8864052604279183,3.0,1.7142857142857142,45.45454545454546,25.74826485893326,NORMAL,0,0.0,0.5850364346143536,14.62591086535884,1.0,0.0,1,True,91.66666666666666,False,True,81.81818181818181,1.0,100.0,65.57361425742104,LOW,1,NORMAL,"NORMAL (price_level=NORMAL, pattern_level=NORMAL, cr_profile_level=LOW)",0
2020-2501-6-10726-1,2020-2501-6-10726,2020-07-08,2020,2020-07,1006301000,100630100000,100630,10,Long-grain milled rice,Long-grain milled rice,CR_HASH_015,Re-export,EX,BH,BH,CN,BH,BH,CN,CN,KGM,1940.26,0.2406430066073619,price_per_kg,466.91,1241.77,1.36,1940.26,2072.44,0.21562979893004322,0.2942812331971436,0.07865143426710039,0.2366195387420564,0.39544094305664584,0.15882140431458944,-0.0016125677298277352,0.63367304952853,False,-0.6744907594765952,0.6744907594765952,NORMAL,7.0,0.007337526205450734,4.9147535223929735,41.6029195353019,7.0,0.007337526205450734,4.9147535223929735,36.084880671453035,5.0,1.4,0.5477225575051661,2.0,1.4285714285714286,27.27272727272728,37.522077093568605,NORMAL,0,0.0,-1.0117398944565061,25.293497361412655,1.0,0.0,2,False,83.33333333333334,False,True,50.0,0.8571428571428572,85.71428571428572,48.49558121935158,LOW,1,NORMAL,"NORMAL (price_level=NORMAL, pattern_level=NORMAL, cr_profile_level=LOW)",0
2020-2701-3-10395-1,2020-2701-3-10395,2020-07-08,2020,2020-07,102211000,102211000000,102211,10,"Live cattle, pure-bred breeding","Live cattle, pure-bred breeding",CR_HASH_025,Import,IM,SA,SA,BH,SA,SA,BH,SA,NMB,3.99,12358.05513784461,price_per_item,49308.64,131140.0,3.99,215.7,233.81,9.422144282931399,10.013369334439131,0.6855679350518233,9.327801399387308,10.638440798004723,1.3106393986174147,7.361842301461186,12.604399895930845,False,-0.581672236439844,0.581672236439844,NORMAL,7.0,0.007337526205450734,4.9147535223929735,41.6029195353019,5.0,0.005241090146750524,5.251225759014186,47.13660531805522,4.0,1.75,0.5,2.0,1.1428571428571428,9.090909090909088,38.662907992606634,NORMAL,0,0.0,-0.3792199371055419,9.480498427638548,1.0,0.0,1,True,91.66666666666666,False,True,90.9090909090909,1.0,100.0,66.04544717694623,LOW,1,NORMAL,"NORMAL (price_level=NORMAL, pattern_level=NORMAL, cr_profile_level=LOW)",0
2020-2801-7-10294-1,2020-2801-7-10294,2020-07-08,2020,2020-07,8517120000,851712000000,851712,85,Cellular telephones,Cellular telephones,CR_HASH_022,Import,IM,CN,CN,BH,CN,CN,BH,CN,NMB,2.96,10700.131756756757,price_per_item,31672.39,84235.08,2.96,435.56,504.22,9.27810478651608,9.1609472788485,0.7778458576033893,8.086449359029473,9.737226953131787,1.6507775941023137,5.610282967876002,12.213393344285258,False,0.10159038008965356,0.10159038008965356,NORMAL,22.0,0.023060796645702306,3.769621218089971,7.2373125983257305,14.0,0.014675052410901468,4.221606341833028,13.317855801757727,10.0,2.2,0.7888106377466155,3.0,1.3636363636363635,23.140495867768593,11.750980209943359,NORMAL,0,0.0,0.17587647178562288,4.396911794640572,1.0,0.0,2,False,83.33333333333334,False,False,50.0,0.6666666666666667,66.66666666666667,27.372252461457535,NORMAL,0,NORMAL,"NORMAL (price_level=NORMAL, pattern_level=NORMAL, cr_profile_level=NORMAL)",0
2020-2601-8-10027-1,2020-2601-8-10027,2020-07-09,2020,2020-07,102211000,102211000000,102211,10,"Live cattle, pure-bred breeding","Live cattle, pure-bred breeding",CR_HASH_014,Import,IM,CN,CN,BH,CN,CN,BH,CN,NMB,1.28,41149.5703125,price_per_item,52671.45,140083.65,1.28,429.34,454.39,10.62499306536519,10.013369334439131,0.6855679350518233,9.327801399387308,10.638440798004723,1.3106393986174147,7.361842301461186,12.604399895930845,False,0.6017413208729518,0.6017413208729518,NORMAL,18.0,0.018867924528301886,3.970291913552122,13.25947284837593,16.0,0.016771488469601678,4.088074949208505,8.931900521218806,10.0,1.8,0.7888106377466155,3.0,1.6666666666666665,42.42424242424242,16.11953797025091,NORMAL,0,0.0,1.3646103690539422,34.115259226348556,1.0,0.0,3,False,75.0,False,False,90.9090909090909,0.7692307692307692,76.92307692307692,50.05222884111011,LOW,1,NORMAL,"NORMAL (price_level=NORMAL, pattern_level=NORMAL, cr_profile_level=LOW)",0
2020-2801-5-10669-1,2020-2801-5-10669,2020-07-09,2020,2020-07,2710192100,271019210000,271019,27,Gas oils for diesel engines,Gas oils for diesel engines,CR_HASH_006,Import,IM,JP,JP,BH,JP,JP,BH,JP,LTR,15468.1,1.5582301640149727,price_per_liter_gross_weight,24102.86,64103.36,2.14,14638.66,15468.1,0.9393156772226133,0.26355592811875056,0.07105600884335336,0.1979668243457394,0.33634243682655873,0.13837561248081934,-0.009596594375489625,0.5439058555477878,True,6.4145694898456584,6.4145694898456584,HIGH,7.0,0.007337526205450734,4.9147535223929735,41.6029195353019,5.0,0.005241090146750524,5.251225759014186,47.13660531805522,6.0,1.1666666666666667,0.408248290463863,2.0,1.7142857142857142,45.45454545454546,44.117453447152094,NORMAL,0,0.0,8.417577321420438,100.0,1.0,0.0,3,False,75.0,False,False,85.71428571428572,0.8571428571428572,85.71428571428572,73.57142857142858,LOW,1,HIGH,"HIGH (driven by price+cr_profile; price_level=HIGH, pattern_level=NORMAL, cr_profile_level=LOW)",1
2020-2601-9-10836-1,2020-2601-9-10836,2020-07-09,2020,2020-07,8703221000,870322100000,870322,87,Passenger cars 1000-1500cc,Passenger cars 1000-1500cc,CR_HASH_043,Import,IM,CN,CN,BH,CN,CN,BH,CN,NMB,1.71,521158.0643274854,price_per_item,891180.29,2370160.35,1.71,101.06,109.59,13.16381057995008,12.339741490828857,0.5298577154310848,11.445675964067552,12.647064860424424,1.201388896356871,9.643592619532246,14.44914820495973,False,1.0490117810785244,1.0490117810785244,NORMAL,20.0,0.020964360587002098,3.8649313978942956,10.097586615520235,14.0,0.014675052410901468,4.221606341833028,13.317855801757727,9.0,2.2222222222222223,1.3017082793177757,5.0,2.25,79.54545454545456,21.641861020193506,NORMAL,0,0.0,1.647762498061704,41.1940624515426,1.0,0.0,2,False,83.33333333333334,False,True,92.85714285714286,0.9285714285714286,92.85714285714286,66.2036361437542,LOW,1,NORMAL,"NORMAL (price_level=NORMAL, pattern_level=NORMAL, cr_profile_level=LOW)",0
2020-2501-9-10854-1,2020-2501-9-10854,2020-07-09,2020,2020-07,3923301000,392330100000,392330,39,Plastic bottles for packaging,Plastic bottles for packaging,CR_HASH_009,Re-export,EX,BH,BH,CN,BH,BH,CN,CN,NMB,2.13,7.985915492957748,price_per_item,17.01,45.24,2.13,121.9,128.51,2.1956584063034748,2.008077055471865,0.7629623078147538,1.1201351912780924,2.51712417371907,1.3969889824409778,-0.9753482823833743,4.612607647380537,False,0.16582980114500945,0.16582980114500945,NORMAL,14.0,0.014675052410901468,4.221606341833028,20.80145976765095,14.0,0.014675052410901468,4.221606341833028,13.317855801757727,7.0,2.0,0.816496580927726,3.0,1.5,31.818181818181824,19.83470668716795,NORMAL,0,2.588157046818842,0.6069209562852493,64.70392617047105,2.0,25.0,3,False,75.0,False,False,64.28571428571428,0.7857142857142857,78.57142857142857,56.93208844537915,LOW,1,NORMAL,"NORMAL (price_level=NORMAL, pattern_level=NORMAL, cr_profile_level=LOW)",0
2020-2801-4-10627-1,2020-2801-4-10627,2020-07-10,2020,2020-07,2710192100,271019210000,271019,27,Gas oils for diesel engines,Gas oils for diesel engines,CR_HASH_003,Import,IM,CN,CN,BH,CN,CN,BH,CN,LTR,16384.91,0.24810084400829788,price_per_liter_gross_weight,4065.11,10811.45,0.59,14663.5,16384.91,0.22162307117655708,0.26355592811875056,0.07105600884335336,0.1979668243457394,0.33634243682655873,0.13837561248081934,-0.009596594375489625,0.5439058555477878,False,-0.39804268472657317,0.39804268472657317,NORMAL,19.0,0.019916142557651992,3.916224692281846,11.63690673320574,15.0,0.015723270440251572,4.152613470346076,11.051724646602178,8.0,2.375,1.407885953173359,5.0,2.1052631578947367,70.33492822966507,20.236796227363392,NORMAL,0,-0.6477741238420239,-0.34263901880591463,16.194353096050598,2.0,25.0,3,False,75.0,False,False,72.72727272727273,0.7272727272727273,72.72727272727273,40.895296310890444,LOW,1,NORMAL,"NORMAL (price_level=NORMAL, pattern_level=NORMAL, cr_profile_level=LOW)",0
2020-2701-7-10059-1,2020-2701-7-10059,2020-07-10,2020,2020-07,102211000,102211000000,102211,10,"Live cattle, pure-bred breeding","Live cattle, pure-bred breeding",CR_HASH_021,Re-export,EX,BH,BH,IN,BH,BH,IN,IN,NMB,0.95,9955.0,price_per_item,9457.25,25152.27,0.95,346.64,412.93,9.205930663487482,9.549317841384953,0.6971436999939566,8.846103941045365,10.18755556601122,1.3414516249658544,6.833926503596584,12.19973300346,False,-0.33222917802541657,0.33222917802541657,NORMAL,3.0,0.0031446540880503146,5.762051382780177,67.03046630801344,3.0,0.0031446540880503146,5.762051382780177,63.915119328547,3.0,1.0,0.0,1.0,1.0,0.0,55.88552491899817,LOW,1,0.0,-0.5091415764622663,12.728539411556659,1.0,0.0,3,False,75.0,False,True,91.66666666666666,0.7692307692307692,76.92307692307692,52.75627084532688,LOW,1,LOW,"LOW (driven by pattern+cr_profile; price_level=NORMAL, pattern_level=LOW, cr_profile_level=LOW)",1
2020-2701-7-10508-1,2020-2701-7-10508,2020-07-11,2020,2020-07,9018390000,901839000000,901839,90,Medical syringes and needles,Medical syringes and needles,CR_HASH_019,Re-export,EX,BH,BH,SA,BH,BH,SA,SA,NMB,3.21,1.9501557632398754,price_per_item,6.26,16.64,3.21,420.06,503.27,1.0818579700560624,1.4183722013465883,0.34031158648964543,0.9528936868330796,1.614923227688858,0.6620295408557785,-0.040150624450588146,2.6079675389725256,False,-0.666964477404696,0.666964477404696,NORMAL,6.0,0.006289308176100629,5.0689042022202315,46.22900654036249,6.0,0.006289308176100629,5.0689042022202315,41.148094458851695,6.0,1.0,0.0,1.0,1.0,0.0,37.51633633077934,NORMAL,0,0.0,-0.2717901627506868,6.79475406876717,1.0,0.0,2,False,83.33333333333334,False,True,85.71428571428572,0.875,87.5,51.30673535263994,LOW,1,NORMAL,"NORMAL (price_level=NORMAL, pattern_level=NORMAL, cr_profile_level=LOW)",0
2020-2801-8-10926-1,2020-2801-8-10926,2020-07-12,2020,2020-07,1006301000,100630100000,100630,10,Long-grain milled rice,Long-grain milled rice,CR_HASH_043,Re-export,EX,BH,BH,SA,BH,BH,SA,SA,KGM,1465.38,0.4963217731919365,price_per_kg,727.3,1934.3,2.31,1465.38,1654.73,0.4030099454559991,0.2942812331971436,0.07865143426710039,0.2366195387420564,0.39544094305664584,0.15882140431458944,-0.0016125677298277352,0.63367304952853,False,0.932424340277594,0.932424340277594,NORMAL,1.0,0.0010482180293501049,6.860663671448286,100.0,1.0,0.0010482180293501049,6.860663671448286,100.0,1.0,1.0,0.0,1.0,1.0,0.0,85.0,HIGH,1,0.0,0.7523235611229911,18.80808902807478,1.0,0.0,1,True,91.66666666666666,True,True,100.0,0.8666666666666667,86.66666666666667,78.9161644931595,MEDIUM,1,HIGH,"HIGH (driven by pattern+cr_profile; price_level=NORMAL, pattern_level=HIGH, cr_profile_level=MEDIUM)",1
2020-2501-8-10521-1,2020-2501-8-10521,2020-07-12,2020,2020-07,2710192100,271019210000,271019,27,Gas oils for diesel engines,Gas oils for diesel engines,CR_HASH_011,Import,IM,DE,SA,BH,DE,SA,BH,DE,LTR,5302.15,0.41695915807738376,price_per_liter_gross_weight,2210.78,5879.74,3.91,4534.71,5302.15,0.348513137482561,0.26355592811875056,0.07105600884335336,0.1979668243457394,0.33634243682655873,0.13837561248081934,-0.009596594375489625,0.5439058555477878,False,0.8064462611900384,0.8064462611900384,NORMAL,4.0,0.0041928721174004195,5.474369310328396,58.39708046469813,1.0,0.0010482180293501049,6.860663671448286,100.0,4.0,1.0,0.0,1.0,1.0,0.0,64.19854023234906,LOW,1,0.0,0.8033493368199547,20.083733420498866,1.0,0.0,2,False,83.33333333333334,True,True,100.0,0.75,75.0,67.0293066971746,LOW,1,LOW,"LOW (driven by pattern+cr_profile; price_level=NORMAL, pattern_level=LOW, cr_profile_level=LOW)",1
2020-2601-3-10017-1,2020-2601-3-10017,2020-07-13,2020,2020-07,8517120000,851712000000,851712,85,Cellular telephones,Cellular telephones,CR_HASH_018,Import,IM,US,US,BH,US,US,BH,US,NMB,2.19,37241.18264840183,price_per_item,81558.19,216910.08,2.19,892.31,1062.22,10.525197339995769,9.1609472788485,0.7778458576033893,8.086449359029473,9.737226953131787,1.6507775941023137,5.610282967876002,12.213393344285258,False,1.182977386669319,1.182977386669319,NORMAL,13.0,0.013626834381551363,4.29571431398675,23.025452080470465,11.0,0.011530398322851153,4.462768398649916,21.2390343034744,8.0,1.625,1.0606601717798212,4.0,2.4615384615384617,93.00699300699303,32.89743699750022,NORMAL,0,0.0,3.1589038875359914,78.97259718839979,1.0,0.0,2,False,83.33333333333334,False,True,85.71428571428572,0.5714285714285714,57.14285714285714,70.49755187308278,LOW,1,NORMAL,"NORMAL (price_level=NORMAL, pattern_level=NORMAL, cr_profile_level=LOW)",0
2020-2601-3-10064-1,2020-2601-3-10064,2020-07-13,2020,2020-07,6109100000,610910000000,610910,61,Cotton t-shirts,Cotton t-shirts,CR_HASH_025,Import,IM,CN,JP,BH,CN,JP,BH,CN,NMB,1.94,436.3556701030928,price_per_item,846.53,2251.41,1.94,248.01,283.93,6.080746754462497,4.644105600231562,0.7882174659262975,3.8927224589349843,5.444558727344917,1.5518362684099332,1.5649680563200845,7.772313129959818,False,1.229357664732543,1.229357664732543,NORMAL,16.0,0.016771488469601678,4.088074949208505,16.794160929396217,1.0,0.0010482180293501049,6.860663671448286,100.0,8.0,2.0,1.4142135623730951,5.0,2.5,95.45454545454547,57.71526228287993,LOW,1,17.150535162276228,3.389990668648978,100.0,0.6666666666666666,0.0,3,False,75.0,False,False,66.66666666666667,0.75,75.0,66.66666666666667,LOW,1,LOW,"LOW (driven by pattern+cr_profile; price_level=NORMAL, pattern_level=LOW, cr_profile_level=LOW)",1
2020-2501-2-10966-1,2020-2501-2-10966,2020-07-14,2020,2020-07,8471300000,847130000000,847130,84,Portable laptop computers,Portable laptop computers,CR_HASH_011,Import,IM,SA,JP,BH,SA,JP,BH,SA,NMB,2.41,4423.780082987551,price_per_item,10661.31,28354.56,2.41,39.33,45.0,8.39497585744713,8.71824987064452,0.6999612932513521,7.750041925937837,9.126895264901794,1.376853338963957,5.684761917491901,11.192175273347729,False,-0.3115105603450207,0.3115105603450207,NORMAL,12.0,0.012578616352201259,4.375757021660286,25.427546772711544,1.0,0.0010482180293501049,6.860663671448286,100.0,7.0,1.7142857142857142,0.9511897312113418,3.0,1.75,47.727272727272734,54.872864295446675,LOW,1,0.0,-0.30052061062404334,7.513015265601084,1.0,0.0,1,True,91.66666666666666,False,True,88.88888888888889,1.0,100.0,64.8517775651826,LOW,1,LOW,"LOW (driven by pattern+cr_profile; price_level=NORMAL, pattern_level=LOW, cr_profile_level=LOW)",1
2020-2701-7-10894-1,2020-2701-7-10894,2020-07-14,2020,2020-07,3923301000,392330100000,392330,39,Plastic bottles for packaging,Plastic bottles for packaging,CR_HASH_017,Import,IM,CN,CN,BH,CN,CN,BH,CN,NMB,2.77,2.0288808664259927,price_per_item,5.62,14.96,2.77,276.11,296.27,1.1081932002798676,1.6841288050356895,0.6442087840607709,1.0864174155799162,2.3469388358112164,1.2605214202313002,-0.8043647147670341,4.237720966158166,False,-0.6030082995961153,0.6030082995961153,NORMAL,28.0,0.029350104821802937,3.5284591612730827,0.0,21.0,0.0220125786163522,3.8161412337248635,0.0,12.0,2.3333333333333335,1.2309149097933274,5.0,2.142857142857143,72.72727272727273,10.90909090909091,NORMAL,0,0.0,-0.5031974074080123,12.57993518520031,1.0,0.0,2,False,83.33333333333334,False,True,76.92307692307692,0.9230769230769231,92.3076923076923,52.0952850071278,LOW,1,NORMAL,"NORMAL (price_level=NORMAL, pattern_level=NORMAL, cr_profile_level=LOW)",0
2020-2601-9-10583-1,2020-2601-9-10583,2020-07-14,2020,2020-07,1006301000,100630100000,100630,10,Long-grain milled rice,Long-grain milled rice,CR_HASH_038,Re-export,EX,BH,BH,AE,BH,BH,AE,AE,KGM,833.48,0.3083217353745741,price_per_kg,256.98,683.45,2.12,833.48,884.41,0.26874519784511636,0.2942812331971436,0.07865143426710039,0.2366195387420564,0.39544094305664584,0.15882140431458944,-0.0016125677298277352,0.63367304952853,False,-0.21898926623661977,0.21898926623661977,NORMAL,5.0,0.005241090146750524,5.251225759014186,51.700506150822136,5.0,0.005241090146750524,5.251225759014186,47.13660531805522,4.0,1.25,0.5,2.0,1.6,38.181818181818194,48.07533766400312,LOW,1,0.0,-0.5217678408635663,13.044196021589158,1.0,0.0,2,False,83.33333333333334,False,True,66.66666666666667,0.75,75.0,46.23213527422287,LOW,1,LOW,"LOW (driven by pattern+cr_profile; price_level=NORMAL, pattern_level=LOW, cr_profile_level=LOW)",1
2020-2601-3-10158-1,2020-2601-3-10158,2020-07-15,2020,2020-07,9018390000,901839000000,901839,90,Medical syringes and needles,Medical syringes and needles,CR_HASH_020,Import,IM,US,US,BH,US,US,BH,US,NMB,2.9,0.3724137931034483,price_per_item,1.08,2.86,2.9,32.03,36.64,0.316571082303918,1.1592369104845446,0.5792846449150362,0.6041021775947832,1.7481096643936567,1.1440074867988734,-1.111909052603527,3.464120894591967,False,-0.9811589508261312,0.9811589508261312,NORMAL,11.0,0.011530398322851153,4.462768398649916,28.038772365976683,9.0,0.009433962264150943,4.663439094112067,27.830238657093965,7.0,1.5714285714285714,0.7867957924694432,3.0,1.9090909090909092,57.8512396694215,32.437655663384454,NORMAL,0,0.0,-0.9018974278457712,22.54743569614428,1.0,0.0,3,False,75.0,False,False,83.33333333333334,0.8461538461538461,84.61538461538461,45.64801275006076,LOW,1,NORMAL,"NORMAL (price_level=NORMAL, pattern_level=NORMAL, cr_profile_level=LOW)",0
2020-2701-9-10983-1,2020-2701-9-10983,2020-07-15,2020,2020-07,8471300000,847130000000,847130,84,Portable laptop computers,Portable laptop computers,CR_HASH_018,Import,IM,US,US,BH,US,US,BH,US,NMB,3.0,6873.7,price_per_item,20621.1,54843.35,3.0,1090.85,1240.37,8.835603285219042,8.71824987064452,0.6999612932513521,7.750041925937837,9.126895264901794,1.376853338963957,5.684761917491901,11.192175273347729,False,0.11308310114673342,0.11308310114673342,NORMAL,12.0,0.012578616352201259,4.375757021660286,25.427546772711544,10.0,0.010482180293501049,4.558078578454241,24.369580448359905,9.0,1.3333333333333333,0.5,2.0,1.5,31.818181818181824,26.015853816009013,NORMAL,0,0.0,0.06844665034535301,1.7111662586338252,1.0,0.0,1,True,91.66666666666666,False,True,75.0,1.0,100.0,59.34890819052184,LOW,1,NORMAL,"NORMAL (price_level=NORMAL, pattern_level=NORMAL, cr_profile_level=LOW)",0
2020-2601-4-10605-1,2020-2601-4-10605,2020-07-16,2020,2020-07,9018390000,901839000000,901839,90,Medical syringes and needles,Medical syringes and needles,CR_HASH_021,Import,IM,CN,CN,BH,CN,CN,BH,CN,NMB,4.11,1.8199513381995134,price_per_item,7.48,19.89,4.11,380.69,421.08,1.0367196288435172,1.1592369104845446,0.5792846449150362,0.6041021775947832,1.7481096643936567,1.1440074867988734,-1.111909052603527,3.464120894591967,False,-0.14265314136746163,0.14265314136746163,NORMAL,23.0,0.02410901467505241,3.725169455519137,5.903307964603629,18.0,0.018867924528301886,3.970291913552122,5.063213787398673,12.0,1.9166666666666667,0.9962049198956219,4.0,2.0869565217391304,69.16996047430831,15.099272879037596,NORMAL,0,0.0,-0.33115844051306437,8.27896101282661,1.0,0.0,2,False,83.33333333333334,False,False,69.23076923076923,0.9285714285714286,92.85714285714286,38.7767572336102,LOW,1,NORMAL,"NORMAL (price_level=NORMAL, pattern_level=NORMAL, cr_profile_level=LOW)",0
2020-2701-3-10718-1,2020-2701-3-10718,2020-07-17,2020,2020-07,8471300000,847130000000,847130,84,Portable laptop computers,Portable laptop computers,CR_HASH_008,Import,IM,CN,DE,BH,CN,DE,BH,CN,NMB,1.34,17758.5,price_per_item,23796.39,63288.28,1.34,1304.15,1388.0,9.7846758629967,8.71824987064452,0.6999612932513521,7.750041925937837,9.126895264901794,1.376853338963957,5.684761917491901,11.192175273347729,False,1.02762036192894,1.02762036192894,NORMAL,21.0,0.0220125786163522,3.8161412337248635,8.633385843315326,2.0,0.0020964360587002098,6.1675164908883415,77.23297513030472,10.0,2.1,1.449137674618944,5.0,2.380952380952381,87.87878787878789,44.53005239908249,NORMAL,0,0.0,1.8894585488282025,47.23646372070506,1.0,0.0,3,False,75.0,False,False,40.0,0.8666666666666667,86.66666666666667,43.86609563558011,LOW,1,NORMAL,"NORMAL (price_level=NORMAL, pattern_level=NORMAL, cr_profile_level=LOW)",0
2020-2801-3-10380-1,2020-2801-3-10380,2020-07-17,2020,2020-07,6109100000,610910000000,610910,61,Cotton t-shirts,Cotton t-shirts,CR_HASH_004,Import,IM,CN,CN,BH,CN,CN,BH,CN,NMB,2.53,21.897233201581027,price_per_item,55.4,147.35,2.53,31.17,37.08,3.131016082369104,4.644105600231562,0.7882174659262975,3.8927224589349843,5.444558727344917,1.5518362684099332,1.5649680563200845,7.772313129959818,False,-1.2947757975139222,1.2947757975139222,NORMAL,16.0,0.016771488469601678,4.088074949208505,16.794160929396217,13.0,0.013626834381551363,4.29571431398675,15.75199690827349,8.0,2.0,1.4142135623730951,5.0,2.5,95.45454545454547,28.228461200775648,NORMAL,0,0.0,-0.862973926187278,21.57434815468195,1.0,0.0,1,True,91.66666666666666,True,True,100.0,1.0,100.0,82.55102185413868,MEDIUM,1,LOW,"LOW (driven by cr_profile; price_level=NORMAL, pattern_level=NORMAL, cr_profile_level=MEDIUM)",1
2020-2801-9-10096-1,2020-2801-9-10096,2020-07-17,2020,2020-07,102211000,102211000000,102211,10,"Live cattle, pure-bred breeding","Live cattle, pure-bred breeding",CR_HASH_005,Import,IM,US,US,BH,US,US,BH,US,NMB,4.01,36348.850374064845,price_per_item,145758.89,387656.62,4.01,623.13,690.88,10.50094536669638,10.013369334439131,0.6855679350518233,9.327801399387308,10.638440798004723,1.3106393986174147,7.361842301461186,12.604399895930845,False,0.479697943100149,0.479697943100149,NORMAL,10.0,0.010482180293501049,4.558078578454241,30.899046383171186,7.0,0.007337526205450734,4.9147535223929735,36.084880671453035,7.0,1.4285714285714286,0.7867957924694432,3.0,2.1,70.00000000000001,38.579231426594156,NORMAL,0,0.0,1.0759551974705832,26.89887993676458,1.0,0.0,1,True,91.66666666666666,False,True,80.0,1.0,100.0,69.4146079778676,LOW,1,NORMAL,"NORMAL (price_level=NORMAL, pattern_level=NORMAL, cr_profile_level=LOW)",0
2020-2501-8-10964-1,2020-2501-8-10964,2020-07-18,2020,2020-07,8703221000,870322100000,870322,87,Passenger cars 1000-1500cc,Passenger cars 1000-1500cc,CR_HASH_031,Import,IM,US,DE,BH,US,DE,BH,US,NMB,3.96,235239.91414141416,price_per_item,931550.06,2477526.75,3.96,307.76,330.06,12.368365434561131,12.339741490828857,0.5298577154310848,11.445675964067552,12.647064860424424,1.201388896356871,9.643592619532246,14.44914820495973,False,0.03643730191130531,0.03643730191130531,NORMAL,10.0,0.010482180293501049,4.558078578454241,30.899046383171186,1.0,0.0010482180293501049,6.860663671448286,100.0,7.0,1.4285714285714286,0.5345224838248488,2.0,1.4,25.454545454545453,54.26770500976741,LOW,1,0.40951517276341826,0.09843191174425331,10.237879319085456,0.5,0.0,3,False,75.0,False,False,69.23076923076923,0.6923076923076923,69.23076923076923,34.73710391552606,NORMAL,0,NORMAL,"NORMAL (price_level=NORMAL, pattern_level=LOW, cr_profile_level=NORMAL)",0
2020-2501-3-10486-1,2020-2501-3-10486,2020-07-18,2020,2020-07,8471300000,847130000000,847130,84,Portable laptop computers,Portable laptop computers,CR_HASH_042,Import,IM,CN,JP,BH,CN,JP,BH,CN,NMB,1.7,7006.870588235294,price_per_item,11911.68,31680.0,1.7,144.04,160.14,8.854789166155097,8.71824987064452,0.6999612932513521,7.750041925937837,9.126895264901794,1.376853338963957,5.684761917491901,11.192175273347729,False,0.1315708368666289,0.1315708368666289,NORMAL,21.0,0.0220125786163522,3.8161412337248635,8.633385843315326,2.0,0.0020964360587002098,6.1675164908883415,77.23297513030472,10.0,2.1,1.449137674618944,5.0,2.380952380952381,87.87878787878789,44.53005239908249,NORMAL,0,0.0,0.11937769437576347,2.9844423593940865,2.0,25.0,3,False,75.0,False,False,58.33333333333333,0.8333333333333334,83.33333333333334,34.79455482578793,NORMAL,0,NORMAL,"NORMAL (price_level=NORMAL, pattern_level=NORMAL, cr_profile_level=NORMAL)",0
2020-2501-1-10417-1,2020-2501-1-10417,2020-07-18,2020,2020-07,102211000,102211000000,102211,10,"Live cattle, pure-bred breeding","Live cattle, pure-bred breeding",CR_HASH_042,Re-export,EX,BH,BH,CN,BH,BH,CN,CN,NMB,4.21,21544.95249406176,price_per_item,90704.25,241234.71,4.21,152.92,181.23,9.977943258590562,9.549317841384953,0.6971436999939566,8.846103941045365,10.18755556601122,1.3414516249658544,6.833926503596584,12.19973300346,False,0.41469769171619836,0.41469769171619836,NORMAL,11.0,0.011530398322851153,4.462768398649916,28.038772365976683,11.0,0.011530398322851153,4.462768398649916,21.2390343034744,9.0,1.2222222222222223,0.4409585518440984,2.0,1.6363636363636362,40.49586776859504,27.527428354493637,NORMAL,0,0.0,0.18222303594635925,4.555575898658981,1.0,0.0,1,True,91.66666666666666,False,True,58.33333333333333,0.8333333333333334,83.33333333333334,52.844451564530644,LOW,1,NORMAL,"NORMAL (price_level=NORMAL, pattern_level=NORMAL, cr_profile_level=LOW)",0
2020-2701-6-10026-1,2020-2701-6-10026,2020-07-19,2020,2020-07,6109100000,610910000000,610910,61,Cotton t-shirts,Cotton t-shirts,CR_HASH_040,Import,IM,US,US,BH,US,US,BH,US,NMB,4.64,122.00000000000001,price_per_item,566.08,1505.52,4.64,394.21,444.24,4.812184355372418,4.644105600231562,0.7882174659262975,3.8927224589349843,5.444558727344917,1.5518362684099332,1.5649680563200845,7.772313129959818,False,0.14382777863671078,0.14382777863671078,NORMAL,13.0,0.013626834381551363,4.29571431398675,23.025452080470465,11.0,0.011530398322851153,4.462768398649916,21.2390343034744,10.0,1.3,0.48304589153964794,2.0,1.5384615384615383,34.26573426573426,24.086248186311412,NORMAL,0,0.0,0.22941780948789856,5.735445237197464,1.0,0.0,1,True,91.66666666666666,True,True,100.0,1.0,100.0,77.0074058330191,MEDIUM,1,LOW,"LOW (driven by cr_profile; price_level=NORMAL, pattern_level=NORMAL, cr_profile_level=MEDIUM)",1
2020-2701-9-10182-1,2020-2701-9-10182,2020-07-19,2020,2020-07,8471300000,847130000000,847130,84,Portable laptop computers,Portable laptop computers,CR_HASH_034,Import,IM,AE,AE,BH,AE,AE,BH,AE,NMB,0.69,11807.579710144928,price_per_item,8147.23,21668.16,0.69,292.82,330.15,9.376581640328995,8.71824987064452,0.6999612932513521,7.750041925937837,9.126895264901794,1.376853338963957,5.684761917491901,11.192175273347729,False,0.6343760713674215,0.6343760713674215,NORMAL,8.0,0.008385744234800839,4.781222129768451,37.595620697047174,5.0,0.005241090146750524,5.251225759014186,47.13660531805522,6.0,1.3333333333333333,0.5163977794943223,2.0,1.5,31.818181818181824,40.068349482570184,NORMAL,0,0.0,0.7979509741482176,19.94877435370544,1.0,0.0,2,False,83.33333333333334,False,True,88.88888888888889,0.8888888888888888,88.88888888888889,56.982071023796905,LOW,1,NORMAL,"NORMAL (price_level=NORMAL, pattern_level=NORMAL, cr_profile_level=LOW)",0
2020-2701-8-10580-1,2020-2701-8-10580,2020-07-19,2020,2020-07,8517120000,851712000000,851712,85,Cellular telephones,Cellular telephones,CR_HASH_037,Import,IM,IN,IN,BH,IN,IN,BH,IN,NMB,0.68,40523.75,price_per_item,27556.15,73287.64,0.68,268.74,316.1,10.609668177553386,9.1609472788485,0.7778458576033893,8.086449359029473,9.737226953131787,1.6507775941023137,5.610282967876002,12.213393344285258,False,1.256224288765585,1.256224288765585,NORMAL,9.0,0.009433962264150943,4.663439094112067,34.06093261602687,8.0,0.008385744234800839,4.781222129768451,31.698925390914113,6.0,1.5,0.5477225575051662,2.0,1.3333333333333333,21.21212121212121,31.306908376651556,NORMAL,0,0.0,3.494390712742561,87.35976781856402,1.0,0.0,1,True,91.66666666666666,False,True,72.22222222222221,1.0,100.0,88.63147429205296,HIGH,1,HIGH,"HIGH (driven by cr_profile; price_level=NORMAL, pattern_level=NORMAL, cr_profile_level=HIGH)",1
2020-2701-2-10252-1,2020-2701-2-10252,2020-07-19,2020,2020-07,8504400090,850440009000,850440,85,Static converters,Static converters,CR_HASH_026,Import,IM,US,US,BH,US,US,BH,US,NMB,4.17,770.2685851318945,price_per_item,3212.02,8542.6,4.17,22.82,26.89,6.648036672345006,7.466827051260017,0.5715840105867187,6.914775863803976,8.032836322465545,1.11806045866157,5.23768517581162,9.7099270104579,False,-0.9662036276340644,0.9662036276340644,NORMAL,14.0,0.014675052410901468,4.221606341833028,20.80145976765095,11.0,0.011530398322851153,4.462768398649916,21.2390343034744,9.0,1.5555555555555556,1.130388330520878,4.0,2.571428571428571,100.0,32.834391890041516,NORMAL,0,0.0,-0.5879545959845613,14.698864899614033,1.0,0.0,1,True,91.66666666666666,False,True,88.88888888888889,1.0,100.0,67.36682493708713,LOW,1,NORMAL,"NORMAL (price_level=NORMAL, pattern_level=NORMAL, cr_profile_level=LOW)",0
2020-2601-1-10315-1,2020-2601-1-10315,2020-07-20,2020,2020-07,8471300000,847130000000,847130,84,Portable laptop computers,Portable laptop computers,CR_HASH_024,Re-export,EX,BH,BH,CN,BH,BH,CN,CN,NMB,0.82,47235.64634146342,price_per_item,38733.23,103013.92,0.82,1117.09,1184.28,10.762925275866262,9.057918359570245,1.044460022767316,7.958447179146432,9.968345476103027,2.009898296956594,4.943599733711541,12.983192921537917,False,1.1010583314030271,1.1010583314030271,NORMAL,12.0,0.012578616352201259,4.375757021660286,25.427546772711544,12.0,0.012578616352201259,4.375757021660286,18.381069589156386,6.0,2.0,1.0954451150103321,3.0,1.5,31.818181818181824,23.91987501528778,NORMAL,0,0.0,5.965477323542245,100.0,1.0,0.0,2,False,83.33333333333334,False,False,58.33333333333333,0.9285714285714286,92.85714285714286,68.1547619047619,LOW,1,NORMAL,"NORMAL (price_level=NORMAL, pattern_level=NORMAL, cr_profile_level=LOW)",0
2020-2501-1-10770-1,2020-2501-1-10770,2020-07-20,2020,2020-07,102211000,102211000000,102211,10,"Live cattle, pure-bred breeding","Live cattle, pure-bred breeding",CR_HASH_025,Import,IM,CN,CN,BH,CN,CN,BH,CN,NMB,4.18,11245.377990430623,price_per_item,47005.68,125015.1,4.18,36.12,41.62,9.327801399387308,10.013369334439131,0.6855679350518233,9.327801399387308,10.638440798004723,1.3106393986174147,7.361842301461186,12.604399895930845,False,-0.6744907594765952,0.6744907594765952,NORMAL,18.0,0.018867924528301886,3.970291913552122,13.25947284837593,16.0,0.016771488469601678,4.088074949208505,8.931900521218806,10.0,1.8,0.7888106377466155,3.0,1.6666666666666665,42.42424242424242,16.11953797025091,NORMAL,0,0.0,-0.44100213564582635,11.02505339114566,1.0,0.0,1,True,91.66666666666666,False,True,61.53846153846154,0.9230769230769231,92.3076923076923,57.70492253305483,LOW,1,NORMAL,"NORMAL (price_level=NORMAL, pattern_level=NORMAL, cr_profile_level=LOW)",0
2020-2501-1-10428-1,2020-2501-1-10428,2020-07-20,2020,2020-07,3923301000,392330100000,392330,39,Plastic bottles for packaging,Plastic bottles for packaging,CR_HASH_028,Import,IM,CN,CN,BH,CN,CN,BH,CN,NMB,4.5,6.688888888888889,price_per_item,30.1,80.04,4.5,521.34,568.58,2.0397762852874046,1.6841288050356895,0.6442087840607709,1.0864174155799162,2.3469388358112164,1.2605214202313002,-0.8043647147670341,4.237720966158166,False,0.3723652098452103,0.3723652098452103,NORMAL,28.0,0.029350104821802937,3.5284591612730827,0.0,21.0,0.0220125786163522,3.8161412337248635,0.0,12.0,2.3333333333333335,1.2309149097933274,5.0,2.142857142857143,72.72727272727273,10.90909090909091,NORMAL,0,0.0,0.46541789678825424,11.635447419706356,1.0,0.0,2,False,83.33333333333334,False,True,66.66666666666667,0.8888888888888888,88.88888888888889,48.51685104134167,LOW,1,NORMAL,"NORMAL (price_level=NORMAL, pattern_level=NORMAL, cr_profile_level=LOW)",0
2020-2801-7-10799-1,2020-2801-7-10799,2020-07-21,2020,2020-07,1006301000,100630100000,100630,10,Long-grain milled rice,Long-grain milled rice,CR_HASH_032,Import,IM,SA,SA,BH,SA,SA,BH,SA,KGM,4656.04,0.5226394103143444,price_per_kg,2433.43,6471.9,1.62,4656.04,5463.84,0.4204452831188688,0.32869838978139143,0.06767869107876259,0.270176176769005,0.39860128498662895,0.12842510821762393,0.07753851444256912,0.5912389473130648,False,0.9143562143481206,0.9143562143481206,NORMAL,11.0,0.011530398322851153,4.462768398649916,28.038772365976683,8.0,0.008385744234800839,4.781222129768451,31.698925390914113,9.0,1.2222222222222223,0.4409585518440984,2.0,1.6363636363636362,40.49586776859504,31.188390235097536,NORMAL,0,0.0,0.9339190255095596,23.34797563773899,1.0,0.0,2,False,83.33333333333334,True,True,100.0,0.7777777777777778,77.77777777777779,68.7273470287642,LOW,1,NORMAL,"NORMAL (price_level=NORMAL, pattern_level=NORMAL, cr_profile_level=LOW)",0
2020-2501-2-10364-1,2020-2501-2-10364,2020-07-21,2020,2020-07,3923301000,392330100000,392330,39,Plastic bottles for packaging,Plastic bottles for packaging,CR_HASH_016,Re-export,EX,BH,BH,SA,BH,BH,SA,SA,NMB,2.62,0.7328244274809159,price_per_item,1.92,5.1,2.62,161.43,183.92,0.5497526942802511,2.008077055471865,0.7629623078147538,1.1201351912780924,2.51712417371907,1.3969889824409778,-0.9753482823833743,4.612607647380537,False,-1.2892200517226275,1.2892200517226275,NORMAL,3.0,0.0031446540880503146,5.762051382780177,67.03046630801344,3.0,0.0031446540880503146,5.762051382780177,63.915119328547,3.0,1.0,0.0,1.0,1.0,0.0,55.88552491899817,LOW,1,0.0,-0.7742297496415865,19.355743741039664,1.0,0.0,2,False,83.33333333333334,False,True,75.0,0.9166666666666666,91.66666666666666,53.85784364269722,LOW,1,LOW,"LOW (driven by pattern+cr_profile; price_level=NORMAL, pattern_level=LOW, cr_profile_level=LOW)",1
2020-2501-7-10468-1,2020-2501-7-10468,2020-07-21,2020,2020-07,1006301000,100630100000,100630,10,Long-grain milled rice,Long-grain milled rice,CR_HASH_018,Re-export,EX,BH,BH,CN,BH,BH,CN,CN,KGM,352.88,0.5527091362502834,price_per_kg,195.04,518.73,1.81,352.88,381.35,0.4400012350929655,0.2942812331971436,0.07865143426710039,0.2366195387420564,0.39544094305664584,0.15882140431458944,-0.0016125677298277352,0.63367304952853,False,1.249650380384186,1.249650380384186,NORMAL,7.0,0.007337526205450734,4.9147535223929735,41.6029195353019,7.0,0.007337526205450734,4.9147535223929735,36.084880671453035,5.0,1.4,0.5477225575051661,2.0,1.4285714285714286,27.27272727272728,37.522077093568605,NORMAL,0,0.0,1.1543503278064176,28.85875819516044,1.0,0.0,1,True,91.66666666666666,False,True,88.88888888888889,1.0,100.0,72.32278759052838,LOW,1,NORMAL,"NORMAL (price_level=NORMAL, pattern_level=NORMAL, cr_profile_level=LOW)",0
2020-2801-8-10840-1,2020-2801-8-10840,2020-07-21,2020,2020-07,9018390000,901839000000,901839,90,Medical syringes and needles,Medical syringes and needles,CR_HASH_003,Import,IM,JP,JP,BH,JP,JP,BH,JP,NMB,1.29,3.069767441860465,price_per_item,3.96,10.54,1.29,75.0,83.29,1.4035858582299516,1.1592369104845446,0.5792846449150362,0.6041021775947832,1.7481096643936567,1.1440074867988734,-1.111909052603527,3.464120894591967,False,0.28450798547625816,0.28450798547625816,NORMAL,2.0,0.0020964360587002098,6.1675164908883415,79.19854023234907,2.0,0.0020964360587002098,6.1675164908883415,77.23297513030472,2.0,1.0,0.0,1.0,1.0,0.0,66.6308114117812,LOW,1,0.0,0.16481410598087035,4.120352649521759,1.0,0.0,1,True,91.66666666666666,True,True,100.0,1.0,100.0,76.44212342733262,MEDIUM,1,MEDIUM,"MEDIUM (driven by pattern+cr_profile; price_level=NORMAL, pattern_level=LOW, cr_profile_level=MEDIUM)",1
2020-2601-4-10822-1,2020-2601-4-10822,2020-07-22,2020,2020-07,102211000,102211000000,102211,10,"Live cattle, pure-bred breeding","Live cattle, pure-bred breeding",CR_HASH_006,Import,IM,US,US,BH,US,US,BH,US,NMB,4.8,2005.4937500000003,price_per_item,9626.37,25602.06,4.8,85.04,90.79,7.604144074825469,10.013369334439131,0.6855679350518233,9.327801399387308,10.638440798004723,1.3106393986174147,7.361842301461186,12.604399895930845,False,-2.370297810069223,2.370297810069223,LOW,10.0,0.010482180293501049,4.558078578454241,30.899046383171186,7.0,0.007337526205450734,4.9147535223929735,36.084880671453035,7.0,1.4285714285714286,0.7867957924694432,3.0,2.1,70.00000000000001,38.579231426594156,NORMAL,0,0.0,-1.01659087702011,25.414771925502748,1.0,0.0,2,False,83.33333333333334,False,True,73.33333333333334,0.8,80.0,53.2285035072593,LOW,1,LOW,"LOW (driven by price+cr_profile; price_level=LOW, pattern_level=NORMAL, cr_profile_level=LOW)",1
2020-2501-5-10814-1,2020-2501-5-10814,2020-07-22,2020,2020-07,2710192100,271019210000,271019,27,Gas oils for diesel engines,Gas oils for diesel engines,CR_HASH_026,,,SA,BH,DE,SA,BH,DE,,LTR,4360.36,0.1926928051812236,price_per_liter_gross_weight,840.21,2234.61,3.21,4075.84,4360.36,0.17621361220500373,0.17621361220500373,0.0,0.17621361220500373,0.17621361220500373,0.0,0.17621361220500373,0.17621361220500373,False,0.0,0.0,NORMAL,,,,0.0,,,,0.0,,,,,,0.0,0.0,NORMAL,0,0.0,-0.719712706750882,17.992817668772048,1.0,0.0,2,False,83.33333333333334,False,False,0.0,0.9,90.0,24.297486184070216,NORMAL,0,NORMAL,"NORMAL (price_level=NORMAL, pattern_level=NORMAL, cr_profile_level=NORMAL)",0
2020-2701-3-10702-1,2020-2701-3-10702,2020-07-22,2020,2020-07,8703221000,870322100000,870322,87,Passenger cars 1000-1500cc,Passenger cars 1000-1500cc,CR_HASH_037,Import,IM,CN,CN,BH,CN,CN,BH,CN,NMB,3.74,93495.1898395722,price_per_item,349672.01,929978.76,3.74,1046.89,1185.17,11.445675964067552,12.339741490828857,0.5298577154310848,11.445675964067552,12.647064860424424,1.201388896356871,9.643592619532246,14.44914820495973,False,-1.138114853487507,1.138114853487507,NORMAL,20.0,0.020964360587002098,3.8649313978942956,10.097586615520235,14.0,0.014675052410901468,4.221606341833028,13.317855801757727,9.0,2.2222222222222223,1.3017082793177757,5.0,2.25,79.54545454545456,21.641861020193506,NORMAL,0,1.2425040721576401,-0.6923524330287633,31.062601803941003,1.0,0.0,4,False,66.66666666666666,False,True,89.47368421052632,0.8421052631578947,84.21052631578947,60.08243694716882,LOW,1,NORMAL,"NORMAL (price_level=NORMAL, pattern_level=NORMAL, cr_profile_level=LOW)",0
2020-2601-5-10861-1,2020-2601-5-10861,2020-07-22,2020,2020-07,3923301000,392330100000,392330,39,Plastic bottles for packaging,Plastic bottles for packaging,CR_HASH_040,Import,IM,IN,IN,BH,IN,IN,BH,IN,NMB,1.57,12.012738853503183,price_per_item,18.86,50.16,1.57,323.46,345.1,2.565928789469314,1.6841288050356895,0.6442087840607709,1.0864174155799162,2.3469388358112164,1.2605214202313002,-0.8043647147670341,4.237720966158166,False,0.9232502814661689,0.9232502814661689,NORMAL,13.0,0.013626834381551363,4.29571431398675,23.025452080470465,11.0,0.011530398322851153,4.462768398649916,21.2390343034744,9.0,1.4444444444444444,0.5270462766947299,2.0,1.3846153846153846,24.475524475524477,22.617716717779942,NORMAL,0,0.0,1.5600860451970056,39.00215112992514,1.0,0.0,3,False,75.0,True,True,100.0,0.7142857142857143,71.42857142857143,72.93646718118808,LOW,1,NORMAL,"NORMAL (price_level=NORMAL, pattern_level=NORMAL, cr_profile_level=LOW)",0
2020-2601-5-10492-1,2020-2601-5-10492,2020-07-23,2020,2020-07,8703221000,870322100000,870322,87,Passenger cars 1000-1500cc,Passenger cars 1000-1500cc,CR_HASH_017,Re-export,EX,BH,BH,IN,BH,BH,IN,IN,NMB,3.75,55730.328,price_per_item,208988.73,555821.1,3.75,352.97,385.41,10.928297709456057,12.004283802979177,0.6624296738554509,11.2719045323345,12.594725507248622,1.3228209749141229,9.287673069963315,14.578956969619806,False,-1.0955769435609988,1.0955769435609988,NORMAL,4.0,0.0041928721174004195,5.474369310328396,58.39708046469813,4.0,0.0041928721174004195,5.474369310328396,54.46595026060942,4.0,1.0,0.0,1.0,1.0,0.0,48.26162282356236,LOW,1,0.0,-0.8795578313669071,21.988945784172678,1.0,0.0,1,True,91.66666666666666,False,True,92.85714285714286,1.0,100.0,70.91041673874615,LOW,1,LOW,"LOW (driven by pattern+cr_profile; price_level=NORMAL, pattern_level=LOW, cr_profile_level=LOW)",1
2020-2601-9-10134-1,2020-2601-9-10134,2020-07-23,2020,2020-07,1006301000,100630100000,100630,10,Long-grain milled rice,Long-grain milled rice,CR_HASH_022,Import,IM,US,US,BH,US,US,BH,US,KGM,1862.36,0.24439957902875922,price_per_kg,455.16,1210.53,3.25,1862.36,1960.63,0.21865314774874448,0.32869838978139143,0.06767869107876259,0.270176176769005,0.39860128498662895,0.12842510821762393,0.07753851444256912,0.5912389473130648,False,-1.0967188888006916,1.0967188888006916,NORMAL,8.0,0.008385744234800839,4.781222129768451,37.595620697047174,7.0,0.007337526205450734,4.9147535223929735,36.084880671453035,5.0,1.6,0.5477225575051662,2.0,1.25,15.909090909090912,33.81388221989579,NORMAL,0,0.0,-1.0183472178315598,25.458680445788996,1.0,0.0,1,True,91.66666666666666,True,True,100.0,0.8571428571428572,85.71428571428572,81.05339529888329,MEDIUM,1,LOW,"LOW (driven by cr_profile; price_level=NORMAL, pattern_level=NORMAL, cr_profile_level=MEDIUM)",1
2020-2601-1-10374-1,2020-2601-1-10374,2020-07-23,2020,2020-07,1006301000,100630100000,100630,10,Long-grain milled rice,Long-grain milled rice,CR_HASH_048,Import,IM,US,US,BH,US,US,BH,US,KGM,2816.06,0.3797610846359808,price_per_kg,1069.43,2844.22,1.29,2816.06,3344.08,0.321910357105515,0.32869838978139143,0.06767869107876259,0.270176176769005,0.39860128498662895,0.12842510821762393,0.07753851444256912,0.5912389473130648,False,-0.06765002753341569,0.06765002753341569,NORMAL,8.0,0.008385744234800839,4.781222129768451,37.595620697047174,7.0,0.007337526205450734,4.9147535223929735,36.084880671453035,5.0,1.6,0.5477225575051662,2.0,1.25,15.909090909090912,33.81388221989579,NORMAL,0,0.0,-0.06363162716509024,1.5907906791272561,1.0,0.0,1,True,91.66666666666666,False,True,81.81818181818181,0.9230769230769231,92.3076923076923,59.472860653778454,LOW,1,NORMAL,"NORMAL (price_level=NORMAL, pattern_level=NORMAL, cr_profile_level=LOW)",0
2020-2601-8-10453-1,2020-2601-8-10453,2020-07-24,2020,2020-07,1006301000,100630100000,100630,10,Long-grain milled rice,Long-grain milled rice,CR_HASH_022,Re-export,EX,BH,BH,US,BH,BH,US,US,KGM,2185.17,0.5602401643808033,price_per_kg,1224.22,3255.9,2.88,2185.17,2416.2,0.44483976093828154,0.2942812331971436,0.07865143426710039,0.2366195387420564,0.39544094305664584,0.15882140431458944,-0.0016125677298277352,0.63367304952853,False,1.2911441052293218,1.2911441052293218,NORMAL,8.0,0.008385744234800839,4.781222129768451,37.595620697047174,8.0,0.008385744234800839,4.781222129768451,31.698925390914113,8.0,1.0,0.0,1.0,1.0,0.0,29.892434235343526,NORMAL,0,0.0,1.2034976991618966,30.087442479047414,1.0,0.0,1,True,91.66666666666666,False,False,87.5,0.75,75.0,57.4056048676666,LOW,1,NORMAL,"NORMAL (price_level=NORMAL, pattern_level=NORMAL, cr_profile_level=LOW)",0
2020-2501-7-10897-1,2020-2501-7-10897,2020-07-24,2020,2020-07,3923301000,392330100000,392330,39,Plastic bottles for packaging,Plastic bottles for packaging,CR_HASH_001,Re-export,EX,BH,BH,CN,BH,BH,CN,CN,NMB,2.43,0.7654320987654321,price_per_item,1.86,4.95,2.43,29.16,30.81,0.5683954755874685,2.008077055471865,0.7629623078147538,1.1201351912780924,2.51712417371907,1.3969889824409778,-0.9753482823833743,4.612607647380537,False,-1.2727390491962036,1.2727390491962036,NORMAL,14.0,0.014675052410901468,4.221606341833028,20.80145976765095,14.0,0.014675052410901468,4.221606341833028,13.317855801757727,7.0,2.0,0.816496580927726,3.0,1.5,31.818181818181824,19.83470668716795,NORMAL,0,0.0,-0.7633413697539605,19.083534243849012,1.0,0.0,3,False,75.0,False,False,72.72727272727273,0.8181818181818181,81.81818181818181,41.2246915308017,LOW,1,NORMAL,"NORMAL (price_level=NORMAL, pattern_level=NORMAL, cr_profile_level=LOW)",0
2020-2501-6-10248-1,2020-2501-6-10248,2020-07-24,2020,2020-07,3923301000,392330100000,392330,39,Plastic bottles for packaging,Plastic bottles for packaging,CR_HASH_030,Import,IM,AE,AE,BH,AE,AE,BH,AE,NMB,1.35,14.740740740740739,price_per_item,19.9,52.92,1.35,571.84,601.04,2.7562523029200876,1.6841288050356895,0.6442087840607709,1.0864174155799162,2.3469388358112164,1.2605214202313002,-0.8043647147670341,4.237720966158166,False,1.122520229827439,1.122520229827439,NORMAL,13.0,0.013626834381551363,4.29571431398675,23.025452080470465,11.0,0.011530398322851153,4.462768398649916,21.2390343034744,7.0,1.8571428571428572,1.2149857925879117,4.0,2.1538461538461537,73.42657342657343,29.960374060437285,NORMAL,0,0.0,2.142431510896615,53.560787772415374,1.0,0.0,2,False,83.33333333333334,True,True,100.0,0.9090909090909091,90.9090909090909,81.92809390216357,MEDIUM,1,LOW,"LOW (driven by cr_profile; price_level=NORMAL, pattern_level=NORMAL, cr_profile_level=MEDIUM)",1
2020-2501-3-10281-1,2020-2501-3-10281,2020-07-25,2020,2020-07,8517120000,851712000000,851712,85,Cellular telephones,Cellular telephones,CR_HASH_021,Import,IM,CN,CN,BH,CN,CN,BH,CN,NMB,4.79,5974.004175365344,price_per_item,28615.48,76105.0,4.79,173.49,208.16,8.695340075605383,9.1609472788485,0.7778458576033893,8.086449359029473,9.737226953131787,1.6507775941023137,5.610282967876002,12.213393344285258,False,-0.4037403465782176,0.4037403465782176,NORMAL,22.0,0.023060796645702306,3.769621218089971,7.2373125983257305,14.0,0.014675052410901468,4.221606341833028,13.317855801757727,10.0,2.2,0.7888106377466155,3.0,1.3636363636363635,23.140495867768593,11.750980209943359,NORMAL,0,0.0,-0.330932754479226,8.27331886198065,1.0,0.0,2,False,83.33333333333334,False,True,64.28571428571428,0.8666666666666667,86.66666666666667,46.30042350645513,LOW,1,NORMAL,"NORMAL (price_level=NORMAL, pattern_level=NORMAL, cr_profile_level=LOW)",0
2020-2601-7-10874-1,2020-2601-7-10874,2020-07-26,2020,2020-07,8504400090,850440009000,850440,85,Static converters,Static converters,CR_HASH_004,Import,IM,CN,CN,BH,CN,CN,BH,CN,NMB,4.71,2578.8895966029722,price_per_item,12146.57,32304.72,4.71,498.57,558.93,7.855501884985707,7.466827051260017,0.5715840105867187,6.914775863803976,8.032836322465545,1.11806045866157,5.23768517581162,9.7099270104579,False,0.4586510100588381,0.4586510100588381,NORMAL,19.0,0.019916142557651992,3.916224692281846,11.63690673320574,15.0,0.015723270440251572,4.152613470346076,11.051724646602178,9.0,2.111111111111111,0.9279607271383371,4.0,1.894736842105263,56.9377990430622,18.22722684937296,NORMAL,0,0.0,0.6303012306227288,15.75753076556822,1.0,0.0,2,False,83.33333333333334,False,True,85.71428571428572,0.7777777777777778,77.77777777777779,52.499262752075865,LOW,1,NORMAL,"NORMAL (price_level=NORMAL, pattern_level=NORMAL, cr_profile_level=LOW)",0
2020-2501-6-10659-1,2020-2501-6-10659,2020-07-26,2020,2020-07,2710192100,271019210000,271019,27,Gas oils for diesel engines,Gas oils for diesel engines,CR_HASH_045,Import,IM,JP,IN,BH,JP,IN,BH,JP,LTR,6864.78,0.16953930060395234,price_per_liter_gross_weight,1163.85,3095.34,2.49,6322.1,6864.78,0.1566099110982114,0.26355592811875056,0.07105600884335336,0.1979668243457394,0.33634243682655873,0.13837561248081934,-0.009596594375489625,0.5439058555477878,False,-1.0151724170464411,1.0151724170464411,NORMAL,7.0,0.007337526205450734,4.9147535223929735,41.6029195353019,1.0,0.0010482180293501049,6.860663671448286,100.0,6.0,1.1666666666666667,0.408248290463863,2.0,1.7142857142857142,45.45454545454546,62.619641585832774,LOW,1,0.0,-0.8738923423069023,21.847308557672555,1.0,0.0,2,False,83.33333333333334,True,True,100.0,0.8333333333333334,83.33333333333334,69.31322466185206,LOW,1,LOW,"LOW (driven by pattern+cr_profile; price_level=NORMAL, pattern_level=LOW, cr_profile_level=LOW)",1
2020-2701-1-10725-1,2020-2701-1-10725,2020-07-26,2020,2020-07,8504400090,850440009000,850440,85,Static converters,Static converters,CR_HASH_020,Import,IM,CN,CN,BH,CN,CN,BH,CN,NMB,3.47,1590.6397694524496,price_per_item,5519.52,14679.57,3.47,416.1,487.74,7.372520065330605,7.466827051260017,0.5715840105867187,6.914775863803976,8.032836322465545,1.11806045866157,5.23768517581162,9.7099270104579,False,-0.11128581168354312,0.11128581168354312,NORMAL,19.0,0.019916142557651992,3.916224692281846,11.63690673320574,15.0,0.015723270440251572,4.152613470346076,11.051724646602178,9.0,2.111111111111111,0.9279607271383371,4.0,1.894736842105263,56.9377990430622,18.22722684937296,NORMAL,0,0.0,-0.09473636433263824,2.368409108315956,1.0,0.0,2,False,83.33333333333334,False,True,92.3076923076923,0.7857142857142857,78.57142857142857,49.62015197911938,LOW,1,NORMAL,"NORMAL (price_level=NORMAL, pattern_level=NORMAL, cr_profile_level=LOW)",0
2020-2501-2-10169-1,2020-2501-2-10169,2020-07-27,2020,2020-07,8471300000,847130000000,847130,84,Portable laptop computers,Portable laptop computers,CR_HASH_042,Import,IM,SA,SA,BH,SA,SA,BH,SA,NMB,3.18,5522.770440251572,price_per_item,17562.41,46708.53,3.18,291.52,339.16,8.616815956868349,8.71824987064452,0.6999612932513521,7.750041925937837,9.126895264901794,1.376853338963957,5.684761917491901,11.192175273347729,False,-0.09774288692704235,0.09774288692704235,NORMAL,12.0,0.012578616352201259,4.375757021660286,25.427546772711544,8.0,0.008385744234800839,4.781222129768451,31.698925390914113,7.0,1.7142857142857142,0.9511897312113418,3.0,1.75,47.727272727272734,30.96748818226662,NORMAL,0,-0.17417065004450116,-0.1212204865857638,4.354266251112529,2.0,25.0,3,False,75.0,False,True,78.57142857142857,0.7857142857142857,78.57142857142857,49.38113604503224,LOW,1,NORMAL,"NORMAL (price_level=NORMAL, pattern_level=NORMAL, cr_profile_level=LOW)",0
2020-2701-5-10236-1,2020-2701-5-10236,2020-07-27,2020,2020-07,9018390000,901839000000,901839,90,Medical syringes and needles,Medical syringes and needles,CR_HASH_006,Import,IM,CN,CN,BH,CN,CN,BH,CN,NMB,3.37,1.1661721068249258,price_per_item,3.93,10.44,3.37,27.07,29.54,0.7729616037900751,1.1592369104845446,0.5792846449150362,0.6041021775947832,1.7481096643936567,1.1440074867988734,-1.111909052603527,3.464120894591967,False,-0.44976010889710505,0.44976010889710505,NORMAL,23.0,0.02410901467505241,3.725169455519137,5.903307964603629,18.0,0.018867924528301886,3.970291913552122,5.063213787398673,12.0,1.9166666666666667,0.9962049198956219,4.0,2.0869565217391304,69.16996047430831,15.099272879037596,NORMAL,0,0.0,-0.5707918468878391,14.269796172195978,1.0,0.0,1,True,91.66666666666666,False,True,87.5,1.0,100.0,66.8694286602686,LOW,1,NORMAL,"NORMAL (price_level=NORMAL, pattern_level=NORMAL, cr_profile_level=LOW)",0
2020-2501-9-10177-1,2020-2501-9-10177,2020-07-28,2020,2020-07,6109100000,610910000000,610910,61,Cotton t-shirts,Cotton t-shirts,CR_HASH_011,Import,IM,JP,DE,BH,JP,DE,BH,JP,NMB,2.74,178.5875912408759,price_per_item,489.33,1301.4,2.74,794.89,900.48,5.190663062394763,4.644105600231562,0.7882174659262975,3.8927224589349843,5.444558727344917,1.5518362684099332,1.5649680563200845,7.772313129959818,False,0.4676982859277676,0.4676982859277676,NORMAL,6.0,0.006289308176100629,5.0689042022202315,46.22900654036249,1.0,0.0010482180293501049,6.860663671448286,100.0,4.0,1.5,1.0,3.0,2.0,63.63636363636365,67.65995781563579,LOW,1,0.0,0.7950977869502173,19.87744467375543,1.0,0.0,1,True,91.66666666666666,True,True,100.0,1.0,100.0,81.9571056358144,MEDIUM,1,MEDIUM,"MEDIUM (driven by pattern+cr_profile; price_level=NORMAL, pattern_level=LOW, cr_profile_level=MEDIUM)",1
2020-2701-4-10131-1,2020-2701-4-10131,2020-07-29,2020,2020-07,1006301000,100630100000,100630,10,Long-grain milled rice,Long-grain milled rice,CR_HASH_022,Import,IM,CN,CN,BH,CN,CN,BH,CN,KGM,3770.95,0.2895185563319588,price_per_kg,1091.76,2903.63,3.92,3770.95,4440.59,0.2542689365668267,0.32869838978139143,0.06767869107876259,0.270176176769005,0.39860128498662895,0.12842510821762393,0.07753851444256912,0.5912389473130648,False,-0.7417693460958901,0.7417693460958901,NORMAL,25.0,0.02620545073375262,3.641787846580086,3.4010123016442515,21.0,0.0220125786163522,3.8161412337248635,0.0,9.0,2.7777777777777777,1.6414763002993509,5.0,1.8,50.909090909090914,9.336869787185762,NORMAL,0,0.0,-0.7009485837411411,17.523714593528528,1.0,0.0,1,True,91.66666666666666,False,True,55.55555555555556,0.6666666666666667,66.66666666666667,53.35552232995721,LOW,1,NORMAL,"NORMAL (price_level=NORMAL, pattern_level=NORMAL, cr_profile_level=LOW)",0
2020-2501-5-10793-1,2020-2501-5-10793,2020-07-29,2020,2020-07,8471300000,847130000000,847130,84,Portable laptop computers,Portable laptop computers,CR_HASH_028,Import,IM,US,SA,BH,US,SA,BH,US,NMB,4.43,2713.1828442437923,price_per_item,12019.4,31966.5,4.43,1029.3,1188.51,7.906246208885931,8.71824987064452,0.6999612932513521,7.750041925937837,9.126895264901794,1.376853338963957,5.684761917491901,11.192175273347729,False,-0.7824560754970991,0.7824560754970991,NORMAL,12.0,0.012578616352201259,4.375757021660286,25.427546772711544,1.0,0.0010482180293501049,6.860663671448286,100.0,9.0,1.3333333333333333,0.5,2.0,1.5,31.818181818181824,52.48650065908304,LOW,1,0.0,-0.5647282690952881,14.118206727382201,1.0,0.0,2,False,83.33333333333334,False,False,80.0,0.9,90.0,42.94137235458377,LOW,1,LOW,"LOW (driven by pattern+cr_profile; price_level=NORMAL, pattern_level=LOW, cr_profile_level=LOW)",1
2020-2801-5-10734-1,2020-2801-5-10734,2020-07-29,2020,2020-07,8471300000,847130000000,847130,84,Portable laptop computers,Portable laptop computers,CR_HASH_046,Import,IM,IN,IN,BH,IN,IN,BH,IN,NMB,1.41,586.7872340425532,price_per_item,827.37,2200.44,1.41,19.43,22.42,6.3763650355498465,8.71824987064452,0.6999612932513521,7.750041925937837,9.126895264901794,1.376853338963957,5.684761917491901,11.192175273347729,False,-2.2566671846846096,2.2566671846846096,LOW,5.0,0.005241090146750524,5.251225759014186,51.700506150822136,3.0,0.0031446540880503146,5.762051382780177,63.915119328547,5.0,1.0,0.0,1.0,1.0,0.0,48.22054484040252,LOW,1,0.0,-0.8623042708511338,21.557606771278344,1.0,0.0,3,False,75.0,False,True,86.66666666666667,0.875,87.5,56.71182903661409,LOW,1,LOW,"LOW (driven by price+pattern+cr_profile; price_level=LOW, pattern_level=LOW, cr_profile_level=LOW)",1
2020-2801-1-10196-1,2020-2801-1-10196,2020-07-29,2020,2020-07,2710192100,271019210000,271019,27,Gas oils for diesel engines,Gas oils for diesel engines,CR_HASH_049,Import,IM,IN,IN,BH,IN,IN,BH,IN,LTR,3463.74,0.42042127873339225,price_per_liter_gross_weight,1456.23,3872.95,3.76,3080.1,3463.74,0.3509535027781556,0.26355592811875056,0.07105600884335336,0.1979668243457394,0.33634243682655873,0.13837561248081934,-0.009596594375489625,0.5439058555477878,False,0.8296111401132921,0.8296111401132921,NORMAL,6.0,0.006289308176100629,5.0689042022202315,46.22900654036249,6.0,0.006289308176100629,5.0689042022202315,41.148094458851695,5.0,1.2,0.4472135954999579,2.0,1.6666666666666667,42.424242424242436,43.879972694415706,NORMAL,0,0.0,0.826627878404462,20.66569696011155,1.0,0.0,1,True,91.66666666666666,False,True,86.66666666666667,1.0,100.0,68.89966060270571,LOW,1,NORMAL,"NORMAL (price_level=NORMAL, pattern_level=NORMAL, cr_profile_level=LOW)",0
2020-2801-4-10680-1,2020-2801-4-10680,2020-07-30,2020,2020-07,8471300000,847130000000,847130,84,Portable laptop computers,Portable laptop computers,CR_HASH_030,Import,IM,DE,AE,BH,DE,AE,BH,DE,NMB,3.47,2118.92795389049,price_per_item,7352.68,19554.99,3.47,717.79,834.01,7.659137383074668,8.71824987064452,0.6999612932513521,7.750041925937837,9.126895264901794,1.376853338963957,5.684761917491901,11.192175273347729,False,-1.0205729845344638,1.0205729845344638,NORMAL,5.0,0.005241090146750524,5.251225759014186,51.700506150822136,1.0,0.0010482180293501049,6.860663671448286,100.0,3.0,1.6666666666666667,1.1547005383792517,3.0,1.7999999999999998,50.90909090909091,68.4866167117747,LOW,1,0.0,-0.6381819444940415,15.954548612351038,1.0,0.0,3,False,75.0,False,False,81.81818181818181,0.8333333333333334,83.33333333333334,42.70530413553499,LOW,1,LOW,"LOW (driven by pattern+cr_profile; price_level=NORMAL, pattern_level=LOW, cr_profile_level=LOW)",1
2020-2701-7-10024-1,2020-2701-7-10024,2020-07-30,2020,2020-07,102211000,102211000000,102211,10,"Live cattle, pure-bred breeding","Live cattle, pure-bred breeding",CR_HASH_007,Import,IM,AE,AE,BH,AE,AE,BH,AE,NMB,1.87,62707.8128342246,price_per_item,117263.61,311871.3,1.87,527.31,563.11,11.046257272313774,10.013369334439131,0.6855679350518233,9.327801399387308,10.638440798004723,1.3106393986174147,7.361842301461186,12.604399895930845,False,1.0161988827826656,1.0161988827826656,NORMAL,11.0,0.011530398322851153,4.462768398649916,28.038772365976683,8.0,0.008385744234800839,4.781222129768451,31.698925390914113,8.0,1.375,0.7440238091428449,3.0,2.1818181818181817,75.20661157024794,36.39500180534547,NORMAL,0,0.0,2.487462990667171,62.18657476667927,1.0,0.0,3,False,75.0,False,True,90.9090909090909,0.7272727272727273,72.72727272727273,69.03802844106502,LOW,1,NORMAL,"NORMAL (price_level=NORMAL, pattern_level=NORMAL, cr_profile_level=LOW)",0
2020-2501-6-10289-1,2020-2501-6-10289,2020-07-30,2020,2020-07,102211000,102211000000,102211,10,"Live cattle, pure-bred breeding","Live cattle, pure-bred breeding",CR_HASH_011,Import,IM,SA,SA,BH,SA,SA,BH,SA,NMB,0.82,86064.28048780489,price_per_item,70572.71,187693.38,0.82,689.18,783.73,11.362861362723184,10.013369334439131,0.6855679350518233,9.327801399387308,10.638440798004723,1.3106393986174147,7.361842301461186,12.604399895930845,False,1.3276873910331235,1.3276873910331235,NORMAL,7.0,0.007337526205450734,4.9147535223929735,41.6029195353019,5.0,0.005241090146750524,5.251225759014186,47.13660531805522,4.0,1.75,0.5,2.0,1.1428571428571428,9.090909090909088,38.662907992606634,NORMAL,0,0.0,4.061641892330672,100.0,1.0,0.0,1,True,91.66666666666666,False,True,81.81818181818181,1.0,100.0,95.45454545454545,HIGH,1,HIGH,"HIGH (driven by cr_profile; price_level=NORMAL, pattern_level=NORMAL, cr_profile_level=HIGH)",1
2020-2701-6-10949-1,2020-2701-6-10949,2020-07-31,2020,2020-07,8517120000,851712000000,851712,85,Cellular telephones,Cellular telephones,CR_HASH_028,Import,IM,CN,CN,BH,CN,CN,BH,CN,NMB,3.74,9829.48395721925,price_per_item,36762.27,97772.0,3.74,354.06,415.17,9.193243444606765,9.1609472788485,0.7778458576033893,8.086449359029473,9.737226953131787,1.6507775941023137,5.610282967876002,12.213393344285258,False,0.02800486131994148,0.02800486131994148,NORMAL,22.0,0.023060796645702306,3.769621218089971,7.2373125983257305,14.0,0.014675052410901468,4.221606341833028,13.317855801757727,10.0,2.2,0.7888106377466155,3.0,1.3636363636363635,23.140495867768593,11.750980209943359,NORMAL,0,0.0,0.07369786911249815,1.8424467278124537,1.0,0.0,1,True,91.66666666666666,False,True,63.63636363636363,0.8181818181818181,81.81818181818181,52.91758362746163,LOW,1,NORMAL,"NORMAL (price_level=NORMAL, pattern_level=NORMAL, cr_profile_level=LOW)",0
2020-2801-6-10989-1,2020-2801-6-10989,2020-07-31,2020,2020-07,8703221000,870322100000,870322,87,Passenger cars 1000-1500cc,Passenger cars 1000-1500cc,CR_HASH_023,Import,IM,CN,CN,BH,CN,CN,BH,CN,NMB,4.52,49522.511061946905,price_per_item,223841.75,595323.81,4.52,148.1,166.92,10.810202806742208,12.339741490828857,0.5298577154310848,11.445675964067552,12.647064860424424,1.201388896356871,9.643592619532246,14.44914820495973,False,-1.9470504602147618,1.9470504602147618,NORMAL,20.0,0.020964360587002098,3.8649313978942956,10.097586615520235,14.0,0.014675052410901468,4.221606341833028,13.317855801757727,9.0,2.2222222222222223,1.3017082793177757,5.0,2.25,79.54545454545456,21.641861020193506,NORMAL,0,0.0,-0.9223788305640316,23.05947076410079,1.0,0.0,1,True,91.66666666666666,False,True,88.88888888888889,1.0,100.0,70.2930369896575,LOW,1,NORMAL,"NORMAL (price_level=NORMAL, pattern_level=NORMAL, cr_profile_level=LOW)",0
2020-2801-8-10440-1,2020-2801-8-10440,2020-07-31,2020,2020-07,8471300000,847130000000,847130,84,Portable laptop computers,Portable laptop computers,CR_HASH_025,Import,IM,CN,CN,BH,CN,CN,BH,CN,NMB,4.34,10166.467741935485,price_per_item,44122.47,117347.0,4.34,287.79,304.81,9.226948465112022,8.71824987064452,0.6999612932513521,7.750041925937837,9.126895264901794,1.376853338963957,5.684761917491901,11.192175273347729,False,0.49018782129121535,0.49018782129121535,NORMAL,21.0,0.0220125786163522,3.8161412337248635,8.633385843315326,15.0,0.015723270440251572,4.152613470346076,11.051724646602178,10.0,2.1,1.449137674618944,5.0,2.380952380952381,87.87878787878789,21.36661472978661,NORMAL,0,0.0,0.6070040074096379,15.175100185240947,1.0,0.0,2,False,83.33333333333334,False,False,57.14285714285714,0.8571428571428572,85.71428571428572,36.73985649340576,LOW,1,NORMAL,"NORMAL (price_level=NORMAL, pattern_level=NORMAL, cr_profile_level=LOW)",0
2020-2701-3-10499-1,2020-2701-3-10499,2020-07-31,2020,2020-07,8471300000,847130000000,847130,84,Portable laptop computers,Portable laptop computers,CR_HASH_017,Import,IM,SA,IN,BH,SA,IN,BH,SA,NMB,3.12,6627.778846153846,price_per_item,20678.67,54996.45,3.12,787.4,871.04,8.79917588011509,8.71824987064452,0.6999612932513521,7.750041925937837,9.126895264901794,1.376853338963957,5.684761917491901,11.192175273347729,False,0.07798123427035572,0.07798123427035572,NORMAL,12.0,0.012578616352201259,4.375757021660286,25.427546772711544,2.0,0.0020964360587002098,6.1675164908883415,77.23297513030472,7.0,1.7142857142857142,0.9511897312113418,3.0,1.75,47.727272727272734,46.90440559105333,LOW,1,0.0,0.01063027492456706,0.2657568731141765,1.0,0.0,3,False,75.0,False,True,86.66666666666667,0.8666666666666667,86.66666666666667,49.09301490558997,LOW,1,LOW,"LOW (driven by pattern+cr_profile; price_level=NORMAL, pattern_level=LOW, cr_profile_level=LOW)",1
2020-2501-4-10504-1,2020-2501-4-10504,2020-07-31,2020,2020-07,3923301000,392330100000,392330,39,Plastic bottles for packaging,Plastic bottles for packaging,CR_HASH_039,Re-export,EX,BH,BH,US,BH,BH,US,US,NMB,1.47,6.448979591836735,price_per_item,9.48,25.2,1.47,108.24,119.12,2.008077055471865,2.008077055471865,0.7629623078147538,1.1201351912780924,2.51712417371907,1.3969889824409778,-0.9753482823833743,4.612607647380537,False,0.0,0.0,NORMAL,6.0,0.006289308176100629,5.0689042022202315,46.22900654036249,6.0,0.006289308176100629,5.0689042022202315,41.148094458851695,6.0,1.0,0.0,1.0,1.0,0.0,37.51633633077934,NORMAL,0,0.0,0.3595651390052704,8.989128475131759,1.0,0.0,2,False,83.33333333333334,False,False,66.66666666666667,0.8571428571428572,85.71428571428572,36.95571877581993,LOW,1,NORMAL,"NORMAL (price_level=NORMAL, pattern_level=NORMAL, cr_profile_level=LOW)",0
2020-2501-2-10856-1,2020-2501-2-10856,2020-08-01,2020,2020-08,3923301000,392330100000,392330,39,Plastic bottles for packaging,Plastic bottles for packaging,CR_HASH_032,,,US,BH,AE,US,BH,AE,,NMB,0.57,1.0526315789473684,price_per_item,0.6,1.59,0.57,252.97,280.98,0.7191226669632059,0.7191226669632059,0.0,0.7191226669632059,0.7191226669632059,0.0,0.7191226669632059,0.7191226669632059,False,0.0,0.0,NORMAL,,,,0.0,,,,0.0,,,,,,0.0,0.0,NORMAL,0,-11.80651775400763,-0.7172763419879872,100.0,3.0,50.0,4,False,66.66666666666666,False,False,0.0,0.7,70.0,54.0,LOW,1,NORMAL,"NORMAL (price_level=NORMAL, pattern_level=NORMAL, cr_profile_level=LOW)",0
2020-2701-3-10243-1,2020-2701-3-10243,2020-08-02,2020,2020-08,6109100000,610910000000,610910,61,Cotton t-shirts,Cotton t-shirts,CR_HASH_018,Re-export,EX,BH,BH,CN,BH,BH,CN,CN,NMB,0.55,422.76363636363635,price_per_item,232.52,618.4,0.55,553.1,594.29,6.049175838386059,4.610526181303967,0.7708500247178713,3.916293548711598,5.585818334387825,1.6695247856762268,1.412006370197258,8.090105512902165,False,1.2588128283205167,1.2588128283205167,NORMAL,5.0,0.005241090146750524,5.251225759014186,51.700506150822136,5.0,0.005241090146750524,5.251225759014186,47.13660531805522,3.0,1.6666666666666667,1.1547005383792517,3.0,1.7999999999999998,50.90909090909091,49.98442857309403,LOW,1,0.0,3.308547054212821,82.71367635532052,1.0,0.0,2,False,83.33333333333334,False,True,80.0,0.9,90.0,76.94978672436218,MEDIUM,1,MEDIUM,"MEDIUM (driven by pattern+cr_profile; price_level=NORMAL, pattern_level=LOW, cr_profile_level=MEDIUM)",1
2020-2501-3-10329-1,2020-2501-3-10329,2020-08-04,2020,2020-08,2710192100,271019210000,271019,27,Gas oils for diesel engines,Gas oils for diesel engines,CR_HASH_038,Re-export,EX,BH,BH,CN,BH,BH,CN,CN,LTR,7598.28,0.2512818690545755,price_per_liter_gross_weight,1909.31,5077.95,3.8,6832.56,7598.28,0.2241685210968306,0.2773855677315066,0.0779894680702432,0.16396900989912072,0.33244641877019565,0.16847740887107493,-0.08874710340749165,0.585162532076808,False,-0.4602468396039676,0.4602468396039676,NORMAL,10.0,0.010482180293501049,4.558078578454241,30.899046383171186,10.0,0.010482180293501049,4.558078578454241,24.369580448359905,7.0,1.4285714285714286,0.5345224838248488,2.0,1.4,25.454545454545453,27.797058166693375,NORMAL,0,0.0,-0.3363086701164784,8.407716752911961,1.0,0.0,2,False,83.33333333333334,False,True,85.71428571428572,0.8888888888888888,88.88888888888889,52.149050069868395,LOW,1,NORMAL,"NORMAL (price_level=NORMAL, pattern_level=NORMAL, cr_profile_level=LOW)",0
2020-2601-9-10636-1,2020-2601-9-10636,2020-08-04,2020,2020-08,6109100000,610910000000,610910,61,Cotton t-shirts,Cotton t-shirts,CR_HASH_041,Import,IM,SA,US,BH,SA,US,BH,SA,NMB,2.35,2.05531914893617,price_per_item,4.83,12.85,2.35,31.48,36.17,1.116884054904065,4.644105600231562,0.7882174659262975,3.8927224589349843,5.444558727344917,1.5518362684099332,1.5649680563200845,7.772313129959818,True,-3.0183019811091185,3.0183019811091185,MEDIUM,14.0,0.014675052410901468,4.221606341833028,20.80145976765095,1.0,0.0010482180293501049,6.860663671448286,100.0,8.0,1.75,0.8864052604279183,3.0,1.7142857142857142,45.45454545454546,52.2189117020073,LOW,1,0.0,-1.0699389850586998,26.748474626467495,1.0,0.0,1,True,91.66666666666666,True,True,100.0,1.0,100.0,84.36196611926363,MEDIUM,1,HIGH,"HIGH (driven by price+pattern+cr_profile; price_level=MEDIUM, pattern_level=LOW, cr_profile_level=MEDIUM)",1
2020-2701-8-10434-1,2020-2701-8-10434,2020-08-05,2020,2020-08,9018390000,901839000000,901839,90,Medical syringes and needles,Medical syringes and needles,CR_HASH_028,Import,IM,US,US,BH,US,US,BH,US,NMB,4.19,6.119331742243436,price_per_item,25.64,68.2,4.19,945.72,1035.9,1.9628138645926108,1.1592369104845446,0.5792846449150362,0.6041021775947832,1.7481096643936567,1.1440074867988734,-1.111909052603527,3.464120894591967,False,0.935645774200928,0.935645774200928,NORMAL,11.0,0.011530398322851153,4.462768398649916,28.038772365976683,9.0,0.009433962264150943,4.663439094112067,27.830238657093965,7.0,1.5714285714285714,0.7867957924694432,3.0,1.9090909090909092,57.8512396694215,32.437655663384454,NORMAL,0,0.0,1.2740360229047925,31.85090057261981,2.0,25.0,3,False,75.0,False,True,75.0,0.8333333333333334,83.33333333333334,59.0644818670836,LOW,1,NORMAL,"NORMAL (price_level=NORMAL, pattern_level=NORMAL, cr_profile_level=LOW)",0
2020-2801-7-10081-1,2020-2801-7-10081,2020-08-06,2020,2020-08,6109100000,610910000000,610910,61,Cotton t-shirts,Cotton t-shirts,CR_HASH_029,Import,IM,US,US,BH,US,US,BH,US,NMB,3.56,222.15168539325842,price_per_item,790.86,2103.35,3.56,146.65,158.72,5.407851743783743,4.644105600231562,0.7882174659262975,3.8927224589349843,5.444558727344917,1.5518362684099332,1.5649680563200845,7.772313129959818,False,0.6535502430239215,0.6535502430239215,NORMAL,13.0,0.013626834381551363,4.29571431398675,23.025452080470465,11.0,0.011530398322851153,4.462768398649916,21.2390343034744,10.0,1.3,0.48304589153964794,2.0,1.5384615384615383,34.26573426573426,24.086248186311412,NORMAL,0,0.0,1.2258202484649523,30.645506211623808,1.0,0.0,3,False,75.0,True,True,100.0,0.8333333333333334,83.33333333333334,72.392593840735,LOW,1,NORMAL,"NORMAL (price_level=NORMAL, pattern_level=NORMAL, cr_profile_level=LOW)",0
2020-2501-9-10642-1,2020-2501-9-10642,2020-08-06,2020,2020-08,8471300000,847130000000,847130,84,Portable laptop computers,Portable laptop computers,CR_HASH_012,,,CN,BH,AE,CN,BH,AE,,NMB,3.62,548.560773480663,price_per_item,1985.79,5281.36,3.62,83.54,97.46,6.309119365509199,6.309119365509199,0.0,6.309119365509199,6.309119365509199,0.0,6.309119365509199,6.309119365509199,False,0.0,0.0,NORMAL,,,,0.0,,,,0.0,,,,,,0.0,0.0,NORMAL,0,0.0,-0.9076071460693987,22.690178651734968,1.0,0.0,2,False,83.33333333333334,False,False,0.0,0.9,90.0,25.941562528107237,NORMAL,0,NORMAL,"NORMAL (price_level=NORMAL, pattern_level=NORMAL, cr_profile_level=NORMAL)",0
2020-2601-8-10255-1,2020-2601-8-10255,2020-08-06,2020,2020-08,8703221000,870322100000,870322,87,Passenger cars 1000-1500cc,Passenger cars 1000-1500cc,CR_HASH_002,Import,IM,IN,IN,BH,IN,IN,BH,IN,NMB,3.67,145482.55040871934,price_per_item,533920.96,1420002.54,3.67,171.35,180.34,11.88781830359224,12.339741490828857,0.5298577154310848,11.445675964067552,12.647064860424424,1.201388896356871,9.643592619532246,14.44914820495973,False,-0.5752827691417368,0.5752827691417368,NORMAL,9.0,0.009433962264150943,4.663439094112067,34.06093261602687,7.0,0.007337526205450734,4.9147535223929735,36.084880671453035,6.0,1.5,0.8366600265340756,3.0,2.0,63.63636363636365,39.20562908847654,NORMAL,0,0.0,-0.4009835813776363,10.024589534440906,1.0,0.0,1,True,91.66666666666666,False,True,87.5,1.0,100.0,65.38360633705432,LOW,1,NORMAL,"NORMAL (price_level=NORMAL, pattern_level=NORMAL, cr_profile_level=LOW)",0
2020-2701-2-10006-1,2020-2701-2-10006,2020-08-06,2020,2020-08,6109100000,610910000000,610910,61,Cotton t-shirts,Cotton t-shirts,CR_HASH_022,Import,IM,DE,DE,BH,DE,DE,BH,DE,NMB,0.58,416.03448275862075,price_per_item,241.3,641.76,0.58,1259.61,1474.57,6.033168910846684,4.644105600231562,0.7882174659262975,3.8927224589349843,5.444558727344917,1.5518362684099332,1.5649680563200845,7.772313129959818,False,1.1886445147936795,1.1886445147936795,NORMAL,5.0,0.005241090146750524,5.251225759014186,51.700506150822136,5.0,0.005241090146750524,5.251225759014186,47.13660531805522,3.0,1.6666666666666667,1.1547005383792517,3.0,1.7999999999999998,50.90909090909091,49.98442857309403,LOW,1,0.0,3.2328366526950476,80.82091631737619,1.0,0.0,1,True,91.66666666666666,True,True,100.0,1.0,100.0,100.0,HIGH,1,HIGH,"HIGH (driven by pattern+cr_profile; price_level=NORMAL, pattern_level=LOW, cr_profile_level=HIGH)",1
2020-2501-9-10016-1,2020-2501-9-10016,2020-08-07,2020,2020-08,9018390000,901839000000,901839,90,Medical syringes and needles,Medical syringes and needles,CR_HASH_017,Import,IM,SA,SA,BH,SA,SA,BH,SA,NMB,3.93,0.22900763358778625,price_per_item,0.9,2.4,3.93,151.38,174.19,0.20620704178331145,1.1592369104845446,0.5792846449150362,0.6041021775947832,1.7481096643936567,1.1440074867988734,-1.111909052603527,3.464120894591967,False,-1.1096614515623069,1.1096614515623069,NORMAL,6.0,0.006289308176100629,5.0689042022202315,46.22900654036249,5.0,0.005241090146750524,5.251225759014186,47.13660531805522,5.0,1.2,0.4472135954999579,2.0,1.6666666666666667,42.424242424242436,45.97595149513693,LOW,1,0.0,-0.9345461197633419,23.363652994083548,1.0,0.0,3,False,75.0,False,True,81.25,0.875,87.5,55.98977854792924,LOW,1,LOW,"LOW (driven by pattern+cr_profile; price_level=NORMAL, pattern_level=LOW, cr_profile_level=LOW)",1
2020-2501-2-10009-1,2020-2501-2-10009,2020-08-07,2020,2020-08,102211000,102211000000,102211,10,"Live cattle, pure-bred breeding","Live cattle, pure-bred breeding",CR_HASH_026,Import,IM,CN,CN,BH,CN,CN,BH,CN,NMB,1.93,22321.922279792747,price_per_item,43081.31,114577.95,1.93,103.54,117.9,10.013369334439131,10.013369334439131,0.6855679350518233,9.327801399387308,10.638440798004723,1.3106393986174147,7.361842301461186,12.604399895930845,False,0.0,0.0,NORMAL,18.0,0.018867924528301886,3.970291913552122,13.25947284837593,16.0,0.016771488469601678,4.088074949208505,8.931900521218806,10.0,1.8,0.7888106377466155,3.0,1.6666666666666665,42.42424242424242,16.11953797025091,NORMAL,0,0.0,0.22727327382686527,5.681831845671632,1.0,0.0,1,True,91.66666666666666,False,True,80.0,0.9090909090909091,90.9090909090909,60.17045932780326,LOW,1,NORMAL,"NORMAL (price_level=NORMAL, pattern_level=NORMAL, cr_profile_level=LOW)",0
2020-2501-4-10496-1,2020-2501-4-10496,2020-08-07,2020,2020-08,2710192100,271019210000,271019,27,Gas oils for diesel engines,Gas oils for diesel engines,CR_HASH_010,Import,IM,AE,AE,BH,AE,AE,BH,AE,LTR,645.35,0.1511117997985589,price_per_liter_gross_weight,97.52,259.35,4.0,559.33,645.35,0.14072825777554002,0.26355592811875056,0.07105600884335336,0.1979668243457394,0.33634243682655873,0.13837561248081934,-0.009596594375489625,0.5439058555477878,False,-1.1659271327379435,1.1659271327379435,NORMAL,12.0,0.012578616352201259,4.375757021660286,25.427546772711544,10.0,0.010482180293501049,4.558078578454241,24.369580448359905,7.0,1.7142857142857142,0.7559289460184544,3.0,1.75,47.727272727272734,28.40221745237265,NORMAL,0,0.0,-1.0816653542834211,27.04163385708553,2.0,25.0,3,False,75.0,True,True,100.0,0.875,87.5,74.46457184997993,LOW,1,NORMAL,"NORMAL (price_level=NORMAL, pattern_level=NORMAL, cr_profile_level=LOW)",0
2020-2801-9-10548-1,2020-2801-9-10548,2020-08-07,2020,2020-08,3923301000,392330100000,392330,39,Plastic bottles for packaging,Plastic bottles for packaging,CR_HASH_005,Re-export,EX,BH,BH,CN,BH,BH,CN,CN,NMB,1.51,22.735099337748345,price_per_item,34.33,91.3,1.51,95.03,105.97,3.166954937279897,2.008077055471865,0.7629623078147538,1.1201351912780924,2.51712417371907,1.3969889824409778,-0.9753482823833743,4.612607647380537,False,1.0244967734777162,1.0244967734777162,NORMAL,14.0,0.014675052410901468,4.221606341833028,20.80145976765095,14.0,0.014675052410901468,4.221606341833028,13.317855801757727,7.0,2.0,0.816496580927726,3.0,1.5,31.818181818181824,19.83470668716795,NORMAL,0,0.0,3.604148257744833,90.10370644362082,1.0,0.0,2,False,83.33333333333334,False,True,50.0,0.8571428571428572,85.71428571428572,71.17915439812444,LOW,1,NORMAL,"NORMAL (price_level=NORMAL, pattern_level=NORMAL, cr_profile_level=LOW)",0
2020-2501-2-10710-1,2020-2501-2-10710,2020-08-08,2020,2020-08,6109100000,610910000000,610910,61,Cotton t-shirts,Cotton t-shirts,CR_HASH_049,Re-export,EX,BH,BH,CN,BH,BH,CN,CN,NMB,1.97,51.411167512690355,price_per_item,101.28,269.36,1.97,198.74,233.26,3.959119689091245,4.610526181303967,0.7708500247178713,3.916293548711598,5.585818334387825,1.6695247856762268,1.412006370197258,8.090105512902165,False,-0.5699781352687259,0.5699781352687259,NORMAL,5.0,0.005241090146750524,5.251225759014186,51.700506150822136,5.0,0.005241090146750524,5.251225759014186,47.13660531805522,3.0,1.6666666666666667,1.1547005383792517,3.0,1.7999999999999998,50.90909090909091,49.98442857309403,LOW,1,0.0,-0.5523412778035929,13.808531945089822,1.0,0.0,1,True,91.66666666666666,False,True,75.0,1.0,100.0,63.58298618078143,LOW,1,LOW,"LOW (driven by pattern+cr_profile; price_level=NORMAL, pattern_level=LOW, cr_profile_level=LOW)",1
2020-2501-2-10645-1,2020-2501-2-10645,2020-08-08,2020,2020-08,2710192100,271019210000,271019,27,Gas oils for diesel engines,Gas oils for diesel engines,CR_HASH_010,Re-export,EX,BH,BH,SA,BH,BH,SA,SA,LTR,11487.6,0.19956039555694835,price_per_liter_gross_weight,2292.47,6096.99,2.89,10898.93,11487.6,0.181955152640274,0.2773855677315066,0.0779894680702432,0.16396900989912072,0.33244641877019565,0.16847740887107493,-0.08874710340749165,0.585162532076808,False,-0.8253285314637415,0.8253285314637415,NORMAL,4.0,0.0041928721174004195,5.474369310328396,58.39708046469813,4.0,0.0041928721174004195,5.474369310328396,54.46595026060942,4.0,1.0,0.0,1.0,1.0,0.0,48.26162282356236,LOW,1,0.363515151064172,-0.7449140683787493,18.622851709468733,2.0,25.0,3,False,75.0,False,False,93.75,0.8235294117647058,82.35294117647058,48.92608633360817,LOW,1,LOW,"LOW (driven by pattern+cr_profile; price_level=NORMAL, pattern_level=LOW, cr_profile_level=LOW)",1
2020-2701-9-10550-1,2020-2701-9-10550,2020-08-08,2020,2020-08,102211000,102211000000,102211,10,"Live cattle, pure-bred breeding","Live cattle, pure-bred breeding",CR_HASH_029,Re-export,EX,BH,BH,CN,BH,BH,CN,CN,NMB,4.58,18113.82751091703,price_per_item,82961.33,220641.84,4.58,583.03,654.34,9.804486081391326,9.549317841384953,0.6971436999939566,8.846103941045365,10.18755556601122,1.3414516249658544,6.833926503596584,12.19973300346,False,0.24687682037103226,0.24687682037103226,NORMAL,11.0,0.011530398322851153,4.462768398649916,28.038772365976683,11.0,0.011530398322851153,4.462768398649916,21.2390343034744,9.0,1.2222222222222223,0.4409585518440984,2.0,1.6363636363636362,40.49586776859504,27.527428354493637,NORMAL,0,0.0,-0.036043319663975566,0.9010829915993892,1.0,0.0,2,False,83.33333333333334,False,True,83.33333333333334,0.6923076923076923,69.23076923076923,44.99486622654697,LOW,1,NORMAL,"NORMAL (price_level=NORMAL, pattern_level=NORMAL, cr_profile_level=LOW)",0
2020-2501-7-10143-1,2020-2501-7-10143,2020-08-08,2020,2020-08,3923301000,392330100000,392330,39,Plastic bottles for packaging,Plastic bottles for packaging,CR_HASH_027,Import,IM,JP,JP,BH,JP,JP,BH,JP,NMB,4.94,2.8198380566801617,price_per_item,13.93,37.05,4.94,218.71,247.59,1.3402080281806277,1.6841288050356895,0.6442087840607709,1.0864174155799162,2.3469388358112164,1.2605214202313002,-0.8043647147670341,4.237720966158166,False,-0.36008727561663995,0.36008727561663995,NORMAL,4.0,0.0041928721174004195,5.474369310328396,58.39708046469813,4.0,0.0041928721174004195,5.474369310328396,54.46595026060942,4.0,1.0,0.0,1.0,1.0,0.0,48.26162282356236,LOW,1,0.0,-0.33986828763081944,8.496707190770486,1.0,0.0,3,False,75.0,False,True,92.3076923076923,0.8666666666666667,86.66666666666667,53.38410392702608,LOW,1,LOW,"LOW (driven by pattern+cr_profile; price_level=NORMAL, pattern_level=LOW, cr_profile_level=LOW)",1
2020-2601-9-10228-1,2020-2601-9-10228,2020-08-09,2020,2020-08,6109100000,610910000000,610910,61,Cotton t-shirts,Cotton t-shirts,CR_HASH_035,,,SA,BH,AE,SA,BH,AE,,NMB,4.72,119.98305084745765,price_per_item,566.32,1506.16,4.72,938.34,1036.59,4.795650460144387,4.795650460144387,0.0,4.795650460144387,4.795650460144387,0.0,4.795650460144387,4.795650460144387,False,0.0,0.0,NORMAL,,,,0.0,,,,0.0,,,,,,0.0,0.0,NORMAL,0,-1.647753068072495,0.21630403724567196,41.19382670181238,0.6666666666666666,0.0,3,False,75.0,False,False,0.0,0.7272727272727273,72.72727272727273,28.963293891088878,NORMAL,0,NORMAL,"NORMAL (price_level=NORMAL, pattern_level=NORMAL, cr_profile_level=NORMAL)",0
2020-2501-1-10214-1,2020-2501-1-10214,2020-08-09,2020,2020-08,8504400090,850440009000,850440,85,Static converters,Static converters,CR_HASH_016,Import,IM,CN,CN,BH,CN,CN,BH,CN,NMB,3.03,263.65016501650166,price_per_item,798.86,2124.64,3.03,315.14,369.75,5.5784088218311085,7.466827051260017,0.5715840105867187,6.914775863803976,8.032836322465545,1.11806045866157,5.23768517581162,9.7099270104579,False,-2.228404962674699,2.228404962674699,LOW,19.0,0.019916142557651992,3.916224692281846,11.63690673320574,15.0,0.015723270440251572,4.152613470346076,11.051724646602178,9.0,2.111111111111111,0.9279607271383371,4.0,1.894736842105263,56.9377990430622,18.22722684937296,NORMAL,0,0.0,-0.9378042734677093,23.445106836692734,1.0,0.0,3,False,75.0,False,True,84.61538461538461,0.8461538461538461,84.61538461538461,56.28271046976553,LOW,1,LOW,"LOW (driven by price+cr_profile; price_level=LOW, pattern_level=NORMAL, cr_profile_level=LOW)",1
2020-2601-1-10286-1,2020-2601-1-10286,2020-08-09,2020,2020-08,102211000,102211000000,102211,10,"Live cattle, pure-bred breeding","Live cattle, pure-bred breeding",CR_HASH_016,Import,IM,CN,CN,BH,CN,CN,BH,CN,NMB,4.47,14410.161073825504,price_per_item,64413.42,171312.3,4.47,170.32,183.71,9.575758259920129,10.013369334439131,0.6855679350518233,9.327801399387308,10.638440798004723,1.3106393986174147,7.361842301461186,12.604399895930845,False,-0.43054030230480245,0.43054030230480245,NORMAL,18.0,0.018867924528301886,3.970291913552122,13.25947284837593,16.0,0.016771488469601678,4.088074949208505,8.931900521218806,10.0,1.8,0.7888106377466155,3.0,1.6666666666666665,42.42424242424242,16.11953797025091,NORMAL,0,0.0,-0.26873458041400733,6.718364510350183,1.0,0.0,2,False,83.33333333333334,False,True,84.61538461538461,0.7692307692307692,76.92307692307692,48.8898891170841,LOW,1,NORMAL,"NORMAL (price_level=NORMAL, pattern_level=NORMAL, cr_profile_level=LOW)",0
2020-2501-3-10656-1,2020-2501-3-10656,2020-08-09,2020,2020-08,9018390000,901839000000,901839,90,Medical syringes and needles,Medical syringes and needles,CR_HASH_002,Import,IM,CN,CN,BH,CN,CN,BH,CN,NMB,0.91,0.989010989010989,price_per_item,0.9,2.4,0.91,20.7,23.59,0.6876375247489758,1.1592369104845446,0.5792846449150362,0.6041021775947832,1.7481096643936567,1.1440074867988734,-1.111909052603527,3.464120894591967,False,-0.5491073009541516,0.5491073009541516,NORMAL,23.0,0.02410901467505241,3.725169455519137,5.903307964603629,18.0,0.018867924528301886,3.970291913552122,5.063213787398673,12.0,1.9166666666666667,0.9962049198956219,4.0,2.0869565217391304,69.16996047430831,15.099272879037596,NORMAL,0,0.0,-0.6590402339363671,16.476005848409176,1.0,0.0,1,True,91.66666666666666,False,True,77.77777777777779,1.0,100.0,65.21104649138766,LOW,1,NORMAL,"NORMAL (price_level=NORMAL, pattern_level=NORMAL, cr_profile_level=LOW)",0
2020-2701-7-10643-1,2020-2701-7-10643,2020-08-10,2020,2020-08,2710192100,271019210000,271019,27,Gas oils for diesel engines,Gas oils for diesel engines,CR_HASH_039,Re-export,EX,BH,BH,CN,BH,BH,CN,CN,LTR,4706.92,0.016938889974760566,price_per_liter_gross_weight,79.73,212.06,0.55,4010.05,4706.92,0.01679702674064268,0.2773855677315066,0.0779894680702432,0.16396900989912072,0.33244641877019565,0.16847740887107493,-0.08874710340749165,0.585162532076808,False,-2.2536961370927524,2.2536961370927524,LOW,10.0,0.010482180293501049,4.558078578454241,30.899046383171186,10.0,0.010482180293501049,4.558078578454241,24.369580448359905,7.0,1.4285714285714286,0.5345224838248488,2.0,1.4,25.454545454545453,27.797058166693375,NORMAL,0,0.0,-1.9381131296255802,48.452828240639505,1.0,0.0,2,False,83.33333333333334,False,True,85.71428571428572,0.875,87.5,65.88706131279525,LOW,1,LOW,"LOW (driven by price+cr_profile; price_level=LOW, pattern_level=NORMAL, cr_profile_level=LOW)",1
2020-2701-8-10988-1,2020-2701-8-10988,2020-08-11,2020,2020-08,3923301000,392330100000,392330,39,Plastic bottles for packaging,Plastic bottles for packaging,CR_HASH_032,Import,IM,CN,AE,BH,CN,AE,BH,CN,NMB,4.85,0.2329896907216495,price_per_item,1.13,3.0,4.85,13.8,16.5,0.20944186301314854,1.6841288050356895,0.6442087840607709,1.0864174155799162,2.3469388358112164,1.2605214202313002,-0.8043647147670341,4.237720966158166,False,-1.5440067570099616,1.5440067570099616,NORMAL,28.0,0.029350104821802937,3.5284591612730827,0.0,2.0,0.0020964360587002098,6.1675164908883415,77.23297513030472,12.0,2.3333333333333335,1.2309149097933274,5.0,2.142857142857143,72.72727272727273,37.940632204697565,NORMAL,0,-1.6360810166349018,-0.8750573524744953,40.902025415872544,3.0,50.0,4,False,66.66666666666666,False,False,80.0,0.6363636363636364,63.63636363636363,52.042981622828115,LOW,1,NORMAL,"NORMAL (price_level=NORMAL, pattern_level=NORMAL, cr_profile_level=LOW)",0
2020-2601-6-10912-1,2020-2601-6-10912,2020-08-11,2020,2020-08,1006301000,100630100000,100630,10,Long-grain milled rice,Long-grain milled rice,CR_HASH_008,Import,IM,AE,AE,BH,AE,AE,BH,AE,KGM,1090.46,0.44744419786145295,price_per_kg,487.92,1297.65,1.29,1090.46,1152.59,0.36979937902171073,0.32869838978139143,0.06767869107876259,0.270176176769005,0.39860128498662895,0.12842510821762393,0.07753851444256912,0.5912389473130648,False,0.40961544920660414,0.40961544920660414,NORMAL,10.0,0.010482180293501049,4.558078578454241,30.899046383171186,7.0,0.007337526205450734,4.9147535223929735,36.084880671453035,8.0,1.25,0.4629100498862757,2.0,1.6,38.181818181818194,33.80650415386688,NORMAL,0,0.0,0.41509499620238527,10.377374905059632,1.0,0.0,2,False,83.33333333333334,True,True,100.0,0.8125,81.25,64.88208121677087,LOW,1,NORMAL,"NORMAL (price_level=NORMAL, pattern_level=NORMAL, cr_profile_level=LOW)",0
2020-2501-6-10101-1,2020-2501-6-10101,2020-08-11,2020,2020-08,3923301000,392330100000,392330,39,Plastic bottles for packaging,Plastic bottles for packaging,CR_HASH_021,Import,IM,CN,SA,BH,CN,SA,BH,CN,NMB,4.35,0.25287356321839083,price_per_item,1.1,2.92,4.35,21.45,25.04,0.22543976357456,1.6841288050356895,0.6442087840607709,1.0864174155799162,2.3469388358112164,1.2605214202313002,-0.8043647147670341,4.237720966158166,False,-1.5272568517514833,1.5272568517514833,NORMAL,28.0,0.029350104821802937,3.5284591612730827,0.0,1.0,0.0010482180293501049,6.860663671448286,100.0,12.0,2.3333333333333335,1.2309149097933274,5.0,2.142857142857143,72.72727272727273,45.90909090909091,LOW,1,0.0,-0.8703989024345121,21.759972560862803,1.0,0.0,3,False,75.0,False,False,60.0,0.875,87.5,40.11599039630198,LOW,1,LOW,"LOW (driven by pattern+cr_profile; price_level=NORMAL, pattern_level=LOW, cr_profile_level=LOW)",1
2020-2501-6-10157-1,2020-2501-6-10157,2020-08-12,2020,2020-08,8471300000,847130000000,847130,84,Portable laptop computers,Portable laptop computers,CR_HASH_020,Re-export,EX,BH,BH,CN,BH,BH,CN,CN,NMB,1.94,172.2938144329897,price_per_item,334.25,888.96,1.94,182.97,212.66,5.15498850325703,9.057918359570245,1.044460022767316,7.958447179146432,9.968345476103027,2.009898296956594,4.943599733711541,12.983192921537917,False,-2.5204316733863568,2.5204316733863568,LOW,12.0,0.012578616352201259,4.375757021660286,25.427546772711544,12.0,0.012578616352201259,4.375757021660286,18.381069589156386,6.0,2.0,1.0954451150103321,3.0,1.5,31.818181818181824,23.91987501528778,NORMAL,0,0.0,-0.9495140494799938,23.737851236999845,1.0,0.0,2,False,83.33333333333334,False,False,85.71428571428572,0.9333333333333333,93.33333333333333,48.40348602818804,LOW,1,LOW,"LOW (driven by price+cr_profile; price_level=LOW, pattern_level=NORMAL, cr_profile_level=LOW)",1
2020-2801-3-10609-1,2020-2801-3-10609,2020-08-12,2020,2020-08,6109100000,610910000000,610910,61,Cotton t-shirts,Cotton t-shirts,CR_HASH_044,Re-export,EX,BH,BH,AE,BH,BH,AE,AE,NMB,4.98,47.391566265060234,price_per_item,236.01,627.69,4.98,1008.91,1115.79,3.879325547817269,4.610526181303967,0.7708500247178713,3.916293548711598,5.585818334387825,1.6695247856762268,1.412006370197258,8.090105512902165,False,-0.6397976970821471,0.6397976970821471,NORMAL,6.0,0.006289308176100629,5.0689042022202315,46.22900654036249,6.0,0.006289308176100629,5.0689042022202315,41.148094458851695,4.0,1.5,0.5773502691896257,2.0,1.3333333333333333,21.21212121212121,40.69815451259752,NORMAL,0,0.0,-0.5657392138550517,14.143480346376291,1.0,0.0,1,True,91.66666666666666,False,True,83.33333333333334,1.0,100.0,65.78355145456504,LOW,1,NORMAL,"NORMAL (price_level=NORMAL, pattern_level=NORMAL, cr_profile_level=LOW)",0
2020-2501-5-10905-1,2020-2501-5-10905,2020-08-12,2020,2020-08,8504400090,850440009000,850440,85,Static converters,Static converters,CR_HASH_017,Import,IM,DE,DE,BH,DE,DE,BH,DE,NMB,1.87,3158.0641711229946,price_per_item,5905.58,15706.32,1.87,637.65,754.55,8.058031114341567,7.466827051260017,0.5715840105867187,6.914775863803976,8.032836322465545,1.11806045866157,5.23768517581162,9.7099270104579,False,0.6976431637830514,0.6976431637830514,NORMAL,5.0,0.005241090146750524,5.251225759014186,51.700506150822136,3.0,0.0031446540880503146,5.762051382780177,63.915119328547,4.0,1.25,0.5,2.0,1.6,38.181818181818194,53.947817567675244,LOW,1,2.3167179804057927,0.9291676309150335,57.917949510144815,0.6666666666666666,0.0,3,False,75.0,True,True,100.0,0.8235294117647058,82.35294117647058,81.7418705638448,MEDIUM,1,MEDIUM,"MEDIUM (driven by pattern+cr_profile; price_level=NORMAL, pattern_level=LOW, cr_profile_level=MEDIUM)",1
2020-2601-4-10137-1,2020-2601-4-10137,2020-08-12,2020,2020-08,6109100000,610910000000,610910,61,Cotton t-shirts,Cotton t-shirts,CR_HASH_024,Re-export,EX,BH,BH,CN,BH,BH,CN,CN,NMB,1.9,90.24210526315791,price_per_item,171.46,456.0,1.9,680.96,801.73,4.513516471055709,4.610526181303967,0.7708500247178713,3.916293548711598,5.585818334387825,1.6695247856762268,1.412006370197258,8.090105512902165,False,-0.08488311739485195,0.08488311739485195,NORMAL,5.0,0.005241090146750524,5.251225759014186,51.700506150822136,5.0,0.005241090146750524,5.251225759014186,47.13660531805522,3.0,1.6666666666666667,1.1547005383792517,3.0,1.7999999999999998,50.90909090909091,49.98442857309403,LOW,1,0.0,-0.08703698823894955,2.1759247059737388,1.0,0.0,3,False,75.0,False,False,53.84615384615385,0.8666666666666667,86.66666666666667,31.55644544196261,NORMAL,0,NORMAL,"NORMAL (price_level=NORMAL, pattern_level=LOW, cr_profile_level=NORMAL)",0
2020-2601-6-10439-1,2020-2601-6-10439,2020-08-12,2020,2020-08,6109100000,610910000000,610910,61,Cotton t-shirts,Cotton t-shirts,CR_HASH_034,Import,IM,DE,DE,BH,DE,DE,BH,DE,NMB,3.07,42.64169381107492,price_per_item,130.91,348.16,3.07,178.4,205.73,3.776012973481016,4.644105600231562,0.7882174659262975,3.8927224589349843,5.444558727344917,1.5518362684099332,1.5649680563200845,7.772313129959818,False,-0.742841259454859,0.742841259454859,NORMAL,5.0,0.005241090146750524,5.251225759014186,51.700506150822136,5.0,0.005241090146750524,5.251225759014186,47.13660531805522,3.0,1.6666666666666667,1.1547005383792517,3.0,1.7999999999999998,50.90909090909091,49.98442857309403,LOW,1,0.0,-0.598082483181802,14.952062079545051,1.0,0.0,3,False,75.0,True,True,100.0,0.8,80.0,66.23322172784077,LOW,1,LOW,"LOW (driven by pattern+cr_profile; price_level=NORMAL, pattern_level=LOW, cr_profile_level=LOW)",1
2020-2601-2-10365-1,2020-2601-2-10365,2020-08-13,2020,2020-08,8703221000,870322100000,870322,87,Passenger cars 1000-1500cc,Passenger cars 1000-1500cc,CR_HASH_035,Import,IM,CN,CN,BH,CN,CN,BH,CN,NMB,1.56,647036.7948717949,price_per_item,1009377.4,2684514.36,1.56,832.28,955.14,13.38015998734383,12.339741490828857,0.5298577154310848,11.445675964067552,12.647064860424424,1.201388896356871,9.643592619532246,14.44914820495973,False,1.324417181161448,1.324417181161448,NORMAL,20.0,0.020964360587002098,3.8649313978942956,10.097586615520235,14.0,0.014675052410901468,4.221606341833028,13.317855801757727,9.0,2.2222222222222223,1.3017082793177757,5.0,2.25,79.54545454545456,21.641861020193506,NORMAL,0,0.0,2.378888056571334,59.472201414283354,1.0,0.0,1,True,91.66666666666666,False,True,60.0,1.0,100.0,75.81527049499917,MEDIUM,1,LOW,"LOW (driven by cr_profile; price_level=NORMAL, pattern_level=NORMAL, cr_profile_level=MEDIUM)",1
2020-2801-8-10811-1,2020-2801-8-10811,2020-08-13,2020,2020-08,8517120000,851712000000,851712,85,Cellular telephones,Cellular telephones,CR_HASH_009,Re-export,EX,BH,BH,SA,BH,BH,SA,SA,NMB,4.64,55.07974137931035,price_per_item,255.57,679.72,4.64,3.27,3.58,4.0267746310771555,8.864077348542533,0.8102493638708186,8.21372138236038,9.675589371385747,1.461867989025368,6.020919398822327,11.8683913549238,True,-4.0268047458061424,4.0268047458061424,MEDIUM,4.0,0.0041928721174004195,5.474369310328396,58.39708046469813,4.0,0.0041928721174004195,5.474369310328396,54.46595026060942,4.0,1.0,0.0,1.0,1.0,0.0,48.26162282356236,LOW,1,0.0,-0.9880632773732603,24.701581934331507,1.0,0.0,2,False,83.33333333333334,False,True,93.33333333333333,0.9333333333333333,93.33333333333333,60.645553677016025,LOW,1,MEDIUM,"MEDIUM (driven by price+pattern+cr_profile; price_level=MEDIUM, pattern_level=LOW, cr_profile_level=LOW)",1
2020-2601-3-10661-1,2020-2601-3-10661,2020-08-14,2020,2020-08,8504400090,850440009000,850440,85,Static converters,Static converters,CR_HASH_031,Import,IM,AE,AE,BH,AE,AE,BH,AE,NMB,1.48,4155.918918918919,price_per_item,6150.76,16358.4,1.48,224.66,268.3,8.33252943435203,7.466827051260017,0.5715840105867187,6.914775863803976,8.032836322465545,1.11806045866157,5.23768517581162,9.7099270104579,False,1.0215615675691514,1.0215615675691514,NORMAL,12.0,0.012578616352201259,4.375757021660286,25.427546772711544,8.0,0.008385744234800839,4.781222129768451,31.698925390914113,8.0,1.5,0.5345224838248488,2.0,1.3333333333333333,21.21212121212121,26.990215454993894,NORMAL,0,0.0,1.7316658599277899,43.291646498194744,1.0,0.0,1,True,91.66666666666666,False,True,78.57142857142857,0.9285714285714286,92.85714285714286,73.36636198865388,LOW,1,NORMAL,"NORMAL (price_level=NORMAL, pattern_level=NORMAL, cr_profile_level=LOW)",0
2020-2701-1-10735-1,2020-2701-1-10735,2020-08-15,2020,2020-08,8504400090,850440009000,850440,85,Static converters,Static converters,CR_HASH_012,Import,IM,IN,IN,BH,IN,IN,BH,IN,NMB,1.87,204.37967914438502,price_per_item,382.19,1016.45,1.87,26.28,31.1,5.324860359515472,7.466827051260017,0.5715840105867187,6.914775863803976,8.032836322465545,1.11806045866157,5.23768517581162,9.7099270104579,False,-2.5276017417026013,2.5276017417026013,LOW,10.0,0.010482180293501049,4.558078578454241,30.899046383171186,7.0,0.007337526205450734,4.9147535223929735,36.084880671453035,6.0,1.6666666666666667,1.2110601416389966,4.0,2.4,89.0909090909091,41.44286779023052,NORMAL,0,0.0,-0.9760352700179261,24.400881750448153,1.0,0.0,3,False,75.0,False,True,87.5,0.8181818181818181,81.81818181818181,56.77894497629322,LOW,1,LOW,"LOW (driven by price+cr_profile; price_level=LOW, pattern_level=NORMAL, cr_profile_level=LOW)",1
2020-2601-4-10116-1,2020-2601-4-10116,2020-08-15,2020,2020-08,8517120000,851712000000,851712,85,Cellular telephones,Cellular telephones,CR_HASH_040,Import,IM,AE,AE,BH,AE,AE,BH,AE,NMB,3.55,13628.414084507043,price_per_item,48380.87,128672.52,3.55,1261.13,1496.93,9.51998553656976,9.1609472788485,0.7778458576033893,8.086449359029473,9.737226953131787,1.6507775941023137,5.610282967876002,12.213393344285258,False,0.3113315893687554,0.3113315893687554,NORMAL,11.0,0.011530398322851153,4.462768398649916,28.038772365976683,9.0,0.009433962264150943,4.663439094112067,27.830238657093965,7.0,1.5714285714285714,0.7867957924694431,3.0,1.9090909090909092,57.8512396694215,32.437655663384454,NORMAL,0,0.0,0.497120774371552,12.4280193592888,1.0,0.0,1,True,91.66666666666666,True,True,100.0,0.875,87.5,76.84980677575108,MEDIUM,1,LOW,"LOW (driven by cr_profile; price_level=NORMAL, pattern_level=NORMAL, cr_profile_level=MEDIUM)",1
2020-2801-8-10099-1,2020-2801-8-10099,2020-08-15,2020,2020-08,2710192100,271019210000,271019,27,Gas oils for diesel engines,Gas oils for diesel engines,CR_HASH_012,Import,IM,US,US,BH,US,US,BH,US,LTR,15320.2,0.30110899335517816,price_per_liter_gross_weight,4613.05,12268.76,1.26,13737.45,15320.2,0.26321697262021204,0.26355592811875056,0.07105600884335336,0.1979668243457394,0.33634243682655873,0.13837561248081934,-0.009596594375489625,0.5439058555477878,False,-0.0032174949783912387,0.0032174949783912387,NORMAL,11.0,0.011530398322851153,4.462768398649916,28.038772365976683,11.0,0.011530398322851153,4.462768398649916,21.2390343034744,8.0,1.375,0.7440238091428449,3.0,2.1818181818181817,75.20661157024794,32.73403992474157,NORMAL,0,0.0,0.0479896795862455,1.1997419896561374,1.0,0.0,1,True,91.66666666666666,False,True,75.0,1.0,100.0,59.16990969637965,LOW,1,NORMAL,"NORMAL (price_level=NORMAL, pattern_level=NORMAL, cr_profile_level=LOW)",0
2020-2801-3-10677-1,2020-2801-3-10677,2020-08-16,2020,2020-08,3923301000,392330100000,392330,39,Plastic bottles for packaging,Plastic bottles for packaging,CR_HASH_036,Re-export,EX,BH,BH,CN,BH,BH,CN,CN,NMB,2.53,1.782608695652174,price_per_item,4.51,12.0,2.53,167.06,176.66,1.023388867430522,2.008077055471865,0.7629623078147538,1.1201351912780924,2.51712417371907,1.3969889824409778,-0.9753482823833743,4.612607647380537,False,-0.8705057602411673,0.8705057602411673,NORMAL,14.0,0.014675052410901468,4.221606341833028,20.80145976765095,14.0,0.014675052410901468,4.221606341833028,13.317855801757727,7.0,2.0,0.816496580927726,3.0,1.5,31.818181818181824,19.83470668716795,NORMAL,0,0.0,-0.5712748238101817,14.281870595254542,1.0,0.0,2,False,83.33333333333334,False,True,85.71428571428572,0.8571428571428572,85.71428571428572,53.570083279767665,LOW,1,NORMAL,"NORMAL (price_level=NORMAL, pattern_level=NORMAL, cr_profile_level=LOW)",0
2020-2501-7-10103-1,2020-2501-7-10103,2020-08-17,2020,2020-08,102211000,102211000000,102211,10,"Live cattle, pure-bred breeding","Live cattle, pure-bred breeding",CR_HASH_026,Import,IM,DE,DE,BH,DE,DE,BH,DE,NMB,3.92,21691.80357142857,price_per_item,85031.87,226148.6,3.92,354.87,388.12,9.984735851873221,10.013369334439131,0.6855679350518233,9.327801399387308,10.638440798004723,1.3106393986174147,7.361842301461186,12.604399895930845,False,-0.02817083240755797,0.02817083240755797,NORMAL,4.0,0.0041928721174004195,5.474369310328396,58.39708046469813,2.0,0.0020964360587002098,6.1675164908883415,77.23297513030472,3.0,1.3333333333333333,0.5773502691896258,2.0,1.5,31.818181818181824,61.00280880068299,LOW,1,0.0,0.19101113404600123,4.775278351150031,1.0,0.0,1,True,91.66666666666666,False,True,90.9090909090909,0.8333333333333334,83.33333333333334,61.065286816841905,LOW,1,LOW,"LOW (driven by pattern+cr_profile; price_level=NORMAL, pattern_level=LOW, cr_profile_level=LOW)",1
2020-2801-4-10682-1,2020-2801-4-10682,2020-08-17,2020,2020-08,102211000,102211000000,102211,10,"Live cattle, pure-bred breeding","Live cattle, pure-bred breeding",CR_HASH_001,Re-export,EX,BH,BH,US,BH,BH,US,US,NMB,4.92,7739.315040650406,price_per_item,38077.43,101269.77,4.92,74.07,78.99,8.95419766868184,9.549317841384953,0.6971436999939566,8.846103941045365,10.18755556601122,1.3414516249658544,6.833926503596584,12.19973300346,False,-0.5757823778223131,0.5757823778223131,NORMAL,2.0,0.0020964360587002098,6.1675164908883415,79.19854023234907,2.0,0.0020964360587002098,6.1675164908883415,77.23297513030472,2.0,1.0,0.0,1.0,1.0,0.0,66.6308114117812,LOW,1,0.0,-0.6279728725402742,15.699321813506856,1.0,0.0,1,True,91.66666666666666,False,True,91.66666666666666,0.9166666666666666,91.66666666666666,66.7447626347274,LOW,1,LOW,"LOW (driven by pattern+cr_profile; price_level=NORMAL, pattern_level=LOW, cr_profile_level=LOW)",1
2020-2601-8-10494-1,2020-2601-8-10494,2020-08-17,2020,2020-08,6109100000,610910000000,610910,61,Cotton t-shirts,Cotton t-shirts,CR_HASH_007,Import,IM,US,US,BH,US,US,BH,US,NMB,2.25,319.7911111111111,price_per_item,719.53,1913.64,2.25,494.72,550.5,5.77079016710196,4.644105600231562,0.7882174659262975,3.8927224589349843,5.444558727344917,1.5518362684099332,1.5649680563200845,7.772313129959818,False,0.9641226717881832,0.9641226717881832,NORMAL,13.0,0.013626834381551363,4.29571431398675,23.025452080470465,11.0,0.011530398322851153,4.462768398649916,21.2390343034744,10.0,1.3,0.48304589153964794,2.0,1.5384615384615383,34.26573426573426,24.086248186311412,NORMAL,0,0.0,2.291022728650445,57.27556821626113,1.0,0.0,2,False,83.33333333333334,True,True,100.0,0.8333333333333334,83.33333333333334,81.71311554235805,MEDIUM,1,LOW,"LOW (driven by cr_profile; price_level=NORMAL, pattern_level=NORMAL, cr_profile_level=MEDIUM)",1
2020-2801-7-10109-1,2020-2801-7-10109,2020-08-18,2020,2020-08,1006301000,100630100000,100630,10,Long-grain milled rice,Long-grain milled rice,CR_HASH_038,Import,IM,CN,DE,BH,CN,DE,BH,CN,KGM,4187.19,0.43239977168459043,price_per_kg,1810.54,4815.27,4.17,4187.19,4970.16,0.35935119974851604,0.32869838978139143,0.06767869107876259,0.270176176769005,0.39860128498662895,0.12842510821762393,0.07753851444256912,0.5912389473130648,False,0.3054881343783169,0.3054881343783169,NORMAL,25.0,0.02620545073375262,3.641787846580086,3.4010123016442515,1.0,0.0010482180293501049,6.860663671448286,100.0,9.0,2.7777777777777777,1.6414763002993509,5.0,1.8,50.909090909090914,44.33686978718576,NORMAL,0,0.0,0.31816032710326236,7.954008177581559,1.0,0.0,3,False,75.0,False,False,75.0,0.7,70.0,35.533902862153546,LOW,1,NORMAL,"NORMAL (price_level=NORMAL, pattern_level=NORMAL, cr_profile_level=LOW)",0
2020-2701-4-10033-1,2020-2701-4-10033,2020-08-18,2020,2020-08,8517120000,851712000000,851712,85,Cellular telephones,Cellular telephones,CR_HASH_028,Import,IM,JP,JP,BH,JP,JP,BH,JP,NMB,3.66,63.849726775956285,price_per_item,233.69,621.52,3.66,5.61,6.39,4.172072697584052,9.1609472788485,0.7778458576033893,8.086449359029473,9.737226953131787,1.6507775941023137,5.610282967876002,12.213393344285258,True,-4.325985376612072,4.325985376612072,MEDIUM,5.0,0.005241090146750524,5.251225759014186,51.700506150822136,5.0,0.005241090146750524,5.251225759014186,47.13660531805522,5.0,1.0,0.0,1.0,1.0,0.0,42.348064936730395,NORMAL,0,0.0,-0.9945561898377548,24.86390474594387,1.0,0.0,2,False,83.33333333333334,True,True,100.0,0.7692307692307692,76.92307692307692,69.08698204569575,LOW,1,MEDIUM,"MEDIUM (driven by price+cr_profile; price_level=MEDIUM, pattern_level=NORMAL, cr_profile_level=LOW)",1
2020-2801-6-10638-1,2020-2801-6-10638,2020-08-19,2020,2020-08,2710192100,271019210000,271019,27,Gas oils for diesel engines,Gas oils for diesel engines,CR_HASH_034,Re-export,EX,BH,BH,AE,BH,BH,AE,AE,LTR,3610.87,0.3928997720770895,price_per_liter_gross_weight,1418.71,3773.17,1.86,3134.62,3610.87,0.3313877410799087,0.2773855677315066,0.0779894680702432,0.16396900989912072,0.33244641877019565,0.16847740887107493,-0.08874710340749165,0.585162532076808,False,0.4670369963588458,0.4670369963588458,NORMAL,8.0,0.008385744234800839,4.781222129768451,37.595620697047174,8.0,0.008385744234800839,4.781222129768451,31.698925390914113,6.0,1.3333333333333333,0.5163977794943222,2.0,1.5,31.818181818181824,34.665161508070796,NORMAL,0,0.0,0.6452398519830114,16.130996299575283,2.0,25.0,3,False,75.0,False,True,81.81818181818181,0.8181818181818181,81.81818181818181,54.964030523033166,LOW,1,NORMAL,"NORMAL (price_level=NORMAL, pattern_level=NORMAL, cr_profile_level=LOW)",0
2020-2701-8-10845-1,2020-2701-8-10845,2020-08-19,2020,2020-08,102211000,102211000000,102211,10,"Live cattle, pure-bred breeding","Live cattle, pure-bred breeding",CR_HASH_015,Import,IM,DE,DE,BH,DE,DE,BH,DE,NMB,1.79,10983.882681564246,price_per_item,19661.15,52290.3,1.79,33.7,39.93,9.304275304885872,10.013369334439131,0.6855679350518233,9.327801399387308,10.638440798004723,1.3106393986174147,7.361842301461186,12.604399895930845,False,-0.6976367272742175,0.6976367272742175,NORMAL,4.0,0.0041928721174004195,5.474369310328396,58.39708046469813,2.0,0.0020964360587002098,6.1675164908883415,77.23297513030472,3.0,1.3333333333333333,0.5773502691896258,2.0,1.5,31.818181818181824,61.00280880068299,LOW,1,0.0,-0.44774133730900845,11.19353343272521,1.0,0.0,2,False,83.33333333333334,False,True,93.33333333333333,0.8,80.0,53.251070034787155,LOW,1,LOW,"LOW (driven by pattern+cr_profile; price_level=NORMAL, pattern_level=LOW, cr_profile_level=LOW)",1
2020-2601-3-10114-1,2020-2601-3-10114,2020-08-19,2020,2020-08,8471300000,847130000000,847130,84,Portable laptop computers,Portable laptop computers,CR_HASH_013,Re-export,EX,BH,BH,CN,BH,BH,CN,CN,NMB,0.73,4951.698630136986,price_per_item,3614.74,9613.67,0.73,125.47,147.76,8.507687884812759,9.057918359570245,1.044460022767316,7.958447179146432,9.968345476103027,2.009898296956594,4.943599733711541,12.983192921537917,False,-0.35532750197852536,0.35532750197852536,NORMAL,12.0,0.012578616352201259,4.375757021660286,25.427546772711544,12.0,0.012578616352201259,4.375757021660286,18.381069589156386,6.0,2.0,1.0954451150103321,3.0,1.5,31.818181818181824,23.91987501528778,NORMAL,0,0.0,-0.23339282171370482,5.83482054284262,1.0,0.0,2,False,83.33333333333334,False,False,66.66666666666667,0.8888888888888888,88.88888888888889,36.48663163443936,LOW,1,NORMAL,"NORMAL (price_level=NORMAL, pattern_level=NORMAL, cr_profile_level=LOW)",0
2020-2501-2-10953-1,2020-2501-2-10953,2020-08-20,2020,2020-08,102211000,102211000000,102211,10,"Live cattle, pure-bred breeding","Live cattle, pure-bred breeding",CR_HASH_002,Re-export,EX,BH,BH,CN,BH,BH,CN,CN,NMB,1.43,115049.8111888112,price_per_item,164521.23,437556.45,1.43,1087.27,1249.76,11.653129146188862,9.549317841384953,0.6971436999939566,8.846103941045365,10.18755556601122,1.3414516249658544,6.833926503596584,12.19973300346,False,2.035450201708681,2.035450201708681,LOW,11.0,0.011530398322851153,4.462768398649916,28.038772365976683,11.0,0.011530398322851153,4.462768398649916,21.2390343034744,9.0,1.2222222222222223,0.4409585518440984,2.0,1.6363636363636362,40.49586776859504,27.527428354493637,NORMAL,0,0.0,5.725205196868321,100.0,1.0,0.0,1,True,91.66666666666666,False,True,70.0,0.8333333333333334,83.33333333333334,89.16666666666667,HIGH,1,HIGH,"HIGH (driven by price+cr_profile; price_level=LOW, pattern_level=NORMAL, cr_profile_level=HIGH)",1
2020-2501-2-10613-1,2020-2501-2-10613,2020-08-20,2020,2020-08,1006301000,100630100000,100630,10,Long-grain milled rice,Long-grain milled rice,CR_HASH_023,Import,IM,SA,CN,BH,SA,CN,BH,SA,KGM,4583.2,0.29327980450340374,price_per_kg,1344.16,3574.9,3.53,4583.2,4818.28,0.2571814758399902,0.32869838978139143,0.06767869107876259,0.270176176769005,0.39860128498662895,0.12842510821762393,0.07753851444256912,0.5912389473130648,False,-0.7127427677881737,0.7127427677881737,NORMAL,11.0,0.011530398322851153,4.462768398649916,28.038772365976683,1.0,0.0010482180293501049,6.860663671448286,100.0,9.0,1.2222222222222223,0.4409585518440984,2.0,1.6363636363636362,40.49586776859504,55.0937663482776,LOW,1,0.0,-0.6496526766170104,16.241316915425262,1.0,0.0,2,False,83.33333333333334,False,True,90.0,0.9,90.0,56.18446092039884,LOW,1,LOW,"LOW (driven by pattern+cr_profile; price_level=NORMAL, pattern_level=LOW, cr_profile_level=LOW)",1
2020-2501-3-10303-1,2020-2501-3-10303,2020-08-21,2020,2020-08,8504400090,850440009000,850440,85,Static converters,Static converters,CR_HASH_035,Import,IM,US,US,BH,US,US,BH,US,NMB,3.25,55.027692307692305,price_per_item,178.84,475.64,3.25,31.87,34.87,4.025846074002105,7.466827051260017,0.5715840105867187,6.914775863803976,8.032836322465545,1.11806045866157,5.23768517581162,9.7099270104579,True,-4.060487749321122,4.060487749321122,MEDIUM,14.0,0.014675052410901468,4.221606341833028,20.80145976765095,11.0,0.011530398322851153,4.462768398649916,21.2390343034744,9.0,1.5555555555555556,1.130388330520878,4.0,2.571428571428571,100.0,32.834391890041516,NORMAL,0,0.0,-1.0991274002402345,27.478185006005862,1.0,0.0,2,False,83.33333333333334,True,True,100.0,0.9230769230769231,92.3076923076923,73.07890321364052,LOW,1,MEDIUM,"MEDIUM (driven by price+cr_profile; price_level=MEDIUM, pattern_level=NORMAL, cr_profile_level=LOW)",1
2020-2801-3-10752-1,2020-2801-3-10752,2020-08-21,2020,2020-08,8703221000,870322100000,870322,87,Passenger cars 1000-1500cc,Passenger cars 1000-1500cc,CR_HASH_019,Re-export,EX,BH,BH,US,BH,BH,US,US,NMB,1.12,350700.5982142857,price_per_item,392784.67,1044640.07,1.12,44.9,47.2,12.767690993329992,12.004283802979177,0.6624296738554509,11.2719045323345,12.594725507248622,1.3228209749141229,9.287673069963315,14.578956969619806,False,0.7773068084537135,0.7773068084537135,NORMAL,8.0,0.008385744234800839,4.781222129768451,37.595620697047174,8.0,0.008385744234800839,4.781222129768451,31.698925390914113,7.0,1.1428571428571428,0.3779644730092272,2.0,1.75,47.727272727272734,37.051525144434436,NORMAL,0,0.0,0.7331049658258867,18.327624145647167,1.0,0.0,1,True,91.66666666666666,False,True,87.5,1.0,100.0,68.2896684509765,LOW,1,NORMAL,"NORMAL (price_level=NORMAL, pattern_level=NORMAL, cr_profile_level=LOW)",0
2020-2801-1-10747-1,2020-2801-1-10747,2020-08-22,2020,2020-08,2710192100,271019210000,271019,27,Gas oils for diesel engines,Gas oils for diesel engines,CR_HASH_034,Import,IM,AE,SA,BH,AE,SA,BH,AE,LTR,18811.19,0.1921053373018932,price_per_liter_gross_weight,3613.73,9610.98,1.29,17492.6,18811.19,0.1757209349584492,0.26355592811875056,0.07105600884335336,0.1979668243457394,0.33634243682655873,0.13837561248081934,-0.009596594375489625,0.5439058555477878,False,-0.8337632834954102,0.8337632834954102,NORMAL,12.0,0.012578616352201259,4.375757021660286,25.427546772711544,1.0,0.0010482180293501049,6.860663671448286,100.0,7.0,1.7142857142857142,0.7559289460184544,3.0,1.75,47.727272727272734,54.872864295446675,LOW,1,-16.68829603811094,-0.6628177925178186,100.0,2.0,25.0,3,False,75.0,False,False,75.0,0.75,75.0,71.25,LOW,1,LOW,"LOW (driven by pattern+cr_profile; price_level=NORMAL, pattern_level=LOW, cr_profile_level=LOW)",1
2020-2801-9-10858-1,2020-2801-9-10858,2020-08-22,2020,2020-08,9018390000,901839000000,901839,90,Medical syringes and needles,Medical syringes and needles,CR_HASH_032,Re-export,EX,BH,BH,US,BH,BH,US,US,NMB,3.44,3.4098837209302326,price_per_item,11.73,31.2,3.44,743.42,846.3,1.483848321975134,1.4183722013465883,0.34031158648964543,0.9528936868330796,1.614923227688858,0.6620295408557785,-0.040150624450588146,2.6079675389725256,False,0.12977236181076274,0.12977236181076274,NORMAL,5.0,0.005241090146750524,5.251225759014186,51.700506150822136,5.0,0.005241090146750524,5.251225759014186,47.13660531805522,5.0,1.0,0.0,1.0,1.0,0.0,42.348064936730395,NORMAL,0,0.0,0.3148139371884631,7.870348429711578,1.0,0.0,2,False,83.33333333333334,False,True,81.81818181818181,0.9166666666666666,91.66666666666666,51.54250073827784,LOW,1,NORMAL,"NORMAL (price_level=NORMAL, pattern_level=NORMAL, cr_profile_level=LOW)",0
2020-2701-7-10430-1,2020-2701-7-10430,2020-08-24,2020,2020-08,3923301000,392330100000,392330,39,Plastic bottles for packaging,Plastic bottles for packaging,CR_HASH_032,Re-export,EX,BH,BH,SA,BH,BH,SA,SA,NMB,1.04,15.990384615384613,price_per_item,16.63,44.22,1.04,195.94,211.47,2.8326475731783236,2.008077055471865,0.7629623078147538,1.1201351912780924,2.51712417371907,1.3969889824409778,-0.9753482823833743,4.612607647380537,False,0.7289550073879596,0.7289550073879596,NORMAL,3.0,0.0031446540880503146,5.762051382780177,67.03046630801344,3.0,0.0031446540880503146,5.762051382780177,63.915119328547,3.0,1.0,0.0,1.0,1.0,0.0,55.88552491899817,LOW,1,2.472577306523011,2.1582401516711514,61.81443266307528,3.0,50.0,4,False,66.66666666666666,False,True,91.66666666666666,0.6153846153846154,61.53846153846154,71.85941040643532,LOW,1,LOW,"LOW (driven by pattern+cr_profile; price_level=NORMAL, pattern_level=LOW, cr_profile_level=LOW)",1
2020-2501-6-10832-1,2020-2501-6-10832,2020-08-25,2020,2020-08,8471300000,847130000000,847130,84,Portable laptop computers,Portable laptop computers,CR_HASH_009,Import,IM,CN,CN,BH,CN,CN,BH,CN,NMB,1.23,322.0731707317073,price_per_item,396.15,1053.6,1.23,5.6,6.44,5.777878832340617,8.71824987064452,0.6999612932513521,7.750041925937837,9.126895264901794,1.376853338963957,5.684761917491901,11.192175273347729,False,-2.833375379310309,2.833375379310309,LOW,21.0,0.0220125786163522,3.8161412337248635,8.633385843315326,15.0,0.015723270440251572,4.152613470346076,11.051724646602178,10.0,2.1,1.449137674618944,5.0,2.380952380952381,87.87878787878789,21.36661472978661,NORMAL,0,-1.6584921656900915,-0.8734607253027252,41.462304142252286,1.0,0.0,4,False,66.66666666666666,False,False,62.5,0.8125,81.25,46.386806449788295,LOW,1,LOW,"LOW (driven by price+cr_profile; price_level=LOW, pattern_level=NORMAL, cr_profile_level=LOW)",1
2020-2601-7-10451-1,2020-2601-7-10451,2020-08-25,2020,2020-08,8504400090,850440009000,850440,85,Static converters,Static converters,CR_HASH_014,Re-export,EX,BH,BH,IN,BH,BH,IN,IN,NMB,0.94,6033.297872340426,price_per_item,5671.3,15083.25,0.94,383.97,423.81,8.705214784151943,7.211981005295417,0.7196345903205628,6.668983974826631,7.961818755725377,1.2928347808987457,4.729731803478512,9.901070927073494,False,1.3995608314608632,1.3995608314608632,NORMAL,2.0,0.0020964360587002098,6.1675164908883415,79.19854023234907,2.0,0.0020964360587002098,6.1675164908883415,77.23297513030472,2.0,1.0,0.0,1.0,1.0,0.0,66.6308114117812,LOW,1,0.0,3.0324474890719113,75.81118722679778,1.0,0.0,3,False,75.0,False,True,91.66666666666666,0.7857142857142857,78.57142857142857,75.1648679103316,MEDIUM,1,MEDIUM,"MEDIUM (driven by pattern+cr_profile; price_level=NORMAL, pattern_level=LOW, cr_profile_level=MEDIUM)",1
2020-2801-1-10338-1,2020-2801-1-10338,2020-08-25,2020,2020-08,9018390000,901839000000,901839,90,Medical syringes and needles,Medical syringes and needles,CR_HASH_002,Import,IM,CN,CN,BH,CN,CN,BH,CN,NMB,4.98,1.8473895582329314,price_per_item,9.2,24.48,4.98,34.47,38.64,1.0464026300674198,1.1592369104845446,0.5792846449150362,0.6041021775947832,1.7481096643936567,1.1440074867988734,-1.111909052603527,3.464120894591967,False,-0.13137872747292312,0.13137872747292312,NORMAL,23.0,0.02410901467505241,3.725169455519137,5.903307964603629,18.0,0.018867924528301886,3.970291913552122,5.063213787398673,12.0,1.9166666666666667,0.9962049198956219,4.0,2.0869565217391304,69.16996047430831,15.099272879037596,NORMAL,0,0.0,-0.34977113558625306,8.744278389656326,1.0,0.0,1,True,91.66666666666666,False,False,63.63636363636363,0.9230769230769231,92.3076923076923,47.431126807009086,LOW,1,NORMAL,"NORMAL (price_level=NORMAL, pattern_level=NORMAL, cr_profile_level=LOW)",0
2020-2801-1-10834-1,2020-2801-1-10834,2020-08-25,2020,2020-08,8504400090,850440009000,850440,85,Static converters,Static converters,CR_HASH_004,Import,IM,CN,CN,BH,CN,CN,BH,CN,NMB,0.74,2498.918918918919,price_per_item,1849.2,4918.08,0.74,533.36,619.8,7.824013577897917,7.466827051260017,0.5715840105867187,6.914775863803976,8.032836322465545,1.11806045866157,5.23768517581162,9.7099270104579,False,0.42149361627437065,0.42149361627437065,NORMAL,19.0,0.019916142557651992,3.916224692281846,11.63690673320574,15.0,0.015723270440251572,4.152613470346076,11.051724646602178,9.0,2.111111111111111,0.9279607271383371,4.0,1.894736842105263,56.9377990430622,18.22722684937296,NORMAL,0,0.0,0.5786649635077009,14.466624087692523,1.0,0.0,3,False,75.0,False,False,75.0,0.7,70.0,37.813318430692384,LOW,1,NORMAL,"NORMAL (price_level=NORMAL, pattern_level=NORMAL, cr_profile_level=LOW)",0
2020-2501-1-10326-1,2020-2501-1-10326,2020-08-25,2020,2020-08,3923301000,392330100000,392330,39,Plastic bottles for packaging,Plastic bottles for packaging,CR_HASH_043,Import,IM,CN,AE,BH,CN,AE,BH,CN,NMB,4.39,4.749430523917996,price_per_item,20.85,55.44,4.39,390.45,447.22,1.7491008105859325,1.6841288050356895,0.6442087840607709,1.0864174155799162,2.3469388358112164,1.2605214202313002,-0.8043647147670341,4.237720966158166,False,0.06802610962871772,0.06802610962871772,NORMAL,28.0,0.029350104821802937,3.5284591612730827,0.0,2.0,0.0020964360587002098,6.1675164908883415,77.23297513030472,12.0,2.3333333333333335,1.2309149097933274,5.0,2.142857142857143,72.72727272727273,37.940632204697565,NORMAL,0,0.0,0.02192120218373376,0.5480300545933441,1.0,0.0,2,False,83.33333333333334,False,True,87.5,0.9375,93.75,50.81681051910767,LOW,1,NORMAL,"NORMAL (price_level=NORMAL, pattern_level=NORMAL, cr_profile_level=LOW)",0
2020-2501-8-10970-1,2020-2501-8-10970,2020-08-26,2020,2020-08,6109100000,610910000000,610910,61,Cotton t-shirts,Cotton t-shirts,CR_HASH_036,Import,IM,DE,DE,BH,DE,DE,BH,DE,NMB,4.0,158.235,price_per_item,632.94,1683.36,4.0,669.96,714.3,5.070381098493209,4.644105600231562,0.7882174659262975,3.8927224589349843,5.444558727344917,1.5518362684099332,1.5649680563200845,7.772313129959818,False,0.3647710143429468,0.3647710143429468,NORMAL,5.0,0.005241090146750524,5.251225759014186,51.700506150822136,5.0,0.005241090146750524,5.251225759014186,47.13660531805522,3.0,1.6666666666666667,1.1547005383792517,3.0,1.7999999999999998,50.90909090909091,49.98442857309403,LOW,1,0.0,0.6188951207733475,15.472378019333688,1.0,0.0,1,True,91.66666666666666,True,True,100.0,1.0,100.0,80.41533230676679,MEDIUM,1,MEDIUM,"MEDIUM (driven by pattern+cr_profile; price_level=NORMAL, pattern_level=LOW, cr_profile_level=MEDIUM)",1
2020-2501-8-10457-1,2020-2501-8-10457,2020-08-26,2020,2020-08,1006301000,100630100000,100630,10,Long-grain milled rice,Long-grain milled rice,CR_HASH_012,Import,IM,JP,JP,BH,JP,JP,BH,JP,KGM,1626.84,0.33839836738708173,price_per_kg,550.52,1464.16,0.84,1626.84,1907.92,0.2914736508653771,0.32869838978139143,0.06767869107876259,0.270176176769005,0.39860128498662895,0.12842510821762393,0.07753851444256912,0.5912389473130648,False,-0.37098445644524647,0.37098445644524647,NORMAL,7.0,0.007337526205450734,4.9147535223929735,41.6029195353019,6.0,0.006289308176100629,5.0689042022202315,41.148094458851695,6.0,1.1666666666666667,0.408248290463863,2.0,1.7142857142857142,45.45454545454546,42.02147464643086,NORMAL,0,0.0,-0.39451453762694616,9.862863440673655,1.0,0.0,3,False,75.0,False,False,90.0,0.7692307692307692,76.92307692307692,41.33661758885117,LOW,1,NORMAL,"NORMAL (price_level=NORMAL, pattern_level=NORMAL, cr_profile_level=LOW)",0
2020-2501-7-10559-1,2020-2501-7-10559,2020-08-27,2020,2020-08,8471300000,847130000000,847130,84,Portable laptop computers,Portable laptop computers,CR_HASH_048,Re-export,EX,BH,BH,CN,BH,BH,CN,CN,NMB,4.99,3906.3426853707415,price_per_item,19492.65,51842.15,4.99,1048.07,1187.64,8.27061280182319,9.057918359570245,1.044460022767316,7.958447179146432,9.968345476103027,2.009898296956594,4.943599733711541,12.983192921537917,False,-0.5084257051581353,0.5084257051581353,NORMAL,12.0,0.012578616352201259,4.375757021660286,25.427546772711544,12.0,0.012578616352201259,4.375757021660286,18.381069589156386,6.0,2.0,1.0954451150103321,3.0,1.5,31.818181818181824,23.91987501528778,NORMAL,0,-0.47052334001359764,-0.36762448448150054,11.76308350033994,1.0,0.0,4,False,66.66666666666666,False,False,66.66666666666667,0.7857142857142857,78.57142857142857,36.498031606071365,LOW,1,NORMAL,"NORMAL (price_level=NORMAL, pattern_level=NORMAL, cr_profile_level=LOW)",0
2020-2501-2-10984-1,2020-2501-2-10984,2020-08-27,2020,2020-08,9018390000,901839000000,901839,90,Medical syringes and needles,Medical syringes and needles,CR_HASH_028,Import,IM,AE,AE,BH,AE,AE,BH,AE,NMB,3.44,2.662790697674419,price_per_item,9.16,24.36,3.44,697.22,779.88,1.2982253425721255,1.1592369104845446,0.5792846449150362,0.6041021775947832,1.7481096643936567,1.1440074867988734,-1.111909052603527,3.464120894591967,False,0.16183134481488537,0.16183134481488537,NORMAL,11.0,0.011530398322851153,4.462768398649916,28.038772365976683,10.0,0.010482180293501049,4.558078578454241,24.369580448359905,6.0,1.8333333333333333,0.983192080250175,3.0,1.6363636363636365,40.495867768595055,28.623119505203565,NORMAL,0,-0.30568371018130724,-0.021404029247342866,7.6420927545326816,2.0,25.0,3,False,75.0,False,True,92.85714285714286,0.7857142857142857,78.57142857142857,54.10330389265787,LOW,1,NORMAL,"NORMAL (price_level=NORMAL, pattern_level=NORMAL, cr_profile_level=LOW)",0
2020-2501-9-10183-1,2020-2501-9-10183,2020-08-27,2020,2020-08,2710192100,271019210000,271019,27,Gas oils for diesel engines,Gas oils for diesel engines,CR_HASH_040,Re-export,EX,BH,BH,AE,BH,BH,AE,AE,LTR,11475.48,0.03726380072990411,price_per_liter_gross_weight,427.62,1137.29,4.67,9939.71,11475.48,0.03658628525672095,0.2773855677315066,0.0779894680702432,0.16396900989912072,0.33244641877019565,0.16847740887107493,-0.08874710340749165,0.585162532076808,False,-2.0825490279219805,2.0825490279219805,LOW,8.0,0.008385744234800839,4.781222129768451,37.595620697047174,8.0,0.008385744234800839,4.781222129768451,31.698925390914113,6.0,1.3333333333333333,0.5163977794943222,2.0,1.5,31.818181818181824,34.665161508070796,NORMAL,0,0.0,-1.7681482903897294,44.20370725974323,1.0,0.0,1,True,91.66666666666666,False,True,88.88888888888889,1.0,100.0,77.69351976313234,MEDIUM,1,MEDIUM,"MEDIUM (driven by price+cr_profile; price_level=LOW, pattern_level=NORMAL, cr_profile_level=MEDIUM)",1
2020-2701-5-10819-1,2020-2701-5-10819,2020-08-27,2020,2020-08,8471300000,847130000000,847130,84,Portable laptop computers,Portable laptop computers,CR_HASH_042,Re-export,EX,BH,BH,US,BH,BH,US,US,NMB,4.6,36947.39565217392,price_per_item,169958.02,452016.0,4.6,474.97,569.61,10.51727750600674,9.057918359570245,1.044460022767316,7.958447179146432,9.968345476103027,2.009898296956594,4.943599733711541,12.983192921537917,False,0.9424240637004782,0.9424240637004782,NORMAL,3.0,0.0031446540880503146,5.762051382780177,67.03046630801344,3.0,0.0031446540880503146,5.762051382780177,63.915119328547,3.0,1.0,0.0,1.0,1.0,0.0,55.88552491899817,LOW,1,7.201675795360431,4.9732521968501455,100.0,1.0,0.0,4,False,66.66666666666666,False,True,80.0,0.7333333333333334,73.33333333333334,79.66666666666667,MEDIUM,1,MEDIUM,"MEDIUM (driven by pattern+cr_profile; price_level=NORMAL, pattern_level=LOW, cr_profile_level=MEDIUM)",1
2020-2701-9-10304-1,2020-2701-9-10304,2020-08-27,2020,2020-08,8517120000,851712000000,851712,85,Cellular telephones,Cellular telephones,CR_HASH_006,Re-export,EX,BH,BH,US,BH,BH,US,US,NMB,0.81,16162.148148148148,price_per_item,13091.34,34817.4,0.81,1071.69,1254.98,9.69048912424964,8.864077348542533,0.8102493638708186,8.21372138236038,9.675589371385747,1.461867989025368,6.020919398822327,11.8683913549238,False,0.6879451328097028,0.6879451328097028,NORMAL,4.0,0.0041928721174004195,5.474369310328396,58.39708046469813,4.0,0.0041928721174004195,5.474369310328396,54.46595026060942,4.0,1.0,0.0,1.0,1.0,0.0,48.26162282356236,LOW,1,0.9093529465825699,0.7664223830861936,22.733823664564248,1.0,0.0,4,False,66.66666666666666,False,False,70.58823529411764,0.7058823529411764,70.58823529411764,39.72154416495043,LOW,1,LOW,"LOW (driven by pattern+cr_profile; price_level=NORMAL, pattern_level=LOW, cr_profile_level=LOW)",1
2020-2701-5-10293-1,2020-2701-5-10293,2020-08-30,2020,2020-08,6109100000,610910000000,610910,61,Cotton t-shirts,Cotton t-shirts,CR_HASH_016,Import,IM,AE,AE,BH,AE,AE,BH,AE,NMB,2.2,267.27272727272725,price_per_item,588.0,1563.84,2.2,258.86,287.05,5.5920041021445686,4.644105600231562,0.7882174659262975,3.8927224589349843,5.444558727344917,1.5518362684099332,1.5649680563200845,7.772313129959818,False,0.8111324705431142,0.8111324705431142,NORMAL,10.0,0.010482180293501049,4.558078578454241,30.899046383171186,9.0,0.009433962264150943,4.663439094112067,27.830238657093965,8.0,1.25,0.4629100498862757,2.0,1.6,38.181818181818194,30.91737944884121,NORMAL,0,0.0,1.6990622053737998,42.476555134345,1.0,0.0,2,False,83.33333333333334,True,True,100.0,0.9333333333333333,93.33333333333333,78.53346096368742,MEDIUM,1,LOW,"LOW (driven by cr_profile; price_level=NORMAL, pattern_level=NORMAL, cr_profile_level=MEDIUM)",1
2020-2501-2-10394-1,2020-2501-2-10394,2020-08-30,2020,2020-08,8517120000,851712000000,851712,85,Cellular telephones,Cellular telephones,CR_HASH_021,Import,IM,US,SA,BH,US,SA,BH,US,NMB,1.97,17364.55837563452,price_per_item,34208.18,90979.2,1.97,322.2,359.27,9.762244119894982,9.1609472788485,0.7778458576033893,8.086449359029473,9.737226953131787,1.6507775941023137,5.610282967876002,12.213393344285258,False,0.5214004278918614,0.5214004278918614,NORMAL,13.0,0.013626834381551363,4.29571431398675,23.025452080470465,2.0,0.0020964360587002098,6.1675164908883415,77.23297513030472,8.0,1.625,1.0606601717798212,4.0,2.4615384615384617,93.00699300699303,52.495316286890834,LOW,1,0.0,0.9342332823521259,23.35583205880315,1.0,0.0,3,False,75.0,False,True,87.5,0.8235294117647058,82.35294117647058,56.52012945587522,LOW,1,LOW,"LOW (driven by pattern+cr_profile; price_level=NORMAL, pattern_level=LOW, cr_profile_level=LOW)",1
2020-2601-2-10155-1,2020-2601-2-10155,2020-08-30,2020,2020-08,2710192100,271019210000,271019,27,Gas oils for diesel engines,Gas oils for diesel engines,CR_HASH_036,Import,IM,DE,AE,BH,DE,AE,BH,DE,LTR,14941.53,0.21226942622341888,price_per_liter_gross_weight,3171.63,8435.19,4.43,14021.41,14941.53,0.19249416180659834,0.26355592811875056,0.07105600884335336,0.1979668243457394,0.33634243682655873,0.13837561248081934,-0.009596594375489625,0.5439058555477878,False,-0.6745454115681778,0.6745454115681778,NORMAL,4.0,0.0041928721174004195,5.474369310328396,58.39708046469813,1.0,0.0010482180293501049,6.860663671448286,100.0,4.0,1.0,0.0,1.0,1.0,0.0,64.19854023234906,LOW,1,0.0,-0.5394731049521634,13.486827623804084,1.0,0.0,2,False,83.33333333333334,False,True,88.88888888888889,0.7777777777777778,77.77777777777779,52.49816744610921,LOW,1,LOW,"LOW (driven by pattern+cr_profile; price_level=NORMAL, pattern_level=LOW, cr_profile_level=LOW)",1
2020-2601-3-10946-1,2020-2601-3-10946,2020-08-30,2020,2020-08,9018390000,901839000000,901839,90,Medical syringes and needles,Medical syringes and needles,CR_HASH_012,Import,IM,CN,CN,BH,CN,CN,BH,CN,NMB,0.93,14.82795698924731,price_per_item,13.79,36.68,0.93,785.78,872.01,2.7617778061355653,1.1592369104845446,0.5792846449150362,0.6041021775947832,1.7481096643936567,1.1440074867988734,-1.111909052603527,3.464120894591967,False,1.865920381781388,1.865920381781388,NORMAL,23.0,0.02410901467505241,3.725169455519137,5.903307964603629,18.0,0.018867924528301886,3.970291913552122,5.063213787398673,12.0,1.9166666666666667,0.9962049198956219,4.0,2.0869565217391304,69.16996047430831,15.099272879037596,NORMAL,0,0.0,4.773025258144344,100.0,1.0,0.0,1,True,91.66666666666666,False,True,72.72727272727273,1.0,100.0,93.18181818181819,HIGH,1,HIGH,"HIGH (driven by cr_profile; price_level=NORMAL, pattern_level=NORMAL, cr_profile_level=HIGH)",1
2020-2801-9-10723-1,2020-2801-9-10723,2020-08-31,2020,2020-08,1006301000,100630100000,100630,10,Long-grain milled rice,Long-grain milled rice,CR_HASH_044,Re-export,EX,BH,BH,US,BH,BH,US,US,KGM,752.91,0.5452046061282225,price_per_kg,410.49,1091.72,3.87,752.91,792.84,0.4351563327324311,0.2942812331971436,0.07865143426710039,0.2366195387420564,0.39544094305664584,0.15882140431458944,-0.0016125677298277352,0.63367304952853,False,1.208101972485492,1.208101972485492,NORMAL,8.0,0.008385744234800839,4.781222129768451,37.595620697047174,8.0,0.008385744234800839,4.781222129768451,31.698925390914113,8.0,1.0,0.0,1.0,1.0,0.0,29.892434235343526,NORMAL,0,0.0,1.1871386604429641,29.678466511074102,1.0,0.0,3,False,75.0,False,False,84.61538461538461,0.6923076923076923,69.23076923076923,45.387463278875934,LOW,1,NORMAL,"NORMAL (price_level=NORMAL, pattern_level=NORMAL, cr_profile_level=LOW)",0
2020-2501-3-10933-1,2020-2501-3-10933,2020-08-31,2020,2020-08,8517120000,851712000000,851712,85,Cellular telephones,Cellular telephones,CR_HASH_033,Import,IM,US,SA,BH,US,SA,BH,US,NMB,2.2,3596.2499999999995,price_per_item,7911.75,21041.9,2.2,219.68,233.35,8.187924943643527,9.1609472788485,0.7778458576033893,8.086449359029473,9.737226953131787,1.6507775941023137,5.610282967876002,12.213393344285258,False,-0.8437334562431087,0.8437334562431087,NORMAL,13.0,0.013626834381551363,4.29571431398675,23.025452080470465,2.0,0.0020964360587002098,6.1675164908883415,77.23297513030472,8.0,1.625,1.0606601717798212,4.0,2.4615384615384617,93.00699300699303,52.495316286890834,LOW,1,0.0,-0.5939860088881489,14.849650222203723,1.0,0.0,3,False,75.0,False,True,84.21052631578947,0.8421052631578947,84.21052631578947,53.092114419876566,LOW,1,LOW,"LOW (driven by pattern+cr_profile; price_level=NORMAL, pattern_level=LOW, cr_profile_level=LOW)",1
2020-2501-8-10189-1,2020-2501-8-10189,2020-08-31,2020,2020-08,8471300000,847130000000,847130,84,Portable laptop computers,Portable laptop computers,CR_HASH_020,Re-export,EX,BH,BH,SA,BH,BH,SA,SA,NMB,0.98,32142.54081632653,price_per_item,31499.69,83775.78,0.98,771.51,917.36,10.377966801746314,9.057918359570245,1.044460022767316,7.958447179146432,9.968345476103027,2.009898296956594,4.943599733711541,12.983192921537917,False,0.8524600816699592,0.8524600816699592,NORMAL,3.0,0.0031446540880503146,5.762051382780177,67.03046630801344,3.0,0.0031446540880503146,5.762051382780177,63.915119328547,3.0,1.0,0.0,1.0,1.0,0.0,55.88552491899817,LOW,1,0.0,3.7805535704044844,94.5138392601121,1.0,0.0,2,False,83.33333333333334,False,True,93.33333333333333,0.875,87.5,83.91317707437257,MEDIUM,1,MEDIUM,"MEDIUM (driven by pattern+cr_profile; price_level=NORMAL, pattern_level=LOW, cr_profile_level=MEDIUM)",1
2020-2801-2-10391-1,2020-2801-2-10391,2020-08-31,2020,2020-08,1006301000,100630100000,100630,10,Long-grain milled rice,Long-grain milled rice,CR_HASH_046,Re-export,EX,BH,BH,TR,BH,BH,TR,TR,KGM,3790.47,0.4211192807224434,price_per_kg,1596.24,4245.33,2.38,3790.47,4494.18,0.3514447869871863,0.2942812331971436,0.07865143426710039,0.2366195387420564,0.39544094305664584,0.15882140431458944,-0.0016125677298277352,0.63367304952853,False,0.4902172372253235,0.4902172372253235,NORMAL,1.0,0.0010482180293501049,6.860663671448286,100.0,1.0,0.0010482180293501049,6.860663671448286,100.0,1.0,1.0,0.0,1.0,1.0,0.0,85.0,HIGH,1,0.0,0.233467450882939,5.836686272073475,1.0,0.0,1,True,91.66666666666666,True,True,100.0,0.8235294117647058,82.35294117647058,73.51342843051984,LOW,1,HIGH,"HIGH (driven by pattern+cr_profile; price_level=NORMAL, pattern_level=HIGH, cr_profile_level=LOW)",1
2020-2501-4-10985-1,2020-2501-4-10985,2020-09-01,2020,2020-09,6109100000,610910000000,610910,61,Cotton t-shirts,Cotton t-shirts,CR_HASH_046,Import,IM,US,US,BH,US,US,BH,US,NMB,1.53,48.03267973856209,price_per_item,73.49,195.44,1.53,94.05,102.96,3.8924870092493973,4.644105600231562,0.7882174659262975,3.8927224589349843,5.444558727344917,1.5518362684099332,1.5649680563200845,7.772313129959818,False,-0.6431724951343466,0.6431724951343466,NORMAL,13.0,0.013626834381551363,4.29571431398675,23.025452080470465,11.0,0.011530398322851153,4.462768398649916,21.2390343034744,10.0,1.3,0.48304589153964794,2.0,1.5384615384615383,34.26573426573426,24.086248186311412,NORMAL,0,0.0,-0.5591116769351393,13.977791923378483,1.0,0.0,3,False,75.0,False,False,82.35294117647058,0.8888888888888888,88.88888888888889,43.25824024507789,LOW,1,NORMAL,"NORMAL (price_level=NORMAL, pattern_level=NORMAL, cr_profile_level=LOW)",0
2020-2701-4-10862-1,2020-2701-4-10862,2020-09-02,2020,2020-09,3923301000,392330100000,392330,39,Plastic bottles for packaging,Plastic bottles for packaging,CR_HASH_013,Import,IM,SA,SA,BH,SA,SA,BH,SA,NMB,1.36,5.625,price_per_item,7.65,20.35,1.36,377.64,403.75,1.890850371872286,1.6841288050356895,0.6442087840607709,1.0864174155799162,2.3469388358112164,1.2605214202313002,-0.8043647147670341,4.237720966158166,False,0.21643881621250066,0.21643881621250066,NORMAL,8.0,0.008385744234800839,4.781222129768451,37.595620697047174,6.0,0.006289308176100629,5.0689042022202315,41.148094458851695,6.0,1.3333333333333333,0.5163977794943222,2.0,1.5,31.818181818181824,37.97237068184895,NORMAL,0,0.0,0.23283463471310498,5.820865867827624,1.0,0.0,1,True,91.66666666666666,False,True,80.0,1.0,100.0,62.03730305373967,LOW,1,NORMAL,"NORMAL (price_level=NORMAL, pattern_level=NORMAL, cr_profile_level=LOW)",0
2020-2801-5-10733-1,2020-2801-5-10733,2020-09-03,2020,2020-09,8517120000,851712000000,851712,85,Cellular telephones,Cellular telephones,CR_HASH_012,Import,IM,AE,AE,BH,AE,AE,BH,AE,NMB,0.68,11185.691176470587,price_per_item,7606.27,20229.44,0.68,122.66,144.73,9.322480062894297,9.1609472788485,0.7778458576033893,8.086449359029473,9.737226953131787,1.6507775941023137,5.610282967876002,12.213393344285258,False,0.14006935837790516,0.14006935837790516,NORMAL,11.0,0.011530398322851153,4.462768398649916,28.038772365976683,9.0,0.009433962264150943,4.663439094112067,27.830238657093965,7.0,1.5714285714285714,0.7867957924694431,3.0,1.9090909090909092,57.8512396694215,32.437655663384454,NORMAL,0,0.0,0.22350938913315027,5.587734728328757,1.0,0.0,1,True,91.66666666666666,True,True,100.0,0.8,80.0,72.95570715491506,LOW,1,NORMAL,"NORMAL (price_level=NORMAL, pattern_level=NORMAL, cr_profile_level=LOW)",0
2020-2601-3-10332-1,2020-2601-3-10332,2020-09-04,2020,2020-09,8517120000,851712000000,851712,85,Cellular telephones,Cellular telephones,CR_HASH_012,Re-export,EX,BH,BH,CN,BH,BH,CN,CN,NMB,4.16,12749.903846153846,price_per_item,53039.6,141062.77,4.16,860.93,1031.84,9.453357437968421,8.864077348542533,0.8102493638708186,8.21372138236038,9.675589371385747,1.461867989025368,6.020919398822327,11.8683913549238,False,0.49054524790058607,0.49054524790058607,NORMAL,5.0,0.005241090146750524,5.251225759014186,51.700506150822136,5.0,0.005241090146750524,5.251225759014186,47.13660531805522,5.0,1.0,0.0,1.0,1.0,0.0,42.348064936730395,NORMAL,0,0.0,0.3908899533459471,9.772248833648678,1.0,0.0,1,True,91.66666666666666,False,True,69.23076923076923,0.75,75.0,55.72797939946935,LOW,1,NORMAL,"NORMAL (price_level=NORMAL, pattern_level=NORMAL, cr_profile_level=LOW)",0
2020-2701-3-10223-1,2020-2701-3-10223,2020-09-04,2020,2020-09,8504400090,850440009000,850440,85,Static converters,Static converters,CR_HASH_033,Re-export,EX,BH,BH,US,BH,BH,US,US,NMB,3.35,1029.0089552238805,price_per_item,3447.18,9168.03,3.35,311.39,360.18,6.937322775578003,7.211981005295417,0.7196345903205628,6.668983974826631,7.961818755725377,1.2928347808987457,4.729731803478512,9.901070927073494,False,-0.25742847891187953,0.25742847891187953,NORMAL,7.0,0.007337526205450734,4.9147535223929735,41.6029195353019,7.0,0.007337526205450734,4.9147535223929735,36.084880671453035,7.0,1.0,0.0,1.0,1.0,0.0,33.43116800265951,NORMAL,0,0.0,-0.45282208636522825,11.320552159130706,1.0,0.0,2,False,83.33333333333334,False,True,80.0,0.8,80.0,49.96219325569575,LOW,1,NORMAL,"NORMAL (price_level=NORMAL, pattern_level=NORMAL, cr_profile_level=LOW)",0
2020-2601-1-10175-1,2020-2601-1-10175,2020-09-05,2020,2020-09,2710192100,271019210000,271019,27,Gas oils for diesel engines,Gas oils for diesel engines,CR_HASH_036,Re-export,EX,BH,BH,AE,BH,BH,AE,AE,LTR,4610.6,0.377658005465666,price_per_liter_gross_weight,1741.23,4630.93,3.75,4188.45,4610.6,0.32038495997915317,0.2773855677315066,0.0779894680702432,0.16396900989912072,0.33244641877019565,0.16847740887107493,-0.08874710340749165,0.585162532076808,False,0.3718796069749464,0.3718796069749464,NORMAL,8.0,0.008385744234800839,4.781222129768451,37.595620697047174,8.0,0.008385744234800839,4.781222129768451,31.698925390914113,6.0,1.3333333333333333,0.5163977794943222,2.0,1.5,31.818181818181824,34.665161508070796,NORMAL,0,-0.00385016992062308,0.5541796269257723,13.854490673144307,0.6666666666666666,0.0,3,False,75.0,False,True,80.0,0.7,70.0,48.8490717356005,LOW,1,NORMAL,"NORMAL (price_level=NORMAL, pattern_level=NORMAL, cr_profile_level=LOW)",0
2020-2801-4-10971-1,2020-2801-4-10971,2020-09-05,2020,2020-09,8471300000,847130000000,847130,84,Portable laptop computers,Portable laptop computers,CR_HASH_010,Import,IM,US,US,BH,US,US,BH,US,NMB,2.98,1131.8355704697985,price_per_item,3372.87,8970.39,2.98,30.24,31.87,7.032479122931815,8.71824987064452,0.6999612932513521,7.750041925937837,9.126895264901794,1.376853338963957,5.684761917491901,11.192175273347729,False,-1.624428097511767,1.624428097511767,NORMAL,12.0,0.012578616352201259,4.375757021660286,25.427546772711544,10.0,0.010482180293501049,4.558078578454241,24.369580448359905,9.0,1.3333333333333333,0.5,2.0,1.5,31.818181818181824,26.015853816009013,NORMAL,0,0.0,-0.8030161898459356,20.07540474614839,1.0,0.0,3,False,75.0,False,True,82.35294117647058,0.8888888888888888,88.88888888888889,55.39240473304736,LOW,1,NORMAL,"NORMAL (price_level=NORMAL, pattern_level=NORMAL, cr_profile_level=LOW)",0
2020-2801-8-10847-1,2020-2801-8-10847,2020-09-05,2020,2020-09,102211000,102211000000,102211,10,"Live cattle, pure-bred breeding","Live cattle, pure-bred breeding",CR_HASH_046,,,IN,BH,DE,IN,BH,DE,,NMB,3.54,15988.689265536723,price_per_item,56599.96,150531.81,3.54,248.71,267.59,9.679699372589566,9.679699372589566,0.0,9.679699372589566,9.679699372589566,0.0,9.679699372589566,9.679699372589566,False,0.0,0.0,NORMAL,,,,0.0,,,,0.0,,,,,,0.0,0.0,NORMAL,0,2.977300444427753,-0.18794424494374282,74.43251111069382,1.0,0.0,4,False,66.66666666666666,False,False,0.0,0.7894736842105263,78.94736842105263,41.84085257295337,LOW,1,NORMAL,"NORMAL (price_level=NORMAL, pattern_level=NORMAL, cr_profile_level=LOW)",0
2020-2801-6-10350-1,2020-2801-6-10350,2020-09-05,2020,2020-09,8504400090,850440009000,850440,85,Static converters,Static converters,CR_HASH_030,Import,IM,US,SA,BH,US,SA,BH,US,NMB,3.11,1037.1993569131832,price_per_item,3225.69,8578.96,3.11,674.91,750.02,6.945243103968147,7.466827051260017,0.5715840105867187,6.914775863803976,8.032836322465545,1.11806045866157,5.23768517581162,9.7099270104579,False,-0.6154887929397732,0.6154887929397732,NORMAL,14.0,0.014675052410901468,4.221606341833028,20.80145976765095,2.0,0.0020964360587002098,6.1675164908883415,77.23297513030472,9.0,1.5555555555555556,1.130388330520878,4.0,2.571428571428571,100.0,52.43227117943213,LOW,1,0.0,-0.44755234860116067,11.188808715029017,1.0,0.0,2,False,83.33333333333334,False,True,91.66666666666666,0.9230769230769231,92.3076923076923,55.29428817846528,LOW,1,LOW,"LOW (driven by pattern+cr_profile; price_level=NORMAL, pattern_level=LOW, cr_profile_level=LOW)",1
2020-2701-2-10672-1,2020-2701-2-10672,2020-09-05,2020,2020-09,6109100000,610910000000,610910,61,Cotton t-shirts,Cotton t-shirts,CR_HASH_039,Re-export,EX,BH,BH,SA,BH,BH,SA,SA,NMB,1.03,51.8252427184466,price_per_item,53.38,141.96,1.03,28.42,31.27,3.9669891582562897,4.610526181303967,0.7708500247178713,3.916293548711598,5.585818334387825,1.6695247856762268,1.412006370197258,8.090105512902165,False,-0.5630923804998246,0.5630923804998246,NORMAL,4.0,0.0041928721174004195,5.474369310328396,58.39708046469813,4.0,0.0041928721174004195,5.474369310328396,54.46595026060942,4.0,1.0,0.0,1.0,1.0,0.0,48.26162282356236,LOW,1,0.0,-0.5480438258205296,13.70109564551324,1.0,0.0,2,False,83.33333333333334,True,True,100.0,0.8888888888888888,88.88888888888889,67.57316125370741,LOW,1,LOW,"LOW (driven by pattern+cr_profile; price_level=NORMAL, pattern_level=LOW, cr_profile_level=LOW)",1
2020-2801-9-10171-1,2020-2801-9-10171,2020-09-06,2020,2020-09,1006301000,100630100000,100630,10,Long-grain milled rice,Long-grain milled rice,CR_HASH_042,Import,IM,CN,CN,BH,CN,CN,BH,CN,KGM,2733.44,0.3534410852259424,price_per_kg,966.11,2569.43,1.39,2733.44,2897.74,0.3026503014011381,0.32869838978139143,0.06767869107876259,0.270176176769005,0.39860128498662895,0.12842510821762393,0.07753851444256912,0.5912389473130648,False,-0.259597144011902,0.259597144011902,NORMAL,25.0,0.02620545073375262,3.641787846580086,3.4010123016442515,21.0,0.0220125786163522,3.8161412337248635,0.0,9.0,2.7777777777777777,1.6414763002993509,5.0,1.8,50.909090909090914,9.336869787185762,NORMAL,0,0.0,-0.24646859515126532,6.161714878781633,1.0,0.0,2,False,83.33333333333334,False,False,56.25,0.8125,81.25,32.469100207573575,NORMAL,0,NORMAL,"NORMAL (price_level=NORMAL, pattern_level=NORMAL, cr_profile_level=NORMAL)",0
2020-2701-6-10476-1,2020-2701-6-10476,2020-09-06,2020,2020-09,8517120000,851712000000,851712,85,Cellular telephones,Cellular telephones,CR_HASH_049,Import,IM,CN,CN,BH,CN,CN,BH,CN,NMB,4.88,149.375,price_per_item,728.95,1938.7,4.88,12.36,13.84,5.013132174294843,9.1609472788485,0.7778458576033893,8.086449359029473,9.737226953131787,1.6507775941023137,5.610282967876002,12.213393344285258,True,-3.5966804125675127,3.5966804125675127,MEDIUM,22.0,0.023060796645702306,3.769621218089971,7.2373125983257305,14.0,0.014675052410901468,4.221606341833028,13.317855801757727,10.0,2.2,0.7888106377466155,3.0,1.3636363636363635,23.140495867768593,11.750980209943359,NORMAL,0,-6.348486991212515,-0.9852006561255049,100.0,1.0,0.0,4,False,66.66666666666666,False,False,70.58823529411764,0.7777777777777778,77.77777777777779,68.20261437908496,LOW,1,MEDIUM,"MEDIUM (driven by price+cr_profile; price_level=MEDIUM, pattern_level=NORMAL, cr_profile_level=LOW)",1
2020-2701-3-10693-1,2020-2701-3-10693,2020-09-06,2020,2020-09,6109100000,610910000000,610910,61,Cotton t-shirts,Cotton t-shirts,CR_HASH_002,Import,IM,AE,AE,BH,AE,AE,BH,AE,NMB,3.93,48.07888040712468,price_per_item,188.95,502.52,3.93,88.23,98.56,3.8934288079917456,4.644105600231562,0.7882174659262975,3.8927224589349843,5.444558727344917,1.5518362684099332,1.5649680563200845,7.772313129959818,False,-0.6423665823292375,0.6423665823292375,NORMAL,10.0,0.010482180293501049,4.558078578454241,30.899046383171186,9.0,0.009433962264150943,4.663439094112067,27.830238657093965,8.0,1.25,0.4629100498862757,2.0,1.6,38.181818181818194,30.91737944884121,NORMAL,0,0.0,-0.5187038530239962,12.967596325599906,1.0,0.0,1,True,91.66666666666666,False,True,91.66666666666666,1.0,100.0,67.45532538062663,LOW,1,NORMAL,"NORMAL (price_level=NORMAL, pattern_level=NORMAL, cr_profile_level=LOW)",0
2020-2601-3-10536-1,2020-2601-3-10536,2020-09-06,2020,2020-09,9018390000,901839000000,901839,90,Medical syringes and needles,Medical syringes and needles,CR_HASH_030,Import,IM,SA,DE,BH,SA,DE,BH,SA,NMB,3.73,0.7131367292225201,price_per_item,2.66,7.08,3.73,406.29,466.63,0.5383260347337193,1.1592369104845446,0.5792846449150362,0.6041021775947832,1.7481096643936567,1.1440074867988734,-1.111909052603527,3.464120894591967,False,-0.7229583104414538,0.7229583104414538,NORMAL,6.0,0.006289308176100629,5.0689042022202315,46.22900654036249,1.0,0.0010482180293501049,6.860663671448286,100.0,5.0,1.2,0.4472135954999579,2.0,1.6666666666666667,42.424242424242436,64.4781396338176,LOW,1,0.0,-0.7596837003776984,18.99209250944246,1.0,0.0,1,True,91.66666666666666,False,True,92.3076923076923,1.0,100.0,69.72415545522793,LOW,1,LOW,"LOW (driven by pattern+cr_profile; price_level=NORMAL, pattern_level=LOW, cr_profile_level=LOW)",1
2020-2501-1-10551-1,2020-2501-1-10551,2020-09-06,2020,2020-09,8517120000,851712000000,851712,85,Cellular telephones,Cellular telephones,CR_HASH_022,Import,IM,IN,IN,BH,IN,IN,BH,IN,NMB,1.74,30461.954022988506,price_per_item,53003.8,140967.54,1.74,735.9,815.45,10.324266602147006,9.1609472788485,0.7778458576033893,8.086449359029473,9.737226953131787,1.6507775941023137,5.610282967876002,12.213393344285258,False,1.0087450183291802,1.0087450183291802,NORMAL,9.0,0.009433962264150943,4.663439094112067,34.06093261602687,8.0,0.008385744234800839,4.781222129768451,31.698925390914113,6.0,1.5,0.5477225575051662,2.0,1.3333333333333333,21.21212121212121,31.306908376651556,NORMAL,0,0.0,2.343827543846346,58.595688596158645,1.0,0.0,3,False,75.0,True,True,100.0,0.7272727272727273,72.72727272727273,80.05394555411007,MEDIUM,1,LOW,"LOW (driven by cr_profile; price_level=NORMAL, pattern_level=NORMAL, cr_profile_level=MEDIUM)",1
2020-2501-1-10454-1,2020-2501-1-10454,2020-09-07,2020,2020-09,8504400090,850440009000,850440,85,Static converters,Static converters,CR_HASH_024,Import,IM,AE,JP,BH,AE,JP,BH,AE,NMB,2.37,69.61603375527426,price_per_item,164.99,438.8,2.37,7.6,8.2,4.257257225729518,7.466827051260017,0.5715840105867187,6.914775863803976,8.032836322465545,1.11806045866157,5.23768517581162,9.7099270104579,True,-3.7874138343951977,3.7874138343951977,MEDIUM,12.0,0.012578616352201259,4.375757021660286,25.427546772711544,1.0,0.0010482180293501049,6.860663671448286,100.0,8.0,1.5,0.5345224838248488,2.0,1.3333333333333333,21.21212121212121,50.89559156817395,LOW,1,-6.372809304428516,-1.0894056557052327,100.0,1.0,0.0,4,False,66.66666666666666,False,False,85.71428571428572,0.75,75.0,71.42857142857143,LOW,1,MEDIUM,"MEDIUM (driven by price+pattern+cr_profile; price_level=MEDIUM, pattern_level=LOW, cr_profile_level=LOW)",1
2020-2701-5-10603-1,2020-2701-5-10603,2020-09-07,2020,2020-09,9018390000,901839000000,901839,90,Medical syringes and needles,Medical syringes and needles,CR_HASH_034,Re-export,EX,BH,BH,CN,BH,BH,CN,CN,NMB,1.55,5.348387096774193,price_per_item,8.29,22.05,1.55,103.9,114.47,1.8482007801330067,1.4183722013465883,0.34031158648964543,0.9528936868330796,1.614923227688858,0.6620295408557785,-0.040150624450588146,2.6079675389725256,False,0.8519116482071882,0.8519116482071882,NORMAL,6.0,0.006289308176100629,5.0689042022202315,46.22900654036249,6.0,0.006289308176100629,5.0689042022202315,41.148094458851695,4.0,1.5,0.5773502691896257,2.0,1.3333333333333333,21.21212121212121,40.69815451259752,NORMAL,0,0.0,1.046444057869992,26.1611014467498,1.0,0.0,1,True,91.66666666666666,False,True,92.3076923076923,1.0,100.0,72.2333085832855,LOW,1,NORMAL,"NORMAL (price_level=NORMAL, pattern_level=NORMAL, cr_profile_level=LOW)",0
2020-2501-1-10538-1,2020-2501-1-10538,2020-09-08,2020,2020-09,6109100000,610910000000,610910,61,Cotton t-shirts,Cotton t-shirts,CR_HASH_002,Import,IM,SA,DE,BH,SA,DE,BH,SA,NMB,1.07,658.9345794392523,price_per_item,705.06,1875.16,1.07,811.77,907.45,6.492140708045816,4.644105600231562,0.7882174659262975,3.8927224589349843,5.444558727344917,1.5518362684099332,1.5649680563200845,7.772313129959818,False,1.5813942944593418,1.5813942944593418,NORMAL,14.0,0.014675052410901468,4.221606341833028,20.80145976765095,1.0,0.0010482180293501049,6.860663671448286,100.0,8.0,1.75,0.8864052604279183,3.0,1.7142857142857142,45.45454545454546,52.2189117020073,LOW,1,0.0,5.630642148855718,100.0,1.0,0.0,1,True,91.66666666666666,False,True,92.3076923076923,0.9333333333333333,93.33333333333333,96.74358974358975,HIGH,1,HIGH,"HIGH (driven by pattern+cr_profile; price_level=NORMAL, pattern_level=LOW, cr_profile_level=HIGH)",1
2020-2701-8-10124-1,2020-2701-8-10124,2020-09-08,2020,2020-09,9018390000,901839000000,901839,90,Medical syringes and needles,Medical syringes and needles,CR_HASH_028,Import,IM,CN,CN,BH,CN,CN,BH,CN,NMB,2.99,0.785953177257525,price_per_item,2.35,6.24,2.99,117.18,128.22,0.5799522655695084,1.1592369104845446,0.5792846449150362,0.6041021775947832,1.7481096643936567,1.1440074867988734,-1.111909052603527,3.464120894591967,False,-0.6744907594765952,0.6744907594765952,NORMAL,23.0,0.02410901467505241,3.725169455519137,5.903307964603629,18.0,0.018867924528301886,3.970291913552122,5.063213787398673,12.0,1.9166666666666667,0.9962049198956219,4.0,2.0869565217391304,69.16996047430831,15.099272879037596,NORMAL,0,-2.1893100529635277,-0.7248038917052465,54.73275132408819,1.0,0.0,4,False,66.66666666666666,False,False,66.66666666666667,0.7333333333333334,73.33333333333334,50.4897962967642,LOW,1,NORMAL,"NORMAL (price_level=NORMAL, pattern_level=NORMAL, cr_profile_level=LOW)",0
2020-2501-4-10472-1,2020-2501-4-10472,2020-09-09,2020,2020-09,6109100000,610910000000,610910,61,Cotton t-shirts,Cotton t-shirts,CR_HASH_020,Re-export,EX,BH,BH,CN,BH,BH,CN,CN,NMB,1.11,384.19819819819816,price_per_item,426.46,1134.2,1.11,70.9,75.66,5.953758002338259,4.610526181303967,0.7708500247178713,3.916293548711598,5.585818334387825,1.6695247856762268,1.412006370197258,8.090105512902165,False,1.1753225946307027,1.1753225946307027,NORMAL,5.0,0.005241090146750524,5.251225759014186,51.700506150822136,5.0,0.005241090146750524,5.251225759014186,47.13660531805522,3.0,1.6666666666666667,1.1547005383792517,3.0,1.7999999999999998,50.90909090909091,49.98442857309403,LOW,1,0.0,2.908008565981239,72.70021414953098,1.0,0.0,1,True,91.66666666666666,False,True,81.25,1.0,100.0,85.75757495233584,HIGH,1,HIGH,"HIGH (driven by pattern+cr_profile; price_level=NORMAL, pattern_level=LOW, cr_profile_level=HIGH)",1
2020-2601-9-10190-1,2020-2601-9-10190,2020-09-09,2020,2020-09,2710192100,271019210000,271019,27,Gas oils for diesel engines,Gas oils for diesel engines,CR_HASH_023,Re-export,EX,BH,BH,JP,BH,BH,JP,JP,LTR,4598.01,0.3205169192759476,price_per_liter_gross_weight,1473.74,3919.51,2.51,4046.75,4598.01,0.27802326545293476,0.2773855677315066,0.0779894680702432,0.16396900989912072,0.33244641877019565,0.16847740887107493,-0.08874710340749165,0.585162532076808,False,0.005515119298610843,0.005515119298610843,NORMAL,2.0,0.0020964360587002098,6.1675164908883415,79.19854023234907,2.0,0.0020964360587002098,6.1675164908883415,77.23297513030472,2.0,1.0,0.0,1.0,1.0,0.0,66.6308114117812,LOW,1,0.0,0.12545076137319808,3.1362690343299517,1.0,0.0,2,False,83.33333333333334,False,True,90.9090909090909,0.9090909090909091,90.9090909090909,52.00678507110639,LOW,1,LOW,"LOW (driven by pattern+cr_profile; price_level=NORMAL, pattern_level=LOW, cr_profile_level=LOW)",1
2020-2601-7-10872-1,2020-2601-7-10872,2020-09-10,2020,2020-09,8517120000,851712000000,851712,85,Cellular telephones,Cellular telephones,CR_HASH_041,Import,IM,DE,DE,BH,DE,DE,BH,DE,NMB,2.13,6817.338028169014,price_per_item,14520.93,38619.49,2.13,250.62,297.3,8.827371030255751,9.1609472788485,0.7778458576033893,8.086449359029473,9.737226953131787,1.6507775941023137,5.610282967876002,12.213393344285258,False,-0.28925280639779083,0.28925280639779083,NORMAL,6.0,0.006289308176100629,5.0689042022202315,46.22900654036249,5.0,0.005241090146750524,5.251225759014186,47.13660531805522,4.0,1.5,1.0,3.0,2.0,63.63636363636365,49.15776967695511,LOW,1,0.0,-0.2793865634472296,6.98466408618074,1.0,0.0,1,True,91.66666666666666,False,True,77.77777777777779,0.8888888888888888,88.88888888888889,59.66685465238548,LOW,1,LOW,"LOW (driven by pattern+cr_profile; price_level=NORMAL, pattern_level=LOW, cr_profile_level=LOW)",1
2020-2701-8-10014-1,2020-2701-8-10014,2020-09-11,2020,2020-09,3923301000,392330100000,392330,39,Plastic bottles for packaging,Plastic bottles for packaging,CR_HASH_047,Import,IM,SA,SA,BH,SA,SA,BH,SA,NMB,3.17,1.6971608832807572,price_per_item,5.38,14.31,3.17,203.03,217.37,0.9921996950594797,1.6841288050356895,0.6442087840607709,1.0864174155799162,2.3469388358112164,1.2605214202313002,-0.8043647147670341,4.237720966158166,False,-0.7244542490556798,0.7244542490556798,NORMAL,8.0,0.008385744234800839,4.781222129768451,37.595620697047174,6.0,0.006289308176100629,5.0689042022202315,41.148094458851695,6.0,1.3333333333333333,0.5163977794943222,2.0,1.5,31.818181818181824,37.97237068184895,NORMAL,0,0.0,-0.5801425441871665,14.503563604679162,1.0,0.0,1,True,91.66666666666666,False,True,78.57142857142857,1.0,100.0,64.71910440449486,LOW,1,NORMAL,"NORMAL (price_level=NORMAL, pattern_level=NORMAL, cr_profile_level=LOW)",0
2020-2501-8-10980-1,2020-2501-8-10980,2020-09-12,2020,2020-09,3923301000,392330100000,392330,39,Plastic bottles for packaging,Plastic bottles for packaging,CR_HASH_013,Import,IM,CN,CN,BH,CN,CN,BH,CN,NMB,2.59,1.2007722007722008,price_per_item,3.11,8.28,2.59,51.03,56.29,0.7888082991290581,1.6841288050356895,0.6442087840607709,1.0864174155799162,2.3469388358112164,1.2605214202313002,-0.8043647147670341,4.237720966158166,False,-0.9374063548114647,0.9374063548114647,NORMAL,28.0,0.029350104821802937,3.5284591612730827,0.0,21.0,0.0220125786163522,3.8161412337248635,0.0,12.0,2.3333333333333335,1.2309149097933274,5.0,2.142857142857143,72.72727272727273,10.90909090909091,NORMAL,0,0.0,-0.6546477338586338,16.366193346465845,1.0,0.0,1,True,91.66666666666666,False,True,63.63636363636363,0.9090909090909091,90.9090909090909,59.81907676217214,LOW,1,NORMAL,"NORMAL (price_level=NORMAL, pattern_level=NORMAL, cr_profile_level=LOW)",0
2020-2701-1-10572-1,2020-2701-1-10572,2020-09-12,2020,2020-09,8703221000,870322100000,870322,87,Passenger cars 1000-1500cc,Passenger cars 1000-1500cc,CR_HASH_029,Re-export,EX,BH,BH,IN,BH,BH,IN,IN,NMB,4.59,150676.9063180828,price_per_item,691607.0,1839380.31,4.59,428.21,507.61,11.922899766820159,12.004283802979177,0.6624296738554509,11.2719045323345,12.594725507248622,1.3228209749141229,9.287673069963315,14.578956969619806,False,-0.08286582338421247,0.08286582338421247,NORMAL,4.0,0.0041928721174004195,5.474369310328396,58.39708046469813,4.0,0.0041928721174004195,5.474369310328396,54.46595026060942,4.0,1.0,0.0,1.0,1.0,0.0,48.26162282356236,LOW,1,0.0,-0.3761692065049697,9.404230162624243,1.0,0.0,2,False,83.33333333333334,False,True,92.3076923076923,0.8571428571428572,85.71428571428572,53.511260776698705,LOW,1,LOW,"LOW (driven by pattern+cr_profile; price_level=NORMAL, pattern_level=LOW, cr_profile_level=LOW)",1
2020-2601-5-10911-1,2020-2601-5-10911,2020-09-12,2020,2020-09,6109100000,610910000000,610910,61,Cotton t-shirts,Cotton t-shirts,CR_HASH_035,Import,IM,SA,SA,BH,SA,SA,BH,SA,NMB,1.9,51.7,price_per_item,98.23,261.24,1.9,74.95,88.87,3.9646154555473165,4.644105600231562,0.7882174659262975,3.8927224589349843,5.444558727344917,1.5518362684099332,1.5649680563200845,7.772313129959818,False,-0.5814509872682682,0.5814509872682682,NORMAL,14.0,0.014675052410901468,4.221606341833028,20.80145976765095,10.0,0.010482180293501049,4.558078578454241,24.369580448359905,8.0,1.75,0.8864052604279183,3.0,1.7142857142857142,45.45454545454546,25.74826485893326,NORMAL,0,-1.0751639884889406,-0.4798108165791456,26.879099712223514,1.0,0.0,4,False,66.66666666666666,False,False,83.33333333333334,0.7142857142857143,71.42857142857143,44.52673251832585,LOW,1,NORMAL,"NORMAL (price_level=NORMAL, pattern_level=NORMAL, cr_profile_level=LOW)",0
2020-2801-4-10720-1,2020-2801-4-10720,2020-09-13,2020,2020-09,6109100000,610910000000,610910,61,Cotton t-shirts,Cotton t-shirts,CR_HASH_024,Re-export,EX,BH,BH,TR,BH,BH,TR,TR,NMB,0.89,355.3033707865169,price_per_item,316.22,841.0,0.89,752.71,790.54,5.875782533096136,4.610526181303967,0.7708500247178713,3.916293548711598,5.585818334387825,1.6695247856762268,1.412006370197258,8.090105512902165,False,1.107094363738562,1.107094363738562,NORMAL,2.0,0.0020964360587002098,6.1675164908883415,79.19854023234907,2.0,0.0020964360587002098,6.1675164908883415,77.23297513030472,2.0,1.0,0.0,1.0,1.0,0.0,66.6308114117812,LOW,1,1.662147418048363,2.619668350523682,65.49170876309205,1.0,0.0,4,False,66.66666666666666,True,True,100.0,0.8235294117647058,82.35294117647058,84.39268630237633,MEDIUM,1,MEDIUM,"MEDIUM (driven by pattern+cr_profile; price_level=NORMAL, pattern_level=LOW, cr_profile_level=MEDIUM)",1
2020-2601-8-10694-1,2020-2601-8-10694,2020-09-13,2020,2020-09,3923301000,392330100000,392330,39,Plastic bottles for packaging,Plastic bottles for packaging,CR_HASH_029,Re-export,EX,BH,BH,CN,BH,BH,CN,CN,NMB,4.99,7.37875751503006,price_per_item,36.82,97.92,4.99,876.53,1047.72,2.1256996356050464,2.008077055471865,0.7629623078147538,1.1201351912780924,2.51712417371907,1.3969889824409778,-0.9753482823833743,4.612607647380537,False,0.10398330637440703,0.10398330637440703,NORMAL,14.0,0.014675052410901468,4.221606341833028,20.80145976765095,14.0,0.014675052410901468,4.221606341833028,13.317855801757727,7.0,2.0,0.816496580927726,3.0,1.5,31.818181818181824,19.83470668716795,NORMAL,0,0.0,0.584631364893007,14.615784122325175,1.0,0.0,1,True,91.66666666666666,False,True,78.57142857142857,1.0,100.0,64.75838158567095,LOW,1,NORMAL,"NORMAL (price_level=NORMAL, pattern_level=NORMAL, cr_profile_level=LOW)",0
2020-2801-6-10772-1,2020-2801-6-10772,2020-09-13,2020,2020-09,3923301000,392330100000,392330,39,Plastic bottles for packaging,Plastic bottles for packaging,CR_HASH_049,Import,IM,CN,CN,BH,CN,CN,BH,CN,NMB,2.78,56.906474820143885,price_per_item,158.2,420.75,2.78,1190.3,1369.77,4.058829205963042,1.6841288050356895,0.6442087840607709,1.0864174155799162,2.3469388358112164,1.2605214202313002,-0.8043647147670341,4.237720966158166,False,2.4863266639341095,2.4863266639341095,LOW,28.0,0.029350104821802937,3.5284591612730827,0.0,21.0,0.0220125786163522,3.8161412337248635,0.0,12.0,2.3333333333333335,1.2309149097933274,5.0,2.142857142857143,72.72727272727273,10.90909090909091,NORMAL,0,0.0,10.397896306669779,100.0,2.0,25.0,3,False,75.0,False,True,66.66666666666667,0.8947368421052632,89.47368421052632,82.06140350877193,MEDIUM,1,MEDIUM,"MEDIUM (driven by price+cr_profile; price_level=LOW, pattern_level=NORMAL, cr_profile_level=MEDIUM)",1
2020-2701-3-10745-1,2020-2701-3-10745,2020-09-14,2020,2020-09,8703221000,870322100000,870322,87,Passenger cars 1000-1500cc,Passenger cars 1000-1500cc,CR_HASH_017,Import,IM,SA,SA,BH,SA,SA,BH,SA,NMB,3.67,294853.96185286104,price_per_item,1082114.04,2877962.88,3.67,774.65,887.32,12.594238859684074,12.339741490828857,0.5298577154310848,11.445675964067552,12.647064860424424,1.201388896356871,9.643592619532246,14.44914820495973,False,0.3239664510014611,0.3239664510014611,NORMAL,5.0,0.005241090146750524,5.251225759014186,51.700506150822136,4.0,0.0041928721174004195,5.474369310328396,54.46595026060942,4.0,1.25,0.5,2.0,1.6,38.181818181818194,50.64060839389709,LOW,1,0.0,0.41890801824449375,10.472700456112344,1.0,0.0,2,False,83.33333333333334,False,True,77.77777777777779,0.9444444444444444,94.44444444444444,51.998778492972654,LOW,1,LOW,"LOW (driven by pattern+cr_profile; price_level=NORMAL, pattern_level=LOW, cr_profile_level=LOW)",1
2020-2501-8-10433-1,2020-2501-8-10433,2020-09-14,2020,2020-09,8504400090,850440009000,850440,85,Static converters,Static converters,CR_HASH_028,Import,IM,AE,AE,BH,AE,AE,BH,AE,NMB,1.73,8029.699421965318,price_per_item,13891.38,36945.15,1.73,247.93,296.07,8.991026904264203,7.466827051260017,0.5715840105867187,6.914775863803976,8.032836322465545,1.11806045866157,5.23768517581162,9.7099270104579,False,1.7986134975882684,1.7986134975882684,NORMAL,12.0,0.012578616352201259,4.375757021660286,25.427546772711544,8.0,0.008385744234800839,4.781222129768451,31.698925390914113,8.0,1.5,0.5345224838248488,2.0,1.3333333333333333,21.21212121212121,26.990215454993894,NORMAL,0,0.0,4.235104979417526,100.0,1.0,0.0,3,False,75.0,False,True,87.5,0.75,75.0,81.875,MEDIUM,1,LOW,"LOW (driven by cr_profile; price_level=NORMAL, pattern_level=NORMAL, cr_profile_level=MEDIUM)",1
2020-2801-7-10594-1,2020-2801-7-10594,2020-09-14,2020,2020-09,1006301000,100630100000,100630,10,Long-grain milled rice,Long-grain milled rice,CR_HASH_042,Re-export,EX,BH,BH,CN,BH,BH,CN,CN,KGM,2511.23,0.18424039215842436,price_per_kg,462.67,1230.5,4.69,2511.23,2791.47,0.1691015497708057,0.2942812331971436,0.07865143426710039,0.2366195387420564,0.39544094305664584,0.15882140431458944,-0.0016125677298277352,0.63367304952853,False,-1.0735028614804072,1.0735028614804072,NORMAL,7.0,0.007337526205450734,4.9147535223929735,41.6029195353019,7.0,0.007337526205450734,4.9147535223929735,36.084880671453035,5.0,1.4,0.5477225575051661,2.0,1.4285714285714286,27.27272727272728,37.522077093568605,NORMAL,0,0.0,-1.4139890804671909,35.34972701167977,1.0,0.0,2,False,83.33333333333334,False,False,52.94117647058824,0.7647058823529411,76.47058823529412,40.901816218793805,LOW,1,NORMAL,"NORMAL (price_level=NORMAL, pattern_level=NORMAL, cr_profile_level=LOW)",0
2020-2601-5-10931-1,2020-2601-5-10931,2020-09-14,2020,2020-09,1006301000,100630100000,100630,10,Long-grain milled rice,Long-grain milled rice,CR_HASH_025,Import,IM,CN,CN,BH,CN,CN,BH,CN,KGM,2613.05,0.2857618491800769,price_per_kg,746.71,1985.92,3.5,2613.05,2959.85,0.25135142140337857,0.32869838978139143,0.06767869107876259,0.270176176769005,0.39860128498662895,0.12842510821762393,0.07753851444256912,0.5912389473130648,False,-0.7708455144882205,0.7708455144882205,NORMAL,25.0,0.02620545073375262,3.641787846580086,3.4010123016442515,21.0,0.0220125786163522,3.8161412337248635,0.0,9.0,2.7777777777777777,1.6414763002993509,5.0,1.8,50.909090909090914,9.336869787185762,NORMAL,0,0.0,-0.7134696049080573,17.836740122701432,1.0,0.0,1,True,91.66666666666666,False,True,53.333333333333336,0.8666666666666667,86.66666666666667,56.90952570961217,LOW,1,NORMAL,"NORMAL (price_level=NORMAL, pattern_level=NORMAL, cr_profile_level=LOW)",0
2020-2801-4-10029-1,2020-2801-4-10029,2020-09-15,2020,2020-09,3923301000,392330100000,392330,39,Plastic bottles for packaging,Plastic bottles for packaging,CR_HASH_049,Import,IM,AE,AE,BH,AE,AE,BH,AE,NMB,4.28,1.2359813084112148,price_per_item,5.29,14.08,4.28,223.27,262.44,0.8046801958711574,1.6841288050356895,0.6442087840607709,1.0864174155799162,2.3469388358112164,1.2605214202313002,-0.8043647147670341,4.237720966158166,False,-0.920788376365982,0.920788376365982,NORMAL,13.0,0.013626834381551363,4.29571431398675,23.025452080470465,11.0,0.011530398322851153,4.462768398649916,21.2390343034744,7.0,1.8571428571428572,1.2149857925879117,4.0,2.1538461538461537,73.42657342657343,29.960374060437285,NORMAL,0,-1.2458571478370373,-0.6701775223415866,31.14642869592593,2.0,25.0,3,False,75.0,False,False,84.21052631578947,0.85,85.0,51.453881622521436,LOW,1,NORMAL,"NORMAL (price_level=NORMAL, pattern_level=NORMAL, cr_profile_level=LOW)",0
2020-2501-9-10429-1,2020-2501-9-10429,2020-09-15,2020,2020-09,8504400090,850440009000,850440,85,Static converters,Static converters,CR_HASH_022,Import,IM,DE,SA,BH,DE,SA,BH,DE,NMB,3.21,3504.489096573209,price_per_item,11249.41,29918.64,3.21,661.04,745.03,8.162085332265123,7.466827051260017,0.5715840105867187,6.914775863803976,8.032836322465545,1.11806045866157,5.23768517581162,9.7099270104579,False,0.8204310780250201,0.8204310780250201,NORMAL,5.0,0.005241090146750524,5.251225759014186,51.700506150822136,1.0,0.0010482180293501049,6.860663671448286,100.0,4.0,1.25,0.5,2.0,1.6,38.181818181818194,66.5775258026838,LOW,1,0.0,1.2739870363443786,31.849675908609466,1.0,0.0,2,False,83.33333333333334,False,True,91.66666666666666,0.6666666666666667,66.66666666666667,57.39738656801331,LOW,1,LOW,"LOW (driven by pattern+cr_profile; price_level=NORMAL, pattern_level=LOW, cr_profile_level=LOW)",1
2020-2601-3-10700-1,2020-2601-3-10700,2020-09-15,2020,2020-09,1006301000,100630100000,100630,10,Long-grain milled rice,Long-grain milled rice,CR_HASH_017,Import,IM,CN,CN,BH,CN,CN,BH,CN,KGM,1484.77,0.3759976292624447,price_per_kg,558.27,1484.77,3.5,1484.77,1768.85,0.3191790165899327,0.32869838978139143,0.06767869107876259,0.270176176769005,0.39860128498662895,0.12842510821762393,0.07753851444256912,0.5912389473130648,False,-0.094870765839367,0.094870765839367,NORMAL,25.0,0.02620545073375262,3.641787846580086,3.4010123016442515,21.0,0.0220125786163522,3.8161412337248635,0.0,9.0,2.7777777777777777,1.6414763002993509,5.0,1.8,50.909090909090914,9.336869787185762,NORMAL,0,0.0,-0.0999588558601942,2.4989713965048552,1.0,0.0,3,False,75.0,False,False,78.94736842105263,0.8421052631578947,84.21052631578947,37.45358735719775,LOW,1,NORMAL,"NORMAL (price_level=NORMAL, pattern_level=NORMAL, cr_profile_level=LOW)",0
2020-2501-8-10469-1,2020-2501-8-10469,2020-09-15,2020,2020-09,2710192100,271019210000,271019,27,Gas oils for diesel engines,Gas oils for diesel engines,CR_HASH_020,Re-export,EX,BH,BH,CN,BH,BH,CN,CN,LTR,14092.97,0.18637022572247017,price_per_liter_gross_weight,2626.51,6985.39,3.32,11779.12,14092.97,0.1708984152037325,0.2773855677315066,0.0779894680702432,0.16396900989912072,0.33244641877019565,0.16847740887107493,-0.08874710340749165,0.585162532076808,False,-0.9209525614185201,0.9209525614185201,NORMAL,10.0,0.010482180293501049,4.558078578454241,30.899046383171186,10.0,0.010482180293501049,4.558078578454241,24.369580448359905,7.0,1.4285714285714286,0.5345224838248488,2.0,1.4,25.454545454545453,27.797058166693375,NORMAL,0,0.0,-0.7559231491147969,18.898078727869922,1.0,0.0,3,False,75.0,False,True,76.47058823529412,0.8888888888888888,88.88888888888889,53.50975239135578,LOW,1,NORMAL,"NORMAL (price_level=NORMAL, pattern_level=NORMAL, cr_profile_level=LOW)",0
2020-2701-5-10047-1,2020-2701-5-10047,2020-09-15,2020,2020-09,102211000,102211000000,102211,10,"Live cattle, pure-bred breeding","Live cattle, pure-bred breeding",CR_HASH_023,Re-export,EX,BH,BH,CN,BH,BH,CN,CN,NMB,4.35,2805.7333333333336,price_per_item,12204.94,32459.94,4.35,124.2,141.94,7.939776571255287,9.549317841384953,0.6971436999939566,8.846103941045365,10.18755556601122,1.3414516249658544,6.833926503596584,12.19973300346,False,-1.5572409443104676,1.5572409443104676,NORMAL,11.0,0.011530398322851153,4.462768398649916,28.038772365976683,11.0,0.011530398322851153,4.462768398649916,21.2390343034744,9.0,1.2222222222222223,0.4409585518440984,2.0,1.6363636363636362,40.49586776859504,27.527428354493637,NORMAL,0,0.0,-0.925087323284661,23.127183082116527,1.0,0.0,1,True,91.66666666666666,False,True,83.33333333333334,0.8333333333333334,83.33333333333334,65.59451407874079,LOW,1,NORMAL,"NORMAL (price_level=NORMAL, pattern_level=NORMAL, cr_profile_level=LOW)",0
2020-2601-8-10769-1,2020-2601-8-10769,2020-09-16,2020,2020-09,8703221000,870322100000,870322,87,Passenger cars 1000-1500cc,Passenger cars 1000-1500cc,CR_HASH_022,Re-export,EX,BH,BH,CN,BH,BH,CN,CN,NMB,4.94,72877.05668016193,price_per_item,360012.66,957480.48,4.94,231.35,270.41,11.196542866926327,12.004283802979177,0.6624296738554509,11.2719045323345,12.594725507248622,1.3228209749141229,9.287673069963315,14.578956969619806,False,-0.8224477539596254,0.8224477539596254,NORMAL,8.0,0.008385744234800839,4.781222129768451,37.595620697047174,8.0,0.008385744234800839,4.781222129768451,31.698925390914113,6.0,1.3333333333333333,0.5163977794943222,2.0,1.5,31.818181818181824,34.665161508070796,NORMAL,0,0.0,-0.7932571811903212,19.83142952975803,1.0,0.0,1,True,91.66666666666666,False,True,61.53846153846154,1.0,100.0,62.3256157200307,LOW,1,NORMAL,"NORMAL (price_level=NORMAL, pattern_level=NORMAL, cr_profile_level=LOW)",0
2020-2601-9-10760-1,2020-2601-9-10760,2020-09-16,2020,2020-09,102211000,102211000000,102211,10,"Live cattle, pure-bred breeding","Live cattle, pure-bred breeding",CR_HASH_002,Import,IM,US,CN,BH,US,CN,BH,US,NMB,4.06,8004.04433497537,price_per_item,32496.42,86426.64,4.06,61.58,68.25,8.987827163825893,10.013369334439131,0.6855679350518233,9.327801399387308,10.638440798004723,1.3106393986174147,7.361842301461186,12.604399895930845,False,-1.0089718059522592,1.0089718059522592,NORMAL,10.0,0.010482180293501049,4.558078578454241,30.899046383171186,2.0,0.0020964360587002098,6.1675164908883415,77.23297513030472,7.0,1.4285714285714286,0.7867957924694432,3.0,2.1,70.00000000000001,52.98106448719224,LOW,1,0.0,-0.6160011896931862,15.400029742329654,1.0,0.0,2,False,83.33333333333334,False,True,92.85714285714286,0.8125,81.25,54.8542961241011,LOW,1,LOW,"LOW (driven by pattern+cr_profile; price_level=NORMAL, pattern_level=LOW, cr_profile_level=LOW)",1
2020-2701-6-10162-1,2020-2701-6-10162,2020-09-16,2020,2020-09,102211000,102211000000,102211,10,"Live cattle, pure-bred breeding","Live cattle, pure-bred breeding",CR_HASH_047,Import,IM,SA,SA,BH,SA,SA,BH,SA,NMB,2.62,11642.74427480916,price_per_item,30503.99,81127.62,2.62,33.26,38.56,9.362524342653302,10.013369334439131,0.6855679350518233,9.327801399387308,10.638440798004723,1.3106393986174147,7.361842301461186,12.604399895930845,False,-0.6403288578220605,0.6403288578220605,NORMAL,7.0,0.007337526205450734,4.9147535223929735,41.6029195353019,5.0,0.005241090146750524,5.251225759014186,47.13660531805522,4.0,1.75,0.5,2.0,1.1428571428571428,9.090909090909088,38.662907992606634,NORMAL,0,0.0,-0.42440121508374656,10.610030377093665,2.0,25.0,3,False,75.0,False,True,73.33333333333334,0.75,75.0,49.546843965316114,LOW,1,NORMAL,"NORMAL (price_level=NORMAL, pattern_level=NORMAL, cr_profile_level=LOW)",0
2020-2501-9-10732-1,2020-2501-9-10732,2020-09-16,2020,2020-09,1006301000,100630100000,100630,10,Long-grain milled rice,Long-grain milled rice,CR_HASH_033,Import,IM,JP,JP,BH,JP,JP,BH,JP,KGM,102.8,0.4737354085603113,price_per_kg,48.7,129.53,1.41,102.8,120.6,0.3878002719283591,0.32869838978139143,0.06767869107876259,0.270176176769005,0.39860128498662895,0.12842510821762393,0.07753851444256912,0.5912389473130648,False,0.5890136576283987,0.5890136576283987,NORMAL,7.0,0.007337526205450734,4.9147535223929735,41.6029195353019,6.0,0.006289308176100629,5.0689042022202315,41.148094458851695,6.0,1.1666666666666667,0.408248290463863,2.0,1.7142857142857142,45.45454545454546,42.02147464643086,NORMAL,0,0.0,0.5979758914471317,14.949397286178293,1.0,0.0,3,False,75.0,False,True,90.47619047619048,0.9047619047619048,90.47619047619048,55.94657476444812,LOW,1,NORMAL,"NORMAL (price_level=NORMAL, pattern_level=NORMAL, cr_profile_level=LOW)",0
2020-2601-6-10940-1,2020-2601-6-10940,2020-09-16,2020,2020-09,8504400090,850440009000,850440,85,Static converters,Static converters,CR_HASH_001,Import,IM,SA,SA,BH,SA,SA,BH,SA,NMB,2.82,2651.2056737588655,price_per_item,7476.4,19884.05,2.82,1005.2,1134.72,7.883146902506298,7.466827051260017,0.5715840105867187,6.914775863803976,8.032836322465545,1.11806045866157,5.23768517581162,9.7099270104579,False,0.4912731767357315,0.4912731767357315,NORMAL,2.0,0.0020964360587002098,6.1675164908883415,79.19854023234907,2.0,0.0020964360587002098,6.1675164908883415,77.23297513030472,2.0,1.0,0.0,1.0,1.0,0.0,66.6308114117812,LOW,1,0.0,0.604541355965856,15.1135338991464,1.0,0.0,1,True,91.66666666666666,False,True,92.3076923076923,0.9230769230769231,92.3076923076923,66.82819840316279,LOW,1,LOW,"LOW (driven by pattern+cr_profile; price_level=NORMAL, pattern_level=LOW, cr_profile_level=LOW)",1
2020-2801-2-10816-1,2020-2801-2-10816,2020-09-17,2020,2020-09,2710192100,271019210000,271019,27,Gas oils for diesel engines,Gas oils for diesel engines,CR_HASH_027,Re-export,EX,BH,BH,AE,BH,BH,AE,AE,LTR,20233.73,0.19676154619044536,price_per_liter_gross_weight,3981.22,10588.34,4.23,17840.63,20233.73,0.1796191971991901,0.2773855677315066,0.0779894680702432,0.16396900989912072,0.33244641877019565,0.16847740887107493,-0.08874710340749165,0.585162532076808,False,-0.8455310074973144,0.8455310074973144,NORMAL,8.0,0.008385744234800839,4.781222129768451,37.595620697047174,8.0,0.008385744234800839,4.781222129768451,31.698925390914113,6.0,1.3333333333333333,0.5163977794943222,2.0,1.5,31.818181818181824,34.665161508070796,NORMAL,0,0.0,-0.6672522518365468,16.68130629591367,1.0,0.0,3,False,75.0,False,True,71.42857142857143,0.875,87.5,51.19560006071264,LOW,1,NORMAL,"NORMAL (price_level=NORMAL, pattern_level=NORMAL, cr_profile_level=LOW)",0
2020-2701-8-10283-1,2020-2701-8-10283,2020-09-17,2020,2020-09,3923301000,392330100000,392330,39,Plastic bottles for packaging,Plastic bottles for packaging,CR_HASH_038,Import,IM,CN,CN,BH,CN,CN,BH,CN,NMB,2.18,10.486238532110091,price_per_item,22.86,60.8,2.18,299.27,350.61,2.4411496694309003,1.6841288050356895,0.6442087840607709,1.0864174155799162,2.3469388358112164,1.2605214202313002,-0.8043647147670341,4.237720966158166,False,0.7926057365237463,0.7926057365237463,NORMAL,28.0,0.029350104821802937,3.5284591612730827,0.0,21.0,0.0220125786163522,3.8161412337248635,0.0,12.0,2.3333333333333335,1.2309149097933274,5.0,2.142857142857143,72.72727272727273,10.90909090909091,NORMAL,0,0.0,1.2306608906770646,30.766522266926614,1.0,0.0,1,True,91.66666666666666,False,True,66.66666666666667,1.0,100.0,67.43494946009098,LOW,1,NORMAL,"NORMAL (price_level=NORMAL, pattern_level=NORMAL, cr_profile_level=LOW)",0
2020-2801-8-10668-1,2020-2801-8-10668,2020-09-17,2020,2020-09,8703221000,870322100000,870322,87,Passenger cars 1000-1500cc,Passenger cars 1000-1500cc,CR_HASH_038,Re-export,EX,BH,BH,US,BH,BH,US,US,NMB,0.6,950184.9666666667,price_per_item,570110.98,1516252.6,0.6,361.19,407.64,13.764412998805298,12.004283802979177,0.6624296738554509,11.2719045323345,12.594725507248622,1.3228209749141229,9.287673069963315,14.578956969619806,False,1.792176475368382,1.792176475368382,NORMAL,8.0,0.008385744234800839,4.781222129768451,37.595620697047174,8.0,0.008385744234800839,4.781222129768451,31.698925390914113,7.0,1.1428571428571428,0.3779644730092272,2.0,1.75,47.727272727272734,37.051525144434436,NORMAL,0,0.0,3.9094542372134957,97.7363559303374,1.0,0.0,3,False,75.0,False,False,88.88888888888889,0.8181818181818181,81.81818181818181,72.79358316147668,LOW,1,NORMAL,"NORMAL (price_level=NORMAL, pattern_level=NORMAL, cr_profile_level=LOW)",0
2020-2701-9-10148-1,2020-2701-9-10148,2020-09-18,2020,2020-09,1006301000,100630100000,100630,10,Long-grain milled rice,Long-grain milled rice,CR_HASH_004,Import,IM,CN,CN,BH,CN,CN,BH,CN,KGM,898.0,0.3647216035634744,price_per_kg,327.52,871.06,0.68,898.0,944.8,0.31095045440224106,0.32869838978139143,0.06767869107876259,0.270176176769005,0.39860128498662895,0.12842510821762393,0.07753851444256912,0.5912389473130648,False,-0.17687721529799327,0.17687721529799327,NORMAL,25.0,0.02620545073375262,3.641787846580086,3.4010123016442515,21.0,0.0220125786163522,3.8161412337248635,0.0,9.0,2.7777777777777777,1.6414763002993509,5.0,1.8,50.909090909090914,9.336869787185762,NORMAL,0,0.0,-0.18157838771981666,4.5394596929954165,1.0,0.0,1,True,91.66666666666666,False,True,66.66666666666667,0.9090909090909091,90.9090909090909,56.437295741033246,LOW,1,NORMAL,"NORMAL (price_level=NORMAL, pattern_level=NORMAL, cr_profile_level=LOW)",0
2020-2601-5-10748-1,2020-2601-5-10748,2020-09-18,2020,2020-09,3923301000,392330100000,392330,39,Plastic bottles for packaging,Plastic bottles for packaging,CR_HASH_036,,,SA,BH,SA,SA,BH,SA,,NMB,3.5,0.9171428571428571,price_per_item,3.21,8.55,3.5,257.73,302.68,0.6508359824882224,0.6508359824882224,0.0,0.6508359824882224,0.6508359824882224,0.0,0.6508359824882224,0.6508359824882224,False,0.0,0.0,NORMAL,,,,0.0,,,,0.0,,,,,,0.0,0.0,NORMAL,0,0.0,-0.734694857994599,18.367371449864976,1.0,0.0,3,False,75.0,False,False,0.0,0.8181818181818181,81.81818181818181,22.792216371089104,NORMAL,0,NORMAL,"NORMAL (price_level=NORMAL, pattern_level=NORMAL, cr_profile_level=NORMAL)",0
2020-2501-7-10005-1,2020-2501-7-10005,2020-09-18,2020,2020-09,9018390000,901839000000,901839,90,Medical syringes and needles,Medical syringes and needles,CR_HASH_033,Re-export,EX,BH,BH,US,BH,BH,US,US,NMB,1.79,0.6256983240223464,price_per_item,1.12,2.97,1.79,74.44,83.62,0.4859374613307375,1.4183722013465883,0.34031158648964543,0.9528936868330796,1.614923227688858,0.6620295408557785,-0.040150624450588146,2.6079675389725256,False,-1.848067009539767,1.848067009539767,NORMAL,5.0,0.005241090146750524,5.251225759014186,51.700506150822136,5.0,0.005241090146750524,5.251225759014186,47.13660531805522,5.0,1.0,0.0,1.0,1.0,0.0,42.348064936730395,NORMAL,0,0.0,-0.789844053704799,19.746101342619976,1.0,0.0,3,False,75.0,False,True,77.27272727272727,0.9090909090909091,90.9090909090909,54.41113546991699,LOW,1,NORMAL,"NORMAL (price_level=NORMAL, pattern_level=NORMAL, cr_profile_level=LOW)",0
2020-2701-7-10037-1,2020-2701-7-10037,2020-09-18,2020,2020-09,8471300000,847130000000,847130,84,Portable laptop computers,Portable laptop computers,CR_HASH_043,Re-export,EX,BH,BH,CN,BH,BH,CN,CN,NMB,2.82,14546.531914893618,price_per_item,41021.22,109098.99,2.82,390.81,446.81,9.585176630368846,9.057918359570245,1.044460022767316,7.958447179146432,9.968345476103027,2.009898296956594,4.943599733711541,12.983192921537917,False,0.34049252605093905,0.34049252605093905,NORMAL,12.0,0.012578616352201259,4.375757021660286,25.427546772711544,12.0,0.012578616352201259,4.375757021660286,18.381069589156386,6.0,2.0,1.0954451150103321,3.0,1.5,31.818181818181824,23.91987501528778,NORMAL,0,0.5195728175011429,1.3416865814980254,33.54216453745064,0.6666666666666666,0.0,3,False,75.0,False,True,82.35294117647058,0.8235294117647058,82.35294117647058,58.79858111751948,LOW,1,NORMAL,"NORMAL (price_level=NORMAL, pattern_level=NORMAL, cr_profile_level=LOW)",0
2020-2601-1-10932-1,2020-2601-1-10932,2020-09-18,2020,2020-09,8504400090,850440009000,850440,85,Static converters,Static converters,CR_HASH_027,Import,IM,EG,EG,BH,EG,EG,BH,EG,NMB,2.94,1104.2380952380952,price_per_item,3246.46,8634.21,2.94,528.56,579.48,7.00781606154506,7.466827051260017,0.5715840105867187,6.914775863803976,8.032836322465545,1.11806045866157,5.23768517581162,9.7099270104579,False,-0.5416503354303923,0.5416503354303923,NORMAL,1.0,0.0010482180293501049,6.860663671448286,100.0,1.0,0.0010482180293501049,6.860663671448286,100.0,1.0,1.0,0.0,1.0,1.0,0.0,85.0,HIGH,1,0.0,-0.39992828035354344,9.998207008838586,1.0,0.0,2,False,83.33333333333334,True,True,100.0,0.9411764705882353,94.11764705882352,67.32290186485821,LOW,1,HIGH,"HIGH (driven by pattern+cr_profile; price_level=NORMAL, pattern_level=HIGH, cr_profile_level=LOW)",1
2020-2701-9-10218-1,2020-2701-9-10218,2020-09-19,2020,2020-09,8471300000,847130000000,847130,84,Portable laptop computers,Portable laptop computers,CR_HASH_048,Import,IM,JP,US,BH,JP,US,BH,JP,NMB,3.39,3809.811209439528,price_per_item,12915.26,34349.1,3.39,235.18,273.38,8.245597361320774,8.71824987064452,0.6999612932513521,7.750041925937837,9.126895264901794,1.376853338963957,5.684761917491901,11.192175273347729,False,-0.45545339871788126,0.45545339871788126,NORMAL,2.0,0.0020964360587002098,6.1675164908883415,79.19854023234907,1.0,0.0010482180293501049,6.860663671448286,100.0,2.0,1.0,0.0,1.0,1.0,0.0,74.59927011617454,LOW,1,-0.4899928932009169,-0.38103676037782214,12.249822330022923,1.0,0.0,5,False,58.333333333333336,True,True,100.0,0.7333333333333334,73.33333333333334,63.95410448217469,LOW,1,LOW,"LOW (driven by pattern+cr_profile; price_level=NORMAL, pattern_level=LOW, cr_profile_level=LOW)",1
2020-2801-9-10018-1,2020-2801-9-10018,2020-09-19,2020,2020-09,1006301000,100630100000,100630,10,Long-grain milled rice,Long-grain milled rice,CR_HASH_005,Import,IM,AE,AE,BH,AE,AE,BH,AE,KGM,4267.62,0.4136005548760199,price_per_kg,1765.09,4694.38,1.83,4267.62,4488.88,0.34614003455016834,0.32869838978139143,0.06767869107876259,0.270176176769005,0.39860128498662895,0.12842510821762393,0.07753851444256912,0.5912389473130648,False,0.17382470078983114,0.17382470078983114,NORMAL,10.0,0.010482180293501049,4.558078578454241,30.899046383171186,7.0,0.007337526205450734,4.9147535223929735,36.084880671453035,8.0,1.25,0.4629100498862757,2.0,1.6,38.181818181818194,33.80650415386688,NORMAL,0,0.0,0.19090281589832284,4.772570397458071,1.0,0.0,1,True,91.66666666666666,True,True,100.0,0.875,87.5,74.17039963911033,LOW,1,NORMAL,"NORMAL (price_level=NORMAL, pattern_level=NORMAL, cr_profile_level=LOW)",0
2020-2601-6-10665-1,2020-2601-6-10665,2020-09-19,2020,2020-09,8504400090,850440009000,850440,85,Static converters,Static converters,CR_HASH_048,Import,IM,IN,IN,BH,IN,IN,BH,IN,NMB,2.24,2763.2321428571427,price_per_item,6189.64,16461.8,2.24,648.12,707.84,7.924518169369861,7.466827051260017,0.5715840105867187,6.914775863803976,8.032836322465545,1.11806045866157,5.23768517581162,9.7099270104579,False,0.5400928369964693,0.5400928369964693,NORMAL,10.0,0.010482180293501049,4.558078578454241,30.899046383171186,7.0,0.007337526205450734,4.9147535223929735,36.084880671453035,6.0,1.6666666666666667,1.2110601416389966,4.0,2.4,89.0909090909091,41.44286779023052,NORMAL,0,0.0,0.6968802662937174,17.422006657342934,1.0,0.0,2,False,83.33333333333334,False,True,84.61538461538461,0.8,80.0,53.25154848391618,LOW,1,NORMAL,"NORMAL (price_level=NORMAL, pattern_level=NORMAL, cr_profile_level=LOW)",0
2020-2601-4-10291-1,2020-2601-4-10291,2020-09-19,2020,2020-09,3923301000,392330100000,392330,39,Plastic bottles for packaging,Plastic bottles for packaging,CR_HASH_030,Import,IM,CN,CN,BH,CN,CN,BH,CN,NMB,1.28,13.484375000000002,price_per_item,17.26,45.9,1.28,279.39,300.13,2.6730704822061835,1.6841288050356895,0.6442087840607709,1.0864174155799162,2.3469388358112164,1.2605214202313002,-0.8043647147670341,4.237720966158166,False,1.0354283260593673,1.0354283260593673,NORMAL,28.0,0.029350104821802937,3.5284591612730827,0.0,21.0,0.0220125786163522,3.8161412337248635,0.0,12.0,2.3333333333333335,1.2309149097933274,5.0,2.142857142857143,72.72727272727273,10.90909090909091,NORMAL,0,0.0,1.8807106580596697,47.017766451491745,1.0,0.0,3,False,75.0,False,True,85.71428571428572,0.8666666666666667,86.66666666666667,65.21812301992688,LOW,1,NORMAL,"NORMAL (price_level=NORMAL, pattern_level=NORMAL, cr_profile_level=LOW)",0
2020-2701-1-10901-1,2020-2701-1-10901,2020-09-20,2020,2020-09,8703221000,870322100000,870322,87,Passenger cars 1000-1500cc,Passenger cars 1000-1500cc,CR_HASH_041,Re-export,EX,BH,BH,CN,BH,BH,CN,CN,NMB,3.49,95349.47851002864,price_per_item,332769.68,885025.74,3.49,524.79,629.57,11.465314629474584,12.004283802979177,0.6624296738554509,11.2719045323345,12.594725507248622,1.3228209749141229,9.287673069963315,14.578956969619806,False,-0.5487823711999232,0.5487823711999232,NORMAL,8.0,0.008385744234800839,4.781222129768451,37.595620697047174,8.0,0.008385744234800839,4.781222129768451,31.698925390914113,6.0,1.3333333333333333,0.5163977794943222,2.0,1.5,31.818181818181824,34.665161508070796,NORMAL,0,0.0,-0.6474797449505988,16.18699362376497,1.0,0.0,2,False,83.33333333333334,False,True,80.0,0.9,90.0,53.66544776831774,LOW,1,NORMAL,"NORMAL (price_level=NORMAL, pattern_level=NORMAL, cr_profile_level=LOW)",0
2020-2801-8-10055-1,2020-2801-8-10055,2020-09-20,2020,2020-09,6109100000,610910000000,610910,61,Cotton t-shirts,Cotton t-shirts,CR_HASH_023,Import,IM,AE,AE,BH,AE,AE,BH,AE,NMB,2.2,83.03636363636363,price_per_item,182.68,485.85,2.2,396.05,471.42,4.431249605601855,4.644105600231562,0.7882174659262975,3.8927224589349843,5.444558727344917,1.5518362684099332,1.5649680563200845,7.772313129959818,False,-0.1821444051715057,0.1821444051715057,NORMAL,10.0,0.010482180293501049,4.558078578454241,30.899046383171186,9.0,0.009433962264150943,4.663439094112067,27.830238657093965,8.0,1.25,0.4629100498862757,2.0,1.6,38.181818181818194,30.91737944884121,NORMAL,0,0.0,-0.22412128320567826,5.603032080141956,1.0,0.0,2,False,83.33333333333334,False,True,76.92307692307692,0.9230769230769231,92.3076923076923,49.65336892035738,LOW,1,NORMAL,"NORMAL (price_level=NORMAL, pattern_level=NORMAL, cr_profile_level=LOW)",0
2020-2801-5-10585-1,2020-2801-5-10585,2020-09-20,2020,2020-09,8471300000,847130000000,847130,84,Portable laptop computers,Portable laptop computers,CR_HASH_004,Re-export,EX,BH,BH,US,BH,BH,US,US,NMB,1.33,19737.037593984962,price_per_item,26250.26,69814.53,1.33,1076.21,1222.99,9.890302895380303,9.057918359570245,1.044460022767316,7.958447179146432,9.968345476103027,2.009898296956594,4.943599733711541,12.983192921537917,False,0.5375367802470463,0.5375367802470463,NORMAL,3.0,0.0031446540880503146,5.762051382780177,67.03046630801344,3.0,0.0031446540880503146,5.762051382780177,63.915119328547,3.0,1.0,0.0,1.0,1.0,0.0,55.88552491899817,LOW,1,0.0,2.0519681486941286,51.299203717353215,1.0,0.0,1,True,91.66666666666666,False,True,80.0,1.0,100.0,77.95472130107362,MEDIUM,1,MEDIUM,"MEDIUM (driven by pattern+cr_profile; price_level=NORMAL, pattern_level=LOW, cr_profile_level=MEDIUM)",1
2020-2601-1-10031-1,2020-2601-1-10031,2020-09-21,2020,2020-09,8471300000,847130000000,847130,84,Portable laptop computers,Portable laptop computers,CR_HASH_036,Import,IM,AE,AE,BH,AE,AE,BH,AE,NMB,2.02,7019.252475247525,price_per_item,14178.89,37709.82,2.02,335.98,355.71,8.856554461508102,8.71824987064452,0.6999612932513521,7.750041925937837,9.126895264901794,1.376853338963957,5.684761917491901,11.192175273347729,False,0.13327189578921317,0.13327189578921317,NORMAL,8.0,0.008385744234800839,4.781222129768451,37.595620697047174,5.0,0.005241090146750524,5.251225759014186,47.13660531805522,6.0,1.3333333333333333,0.5163977794943223,2.0,1.5,31.818181818181824,40.068349482570184,NORMAL,0,0.0,0.11695308202204632,2.923827050551158,1.0,0.0,2,False,83.33333333333334,False,True,72.72727272727273,0.9166666666666666,91.66666666666666,47.53849098284442,LOW,1,NORMAL,"NORMAL (price_level=NORMAL, pattern_level=NORMAL, cr_profile_level=LOW)",0
2020-2501-1-10705-1,2020-2501-1-10705,2020-09-21,2020,2020-09,8517120000,851712000000,851712,85,Cellular telephones,Cellular telephones,CR_HASH_018,Import,IM,IN,IN,BH,IN,IN,BH,IN,NMB,1.12,22971.92857142857,price_per_item,25728.56,68427.02,1.12,884.69,1046.31,10.042071783047298,9.1609472788485,0.7778458576033893,8.086449359029473,9.737226953131787,1.6507775941023137,5.610282967876002,12.213393344285258,False,0.7640464112794886,0.7640464112794886,NORMAL,9.0,0.009433962264150943,4.663439094112067,34.06093261602687,8.0,0.008385744234800839,4.781222129768451,31.698925390914113,6.0,1.5,0.5477225575051662,2.0,1.3333333333333333,21.21212121212121,31.306908376651556,NORMAL,0,0.0,1.5573257600480588,38.93314400120147,1.0,0.0,3,False,75.0,False,True,81.81818181818181,0.6363636363636364,63.63636363636363,56.808418582238694,LOW,1,NORMAL,"NORMAL (price_level=NORMAL, pattern_level=NORMAL, cr_profile_level=LOW)",0
2020-2801-1-10463-1,2020-2801-1-10463,2020-09-21,2020,2020-09,8471300000,847130000000,847130,84,Portable laptop computers,Portable laptop computers,CR_HASH_008,Import,IM,SA,SA,BH,SA,SA,BH,SA,NMB,2.78,13095.187050359715,price_per_item,36404.62,96820.8,2.78,944.56,1126.68,9.48007640196361,8.71824987064452,0.6999612932513521,7.750041925937837,9.126895264901794,1.376853338963957,5.684761917491901,11.192175273347729,False,0.7341048150134123,0.7341048150134123,NORMAL,12.0,0.012578616352201259,4.375757021660286,25.427546772711544,8.0,0.008385744234800839,4.781222129768451,31.698925390914113,7.0,1.7142857142857142,0.9511897312113418,3.0,1.75,47.727272727272734,30.96748818226662,NORMAL,0,0.5939087689869333,1.1251816521043652,28.12954130260913,2.0,25.0,4,False,66.66666666666666,False,True,94.11764705882352,0.8235294117647058,82.35294117647058,62.34533945591319,LOW,1,NORMAL,"NORMAL (price_level=NORMAL, pattern_level=NORMAL, cr_profile_level=LOW)",0
2020-2801-6-10895-1,2020-2801-6-10895,2020-09-21,2020,2020-09,2710192100,271019210000,271019,27,Gas oils for diesel engines,Gas oils for diesel engines,CR_HASH_030,Import,IM,CN,CN,BH,CN,CN,BH,CN,LTR,15601.49,0.44055984396362147,price_per_liter_gross_weight,6873.39,18280.29,2.77,14088.68,15601.49,0.365031818562634,0.26355592811875056,0.07105600884335336,0.1979668243457394,0.33634243682655873,0.13837561248081934,-0.009596594375489625,0.5439058555477878,False,0.963247887521353,0.963247887521353,NORMAL,19.0,0.019916142557651992,3.916224692281846,11.63690673320574,15.0,0.015723270440251572,4.152613470346076,11.051724646602178,8.0,2.375,1.407885953173359,5.0,2.1052631578947367,70.33492822966507,20.236796227363392,NORMAL,0,0.0,0.9397879257736643,23.49469814434161,1.0,0.0,2,False,83.33333333333334,False,False,80.0,0.9375,93.75,46.97314435051956,LOW,1,NORMAL,"NORMAL (price_level=NORMAL, pattern_level=NORMAL, cr_profile_level=LOW)",0
2020-2501-2-10683-1,2020-2501-2-10683,2020-09-21,2020,2020-09,3923301000,392330100000,392330,39,Plastic bottles for packaging,Plastic bottles for packaging,CR_HASH_001,Re-export,EX,BH,BH,CN,BH,BH,CN,CN,NMB,2.26,9.663716814159294,price_per_item,21.84,58.08,2.26,1178.02,1413.15,2.366847027212415,2.008077055471865,0.7629623078147538,1.1201351912780924,2.51712417371907,1.3969889824409778,-0.9753482823833743,4.612607647380537,False,0.3171677397927687,0.3171677397927687,NORMAL,14.0,0.014675052410901468,4.221606341833028,20.80145976765095,14.0,0.014675052410901468,4.221606341833028,13.317855801757727,7.0,2.0,0.816496580927726,3.0,1.5,31.818181818181824,19.83470668716795,NORMAL,0,5.523833514869636,0.9168612768080273,100.0,1.0,0.0,4,False,66.66666666666666,False,False,71.42857142857143,0.7857142857142857,78.57142857142857,68.57142857142857,LOW,1,NORMAL,"NORMAL (price_level=NORMAL, pattern_level=NORMAL, cr_profile_level=LOW)",0
2020-2801-6-10052-1,2020-2801-6-10052,2020-09-22,2020,2020-09,102211000,102211000000,102211,10,"Live cattle, pure-bred breeding","Live cattle, pure-bred breeding",CR_HASH_020,Import,IM,AE,AE,BH,AE,AE,BH,AE,NMB,4.5,31186.551111111112,price_per_item,140339.48,373243.31,4.5,977.0,1102.09,10.347774291325754,10.013369334439131,0.6855679350518233,9.327801399387308,10.638440798004723,1.3106393986174147,7.361842301461186,12.604399895930845,False,0.32900175432817774,0.32900175432817774,NORMAL,11.0,0.011530398322851153,4.462768398649916,28.038772365976683,8.0,0.008385744234800839,4.781222129768451,31.698925390914113,8.0,1.375,0.7440238091428449,3.0,2.1818181818181817,75.20661157024794,36.39500180534547,NORMAL,0,-0.38111483879995556,0.7678353471494179,19.19588367873545,1.0,0.0,4,False,66.66666666666666,False,False,88.88888888888889,0.736842105263158,73.6842105263158,43.67762361504279,LOW,1,NORMAL,"NORMAL (price_level=NORMAL, pattern_level=NORMAL, cr_profile_level=LOW)",0
2020-2601-3-10450-1,2020-2601-3-10450,2020-09-22,2020,2020-09,102211000,102211000000,102211,10,"Live cattle, pure-bred breeding","Live cattle, pure-bred breeding",CR_HASH_037,,,EG,BH,TR,EG,BH,TR,,NMB,3.38,8955.420118343196,price_per_item,30269.32,80503.5,3.38,253.29,273.15,9.100125885767977,9.100125885767977,0.0,9.100125885767977,9.100125885767977,0.0,9.100125885767977,9.100125885767977,False,0.0,0.0,NORMAL,,,,0.0,,,,0.0,,,,,,0.0,0.0,NORMAL,0,0.0,-0.5644510983126573,14.111277457816431,1.0,0.0,1,True,91.66666666666666,False,False,0.0,0.9,90.0,32.93894711023575,NORMAL,0,NORMAL,"NORMAL (price_level=NORMAL, pattern_level=NORMAL, cr_profile_level=NORMAL)",0
2020-2701-5-10379-1,2020-2701-5-10379,2020-09-23,2020,2020-09,9018390000,901839000000,901839,90,Medical syringes and needles,Medical syringes and needles,CR_HASH_006,Re-export,EX,BH,BH,CN,BH,BH,CN,CN,NMB,2.05,3.6975609756097563,price_per_item,7.58,20.16,2.05,350.4,414.19,1.5470434326597173,1.4183722013465883,0.34031158648964543,0.9528936868330796,1.614923227688858,0.6620295408557785,-0.040150624450588146,2.6079675389725256,False,0.2550238075241724,0.2550238075241724,NORMAL,6.0,0.006289308176100629,5.0689042022202315,46.22900654036249,6.0,0.006289308176100629,5.0689042022202315,41.148094458851695,4.0,1.5,0.5773502691896257,2.0,1.3333333333333333,21.21212121212121,40.69815451259752,NORMAL,0,0.0,0.3946486042994445,9.866215107486113,1.0,0.0,2,False,83.33333333333334,False,False,83.33333333333334,0.9444444444444444,94.44444444444444,43.17539750984236,LOW,1,NORMAL,"NORMAL (price_level=NORMAL, pattern_level=NORMAL, cr_profile_level=LOW)",0
2020-2801-9-10386-1,2020-2801-9-10386,2020-09-24,2020,2020-09,2710192100,271019210000,271019,27,Gas oils for diesel engines,Gas oils for diesel engines,CR_HASH_030,Import,IM,CN,AE,BH,CN,AE,BH,CN,LTR,18618.9,0.2550021752090617,price_per_liter_gross_weight,4747.86,12627.3,2.52,16986.97,18618.9,0.22713730581655728,0.26355592811875056,0.07105600884335336,0.1979668243457394,0.33634243682655873,0.13837561248081934,-0.009596594375489625,0.5439058555477878,False,-0.3456994646272671,0.3456994646272671,NORMAL,19.0,0.019916142557651992,3.916224692281846,11.63690673320574,2.0,0.0020964360587002098,6.1675164908883415,77.23297513030472,8.0,2.375,1.407885953173359,5.0,2.1052631578947367,70.33492822966507,43.40023389665928,NORMAL,0,0.0,-0.31072331793248154,7.768082948312038,1.0,0.0,2,False,83.33333333333334,False,False,75.0,0.8823529411764706,88.23529411764706,39.11588785543863,LOW,1,NORMAL,"NORMAL (price_level=NORMAL, pattern_level=NORMAL, cr_profile_level=LOW)",0
2020-2801-8-10871-1,2020-2801-8-10871,2020-09-24,2020,2020-09,9018390000,901839000000,901839,90,Medical syringes and needles,Medical syringes and needles,CR_HASH_012,Import,IM,DE,DE,BH,DE,DE,BH,DE,NMB,0.73,31.068493150684933,price_per_item,22.68,60.31,0.73,751.28,855.62,3.4678740263425194,1.1592369104845446,0.5792846449150362,0.6041021775947832,1.7481096643936567,1.1440074867988734,-1.111909052603527,3.464120894591967,True,2.6880643485022637,2.6880643485022637,LOW,3.0,0.0031446540880503146,5.762051382780177,67.03046630801344,1.0,0.0010482180293501049,6.860663671448286,100.0,3.0,1.0,0.0,1.0,1.0,0.0,68.51523315400672,LOW,1,0.0,11.13426556153707,100.0,1.0,0.0,2,False,83.33333333333334,True,True,100.0,0.9411764705882353,94.11764705882352,98.82352941176471,HIGH,1,HIGH,"HIGH (driven by price+pattern+cr_profile; price_level=LOW, pattern_level=LOW, cr_profile_level=HIGH)",1
2020-2701-4-10540-1,2020-2701-4-10540,2020-09-24,2020,2020-09,8517120000,851712000000,851712,85,Cellular telephones,Cellular telephones,CR_HASH_033,Import,IM,US,US,BH,US,US,BH,US,NMB,4.56,9096.940789473685,price_per_item,41482.05,110324.59,4.56,1378.46,1522.06,9.115803380027181,9.1609472788485,0.7778458576033893,8.086449359029473,9.737226953131787,1.6507775941023137,5.610282967876002,12.213393344285258,False,-0.03914547118055309,0.03914547118055309,NORMAL,13.0,0.013626834381551363,4.29571431398675,23.025452080470465,11.0,0.011530398322851153,4.462768398649916,21.2390343034744,8.0,1.625,1.0606601717798212,4.0,2.4615384615384617,93.00699300699303,32.89743699750022,NORMAL,0,-0.17124296222566107,0.00928469092674943,4.281074055641527,1.0,0.0,4,False,66.66666666666666,False,False,73.91304347826086,0.782608695652174,78.26086956521739,35.62881070208323,LOW,1,NORMAL,"NORMAL (price_level=NORMAL, pattern_level=NORMAL, cr_profile_level=LOW)",0
2020-2801-1-10091-1,2020-2801-1-10091,2020-09-24,2020,2020-09,8471300000,847130000000,847130,84,Portable laptop computers,Portable laptop computers,CR_HASH_039,Re-export,EX,BH,BH,CN,BH,BH,CN,CN,NMB,2.58,12367.387596899225,price_per_item,31907.86,84861.32,2.58,1036.35,1146.73,9.422899109024645,9.057918359570245,1.044460022767316,7.958447179146432,9.968345476103027,2.009898296956594,4.943599733711541,12.983192921537917,False,0.23569704682577217,0.23569704682577217,NORMAL,12.0,0.012578616352201259,4.375757021660286,25.427546772711544,12.0,0.012578616352201259,4.375757021660286,18.381069589156386,6.0,2.0,1.0954451150103321,3.0,1.5,31.818181818181824,23.91987501528778,NORMAL,0,0.0,0.988409776240373,24.710244406009323,1.0,0.0,2,False,83.33333333333334,False,True,77.77777777777779,0.9,90.0,56.093029986547705,LOW,1,NORMAL,"NORMAL (price_level=NORMAL, pattern_level=NORMAL, cr_profile_level=LOW)",0
2020-2501-8-10354-1,2020-2501-8-10354,2020-09-24,2020,2020-09,2710192100,271019210000,271019,27,Gas oils for diesel engines,Gas oils for diesel engines,CR_HASH_007,Import,IM,AE,AE,BH,AE,AE,BH,AE,LTR,1987.98,0.4766748156420085,price_per_liter_gross_weight,947.62,2520.27,3.99,1765.82,1987.98,0.38979281386716724,0.26355592811875056,0.07105600884335336,0.1979668243457394,0.33634243682655873,0.13837561248081934,-0.009596594375489625,0.5439058555477878,False,1.1982887067315817,1.1982887067315817,NORMAL,12.0,0.012578616352201259,4.375757021660286,25.427546772711544,10.0,0.010482180293501049,4.558078578454241,24.369580448359905,7.0,1.7142857142857142,0.7559289460184544,3.0,1.75,47.727272727272734,28.40221745237265,NORMAL,0,0.0,1.1460813875411349,28.65203468852837,1.0,0.0,2,False,83.33333333333334,False,True,84.61538461538461,0.9230769230769231,92.3076923076923,59.64359675636955,LOW,1,NORMAL,"NORMAL (price_level=NORMAL, pattern_level=NORMAL, cr_profile_level=LOW)",0
2020-2501-8-10844-1,2020-2501-8-10844,2020-09-25,2020,2020-09,8703221000,870322100000,870322,87,Passenger cars 1000-1500cc,Passenger cars 1000-1500cc,CR_HASH_024,Import,IM,IN,IN,BH,IN,IN,BH,IN,NMB,1.27,256030.06299212598,price_per_item,325158.18,864782.4,1.27,683.48,749.04,12.453054055913611,12.339741490828857,0.5298577154310848,11.445675964067552,12.647064860424424,1.201388896356871,9.643592619532246,14.44914820495973,False,0.14424302195935051,0.14424302195935051,NORMAL,9.0,0.009433962264150943,4.663439094112067,34.06093261602687,7.0,0.007337526205450734,4.9147535223929735,36.084880671453035,6.0,1.5,0.8366600265340756,3.0,2.0,63.63636363636365,39.20562908847654,NORMAL,0,0.0,0.21612067067165877,5.4030167667914695,1.0,0.0,1,True,91.66666666666666,True,True,100.0,1.0,100.0,76.89105586837701,MEDIUM,1,LOW,"LOW (driven by cr_profile; price_level=NORMAL, pattern_level=NORMAL, cr_profile_level=MEDIUM)",1
2020-2801-8-10549-1,2020-2801-8-10549,2020-09-25,2020,2020-09,8504400090,850440009000,850440,85,Static converters,Static converters,CR_HASH_017,Re-export,EX,BH,BH,AE,BH,BH,AE,AE,NMB,1.91,1168.0471204188482,price_per_item,2230.97,5933.44,1.91,477.52,535.25,7.063944268973524,7.211981005295417,0.7196345903205628,6.668983974826631,7.961818755725377,1.2928347808987457,4.729731803478512,9.901070927073494,False,-0.13875015466906934,0.13875015466906934,NORMAL,3.0,0.0031446540880503146,5.762051382780177,67.03046630801344,3.0,0.0031446540880503146,5.762051382780177,63.915119328547,3.0,1.0,0.0,1.0,1.0,0.0,55.88552491899817,LOW,1,-0.2733082331008598,-0.35444484299812445,8.861121074953111,1.0,0.0,4,False,66.66666666666666,False,False,75.0,0.8,80.0,37.85139237623359,LOW,1,LOW,"LOW (driven by pattern+cr_profile; price_level=NORMAL, pattern_level=LOW, cr_profile_level=LOW)",1
2020-2601-4-10049-1,2020-2601-4-10049,2020-09-26,2020,2020-09,8471300000,847130000000,847130,84,Portable laptop computers,Portable laptop computers,CR_HASH_008,Re-export,EX,BH,BH,SA,BH,BH,SA,SA,NMB,1.15,28442.539130434783,price_per_item,32708.92,86991.8,1.15,403.01,476.96,10.255676318173323,9.057918359570245,1.044460022767316,7.958447179146432,9.968345476103027,2.009898296956594,4.943599733711541,12.983192921537917,False,0.7734874074230652,0.7734874074230652,NORMAL,3.0,0.0031446540880503146,5.762051382780177,67.03046630801344,3.0,0.0031446540880503146,5.762051382780177,63.915119328547,3.0,1.0,0.0,1.0,1.0,0.0,55.88552491899817,LOW,1,2.314325373654061,3.6404806996608223,91.01201749152055,2.0,25.0,4,False,66.66666666666666,False,False,88.88888888888889,0.7777777777777778,77.77777777777779,72.13198389980997,LOW,1,LOW,"LOW (driven by pattern+cr_profile; price_level=NORMAL, pattern_level=LOW, cr_profile_level=LOW)",1
2020-2701-4-10003-1,2020-2701-4-10003,2020-09-26,2020,2020-09,102211000,102211000000,102211,10,"Live cattle, pure-bred breeding","Live cattle, pure-bred breeding",CR_HASH_036,Import,IM,IN,IN,BH,IN,IN,BH,IN,NMB,1.9,478.7684210526316,price_per_item,909.66,2419.3,1.9,3.69,4.21,6.173303531342175,10.013369334439131,0.6855679350518233,9.327801399387308,10.638440798004723,1.3106393986174147,7.361842301461186,12.604399895930845,True,-3.778019314417291,3.778019314417291,MEDIUM,7.0,0.007337526205450734,4.9147535223929735,41.6029195353019,4.0,0.0041928721174004195,5.474369310328396,54.46595026060942,6.0,1.1666666666666667,0.408248290463863,2.0,1.7142857142857142,45.45454545454546,46.68272417704606,LOW,1,0.0,-1.0523725966646547,26.309314916616366,1.0,0.0,2,False,83.33333333333334,True,True,100.0,0.9230769230769231,92.3076923076923,72.66979868235418,LOW,1,MEDIUM,"MEDIUM (driven by price+pattern+cr_profile; price_level=MEDIUM, pattern_level=LOW, cr_profile_level=LOW)",1
2020-2701-2-10112-1,2020-2701-2-10112,2020-09-27,2020,2020-09,3923301000,392330100000,392330,39,Plastic bottles for packaging,Plastic bottles for packaging,CR_HASH_048,Re-export,EX,BH,BH,CN,BH,BH,CN,CN,NMB,1.4,3.3714285714285714,price_per_item,4.72,12.54,1.4,197.13,229.3,1.475089859903022,2.008077055471865,0.7629623078147538,1.1201351912780924,2.51712417371907,1.3969889824409778,-0.9753482823833743,4.612607647380537,False,-0.4711830907612993,0.4711830907612993,NORMAL,14.0,0.014675052410901468,4.221606341833028,20.80145976765095,14.0,0.014675052410901468,4.221606341833028,13.317855801757727,7.0,2.0,0.816496580927726,3.0,1.5,31.818181818181824,19.83470668716795,NORMAL,0,0.0,-0.26631845657193115,6.657961414298279,1.0,0.0,2,False,83.33333333333334,False,False,66.66666666666667,0.9411764705882353,94.11764705882352,37.82048257343577,LOW,1,NORMAL,"NORMAL (price_level=NORMAL, pattern_level=NORMAL, cr_profile_level=LOW)",0
2020-2801-8-10195-1,2020-2801-8-10195,2020-09-28,2020,2020-09,2710192100,271019210000,271019,27,Gas oils for diesel engines,Gas oils for diesel engines,CR_HASH_030,Import,IM,CN,CN,BH,CN,CN,BH,CN,LTR,7281.55,0.46420198996092865,price_per_liter_gross_weight,3380.11,8989.65,2.88,6675.38,7281.55,0.38131037730674483,0.26355592811875056,0.07105600884335336,0.1979668243457394,0.33634243682655873,0.13837561248081934,-0.009596594375489625,0.5439058555477878,False,1.117770180980096,1.117770180980096,NORMAL,19.0,0.019916142557651992,3.916224692281846,11.63690673320574,15.0,0.015723270440251572,4.152613470346076,11.051724646602178,8.0,2.375,1.407885953173359,5.0,2.1052631578947367,70.33492822966507,20.236796227363392,NORMAL,0,0.7604285119629818,1.0991172038003283,27.477930095008208,1.0,0.0,2,False,83.33333333333334,False,False,70.58823529411764,0.8333333333333334,83.33333333333334,43.93100102344895,LOW,1,NORMAL,"NORMAL (price_level=NORMAL, pattern_level=NORMAL, cr_profile_level=LOW)",0
2020-2701-7-10054-1,2020-2701-7-10054,2020-09-28,2020,2020-09,8703221000,870322100000,870322,87,Passenger cars 1000-1500cc,Passenger cars 1000-1500cc,CR_HASH_022,Import,IM,JP,DE,BH,JP,DE,BH,JP,NMB,4.91,195902.43788187372,price_per_item,961880.97,2558194.08,4.91,194.84,210.56,12.185377152945945,12.339741490828857,0.5298577154310848,11.445675964067552,12.647064860424424,1.201388896356871,9.643592619532246,14.44914820495973,False,-0.1965005254477397,0.1965005254477397,NORMAL,3.0,0.0031446540880503146,5.762051382780177,67.03046630801344,1.0,0.0010482180293501049,6.860663671448286,100.0,3.0,1.0,0.0,1.0,1.0,0.0,68.51523315400672,LOW,1,0.0,-0.14306983529974893,3.5767458824937233,1.0,0.0,1,True,91.66666666666666,True,True,100.0,0.9285714285714286,92.85714285714286,74.82328963030137,LOW,1,LOW,"LOW (driven by pattern+cr_profile; price_level=NORMAL, pattern_level=LOW, cr_profile_level=LOW)",1
2020-2601-9-10481-1,2020-2601-9-10481,2020-09-28,2020,2020-09,8517120000,851712000000,851712,85,Cellular telephones,Cellular telephones,CR_HASH_047,Import,IM,CN,DE,BH,CN,DE,BH,CN,NMB,1.58,13270.537974683544,price_per_item,20967.45,55764.5,1.58,234.82,271.98,9.493377019230236,9.1609472788485,0.7778458576033893,8.086449359029473,9.737226953131787,1.6507775941023137,5.610282967876002,12.213393344285258,False,0.28825863874049296,0.28825863874049296,NORMAL,22.0,0.023060796645702306,3.769621218089971,7.2373125983257305,1.0,0.0010482180293501049,6.860663671448286,100.0,10.0,2.2,0.7888106377466155,3.0,1.3636363636363635,23.140495867768593,42.089730679328156,NORMAL,0,0.0,0.5000736372338805,12.501840930847013,1.0,0.0,2,False,83.33333333333334,False,True,81.25,0.8235294117647058,82.35294117647058,51.158732561090574,LOW,1,NORMAL,"NORMAL (price_level=NORMAL, pattern_level=NORMAL, cr_profile_level=LOW)",0
2020-2701-6-10022-1,2020-2701-6-10022,2020-09-29,2020,2020-09,8471300000,847130000000,847130,84,Portable laptop computers,Portable laptop computers,CR_HASH_049,Re-export,EX,BH,BH,CN,BH,BH,CN,CN,NMB,0.75,21382.52,price_per_item,16036.89,42651.3,0.75,430.22,497.54,9.97037581087771,9.057918359570245,1.044460022767316,7.958447179146432,9.968345476103027,2.009898296956594,4.943599733711541,12.983192921537917,False,0.5892462190097238,0.5892462190097238,NORMAL,12.0,0.012578616352201259,4.375757021660286,25.427546772711544,12.0,0.012578616352201259,4.375757021660286,18.381069589156386,6.0,2.0,1.0954451150103321,3.0,1.5,31.818181818181824,23.91987501528778,NORMAL,0,5.24866889359267,2.128551561564694,100.0,1.0,0.0,4,False,66.66666666666666,False,False,65.0,0.8571428571428572,85.71428571428572,68.39285714285714,LOW,1,NORMAL,"NORMAL (price_level=NORMAL, pattern_level=NORMAL, cr_profile_level=LOW)",0
2020-2701-8-10120-1,2020-2701-8-10120,2020-09-30,2020,2020-09,102211000,102211000000,102211,10,"Live cattle, pure-bred breeding","Live cattle, pure-bred breeding",CR_HASH_047,Re-export,EX,BH,BH,CN,BH,BH,CN,CN,NMB,3.36,8195.636904761905,price_per_item,27537.34,73237.6,3.36,95.92,101.11,9.01147921555895,9.549317841384953,0.6971436999939566,8.846103941045365,10.18755556601122,1.3414516249658544,6.833926503596584,12.19973300346,False,-0.5203621336782847,0.5203621336782847,NORMAL,11.0,0.011530398322851153,4.462768398649916,28.038772365976683,11.0,0.011530398322851153,4.462768398649916,21.2390343034744,9.0,1.2222222222222223,0.4409585518440984,2.0,1.6363636363636362,40.49586776859504,27.527428354493637,NORMAL,0,-0.24422783791010527,-0.6183003067678188,15.457507669195468,2.0,25.0,3,False,75.0,False,True,76.47058823529412,0.7222222222222222,72.22222222222221,51.47221918748639,LOW,1,NORMAL,"NORMAL (price_level=NORMAL, pattern_level=NORMAL, cr_profile_level=LOW)",0
2020-2601-8-10104-1,2020-2601-8-10104,2020-10-01,2020,2020-10,1006301000,100630100000,100630,10,Long-grain milled rice,Long-grain milled rice,CR_HASH_004,Import,IM,CN,CN,BH,CN,CN,BH,CN,KGM,822.39,0.2631962937292525,price_per_kg,216.45,575.67,4.02,822.39,950.48,0.2336452499217837,0.32869838978139143,0.06767869107876259,0.270176176769005,0.39860128498662895,0.12842510821762393,0.07753851444256912,0.5912389473130648,False,-0.947306507744506,0.947306507744506,NORMAL,25.0,0.02620545073375262,3.641787846580086,3.4010123016442515,21.0,0.0220125786163522,3.8161412337248635,0.0,9.0,2.7777777777777777,1.6414763002993509,5.0,1.8,50.909090909090914,9.336869787185762,NORMAL,0,0.0,-0.8820469276698679,22.0511731917467,1.0,0.0,2,False,83.33333333333334,False,False,63.63636363636363,0.8461538461538461,84.61538461538461,40.55007844927918,LOW,1,NORMAL,"NORMAL (price_level=NORMAL, pattern_level=NORMAL, cr_profile_level=LOW)",0
2020-2501-9-10068-1,2020-2501-9-10068,2020-10-01,2020,2020-10,6109100000,610910000000,610910,61,Cotton t-shirts,Cotton t-shirts,CR_HASH_048,Import,IM,CN,CN,BH,CN,CN,BH,CN,NMB,4.79,15.329853862212945,price_per_item,73.43,195.3,4.79,256.46,277.07,2.7929949579045443,4.644105600231562,0.7882174659262975,3.8927224589349843,5.444558727344917,1.5518362684099332,1.5649680563200845,7.772313129959818,False,-1.5840260803547135,1.5840260803547135,NORMAL,16.0,0.016771488469601678,4.088074949208505,16.794160929396217,13.0,0.013626834381551363,4.29571431398675,15.75199690827349,8.0,2.0,1.4142135623730951,5.0,2.5,95.45454545454547,28.228461200775648,NORMAL,0,0.0,-0.8483808876632587,21.209522191581467,1.0,0.0,2,False,83.33333333333334,False,True,62.5,0.9444444444444444,94.44444444444444,51.9372216559424,LOW,1,NORMAL,"NORMAL (price_level=NORMAL, pattern_level=NORMAL, cr_profile_level=LOW)",0
2020-2601-8-10339-1,2020-2601-8-10339,2020-10-01,2020,2020-10,1006301000,100630100000,100630,10,Long-grain milled rice,Long-grain milled rice,CR_HASH_044,Import,IM,CN,CN,BH,CN,CN,BH,CN,KGM,4237.63,0.48128081026422787,price_per_kg,2039.49,5424.17,3.08,4237.63,5002.58,0.39290712586336524,0.32869838978139143,0.06767869107876259,0.270176176769005,0.39860128498662895,0.12842510821762393,0.07753851444256912,0.5912389473130648,False,0.6399089355106157,0.6399089355106157,NORMAL,25.0,0.02620545073375262,3.641787846580086,3.4010123016442515,21.0,0.0220125786163522,3.8161412337248635,0.0,9.0,2.7777777777777777,1.6414763002993509,5.0,1.8,50.909090909090914,9.336869787185762,NORMAL,0,-0.6034936448258214,0.7284539763408386,18.211349408520967,1.0,0.0,4,False,66.66666666666666,False,True,85.71428571428572,0.6428571428571428,64.28571428571428,50.65968657869662,LOW,1,NORMAL,"NORMAL (price_level=NORMAL, pattern_level=NORMAL, cr_profile_level=LOW)",0
2020-2701-5-10041-1,2020-2701-5-10041,2020-10-02,2020,2020-10,3923301000,392330100000,392330,39,Plastic bottles for packaging,Plastic bottles for packaging,CR_HASH_031,Import,IM,US,AE,BH,US,AE,BH,US,NMB,1.59,0.9433962264150942,price_per_item,1.5,3.99,1.59,345.84,393.78,0.6644370746775139,1.6841288050356895,0.6442087840607709,1.0864174155799162,2.3469388358112164,1.2605214202313002,-0.8043647147670341,4.237720966158166,False,-1.0676238304388117,1.0676238304388117,NORMAL,10.0,0.010482180293501049,4.558078578454241,30.899046383171186,1.0,0.0010482180293501049,6.860663671448286,100.0,7.0,1.4285714285714286,0.7867957924694432,3.0,2.1,70.00000000000001,60.94952319158559,LOW,1,0.0,-0.7356206621611059,18.39051655402765,1.0,0.0,2,False,83.33333333333334,False,True,66.66666666666667,0.9333333333333333,93.33333333333333,51.770014127243016,LOW,1,LOW,"LOW (driven by pattern+cr_profile; price_level=NORMAL, pattern_level=LOW, cr_profile_level=LOW)",1
2020-2501-3-10712-1,2020-2501-3-10712,2020-10-02,2020,2020-10,6109100000,610910000000,610910,61,Cotton t-shirts,Cotton t-shirts,CR_HASH_010,Re-export,EX,BH,BH,AE,BH,BH,AE,AE,NMB,3.63,8.933884297520661,price_per_item,32.43,86.24,3.63,874.21,1046.61,2.2959515694984116,4.610526181303967,0.7708500247178713,3.916293548711598,5.585818334387825,1.6695247856762268,1.412006370197258,8.090105512902165,False,-2.0252437409642083,2.0252437409642083,LOW,6.0,0.006289308176100629,5.0689042022202315,46.22900654036249,6.0,0.006289308176100629,5.0689042022202315,41.148094458851695,4.0,1.5,0.5773502691896257,2.0,1.3333333333333333,21.21212121212121,40.69815451259752,NORMAL,0,0.0,-1.0199017630395992,25.497544075989982,3.0,50.0,3,False,75.0,False,True,94.44444444444444,0.8947368421052632,89.47368421052632,65.42998837981287,LOW,1,LOW,"LOW (driven by price+cr_profile; price_level=LOW, pattern_level=NORMAL, cr_profile_level=LOW)",1
2020-2801-5-10570-1,2020-2801-5-10570,2020-10-02,2020,2020-10,1006301000,100630100000,100630,10,Long-grain milled rice,Long-grain milled rice,CR_HASH_019,Import,IM,US,DE,BH,US,DE,BH,US,KGM,1060.99,0.5076013911535452,price_per_kg,538.56,1432.34,1.18,1060.99,1132.8,0.4105199051707951,0.32869838978139143,0.06767869107876259,0.270176176769005,0.39860128498662895,0.12842510821762393,0.07753851444256912,0.5912389473130648,False,0.8154391755641183,0.8154391755641183,NORMAL,8.0,0.008385744234800839,4.781222129768451,37.595620697047174,1.0,0.0010482180293501049,6.860663671448286,100.0,5.0,1.6,0.5477225575051662,2.0,1.25,15.909090909090912,56.184173984887224,LOW,1,0.0,0.8561320939566286,21.403302348915716,1.0,0.0,2,False,83.33333333333334,False,True,77.77777777777779,0.9,90.0,54.93560026656495,LOW,1,LOW,"LOW (driven by pattern+cr_profile; price_level=NORMAL, pattern_level=LOW, cr_profile_level=LOW)",1
2020-2501-2-10889-1,2020-2501-2-10889,2020-10-03,2020,2020-10,8517120000,851712000000,851712,85,Cellular telephones,Cellular telephones,CR_HASH_047,Import,IM,CN,JP,BH,CN,JP,BH,CN,NMB,2.83,33390.63250883392,price_per_item,94495.49,251317.8,2.83,367.06,391.43,10.416060623890884,9.1609472788485,0.7778458576033893,8.086449359029473,9.737226953131787,1.6507775941023137,5.610282967876002,12.213393344285258,False,1.0883420475300587,1.0883420475300587,NORMAL,22.0,0.023060796645702306,3.769621218089971,7.2373125983257305,1.0,0.0010482180293501049,6.860663671448286,100.0,10.0,2.2,0.7888106377466155,3.0,1.3636363636363635,23.140495867768593,42.089730679328156,NORMAL,0,5.155156455766487,2.7557401399824943,100.0,2.0,25.0,3,False,75.0,False,False,72.22222222222221,0.7894736842105263,78.94736842105263,71.34502923976608,LOW,1,NORMAL,"NORMAL (price_level=NORMAL, pattern_level=NORMAL, cr_profile_level=LOW)",0
2020-2701-6-10938-1,2020-2701-6-10938,2020-10-03,2020,2020-10,1006301000,100630100000,100630,10,Long-grain milled rice,Long-grain milled rice,CR_HASH_037,Re-export,EX,BH,BH,CN,BH,BH,CN,CN,KGM,1637.62,0.5000793834955607,price_per_kg,818.94,2178.03,4.07,1637.62,1750.57,0.40551802903820106,0.2942812331971436,0.07865143426710039,0.2366195387420564,0.39544094305664584,0.15882140431458944,-0.0016125677298277352,0.63367304952853,False,0.9539329016401907,0.9539329016401907,NORMAL,7.0,0.007337526205450734,4.9147535223929735,41.6029195353019,7.0,0.007337526205450734,4.9147535223929735,36.084880671453035,5.0,1.4,0.5477225575051661,2.0,1.4285714285714286,27.27272727272728,37.522077093568605,NORMAL,0,0.0,0.8633301931557528,21.583254828893818,2.0,25.0,3,False,75.0,False,True,85.0,0.8571428571428572,85.71428571428572,58.44699633296998,LOW,1,NORMAL,"NORMAL (price_level=NORMAL, pattern_level=NORMAL, cr_profile_level=LOW)",0
2020-2801-9-10687-1,2020-2801-9-10687,2020-10-04,2020,2020-10,8517120000,851712000000,851712,85,Cellular telephones,Cellular telephones,CR_HASH_047,Import,IM,IN,IN,BH,IN,IN,BH,IN,NMB,2.64,13439.01515151515,price_per_item,35479.0,94359.04,2.64,353.56,420.34,9.505991741421383,9.1609472788485,0.7778458576033893,8.086449359029473,9.737226953131787,1.6507775941023137,5.610282967876002,12.213393344285258,False,0.29919719869825695,0.29919719869825695,NORMAL,9.0,0.009433962264150943,4.663439094112067,34.06093261602687,8.0,0.008385744234800839,4.781222129768451,31.698925390914113,6.0,1.5,0.5477225575051662,2.0,1.3333333333333333,21.21212121212121,31.306908376651556,NORMAL,0,-0.10328866687394937,0.5189616361750226,12.974040904375563,2.0,25.0,3,False,75.0,False,True,94.73684210526316,0.75,75.0,55.72512484284724,LOW,1,NORMAL,"NORMAL (price_level=NORMAL, pattern_level=NORMAL, cr_profile_level=LOW)",0
2020-2701-4-10174-1,2020-2701-4-10174,2020-10-04,2020,2020-10,6109100000,610910000000,610910,61,Cotton t-shirts,Cotton t-shirts,CR_HASH_039,Re-export,EX,BH,BH,AE,BH,BH,AE,AE,NMB,2.87,167.97560975609755,price_per_item,482.09,1282.16,2.87,561.88,641.07,5.129754383537963,4.610526181303967,0.7708500247178713,3.916293548711598,5.585818334387825,1.6695247856762268,1.412006370197258,8.090105512902165,False,0.45432264803345246,0.45432264803345246,NORMAL,6.0,0.006289308176100629,5.0689042022202315,46.22900654036249,6.0,0.006289308176100629,5.0689042022202315,41.148094458851695,4.0,1.5,0.5773502691896257,2.0,1.3333333333333333,21.21212121212121,40.69815451259752,NORMAL,0,0.0,0.6574150333928822,16.435375834822054,1.0,0.0,3,False,75.0,False,True,70.0,0.8181818181818181,81.81818181818181,49.61601790582408,LOW,1,NORMAL,"NORMAL (price_level=NORMAL, pattern_level=NORMAL, cr_profile_level=LOW)",0
2020-2601-4-10253-1,2020-2601-4-10253,2020-10-04,2020,2020-10,1006301000,100630100000,100630,10,Long-grain milled rice,Long-grain milled rice,CR_HASH_037,Import,IM,AE,AE,BH,AE,AE,BH,AE,KGM,2128.74,0.38728073884081665,price_per_kg,824.42,2192.6,3.57,2128.74,2416.26,0.32734552809034634,0.32869838978139143,0.06767869107876259,0.270176176769005,0.39860128498662895,0.12842510821762393,0.07753851444256912,0.5912389473130648,False,-0.013482718044854944,0.013482718044854944,NORMAL,10.0,0.010482180293501049,4.558078578454241,30.899046383171186,7.0,0.007337526205450734,4.9147535223929735,36.084880671453035,8.0,1.25,0.4629100498862757,2.0,1.6,38.181818181818194,33.80650415386688,NORMAL,0,-3.147942726669931,0.053956418754739666,78.69856816674827,2.0,25.0,3,False,75.0,False,False,80.95238095238095,0.8181818181818181,81.81818181818181,66.64623046009349,LOW,1,NORMAL,"NORMAL (price_level=NORMAL, pattern_level=NORMAL, cr_profile_level=LOW)",0
2020-2801-9-10833-1,2020-2801-9-10833,2020-10-04,2020,2020-10,8517120000,851712000000,851712,85,Cellular telephones,Cellular telephones,CR_HASH_047,Import,IM,CN,CN,BH,CN,CN,BH,CN,NMB,3.96,4515.893939393939,price_per_item,17882.94,47561.0,3.96,59.33,70.19,8.4155798550588,9.1609472788485,0.7778458576033893,8.086449359029473,9.737226953131787,1.6507775941023137,5.610282967876002,12.213393344285258,False,-0.646327848694887,0.646327848694887,NORMAL,22.0,0.023060796645702306,3.769621218089971,7.2373125983257305,14.0,0.014675052410901468,4.221606341833028,13.317855801757727,10.0,2.2,0.7888106377466155,3.0,1.3636363636363635,23.140495867768593,11.750980209943359,NORMAL,0,-0.9062938605296544,-0.4814106823538158,22.65734651324136,2.0,25.0,3,False,75.0,False,False,68.42105263157895,0.75,75.0,42.535334437529215,LOW,1,NORMAL,"NORMAL (price_level=NORMAL, pattern_level=NORMAL, cr_profile_level=LOW)",0
2020-2501-8-10616-1,2020-2501-8-10616,2020-10-04,2020,2020-10,6109100000,610910000000,610910,61,Cotton t-shirts,Cotton t-shirts,CR_HASH_009,Import,IM,CN,CN,BH,CN,CN,BH,CN,NMB,4.23,3.312056737588652,price_per_item,14.01,37.26,4.23,3.31,3.77,1.4614149915879986,4.644105600231562,0.7882174659262975,3.8927224589349843,5.444558727344917,1.5518362684099332,1.5649680563200845,7.772313129959818,True,-2.723481143976263,2.723481143976263,LOW,16.0,0.016771488469601678,4.088074949208505,16.794160929396217,13.0,0.013626834381551363,4.29571431398675,15.75199690827349,8.0,2.0,1.4142135623730951,5.0,2.5,95.45454545454547,28.228461200775648,NORMAL,0,0.0,-1.0467519576427073,26.168798941067685,1.0,0.0,1,True,91.66666666666666,False,True,58.82352941176471,1.0,100.0,63.86496198231487,LOW,1,LOW,"LOW (driven by price+cr_profile; price_level=LOW, pattern_level=NORMAL, cr_profile_level=LOW)",1
2020-2801-3-10381-1,2020-2801-3-10381,2020-10-05,2020,2020-10,1006301000,100630100000,100630,10,Long-grain milled rice,Long-grain milled rice,CR_HASH_028,Import,IM,CN,CN,BH,CN,CN,BH,CN,KGM,2298.78,0.3045615500395862,price_per_kg,700.12,1862.01,0.96,2298.78,2449.02,0.2658670073405858,0.32869838978139143,0.06767869107876259,0.270176176769005,0.39860128498662895,0.12842510821762393,0.07753851444256912,0.5912389473130648,False,-0.6261821289088415,0.6261821289088415,NORMAL,25.0,0.02620545073375262,3.641787846580086,3.4010123016442515,21.0,0.0220125786163522,3.8161412337248635,0.0,9.0,2.7777777777777777,1.6414763002993509,5.0,1.8,50.909090909090914,9.336869787185762,NORMAL,0,0.0,-0.574680857342804,14.367021433570102,1.0,0.0,2,False,83.33333333333334,False,False,64.70588235294117,0.8235294117647058,82.35294117647058,37.67551632527895,LOW,1,NORMAL,"NORMAL (price_level=NORMAL, pattern_level=NORMAL, cr_profile_level=LOW)",0
2020-2601-7-10038-1,2020-2601-7-10038,2020-10-05,2020,2020-10,9018390000,901839000000,901839,90,Medical syringes and needles,Medical syringes and needles,CR_HASH_035,Re-export,EX,BH,BH,US,BH,BH,US,US,NMB,1.74,4.218390804597701,price_per_item,7.34,19.52,1.74,841.81,921.65,1.6521890793867642,1.4183722013465883,0.34031158648964543,0.9528936868330796,1.614923227688858,0.6620295408557785,-0.040150624450588146,2.6079675389725256,False,0.46342037682153153,0.46342037682153153,NORMAL,5.0,0.005241090146750524,5.251225759014186,51.700506150822136,5.0,0.005241090146750524,5.251225759014186,47.13660531805522,5.0,1.0,0.0,1.0,1.0,0.0,42.348064936730395,NORMAL,0,0.0,0.6061404047374565,15.153510118436412,1.0,0.0,2,False,83.33333333333334,False,True,92.3076923076923,0.9333333333333333,93.33333333333333,57.04731828504249,LOW,1,NORMAL,"NORMAL (price_level=NORMAL, pattern_level=NORMAL, cr_profile_level=LOW)",0
2020-2601-3-10230-1,2020-2601-3-10230,2020-10-05,2020,2020-10,8703221000,870322100000,870322,87,Passenger cars 1000-1500cc,Passenger cars 1000-1500cc,CR_HASH_037,Re-export,EX,BH,BH,SA,BH,BH,SA,SA,NMB,2.38,148185.7268907563,price_per_item,352682.03,937984.12,2.38,860.78,1022.18,11.90622842569255,12.004283802979177,0.6624296738554509,11.2719045323345,12.594725507248622,1.3228209749141229,9.287673069963315,14.578956969619806,False,-0.09984070537162137,0.09984070537162137,NORMAL,5.0,0.005241090146750524,5.251225759014186,51.700506150822136,5.0,0.005241090146750524,5.251225759014186,47.13660531805522,5.0,1.0,0.0,1.0,1.0,0.0,42.348064936730395,NORMAL,0,1.639718617822267,-0.40275523206019587,40.99296544555667,1.0,0.0,5,False,58.333333333333336,False,True,95.45454545454545,0.8260869565217391,82.6086956521739,64.73291340001597,LOW,1,NORMAL,"NORMAL (price_level=NORMAL, pattern_level=NORMAL, cr_profile_level=LOW)",0
2020-2701-6-10483-1,2020-2701-6-10483,2020-10-06,2020,2020-10,6109100000,610910000000,610910,61,Cotton t-shirts,Cotton t-shirts,CR_HASH_010,Import,IM,AE,AE,BH,AE,AE,BH,AE,NMB,4.86,128.69958847736626,price_per_item,625.48,1663.5,4.86,562.26,643.06,4.865220918436611,4.644105600231562,0.7882174659262975,3.8927224589349843,5.444558727344917,1.5518362684099332,1.5649680563200845,7.772313129959818,False,0.189212045349396,0.189212045349396,NORMAL,10.0,0.010482180293501049,4.558078578454241,30.899046383171186,9.0,0.009433962264150943,4.663439094112067,27.830238657093965,8.0,1.25,0.4629100498862757,2.0,1.6,38.181818181818194,30.91737944884121,NORMAL,0,7.342154133242498,0.32726347566901953,100.0,3.0,50.0,3,False,75.0,False,False,89.47368421052632,0.85,85.0,79.36842105263158,MEDIUM,1,LOW,"LOW (driven by cr_profile; price_level=NORMAL, pattern_level=NORMAL, cr_profile_level=MEDIUM)",1
2020-2501-5-10817-1,2020-2501-5-10817,2020-10-06,2020,2020-10,8517120000,851712000000,851712,85,Cellular telephones,Cellular telephones,CR_HASH_029,Import,IM,JP,JP,BH,JP,JP,BH,JP,NMB,4.48,14934.493303571428,price_per_item,66906.53,177942.91,4.48,253.28,296.62,9.611495760139643,9.1609472788485,0.7778458576033893,8.086449359029473,9.737226953131787,1.6507775941023137,5.610282967876002,12.213393344285258,False,0.3906825296510593,0.3906825296510593,NORMAL,5.0,0.005241090146750524,5.251225759014186,51.700506150822136,5.0,0.005241090146750524,5.251225759014186,47.13660531805522,5.0,1.0,0.0,1.0,1.0,0.0,42.348064936730395,NORMAL,0,0.0,0.6201985989828783,15.504964974571958,1.0,0.0,1,True,91.66666666666666,False,True,86.66666666666667,1.0,100.0,67.09340440776685,LOW,1,NORMAL,"NORMAL (price_level=NORMAL, pattern_level=NORMAL, cr_profile_level=LOW)",0
2020-2801-5-10164-1,2020-2801-5-10164,2020-10-06,2020,2020-10,6109100000,610910000000,610910,61,Cotton t-shirts,Cotton t-shirts,CR_HASH_011,Import,IM,US,US,BH,US,US,BH,US,NMB,3.08,54.064935064935064,price_per_item,166.52,442.86,3.08,452.1,541.57,4.0085131263723195,4.644105600231562,0.7882174659262975,3.8927224589349843,5.444558727344917,1.5518362684099332,1.5649680563200845,7.772313129959818,False,-0.5438870222282213,0.5438870222282213,NORMAL,13.0,0.013626834381551363,4.29571431398675,23.025452080470465,11.0,0.011530398322851153,4.462768398649916,21.2390343034744,10.0,1.3,0.48304589153964794,2.0,1.5384615384615383,34.26573426573426,24.086248186311412,NORMAL,0,0.0,-0.45844359624753667,11.461089906188416,1.0,0.0,2,False,83.33333333333334,False,True,66.66666666666667,0.9166666666666666,91.66666666666666,49.01138146716595,LOW,1,NORMAL,"NORMAL (price_level=NORMAL, pattern_level=NORMAL, cr_profile_level=LOW)",0
2020-2501-1-10876-1,2020-2501-1-10876,2020-10-07,2020,2020-10,8703221000,870322100000,870322,87,Passenger cars 1000-1500cc,Passenger cars 1000-1500cc,CR_HASH_008,Import,IM,CN,CN,BH,CN,CN,BH,CN,NMB,3.31,411922.2567975831,price_per_item,1363462.67,3626230.5,3.31,557.32,649.8,12.928592341072491,12.339741490828857,0.5298577154310848,11.445675964067552,12.647064860424424,1.201388896356871,9.643592619532246,14.44914820495973,False,0.7495870035149573,0.7495870035149573,NORMAL,20.0,0.020964360587002098,3.8649313978942956,10.097586615520235,14.0,0.014675052410901468,4.221606341833028,13.317855801757727,9.0,2.2222222222222223,1.3017082793177757,5.0,2.25,79.54545454545456,21.641861020193506,NORMAL,0,0.0,1.0546008630240764,26.36502157560191,1.0,0.0,2,False,83.33333333333334,False,False,47.36842105263158,0.9473684210526316,94.73684210526316,40.0172312356712,LOW,1,NORMAL,"NORMAL (price_level=NORMAL, pattern_level=NORMAL, cr_profile_level=LOW)",0
2020-2601-2-10750-1,2020-2601-2-10750,2020-10-08,2020,2020-10,3923301000,392330100000,392330,39,Plastic bottles for packaging,Plastic bottles for packaging,CR_HASH_001,Import,IM,CN,CN,BH,CN,CN,BH,CN,NMB,2.94,4.387755102040816,price_per_item,12.9,34.3,2.94,681.59,716.74,1.6841288050356895,1.6841288050356895,0.6442087840607709,1.0864174155799162,2.3469388358112164,1.2605214202313002,-0.8043647147670341,4.237720966158166,False,0.0,0.0,NORMAL,28.0,0.029350104821802937,3.5284591612730827,0.0,21.0,0.0220125786163522,3.8161412337248635,0.0,12.0,2.3333333333333335,1.2309149097933274,5.0,2.142857142857143,72.72727272727273,10.90909090909091,NORMAL,0,0.5470599222836654,-0.07936272763694711,13.676498057091635,1.0,0.0,5,False,58.333333333333336,False,False,66.66666666666667,0.7333333333333334,73.33333333333334,36.120107653315415,LOW,1,NORMAL,"NORMAL (price_level=NORMAL, pattern_level=NORMAL, cr_profile_level=LOW)",0
2020-2501-2-10537-1,2020-2501-2-10537,2020-10-08,2020,2020-10,3923301000,392330100000,392330,39,Plastic bottles for packaging,Plastic bottles for packaging,CR_HASH_007,Import,IM,AE,AE,BH,AE,AE,BH,AE,NMB,3.41,2.6187683284457477,price_per_item,8.93,23.76,3.41,117.46,128.04,1.2861337271818163,1.6841288050356895,0.6442087840607709,1.0864174155799162,2.3469388358112164,1.2605214202313002,-0.8043647147670341,4.237720966158166,False,-0.4167034181643232,0.4167034181643232,NORMAL,13.0,0.013626834381551363,4.29571431398675,23.025452080470465,11.0,0.011530398322851153,4.462768398649916,21.2390343034744,7.0,1.8571428571428572,1.2149857925879117,4.0,2.1538461538461537,73.42657342657343,29.960374060437285,NORMAL,0,0.0,-0.4049733255632747,10.124333139081868,1.0,0.0,1,True,91.66666666666666,False,True,78.57142857142857,1.0,100.0,63.186373741535796,LOW,1,NORMAL,"NORMAL (price_level=NORMAL, pattern_level=NORMAL, cr_profile_level=LOW)",0
2020-2801-7-10954-1,2020-2801-7-10954,2020-10-08,2020,2020-10,102211000,102211000000,102211,10,"Live cattle, pure-bred breeding","Live cattle, pure-bred breeding",CR_HASH_022,Import,IM,CN,CN,BH,CN,CN,BH,CN,NMB,3.84,20302.080729166668,price_per_item,77959.99,207340.4,3.84,998.55,1174.07,9.918527913572957,10.013369334439131,0.6855679350518233,9.327801399387308,10.638440798004723,1.3106393986174147,7.361842301461186,12.604399895930845,False,-0.09330900516085233,0.09330900516085233,NORMAL,18.0,0.018867924528301886,3.970291913552122,13.25947284837593,16.0,0.016771488469601678,4.088074949208505,8.931900521218806,10.0,1.8,0.7888106377466155,3.0,1.6666666666666665,42.42424242424242,16.11953797025091,NORMAL,0,0.0,0.09021116679987246,2.2552791699968116,1.0,0.0,2,False,83.33333333333334,False,True,60.0,0.7333333333333334,73.33333333333334,40.456014376165555,LOW,1,NORMAL,"NORMAL (price_level=NORMAL, pattern_level=NORMAL, cr_profile_level=LOW)",0
2020-2801-5-10178-1,2020-2801-5-10178,2020-10-09,2020,2020-10,9018390000,901839000000,901839,90,Medical syringes and needles,Medical syringes and needles,CR_HASH_044,Re-export,EX,BH,BH,JP,BH,BH,JP,JP,NMB,1.04,3.615384615384615,price_per_item,3.76,10.01,1.04,642.52,736.55,1.529395204760564,1.4183722013465883,0.34031158648964543,0.9528936868330796,1.614923227688858,0.6620295408557785,-0.040150624450588146,2.6079675389725256,False,0.22004537272592548,0.22004537272592548,NORMAL,1.0,0.0010482180293501049,6.860663671448286,100.0,1.0,0.0010482180293501049,6.860663671448286,100.0,1.0,1.0,0.0,1.0,1.0,0.0,85.0,HIGH,1,0.0,0.38361344094891575,9.590336023722895,1.0,0.0,2,False,83.33333333333334,False,True,86.66666666666667,0.9333333333333333,93.33333333333333,53.68995094163635,LOW,1,HIGH,"HIGH (driven by pattern+cr_profile; price_level=NORMAL, pattern_level=HIGH, cr_profile_level=LOW)",1
2020-2601-3-10086-1,2020-2601-3-10086,2020-10-09,2020,2020-10,1006301000,100630100000,100630,10,Long-grain milled rice,Long-grain milled rice,CR_HASH_017,Re-export,EX,BH,BH,AE,BH,BH,AE,AE,KGM,2882.88,0.3421613109113109,price_per_kg,986.41,2623.42,0.93,2882.88,3165.71,0.2942812331971436,0.2942812331971436,0.07865143426710039,0.2366195387420564,0.39544094305664584,0.15882140431458944,-0.0016125677298277352,0.63367304952853,False,0.0,0.0,NORMAL,5.0,0.005241090146750524,5.251225759014186,51.700506150822136,5.0,0.005241090146750524,5.251225759014186,47.13660531805522,4.0,1.25,0.5,2.0,1.6,38.181818181818194,48.07533766400312,LOW,1,-3.7089761208690333,-0.32481504821002727,92.72440302172583,1.0,0.0,4,False,66.66666666666666,False,True,71.42857142857143,0.8095238095238095,80.95238095238095,76.5011601052231,MEDIUM,1,MEDIUM,"MEDIUM (driven by pattern+cr_profile; price_level=NORMAL, pattern_level=LOW, cr_profile_level=MEDIUM)",1
2020-2701-1-10342-1,2020-2701-1-10342,2020-10-10,2020,2020-10,1006301000,100630100000,100630,10,Long-grain milled rice,Long-grain milled rice,CR_HASH_020,Re-export,EX,BH,BH,US,BH,BH,US,US,KGM,1298.36,0.45119997535352296,price_per_kg,585.82,1558.03,2.86,1298.36,1493.49,0.3723907833952199,0.2942812331971436,0.07865143426710039,0.2366195387420564,0.39544094305664584,0.15882140431458944,-0.0016125677298277352,0.63367304952853,False,0.6698437266453426,0.6698437266453426,NORMAL,8.0,0.008385744234800839,4.781222129768451,37.595620697047174,8.0,0.008385744234800839,4.781222129768451,31.698925390914113,8.0,1.0,0.0,1.0,1.0,0.0,29.892434235343526,NORMAL,0,0.0,0.41996348607454387,10.499087151863597,1.0,0.0,3,False,75.0,False,True,84.21052631578947,0.7,70.0,48.72731208209963,LOW,1,NORMAL,"NORMAL (price_level=NORMAL, pattern_level=NORMAL, cr_profile_level=LOW)",0
2020-2701-3-10890-1,2020-2701-3-10890,2020-10-10,2020,2020-10,6109100000,610910000000,610910,61,Cotton t-shirts,Cotton t-shirts,CR_HASH_044,Import,IM,CN,CN,BH,CN,CN,BH,CN,NMB,1.55,281.8387096774194,price_per_item,436.85,1161.84,1.55,754.92,821.0,5.64487680470265,4.644105600231562,0.7882174659262975,3.8927224589349843,5.444558727344917,1.5518362684099332,1.5649680563200845,7.772313129959818,False,0.8563765191028239,0.8563765191028239,NORMAL,16.0,0.016771488469601678,4.088074949208505,16.794160929396217,13.0,0.013626834381551363,4.29571431398675,15.75199690827349,8.0,2.0,1.4142135623730951,5.0,2.5,95.45454545454547,28.228461200775648,NORMAL,0,0.0,1.857867780779278,46.44669451948195,1.0,0.0,2,False,83.33333333333334,False,True,81.25,0.9375,93.75,65.31884308181868,LOW,1,NORMAL,"NORMAL (price_level=NORMAL, pattern_level=NORMAL, cr_profile_level=LOW)",0
2020-2501-2-10327-1,2020-2501-2-10327,2020-10-10,2020,2020-10,8504400090,850440009000,850440,85,Static converters,Static converters,CR_HASH_049,Import,IM,IN,JP,BH,IN,JP,BH,IN,NMB,4.35,738.9655172413794,price_per_item,3214.5,8549.2,4.35,147.05,162.29,6.60660358679002,7.466827051260017,0.5715840105867187,6.914775863803976,8.032836322465545,1.11806045866157,5.23768517581162,9.7099270104579,False,-1.0150962362897105,1.0150962362897105,NORMAL,10.0,0.010482180293501049,4.558078578454241,30.899046383171186,1.0,0.0010482180293501049,6.860663671448286,100.0,6.0,1.6666666666666667,1.2110601416389966,4.0,2.4,89.0909090909091,63.81315955522196,LOW,1,0.0,-0.6449662143214121,16.124155358035303,1.0,0.0,2,False,83.33333333333334,False,False,85.71428571428572,0.7727272727272727,77.27272727272727,42.52657125842924,LOW,1,LOW,"LOW (driven by pattern+cr_profile; price_level=NORMAL, pattern_level=LOW, cr_profile_level=LOW)",1
2020-2601-2-10345-1,2020-2601-2-10345,2020-10-10,2020,2020-10,2710192100,271019210000,271019,27,Gas oils for diesel engines,Gas oils for diesel engines,CR_HASH_007,Import,IM,JP,JP,BH,JP,JP,BH,JP,LTR,17212.45,0.24471240294089452,price_per_liter_gross_weight,4212.1,11202.39,1.44,16277.62,17212.45,0.21890450157777933,0.26355592811875056,0.07105600884335336,0.1979668243457394,0.33634243682655873,0.13837561248081934,-0.009596594375489625,0.5439058555477878,False,-0.4238483850919281,0.4238483850919281,NORMAL,7.0,0.007337526205450734,4.9147535223929735,41.6029195353019,5.0,0.005241090146750524,5.251225759014186,47.13660531805522,6.0,1.1666666666666667,0.408248290463863,2.0,1.7142857142857142,45.45454545454546,44.117453447152094,NORMAL,0,0.0,-0.37196759437319615,9.299189859329903,1.0,0.0,3,False,75.0,False,True,93.33333333333333,0.8666666666666667,86.66666666666667,53.92138311743213,LOW,1,NORMAL,"NORMAL (price_level=NORMAL, pattern_level=NORMAL, cr_profile_level=LOW)",0
2020-2801-2-10711-1,2020-2801-2-10711,2020-10-10,2020,2020-10,8504400090,850440009000,850440,85,Static converters,Static converters,CR_HASH_009,Re-export,EX,BH,BH,AE,BH,BH,AE,AE,NMB,3.77,744.0450928381963,price_per_item,2805.05,7460.25,3.77,608.97,683.7,6.613444743847449,7.211981005295417,0.7196345903205628,6.668983974826631,7.961818755725377,1.2928347808987457,4.729731803478512,9.901070927073494,False,-0.5609891227970155,0.5609891227970155,NORMAL,3.0,0.0031446540880503146,5.762051382780177,67.03046630801344,3.0,0.0031446540880503146,5.762051382780177,63.915119328547,3.0,1.0,0.0,1.0,1.0,0.0,55.88552491899817,LOW,1,0.0,-0.6279371185414003,15.698427963535009,1.0,0.0,1,True,91.66666666666666,False,True,94.44444444444444,0.8888888888888888,88.88888888888889,66.88333867612614,LOW,1,LOW,"LOW (driven by pattern+cr_profile; price_level=NORMAL, pattern_level=LOW, cr_profile_level=LOW)",1
2020-2801-6-10524-1,2020-2801-6-10524,2020-10-11,2020,2020-10,9018390000,901839000000,901839,90,Medical syringes and needles,Medical syringes and needles,CR_HASH_029,Import,IM,SA,SA,BH,SA,SA,BH,SA,NMB,4.99,3.174348697394789,price_per_item,15.84,42.12,4.99,64.45,76.91,1.4289583455094532,1.1592369104845446,0.5792846449150362,0.6041021775947832,1.7481096643936567,1.1440074867988734,-1.111909052603527,3.464120894591967,False,0.31405047096276945,0.31405047096276945,NORMAL,6.0,0.006289308176100629,5.0689042022202315,46.22900654036249,5.0,0.005241090146750524,5.251225759014186,47.13660531805522,5.0,1.2,0.4472135954999579,2.0,1.6666666666666667,42.424242424242436,45.97595149513693,LOW,1,0.0,0.2225516538561934,5.563791346404836,1.0,0.0,3,False,75.0,False,False,81.25,0.8823529411764706,88.23529411764706,39.90688579477111,LOW,1,LOW,"LOW (driven by pattern+cr_profile; price_level=NORMAL, pattern_level=LOW, cr_profile_level=LOW)",1
2020-2501-6-10704-1,2020-2501-6-10704,2020-10-11,2020,2020-10,8517120000,851712000000,851712,85,Cellular telephones,Cellular telephones,CR_HASH_046,Re-export,EX,BH,BH,AE,BH,BH,AE,AE,NMB,3.07,6247.127035830619,price_per_item,19178.68,51007.14,3.07,800.74,865.6,8.74003702355204,8.864077348542533,0.8102493638708186,8.21372138236038,9.675589371385747,1.461867989025368,6.020919398822327,11.8683913549238,False,-0.10325716592836584,0.10325716592836584,NORMAL,5.0,0.005241090146750524,5.251225759014186,51.700506150822136,5.0,0.005241090146750524,5.251225759014186,47.13660531805522,5.0,1.0,0.0,1.0,1.0,0.0,42.348064936730395,NORMAL,0,0.0,-0.3391440046979266,8.478600117448165,1.0,0.0,2,False,83.33333333333334,False,True,83.33333333333334,0.9,90.0,51.80084337444019,LOW,1,NORMAL,"NORMAL (price_level=NORMAL, pattern_level=NORMAL, cr_profile_level=LOW)",0
2020-2801-1-10648-1,2020-2801-1-10648,2020-10-12,2020,2020-10,8504400090,850440009000,850440,85,Static converters,Static converters,CR_HASH_014,Import,IM,IN,SA,BH,IN,SA,BH,IN,NMB,2.27,4946.044052863436,price_per_item,11227.52,29860.42,2.27,241.69,262.4,8.506545516153379,7.466827051260017,0.5715840105867187,6.914775863803976,8.032836322465545,1.11806045866157,5.23768517581162,9.7099270104579,False,1.226907128329069,1.226907128329069,NORMAL,10.0,0.010482180293501049,4.558078578454241,30.899046383171186,1.0,0.0010482180293501049,6.860663671448286,100.0,6.0,1.6666666666666667,1.2110601416389966,4.0,2.4,89.0909090909091,63.81315955522196,LOW,1,4.915501657385309,2.2708184724312197,100.0,1.0,0.0,4,False,66.66666666666666,False,False,84.61538461538461,0.7333333333333334,73.33333333333334,70.82051282051282,LOW,1,LOW,"LOW (driven by pattern+cr_profile; price_level=NORMAL, pattern_level=LOW, cr_profile_level=LOW)",1
2020-2501-4-10921-1,2020-2501-4-10921,2020-10-13,2020,2020-10,8471300000,847130000000,847130,84,Portable laptop computers,Portable laptop computers,CR_HASH_037,Import,IM,US,US,BH,US,US,BH,US,NMB,2.83,7412.681978798586,price_per_item,20977.89,55792.25,2.83,758.3,881.62,8.911082488104753,8.71824987064452,0.6999612932513521,7.750041925937837,9.126895264901794,1.376853338963957,5.684761917491901,11.192175273347729,False,0.18581572989337758,0.18581572989337758,NORMAL,12.0,0.012578616352201259,4.375757021660286,25.427546772711544,10.0,0.010482180293501049,4.558078578454241,24.369580448359905,9.0,1.3333333333333333,0.5,2.0,1.5,31.818181818181824,26.015853816009013,NORMAL,0,0.0,0.14824065925724395,3.7060164814310985,1.0,0.0,1,True,91.66666666666666,False,True,91.30434782608697,1.0,100.0,64.12319272502262,LOW,1,NORMAL,"NORMAL (price_level=NORMAL, pattern_level=NORMAL, cr_profile_level=LOW)",0
2020-2601-4-10935-1,2020-2601-4-10935,2020-10-13,2020,2020-10,3923301000,392330100000,392330,39,Plastic bottles for packaging,Plastic bottles for packaging,CR_HASH_022,Re-export,EX,BH,BH,AE,BH,BH,AE,AE,NMB,4.91,8.74949083503055,price_per_item,42.96,114.26,4.91,466.96,532.85,2.2772150615979885,2.008077055471865,0.7629623078147538,1.1201351912780924,2.51712417371907,1.3969889824409778,-0.9753482823833743,4.612607647380537,False,0.2379293135410053,0.2379293135410053,NORMAL,5.0,0.005241090146750524,5.251225759014186,51.700506150822136,5.0,0.005241090146750524,5.251225759014186,47.13660531805522,5.0,1.0,0.0,1.0,1.0,0.0,42.348064936730395,NORMAL,0,0.0,0.8279095500505389,20.697738751263472,1.0,0.0,2,False,83.33333333333334,False,True,81.25,0.9375,93.75,56.30670856294222,LOW,1,NORMAL,"NORMAL (price_level=NORMAL, pattern_level=NORMAL, cr_profile_level=LOW)",0
2020-2501-2-10920-1,2020-2501-2-10920,2020-10-13,2020,2020-10,8703221000,870322100000,870322,87,Passenger cars 1000-1500cc,Passenger cars 1000-1500cc,CR_HASH_009,Import,IM,CN,CN,BH,CN,CN,BH,CN,NMB,4.01,217708.45386533666,price_per_item,873010.9,2321837.49,4.01,188.33,203.11,12.290916672395218,12.339741490828857,0.5298577154310848,11.445675964067552,12.647064860424424,1.201388896356871,9.643592619532246,14.44914820495973,False,-0.0621523248742712,0.0621523248742712,NORMAL,20.0,0.020964360587002098,3.8649313978942956,10.097586615520235,14.0,0.014675052410901468,4.221606341833028,13.317855801757727,9.0,2.2222222222222223,1.3017082793177757,5.0,2.25,79.54545454545456,21.641861020193506,NORMAL,0,0.0,0.012891143348382528,0.3222785837095632,1.0,0.0,3,False,75.0,False,False,57.89473684210527,0.8947368421052632,89.47368421052632,32.481218556929925,NORMAL,0,NORMAL,"NORMAL (price_level=NORMAL, pattern_level=NORMAL, cr_profile_level=NORMAL)",0
2020-2701-4-10239-1,2020-2701-4-10239,2020-10-14,2020,2020-10,102211000,102211000000,102211,10,"Live cattle, pure-bred breeding","Live cattle, pure-bred breeding",CR_HASH_040,Import,IM,CN,CN,BH,CN,CN,BH,CN,NMB,3.22,23261.434782608696,price_per_item,74901.82,199206.96,3.22,57.57,64.2,10.054595097404768,10.013369334439131,0.6855679350518233,9.327801399387308,10.638440798004723,1.3106393986174147,7.361842301461186,12.604399895930845,False,0.040559650985707456,0.040559650985707456,NORMAL,18.0,0.018867924528301886,3.970291913552122,13.25947284837593,16.0,0.016771488469601678,4.088074949208505,8.931900521218806,10.0,1.8,0.7888106377466155,3.0,1.6666666666666665,42.42424242424242,16.11953797025091,NORMAL,0,0.0,0.2821969989198431,7.054924972996078,1.0,0.0,1,True,91.66666666666666,False,True,80.0,1.0,100.0,62.46922374054863,LOW,1,NORMAL,"NORMAL (price_level=NORMAL, pattern_level=NORMAL, cr_profile_level=LOW)",0
2020-2501-6-10928-1,2020-2501-6-10928,2020-10-14,2020,2020-10,8703221000,870322100000,870322,87,Passenger cars 1000-1500cc,Passenger cars 1000-1500cc,CR_HASH_041,Import,IM,DE,DE,BH,DE,DE,BH,DE,NMB,3.13,162801.48242811504,price_per_item,509568.64,1355235.75,3.13,521.33,597.91,12.000292980764268,12.339741490828857,0.5298577154310848,11.445675964067552,12.647064860424424,1.201388896356871,9.643592619532246,14.44914820495973,False,-0.43210634985354257,0.43210634985354257,NORMAL,2.0,0.0020964360587002098,6.1675164908883415,79.19854023234907,1.0,0.0010482180293501049,6.860663671448286,100.0,2.0,1.0,0.0,1.0,1.0,0.0,74.59927011617454,LOW,1,0.0,-0.2905479696846761,7.263699242116902,1.0,0.0,3,False,75.0,False,True,72.72727272727273,0.8181818181818181,81.81818181818181,47.08774928019547,LOW,1,LOW,"LOW (driven by pattern+cr_profile; price_level=NORMAL, pattern_level=LOW, cr_profile_level=LOW)",1
2020-2601-4-10728-1,2020-2601-4-10728,2020-10-15,2020,2020-10,2710192100,271019210000,271019,27,Gas oils for diesel engines,Gas oils for diesel engines,CR_HASH_005,,,CN,BH,US,CN,BH,US,,LTR,10651.54,0.15786355775784533,price_per_liter_gross_weight,1681.49,4472.04,4.6,9596.56,10651.54,0.14657654643837492,0.14657654643837492,0.0,0.14657654643837492,0.14657654643837492,0.0,0.14657654643837492,0.14657654643837492,False,0.0,0.0,NORMAL,,,,0.0,,,,0.0,,,,,,0.0,0.0,NORMAL,0,0.0,-0.9387527750558504,23.46881937639626,1.0,0.0,2,False,83.33333333333334,False,False,0.0,0.8888888888888888,88.88888888888889,25.991864559516472,NORMAL,0,NORMAL,"NORMAL (price_level=NORMAL, pattern_level=NORMAL, cr_profile_level=NORMAL)",0
2020-2701-8-10075-1,2020-2701-8-10075,2020-10-15,2020,2020-10,3923301000,392330100000,392330,39,Plastic bottles for packaging,Plastic bottles for packaging,CR_HASH_028,Import,IM,SA,US,BH,SA,US,BH,SA,NMB,1.19,20.210084033613448,price_per_item,24.05,63.96,1.19,1180.43,1264.93,3.0544767305495744,1.6841288050356895,0.6442087840607709,1.0864174155799162,2.3469388358112164,1.2605214202313002,-0.8043647147670341,4.237720966158166,False,1.4347631325372383,1.4347631325372383,NORMAL,8.0,0.008385744234800839,4.781222129768451,37.595620697047174,1.0,0.0010482180293501049,6.860663671448286,100.0,6.0,1.3333333333333333,0.5163977794943222,2.0,1.5,31.818181818181824,58.57053762125086,LOW,1,0.0,3.273836205730389,81.84590514325973,1.0,0.0,3,False,75.0,True,True,100.0,0.8888888888888888,88.88888888888889,91.42384457791869,HIGH,1,HIGH,"HIGH (driven by pattern+cr_profile; price_level=NORMAL, pattern_level=LOW, cr_profile_level=HIGH)",1
2020-2801-2-10501-1,2020-2801-2-10501,2020-10-15,2020,2020-10,6109100000,610910000000,610910,61,Cotton t-shirts,Cotton t-shirts,CR_HASH_007,Import,IM,AE,AE,BH,AE,AE,BH,AE,NMB,3.46,39.641618497109825,price_per_item,137.16,364.8,3.46,299.61,323.13,3.7047926277013823,4.644105600231562,0.7882174659262975,3.8927224589349843,5.444558727344917,1.5518362684099332,1.5649680563200845,7.772313129959818,False,-0.8037856906450993,0.8037856906450993,NORMAL,10.0,0.010482180293501049,4.558078578454241,30.899046383171186,9.0,0.009433962264150943,4.663439094112067,27.830238657093965,8.0,1.25,0.4629100498862757,2.0,1.6,38.181818181818194,30.91737944884121,NORMAL,0,-0.3830492639196619,-0.6920100111970451,17.30025027992613,0.6666666666666666,0.0,3,False,75.0,False,True,75.0,0.8125,81.25,51.05508759797414,LOW,1,NORMAL,"NORMAL (price_level=NORMAL, pattern_level=NORMAL, cr_profile_level=LOW)",0
2020-2801-1-10857-1,2020-2801-1-10857,2020-10-16,2020,2020-10,102211000,102211000000,102211,10,"Live cattle, pure-bred breeding","Live cattle, pure-bred breeding",CR_HASH_006,Import,IM,AE,AE,BH,AE,AE,BH,AE,NMB,2.74,41706.689781021894,price_per_item,114276.33,303926.4,2.74,136.26,157.94,10.638440798004723,10.013369334439131,0.6855679350518233,9.327801399387308,10.638440798004723,1.3106393986174147,7.361842301461186,12.604399895930845,False,0.6149717695820076,0.6149717695820076,NORMAL,11.0,0.011530398322851153,4.462768398649916,28.038772365976683,8.0,0.008385744234800839,4.781222129768451,31.698925390914113,8.0,1.375,0.7440238091428449,3.0,2.1818181818181817,75.20661157024794,36.39500180534547,NORMAL,0,0.0,1.3521233085749718,33.80308271437429,1.0,0.0,3,False,75.0,False,True,84.21052631578947,0.7894736842105263,78.94736842105263,58.67318421318889,LOW,1,NORMAL,"NORMAL (price_level=NORMAL, pattern_level=NORMAL, cr_profile_level=LOW)",0
2020-2701-5-10251-1,2020-2701-5-10251,2020-10-17,2020,2020-10,1006301000,100630100000,100630,10,Long-grain milled rice,Long-grain milled rice,CR_HASH_028,Re-export,EX,BH,BH,JP,BH,BH,JP,JP,KGM,2808.09,0.3308797082714585,price_per_kg,929.14,2471.12,3.67,2808.09,3341.11,0.28584015837265214,0.2942812331971436,0.07865143426710039,0.2366195387420564,0.39544094305664584,0.15882140431458944,-0.0016125677298277352,0.63367304952853,False,-0.07238808830663064,0.07238808830663064,NORMAL,4.0,0.0041928721174004195,5.474369310328396,58.39708046469813,4.0,0.0041928721174004195,5.474369310328396,54.46595026060942,4.0,1.0,0.0,1.0,1.0,0.0,48.26162282356236,LOW,1,0.9441660472626122,-0.3997859178796004,23.604151181565307,1.0,0.0,2,False,83.33333333333334,False,True,94.73684210526316,0.7894736842105263,78.94736842105263,57.73513712407417,LOW,1,LOW,"LOW (driven by pattern+cr_profile; price_level=NORMAL, pattern_level=LOW, cr_profile_level=LOW)",1
2020-2801-6-10684-1,2020-2801-6-10684,2020-10-17,2020,2020-10,8504400090,850440009000,850440,85,Static converters,Static converters,CR_HASH_015,Import,IM,US,US,BH,US,US,BH,US,NMB,0.63,5996.492063492064,price_per_item,3777.79,10047.31,0.63,1159.86,1385.05,8.699096671410276,7.466827051260017,0.5715840105867187,6.914775863803976,8.032836322465545,1.11806045866157,5.23768517581162,9.7099270104579,False,1.4541247770768138,1.4541247770768138,NORMAL,14.0,0.014675052410901468,4.221606341833028,20.80145976765095,11.0,0.011530398322851153,4.462768398649916,21.2390343034744,9.0,1.5555555555555556,1.130388330520878,4.0,2.571428571428571,100.0,32.834391890041516,NORMAL,0,5.4807726408351085,2.8602945112920417,100.0,1.0,0.0,4,False,66.66666666666666,False,False,93.75,0.8125,81.25,74.6875,LOW,1,NORMAL,"NORMAL (price_level=NORMAL, pattern_level=NORMAL, cr_profile_level=LOW)",0
2020-2701-8-10389-1,2020-2701-8-10389,2020-10-17,2020,2020-10,9018390000,901839000000,901839,90,Medical syringes and needles,Medical syringes and needles,CR_HASH_038,Import,IM,AE,CN,BH,AE,CN,BH,AE,NMB,1.61,1.9627329192546583,price_per_item,3.16,8.4,1.61,264.83,291.73,1.0861121259038782,1.1592369104845446,0.5792846449150362,0.6041021775947832,1.7481096643936567,1.1440074867988734,-1.111909052603527,3.464120894591967,False,-0.08514292916500518,0.08514292916500518,NORMAL,11.0,0.011530398322851153,4.462768398649916,28.038772365976683,1.0,0.0010482180293501049,6.860663671448286,100.0,6.0,1.8333333333333333,0.983192080250175,3.0,1.6363636363636365,40.495867768595055,55.0937663482776,LOW,1,0.0,-0.2881896144319225,7.204740360798062,1.0,0.0,1,True,91.66666666666666,False,True,72.72727272727273,1.0,100.0,60.703477308097504,LOW,1,LOW,"LOW (driven by pattern+cr_profile; price_level=NORMAL, pattern_level=LOW, cr_profile_level=LOW)",1
2020-2801-7-10013-1,2020-2801-7-10013,2020-10-17,2020,2020-10,3923301000,392330100000,392330,39,Plastic bottles for packaging,Plastic bottles for packaging,CR_HASH_038,Import,IM,IN,IN,BH,IN,IN,BH,IN,NMB,3.81,5.535433070866142,price_per_item,21.09,56.1,3.81,1110.6,1254.88,1.8772386143320523,1.6841288050356895,0.6442087840607709,1.0864174155799162,2.3469388358112164,1.2605214202313002,-0.8043647147670341,4.237720966158166,False,0.20218721811529525,0.20218721811529525,NORMAL,13.0,0.013626834381551363,4.29571431398675,23.025452080470465,11.0,0.011530398322851153,4.462768398649916,21.2390343034744,9.0,1.4444444444444444,0.5270462766947299,2.0,1.3846153846153846,24.475524475524477,22.617716717779942,NORMAL,0,0.0,0.220258164076027,5.506454101900675,1.0,0.0,2,False,83.33333333333334,True,True,100.0,0.9230769230769231,92.3076923076923,65.3887973972037,LOW,1,NORMAL,"NORMAL (price_level=NORMAL, pattern_level=NORMAL, cr_profile_level=LOW)",0
2020-2701-8-10667-1,2020-2701-8-10667,2020-10-17,2020,2020-10,8517120000,851712000000,851712,85,Cellular telephones,Cellular telephones,CR_HASH_011,Import,IM,US,US,BH,US,US,BH,US,NMB,3.43,16510.690962099125,price_per_item,56631.67,150616.14,3.43,1248.1,1366.53,9.711823952148,9.1609472788485,0.7778458576033893,8.086449359029473,9.737226953131787,1.6507775941023137,5.610282967876002,12.213393344285258,False,0.47767976408145,0.47767976408145,NORMAL,13.0,0.013626834381551363,4.29571431398675,23.025452080470465,11.0,0.011530398322851153,4.462768398649916,21.2390343034744,8.0,1.625,1.0606601717798212,4.0,2.4615384615384617,93.00699300699303,32.89743699750022,NORMAL,0,0.0,0.8393929407349916,20.98482351837479,1.0,0.0,1,True,91.66666666666666,False,True,61.53846153846154,1.0,100.0,62.72930361604656,LOW,1,NORMAL,"NORMAL (price_level=NORMAL, pattern_level=NORMAL, cr_profile_level=LOW)",0
2020-2701-5-10644-1,2020-2701-5-10644,2020-10-17,2020,2020-10,102211000,102211000000,102211,10,"Live cattle, pure-bred breeding","Live cattle, pure-bred breeding",CR_HASH_017,Import,IM,CN,CN,BH,CN,CN,BH,CN,NMB,2.39,6652.179916317991,price_per_item,15898.71,42283.8,2.39,138.64,149.94,8.80285020226185,10.013369334439131,0.6855679350518233,9.327801399387308,10.638440798004723,1.3106393986174147,7.361842301461186,12.604399895930845,False,-1.1909599721309667,1.1909599721309667,NORMAL,18.0,0.018867924528301886,3.970291913552122,13.25947284837593,16.0,0.016771488469601678,4.088074949208505,8.931900521218806,10.0,1.8,0.7888106377466155,3.0,1.6666666666666665,42.42424242424242,16.11953797025091,NORMAL,0,0.0,-0.7235670700160954,18.089176750402387,1.0,0.0,2,False,83.33333333333334,False,True,77.27272727272727,0.7727272727272727,77.27272727272727,51.10393913536811,LOW,1,NORMAL,"NORMAL (price_level=NORMAL, pattern_level=NORMAL, cr_profile_level=LOW)",0
2020-2701-6-10316-1,2020-2701-6-10316,2020-10-18,2020,2020-10,9018390000,901839000000,901839,90,Medical syringes and needles,Medical syringes and needles,CR_HASH_023,Import,IM,CN,CN,BH,CN,CN,BH,CN,NMB,4.25,1.7411764705882353,price_per_item,7.4,19.69,4.25,1364.39,1589.38,1.0083871970753842,1.1592369104845446,0.5792846449150362,0.6041021775947832,1.7481096643936567,1.1440074867988734,-1.111909052603527,3.464120894591967,False,-0.17564204171007256,0.17564204171007256,NORMAL,23.0,0.02410901467505241,3.725169455519137,5.903307964603629,18.0,0.018867924528301886,3.970291913552122,5.063213787398673,12.0,1.9166666666666667,0.9962049198956219,4.0,2.0869565217391304,69.16996047430831,15.099272879037596,NORMAL,0,0.0,-0.3922464740830923,9.806161852077308,1.0,0.0,2,False,83.33333333333334,False,True,78.57142857142857,0.9285714285714286,92.85714285714286,51.64644236251277,LOW,1,NORMAL,"NORMAL (price_level=NORMAL, pattern_level=NORMAL, cr_profile_level=LOW)",0
2020-2701-4-10507-1,2020-2701-4-10507,2020-10-18,2020,2020-10,6109100000,610910000000,610910,61,Cotton t-shirts,Cotton t-shirts,CR_HASH_029,Import,IM,CN,CN,BH,CN,CN,BH,CN,NMB,4.76,27.33823529411765,price_per_item,130.13,346.08,4.76,80.04,95.16,3.34421196323826,4.644105600231562,0.7882174659262975,3.8927224589349843,5.444558727344917,1.5518362684099332,1.5649680563200845,7.772313129959818,False,-1.1123405460497473,1.1123405460497473,NORMAL,16.0,0.016771488469601678,4.088074949208505,16.794160929396217,13.0,0.013626834381551363,4.29571431398675,15.75199690827349,8.0,2.0,1.4142135623730951,5.0,2.5,95.45454545454547,28.228461200775648,NORMAL,0,-2.767323064738554,-0.8062204640256341,69.18307661846384,1.0,0.0,4,False,66.66666666666666,False,False,76.47058823529412,0.8333333333333334,83.33333333333334,59.99839054195254,LOW,1,NORMAL,"NORMAL (price_level=NORMAL, pattern_level=NORMAL, cr_profile_level=LOW)",0
2020-2501-8-10515-1,2020-2501-8-10515,2020-10-18,2020,2020-10,9018390000,901839000000,901839,90,Medical syringes and needles,Medical syringes and needles,CR_HASH_030,Re-export,EX,BH,BH,SA,BH,BH,SA,SA,NMB,4.51,2.8181818181818183,price_per_item,12.71,33.81,4.51,892.82,1058.2,1.3397743454849977,1.4183722013465883,0.34031158648964543,0.9528936868330796,1.614923227688858,0.6620295408557785,-0.040150624450588146,2.6079675389725256,False,-0.15577937865753266,0.15577937865753266,NORMAL,6.0,0.006289308176100629,5.0689042022202315,46.22900654036249,6.0,0.006289308176100629,5.0689042022202315,41.148094458851695,6.0,1.0,0.0,1.0,1.0,0.0,37.51633633077934,NORMAL,0,0.0,0.060548232323827625,1.5137058080956907,1.0,0.0,2,False,83.33333333333334,False,False,88.88888888888889,0.9473684210526316,94.73684210526316,41.699387676108344,LOW,1,NORMAL,"NORMAL (price_level=NORMAL, pattern_level=NORMAL, cr_profile_level=LOW)",0
2020-2601-2-10400-1,2020-2601-2-10400,2020-10-18,2020,2020-10,3923301000,392330100000,392330,39,Plastic bottles for packaging,Plastic bottles for packaging,CR_HASH_046,Import,IM,CN,JP,BH,CN,JP,BH,CN,NMB,3.08,2.159090909090909,price_per_item,6.65,17.68,3.08,584.66,625.14,1.1502842992124307,1.6841288050356895,0.6442087840607709,1.0864174155799162,2.3469388358112164,1.2605214202313002,-0.8043647147670341,4.237720966158166,False,-0.5589386470414386,0.5589386470414386,NORMAL,28.0,0.029350104821802937,3.5284591612730827,0.0,1.0,0.0010482180293501049,6.860663671448286,100.0,12.0,2.3333333333333335,1.2309149097933274,5.0,2.142857142857143,72.72727272727273,45.90909090909091,LOW,1,0.0,-0.4764290352894559,11.910725882236397,1.0,0.0,3,False,75.0,False,False,68.42105263157895,0.9047619047619048,90.47619047619048,39.36925531191557,LOW,1,LOW,"LOW (driven by pattern+cr_profile; price_level=NORMAL, pattern_level=LOW, cr_profile_level=LOW)",1
2020-2601-4-10438-1,2020-2601-4-10438,2020-10-19,2020,2020-10,2710192100,271019210000,271019,27,Gas oils for diesel engines,Gas oils for diesel engines,CR_HASH_008,,,CN,BH,CN,CN,BH,CN,,LTR,10862.68,0.45446151410149244,price_per_liter_gross_weight,4936.67,13129.43,2.75,9859.54,10862.68,0.3746357387209551,0.3746357387209551,0.0,0.3746357387209551,0.3746357387209551,0.0,0.3746357387209551,0.3746357387209551,False,0.0,0.0,NORMAL,,,,0.0,,,,0.0,,,,,,0.0,0.0,NORMAL,0,0.0,1.023018923523404,25.575473088085097,1.0,0.0,2,False,83.33333333333334,False,False,0.0,0.95,95.0,27.95141558082978,NORMAL,0,NORMAL,"NORMAL (price_level=NORMAL, pattern_level=NORMAL, cr_profile_level=NORMAL)",0
2020-2601-5-10806-1,2020-2601-5-10806,2020-10-19,2020,2020-10,102211000,102211000000,102211,10,"Live cattle, pure-bred breeding","Live cattle, pure-bred breeding",CR_HASH_041,Import,IM,SA,US,BH,SA,US,BH,SA,NMB,2.26,22934.86283185841,price_per_item,51832.79,137853.17,2.26,476.0,548.8,10.040457027071762,10.013369334439131,0.6855679350518233,9.327801399387308,10.638440798004723,1.3106393986174147,7.361842301461186,12.604399895930845,False,0.02665001882690187,0.02665001882690187,NORMAL,7.0,0.007337526205450734,4.9147535223929735,41.6029195353019,1.0,0.0010482180293501049,6.860663671448286,100.0,4.0,1.75,0.5,2.0,1.1428571428571428,9.090909090909088,57.165096131287314,LOW,1,0.0,0.2684747161901739,6.711867904754347,1.0,0.0,2,False,83.33333333333334,False,True,91.66666666666666,0.5833333333333333,58.33333333333333,46.93248709999735,LOW,1,LOW,"LOW (driven by pattern+cr_profile; price_level=NORMAL, pattern_level=LOW, cr_profile_level=LOW)",1
2020-2701-6-10361-1,2020-2701-6-10361,2020-10-19,2020,2020-10,6109100000,610910000000,610910,61,Cotton t-shirts,Cotton t-shirts,CR_HASH_026,Import,IM,DE,DE,BH,DE,DE,BH,DE,NMB,3.72,136.4758064516129,price_per_item,507.69,1350.24,3.72,263.92,311.11,4.923447948545888,4.644105600231562,0.7882174659262975,3.8927224589349843,5.444558727344917,1.5518362684099332,1.5649680563200845,7.772313129959818,False,0.23903788080499516,0.23903788080499516,NORMAL,5.0,0.005241090146750524,5.251225759014186,51.700506150822136,5.0,0.005241090146750524,5.251225759014186,47.13660531805522,3.0,1.6666666666666667,1.1547005383792517,3.0,1.7999999999999998,50.90909090909091,49.98442857309403,LOW,1,0.0,0.3689090472980617,9.222726182451542,1.0,0.0,1,True,91.66666666666666,False,True,83.33333333333334,1.0,100.0,64.06128749719137,LOW,1,LOW,"LOW (driven by pattern+cr_profile; price_level=NORMAL, pattern_level=LOW, cr_profile_level=LOW)",1
2020-2701-4-10737-1,2020-2701-4-10737,2020-10-19,2020,2020-10,1006301000,100630100000,100630,10,Long-grain milled rice,Long-grain milled rice,CR_HASH_035,Import,IM,CN,CN,BH,CN,CN,BH,CN,KGM,1104.11,0.5151207760096368,price_per_kg,568.75,1512.63,1.53,1104.11,1286.42,0.41549515592222525,0.32869838978139143,0.06767869107876259,0.270176176769005,0.39860128498662895,0.12842510821762393,0.07753851444256912,0.5912389473130648,False,0.8650228865435944,0.8650228865435944,NORMAL,25.0,0.02620545073375262,3.641787846580086,3.4010123016442515,21.0,0.0220125786163522,3.8161412337248635,0.0,9.0,2.7777777777777777,1.6414763002993509,5.0,1.8,50.909090909090914,9.336869787185762,NORMAL,0,18.86558096642547,0.908000537952379,100.0,1.0,0.0,4,False,66.66666666666666,False,False,64.28571428571428,0.8125,81.25,67.32142857142857,LOW,1,NORMAL,"NORMAL (price_level=NORMAL, pattern_level=NORMAL, cr_profile_level=LOW)",0
2020-2701-1-10437-1,2020-2701-1-10437,2020-10-20,2020,2020-10,8471300000,847130000000,847130,84,Portable laptop computers,Portable laptop computers,CR_HASH_011,Import,IM,CN,CN,BH,CN,CN,BH,CN,NMB,1.79,6189.050279329608,price_per_item,11078.4,29463.84,1.79,237.55,274.17,8.730698488316026,8.71824987064452,0.6999612932513521,7.750041925937837,9.126895264901794,1.376853338963957,5.684761917491901,11.192175273347729,False,0.01199563128510406,0.01199563128510406,NORMAL,21.0,0.0220125786163522,3.8161412337248635,8.633385843315326,15.0,0.015723270440251572,4.152613470346076,11.051724646602178,10.0,2.1,1.449137674618944,5.0,2.380952380952381,87.87878787878789,21.36661472978661,NORMAL,0,0.0,-0.05562427119467164,1.3906067798667912,1.0,0.0,2,False,83.33333333333334,False,True,92.85714285714286,0.9285714285714286,92.85714285714286,52.27242665866767,LOW,1,NORMAL,"NORMAL (price_level=NORMAL, pattern_level=NORMAL, cr_profile_level=LOW)",0
2020-2801-1-10083-1,2020-2801-1-10083,2020-10-20,2020,2020-10,3923301000,392330100000,392330,39,Plastic bottles for packaging,Plastic bottles for packaging,CR_HASH_006,Import,IM,AE,AE,BH,AE,AE,BH,AE,NMB,4.99,1.8997995991983967,price_per_item,9.48,25.2,4.99,965.0,1122.43,1.064641630879965,1.6841288050356895,0.6442087840607709,1.0864174155799162,2.3469388358112164,1.2605214202313002,-0.8043647147670341,4.237720966158166,False,-0.6486070741669488,0.6486070741669488,NORMAL,13.0,0.013626834381551363,4.29571431398675,23.025452080470465,11.0,0.011530398322851153,4.462768398649916,21.2390343034744,7.0,1.8571428571428572,1.2149857925879117,4.0,2.1538461538461537,73.42657342657343,29.960374060437285,NORMAL,0,0.0,-0.5144256387485899,12.860640968714748,1.0,0.0,2,False,83.33333333333334,False,False,80.0,0.9,90.0,42.50122433905016,LOW,1,NORMAL,"NORMAL (price_level=NORMAL, pattern_level=NORMAL, cr_profile_level=LOW)",0
2020-2801-4-10910-1,2020-2801-4-10910,2020-10-20,2020,2020-10,6109100000,610910000000,610910,61,Cotton t-shirts,Cotton t-shirts,CR_HASH_042,Re-export,EX,BH,BH,SA,BH,BH,SA,SA,NMB,3.03,253.81848184818486,price_per_item,769.07,2045.4,3.03,304.06,342.66,5.5405514557934925,4.610526181303967,0.7708500247178713,3.916293548711598,5.585818334387825,1.6695247856762268,1.412006370197258,8.090105512902165,False,0.8137684810381327,0.8137684810381327,NORMAL,4.0,0.0041928721174004195,5.474369310328396,58.39708046469813,4.0,0.0041928721174004195,5.474369310328396,54.46595026060942,4.0,1.0,0.0,1.0,1.0,0.0,48.26162282356236,LOW,1,0.0,1.5941408179043381,39.85352044760845,1.0,0.0,3,False,75.0,False,True,77.77777777777779,0.8888888888888888,88.88888888888889,61.170954378885185,LOW,1,LOW,"LOW (driven by pattern+cr_profile; price_level=NORMAL, pattern_level=LOW, cr_profile_level=LOW)",1
2020-2501-5-10917-1,2020-2501-5-10917,2020-10-20,2020,2020-10,102211000,102211000000,102211,10,"Live cattle, pure-bred breeding","Live cattle, pure-bred breeding",CR_HASH_008,Import,IM,SA,SA,BH,SA,SA,BH,SA,NMB,3.77,18432.846153846152,price_per_item,69491.83,184818.69,3.77,169.84,190.8,9.821943718736325,10.013369334439131,0.6855679350518233,9.327801399387308,10.638440798004723,1.3106393986174147,7.361842301461186,12.604399895930845,False,-0.18833262513787333,0.18833262513787333,NORMAL,7.0,0.007337526205450734,4.9147535223929735,41.6029195353019,5.0,0.005241090146750524,5.251225759014186,47.13660531805522,4.0,1.75,0.5,2.0,1.1428571428571428,9.090909090909088,38.662907992606634,NORMAL,0,0.0,-0.015572631089528947,0.3893157772382237,1.0,0.0,3,False,75.0,False,True,85.0,0.8095238095238095,80.95238095238095,47.57673671250957,LOW,1,NORMAL,"NORMAL (price_level=NORMAL, pattern_level=NORMAL, cr_profile_level=LOW)",0
2020-2701-2-10658-1,2020-2701-2-10658,2020-10-20,2020,2020-10,8471300000,847130000000,847130,84,Portable laptop computers,Portable laptop computers,CR_HASH_035,Import,IM,AE,SA,BH,AE,SA,BH,AE,NMB,1.6,1758.48125,price_per_item,2813.57,7482.9,1.6,23.11,26.98,7.472774300268372,8.71824987064452,0.6999612932513521,7.750041925937837,9.126895264901794,1.376853338963957,5.684761917491901,11.192175273347729,False,-1.2001545963640767,1.2001545963640767,NORMAL,8.0,0.008385744234800839,4.781222129768451,37.595620697047174,1.0,0.0010482180293501049,6.860663671448286,100.0,6.0,1.3333333333333333,0.5163977794943223,2.0,1.5,31.818181818181824,58.57053762125086,LOW,1,0.0,-0.7281387840911304,18.20346960227826,1.0,0.0,3,False,75.0,False,True,80.0,0.8823529411764706,88.23529411764706,54.0182731843268,LOW,1,LOW,"LOW (driven by pattern+cr_profile; price_level=NORMAL, pattern_level=LOW, cr_profile_level=LOW)",1
2020-2501-8-10784-1,2020-2501-8-10784,2020-10-21,2020,2020-10,1006301000,100630100000,100630,10,Long-grain milled rice,Long-grain milled rice,CR_HASH_036,Import,IM,AE,AE,BH,AE,AE,BH,AE,KGM,2641.11,0.48503848760559004,price_per_kg,1281.04,3407.03,4.7,2641.11,2842.26,0.3954406894983302,0.32869838978139143,0.06767869107876259,0.270176176769005,0.39860128498662895,0.12842510821762393,0.07753851444256912,0.5912389473130648,False,0.6651586150344275,0.6651586150344275,NORMAL,10.0,0.010482180293501049,4.558078578454241,30.899046383171186,7.0,0.007337526205450734,4.9147535223929735,36.084880671453035,8.0,1.25,0.4629100498862757,2.0,1.6,38.181818181818194,33.80650415386688,NORMAL,0,0.0,0.6874572250040935,17.186430625102336,1.0,0.0,1,True,91.66666666666666,False,True,69.23076923076923,0.8571428571428572,85.71428571428572,60.46580016933527,LOW,1,NORMAL,"NORMAL (price_level=NORMAL, pattern_level=NORMAL, cr_profile_level=LOW)",0
2020-2601-8-10523-1,2020-2601-8-10523,2020-10-22,2020,2020-10,8703221000,870322100000,870322,87,Passenger cars 1000-1500cc,Passenger cars 1000-1500cc,CR_HASH_008,Import,IM,TH,TH,BH,TH,TH,BH,TH,NMB,3.13,212598.12460063898,price_per_item,665432.13,1769766.3,3.13,809.44,890.89,12.267163627292792,12.339741490828857,0.5298577154310848,11.445675964067552,12.647064860424424,1.201388896356871,9.643592619532246,14.44914820495973,False,-0.09238913933300273,0.09238913933300273,NORMAL,1.0,0.0010482180293501049,6.860663671448286,100.0,1.0,0.0010482180293501049,6.860663671448286,100.0,1.0,1.0,0.0,1.0,1.0,0.0,85.0,HIGH,1,0.0,-0.027749611878860637,0.693740296971516,1.0,0.0,2,False,83.33333333333334,True,True,100.0,0.9090909090909091,90.9090909090909,63.42462728575821,LOW,1,HIGH,"HIGH (driven by pattern+cr_profile; price_level=NORMAL, pattern_level=HIGH, cr_profile_level=LOW)",1
2020-2601-9-10224-1,2020-2601-9-10224,2020-10-23,2020,2020-10,102211000,102211000000,102211,10,"Live cattle, pure-bred breeding","Live cattle, pure-bred breeding",CR_HASH_013,Import,IM,US,US,BH,US,US,BH,US,NMB,4.75,14046.98105263158,price_per_item,66723.16,177455.2,4.75,253.18,286.41,9.550233967114847,10.013369334439131,0.6855679350518233,9.327801399387308,10.638440798004723,1.3106393986174147,7.361842301461186,12.604399895930845,False,-0.4556521821917107,0.4556521821917107,NORMAL,10.0,0.010482180293501049,4.558078578454241,30.899046383171186,7.0,0.007337526205450734,4.9147535223929735,36.084880671453035,7.0,1.4285714285714286,0.7867957924694432,3.0,2.1,70.00000000000001,38.579231426594156,NORMAL,0,0.0,-0.2775901852663393,6.939754631658482,1.0,0.0,1,True,91.66666666666666,False,True,91.66666666666666,0.75,75.0,60.34558078774713,LOW,1,NORMAL,"NORMAL (price_level=NORMAL, pattern_level=NORMAL, cr_profile_level=LOW)",0
2020-2601-8-10284-1,2020-2601-8-10284,2020-10-24,2020,2020-10,8703221000,870322100000,870322,87,Passenger cars 1000-1500cc,Passenger cars 1000-1500cc,CR_HASH_020,Import,IM,US,US,BH,US,US,BH,US,NMB,3.47,252727.18731988472,price_per_item,876963.34,2332349.3,3.47,378.16,414.36,12.440069831753531,12.339741490828857,0.5298577154310848,11.445675964067552,12.647064860424424,1.201388896356871,9.643592619532246,14.44914820495973,False,0.12771454844675545,0.12771454844675545,NORMAL,10.0,0.010482180293501049,4.558078578454241,30.899046383171186,8.0,0.008385744234800839,4.781222129768451,31.698925390914113,7.0,1.4285714285714286,0.5345224838248488,2.0,1.4,25.454545454545453,30.362328896587346,NORMAL,0,0.0,0.19806542429801638,4.9516356074504095,1.0,0.0,1,True,91.66666666666666,False,True,80.0,1.0,100.0,61.733072462607645,LOW,1,NORMAL,"NORMAL (price_level=NORMAL, pattern_level=NORMAL, cr_profile_level=LOW)",0
2020-2701-8-10886-1,2020-2701-8-10886,2020-10-25,2020,2020-10,6109100000,610910000000,610910,61,Cotton t-shirts,Cotton t-shirts,CR_HASH_010,Import,IM,SA,SA,BH,SA,SA,BH,SA,NMB,2.27,32.60352422907489,price_per_item,74.01,196.84,2.27,796.76,926.41,3.514630949238907,4.644105600231562,0.7882174659262975,3.8927224589349843,5.444558727344917,1.5518362684099332,1.5649680563200845,7.772313129959818,False,-0.9665101930497343,0.9665101930497343,NORMAL,14.0,0.014675052410901468,4.221606341833028,20.80145976765095,10.0,0.010482180293501049,4.558078578454241,24.369580448359905,8.0,1.75,0.8864052604279183,3.0,1.7142857142857142,45.45454545454546,25.74826485893326,NORMAL,0,-0.4646368194678101,-0.7536576295716704,18.84144073929176,3.0,50.0,3,False,75.0,False,True,90.0,0.8095238095238095,80.95238095238095,60.28498044922831,LOW,1,NORMAL,"NORMAL (price_level=NORMAL, pattern_level=NORMAL, cr_profile_level=LOW)",0
2020-2701-4-10063-1,2020-2701-4-10063,2020-10-25,2020,2020-10,1006301000,100630100000,100630,10,Long-grain milled rice,Long-grain milled rice,CR_HASH_031,Import,IM,CN,CN,BH,CN,CN,BH,CN,KGM,849.1,0.5301613473089153,price_per_kg,450.16,1197.23,4.07,849.1,992.74,0.4253731856017376,0.32869838978139143,0.06767869107876259,0.270176176769005,0.39860128498662895,0.12842510821762393,0.07753851444256912,0.5912389473130648,False,0.9634680490381354,0.9634680490381354,NORMAL,25.0,0.02620545073375262,3.641787846580086,3.4010123016442515,21.0,0.0220125786163522,3.8161412337248635,0.0,9.0,2.7777777777777777,1.6414763002993509,5.0,1.8,50.909090909090914,9.336869787185762,NORMAL,0,0.0,0.9857981338658848,24.64495334664712,1.0,0.0,2,False,83.33333333333334,False,True,81.25,0.875,87.5,56.43823367132649,LOW,1,NORMAL,"NORMAL (price_level=NORMAL, pattern_level=NORMAL, cr_profile_level=LOW)",0
2020-2801-3-10783-1,2020-2801-3-10783,2020-10-26,2020,2020-10,8703221000,870322100000,870322,87,Passenger cars 1000-1500cc,Passenger cars 1000-1500cc,CR_HASH_008,Import,IM,JP,JP,BH,JP,JP,BH,JP,NMB,2.27,34727.77533039648,price_per_item,78832.05,209659.71,2.27,97.0,102.31,10.455323882530617,12.339741490828857,0.5298577154310848,11.445675964067552,12.647064860424424,1.201388896356871,9.643592619532246,14.44914820495973,False,-2.3987991998154876,2.3987991998154876,LOW,3.0,0.0031446540880503146,5.762051382780177,67.03046630801344,2.0,0.0020964360587002098,6.1675164908883415,77.23297513030472,3.0,1.0,0.0,1.0,1.0,0.0,60.54677444961337,LOW,1,-2.4260459756311215,-0.993603845793593,60.65114939077804,1.0,0.0,2,False,83.33333333333334,False,True,95.45454545454545,0.8695652173913043,86.95652173913044,72.48284299823476,LOW,1,LOW,"LOW (driven by price+pattern+cr_profile; price_level=LOW, pattern_level=LOW, cr_profile_level=LOW)",1
2020-2801-9-10598-1,2020-2801-9-10598,2020-10-26,2020,2020-10,102211000,102211000000,102211,10,"Live cattle, pure-bred breeding","Live cattle, pure-bred breeding",CR_HASH_003,Import,IM,US,US,BH,US,US,BH,US,NMB,0.85,24564.458823529414,price_per_item,20879.79,55531.35,0.85,86.94,104.2,10.109096622365604,10.013369334439131,0.6855679350518233,9.327801399387308,10.638440798004723,1.3106393986174147,7.361842301461186,12.604399895930845,False,0.094180558679834,0.094180558679834,NORMAL,10.0,0.010482180293501049,4.558078578454241,30.899046383171186,7.0,0.007337526205450734,4.9147535223929735,36.084880671453035,7.0,1.4285714285714286,0.7867957924694432,3.0,2.1,70.00000000000001,38.579231426594156,NORMAL,0,0.0,0.3808479029379193,9.521197573447983,1.0,0.0,3,False,75.0,False,True,69.23076923076923,0.7692307692307692,76.92307692307692,46.024726843014484,LOW,1,NORMAL,"NORMAL (price_level=NORMAL, pattern_level=NORMAL, cr_profile_level=LOW)",0
2020-2801-7-10798-1,2020-2801-7-10798,2020-10-26,2020,2020-10,3923301000,392330100000,392330,39,Plastic bottles for packaging,Plastic bottles for packaging,CR_HASH_013,Re-export,EX,BH,BH,US,BH,BH,US,US,NMB,1.3,67.03076923076922,price_per_item,87.14,231.75,1.3,174.68,191.61,4.219960091521754,2.008077055471865,0.7629623078147538,1.1201351912780924,2.51712417371907,1.3969889824409778,-0.9753482823833743,4.612607647380537,False,1.9553976042823296,1.9553976042823296,NORMAL,6.0,0.006289308176100629,5.0689042022202315,46.22900654036249,6.0,0.006289308176100629,5.0689042022202315,41.148094458851695,6.0,1.0,0.0,1.0,1.0,0.0,37.51633633077934,NORMAL,0,0.0,12.550585888480924,100.0,1.0,0.0,2,False,83.33333333333334,False,True,84.61538461538461,0.8461538461538461,84.61538461538461,83.07692307692307,MEDIUM,1,LOW,"LOW (driven by cr_profile; price_level=NORMAL, pattern_level=NORMAL, cr_profile_level=MEDIUM)",1
2020-2501-8-10353-1,2020-2501-8-10353,2020-10-26,2020,2020-10,8517120000,851712000000,851712,85,Cellular telephones,Cellular telephones,CR_HASH_006,Import,IM,US,US,BH,US,US,BH,US,NMB,3.99,21.39097744360902,price_per_item,85.35,227.0,3.99,11.04,11.82,3.1086580850222005,9.1609472788485,0.7778458576033893,8.086449359029473,9.737226953131787,1.6507775941023137,5.610282967876002,12.213393344285258,True,-5.248100372345678,5.248100372345678,HIGH,13.0,0.013626834381551363,4.29571431398675,23.025452080470465,11.0,0.011530398322851153,4.462768398649916,21.2390343034744,8.0,1.625,1.0606601717798212,4.0,2.4615384615384617,93.00699300699303,32.89743699750022,NORMAL,0,-4.415208958528043,-0.9992007147341345,100.0,1.0,0.0,5,False,58.333333333333336,False,False,71.42857142857143,0.7142857142857143,71.42857142857143,67.14285714285714,LOW,1,HIGH,"HIGH (driven by price+cr_profile; price_level=HIGH, pattern_level=NORMAL, cr_profile_level=LOW)",1
2020-2801-6-10484-1,2020-2801-6-10484,2020-10-27,2020,2020-10,6109100000,610910000000,610910,61,Cotton t-shirts,Cotton t-shirts,CR_HASH_026,Import,IM,CN,CN,BH,CN,CN,BH,CN,NMB,3.62,67.14917127071823,price_per_item,243.08,646.5,3.62,1162.58,1371.35,4.221698997697631,4.644105600231562,0.7882174659262975,3.8927224589349843,5.444558727344917,1.5518362684099332,1.5649680563200845,7.772313129959818,False,-0.36146033609673883,0.36146033609673883,NORMAL,16.0,0.016771488469601678,4.088074949208505,16.794160929396217,13.0,0.013626834381551363,4.29571431398675,15.75199690827349,8.0,2.0,1.4142135623730951,5.0,2.5,95.45454545454547,28.228461200775648,NORMAL,0,0.0,-0.3169286755075081,7.923216887687702,1.0,0.0,1,True,91.66666666666666,False,True,76.92307692307692,0.9285714285714286,92.85714285714286,60.5753237128885,LOW,1,NORMAL,"NORMAL (price_level=NORMAL, pattern_level=NORMAL, cr_profile_level=LOW)",0
2020-2601-3-10259-1,2020-2601-3-10259,2020-10-27,2020,2020-10,8504400090,850440009000,850440,85,Static converters,Static converters,CR_HASH_045,Re-export,EX,BH,BH,IN,BH,BH,IN,IN,NMB,2.26,5728.827433628319,price_per_item,12947.15,34433.9,2.26,523.4,606.29,8.653440692960048,7.211981005295417,0.7196345903205628,6.668983974826631,7.961818755725377,1.2928347808987457,4.729731803478512,9.901070927073494,False,1.3510346119614975,1.3510346119614975,NORMAL,2.0,0.0020964360587002098,6.1675164908883415,79.19854023234907,2.0,0.0020964360587002098,6.1675164908883415,77.23297513030472,2.0,1.0,0.0,1.0,1.0,0.0,66.6308114117812,LOW,1,0.0,2.764776703035189,69.11941757587972,1.0,0.0,1,True,91.66666666666666,True,True,100.0,0.8571428571428572,85.71428571428572,96.33465329441505,HIGH,1,HIGH,"HIGH (driven by pattern+cr_profile; price_level=NORMAL, pattern_level=LOW, cr_profile_level=HIGH)",1
2020-2601-4-10498-1,2020-2601-4-10498,2020-10-27,2020,2020-10,8471300000,847130000000,847130,84,Portable laptop computers,Portable laptop computers,CR_HASH_027,Import,IM,DE,DE,BH,DE,DE,BH,DE,NMB,3.75,3712.4533333333334,price_per_item,13921.7,37025.8,3.75,237.22,263.13,8.219717540269471,8.71824987064452,0.6999612932513521,7.750041925937837,9.126895264901794,1.376853338963957,5.684761917491901,11.192175273347729,False,-0.4803914921872063,0.4803914921872063,NORMAL,5.0,0.005241090146750524,5.251225759014186,51.700506150822136,3.0,0.0031446540880503146,5.762051382780177,63.915119328547,3.0,1.6666666666666667,1.1547005383792517,3.0,1.7999999999999998,50.90909090909091,55.85690847676615,LOW,1,0.0,-0.39920313383747896,9.980078345936974,1.0,0.0,3,False,75.0,False,True,93.75,0.8888888888888888,88.88888888888889,54.70830519885572,LOW,1,LOW,"LOW (driven by pattern+cr_profile; price_level=NORMAL, pattern_level=LOW, cr_profile_level=LOW)",1
2020-2801-4-10340-1,2020-2801-4-10340,2020-10-27,2020,2020-10,1006301000,100630100000,100630,10,Long-grain milled rice,Long-grain milled rice,CR_HASH_014,Import,IM,IN,IN,BH,IN,IN,BH,IN,KGM,507.11,0.391039419455345,price_per_kg,198.3,527.39,1.88,507.11,599.02,0.3300512514724366,0.32869838978139143,0.06767869107876259,0.270176176769005,0.39860128498662895,0.12842510821762393,0.07753851444256912,0.5912389473130648,False,0.013482718044855497,0.013482718044855497,NORMAL,5.0,0.005241090146750524,5.251225759014186,51.700506150822136,4.0,0.0041928721174004195,5.474369310328396,54.46595026060942,4.0,1.25,0.5,2.0,1.6,38.181818181818194,50.64060839389709,LOW,1,0.0,0.05189068341153182,1.2972670852882955,1.0,0.0,2,False,83.33333333333334,False,True,78.57142857142857,0.75,75.0,45.09690062270805,LOW,1,LOW,"LOW (driven by pattern+cr_profile; price_level=NORMAL, pattern_level=LOW, cr_profile_level=LOW)",1
2020-2501-6-10100-1,2020-2501-6-10100,2020-10-27,2020,2020-10,1006301000,100630100000,100630,10,Long-grain milled rice,Long-grain milled rice,CR_HASH_021,Import,IM,DE,DE,BH,DE,DE,BH,DE,KGM,2645.79,0.36095835270372933,price_per_kg,955.02,2539.96,3.17,2645.79,2967.76,0.3081891226895363,0.32869838978139143,0.06767869107876259,0.270176176769005,0.39860128498662895,0.12842510821762393,0.07753851444256912,0.5912389473130648,False,-0.2043968480565749,0.2043968480565749,NORMAL,6.0,0.006289308176100629,5.0689042022202315,46.22900654036249,4.0,0.0041928721174004195,5.474369310328396,54.46595026060942,4.0,1.5,1.0,3.0,2.0,63.63636363636365,51.72304040684909,LOW,1,0.0,-0.19090449977012647,4.772612494253162,1.0,0.0,2,False,83.33333333333334,False,True,94.11764705882352,0.7777777777777778,77.77777777777779,50.755381693250044,LOW,1,LOW,"LOW (driven by pattern+cr_profile; price_level=NORMAL, pattern_level=LOW, cr_profile_level=LOW)",1
2020-2701-4-10325-1,2020-2701-4-10325,2020-10-28,2020,2020-10,6109100000,610910000000,610910,61,Cotton t-shirts,Cotton t-shirts,CR_HASH_049,,,CN,BH,DE,CN,BH,DE,,NMB,4.58,42.58733624454149,price_per_item,195.05,518.75,4.58,144.54,166.04,3.774766655058469,3.774766655058469,0.0,3.774766655058469,3.774766655058469,0.0,3.774766655058469,3.774766655058469,False,0.0,0.0,NORMAL,,,,0.0,,,,0.0,,,,,,0.0,0.0,NORMAL,0,0.0,-0.6439188237526847,16.097970593817116,1.0,0.0,2,False,83.33333333333334,False,False,0.0,0.9565217391304348,95.65217391304348,24.76472449044469,NORMAL,0,NORMAL,"NORMAL (price_level=NORMAL, pattern_level=NORMAL, cr_profile_level=NORMAL)",0
2020-2801-5-10628-1,2020-2801-5-10628,2020-10-29,2020,2020-10,2710192100,271019210000,271019,27,Gas oils for diesel engines,Gas oils for diesel engines,CR_HASH_044,Import,IM,IN,IN,BH,IN,IN,BH,IN,LTR,15860.35,0.4592288316462121,price_per_liter_gross_weight,7283.53,19371.09,3.22,13330.77,15860.35,0.3779080986722092,0.26355592811875056,0.07105600884335336,0.1979668243457394,0.33634243682655873,0.13837561248081934,-0.009596594375489625,0.5439058555477878,False,1.08547445346157,1.08547445346157,NORMAL,6.0,0.006289308176100629,5.0689042022202315,46.22900654036249,6.0,0.006289308176100629,5.0689042022202315,41.148094458851695,5.0,1.2,0.4472135954999579,2.0,1.6666666666666667,42.424242424242436,43.879972694415706,NORMAL,0,0.0,1.0875613709175622,27.189034272939054,1.0,0.0,2,False,83.33333333333334,False,True,94.11764705882352,0.9411764705882353,94.11764705882352,61.86910317199926,LOW,1,NORMAL,"NORMAL (price_level=NORMAL, pattern_level=NORMAL, cr_profile_level=LOW)",0
2020-2601-2-10622-1,2020-2601-2-10622,2020-10-29,2020,2020-10,102211000,102211000000,102211,10,"Live cattle, pure-bred breeding","Live cattle, pure-bred breeding",CR_HASH_015,Re-export,EX,BH,BH,SA,BH,BH,SA,SA,NMB,4.22,29052.585308056874,price_per_item,122601.91,326068.92,4.22,603.67,691.53,10.27689717318637,9.549317841384953,0.6971436999939566,8.846103941045365,10.18755556601122,1.3414516249658544,6.833926503596584,12.19973300346,False,0.703937417910347,0.703937417910347,NORMAL,5.0,0.005241090146750524,5.251225759014186,51.700506150822136,5.0,0.005241090146750524,5.251225759014186,47.13660531805522,4.0,1.25,0.5,2.0,1.6,38.181818181818194,48.07533766400312,LOW,1,0.0,0.5559517196471895,13.898792991179738,1.0,0.0,3,False,75.0,False,True,94.11764705882352,0.7647058823529411,76.47058823529412,53.68810695867761,LOW,1,LOW,"LOW (driven by pattern+cr_profile; price_level=NORMAL, pattern_level=LOW, cr_profile_level=LOW)",1
2020-2601-8-10122-1,2020-2601-8-10122,2020-10-29,2020,2020-10,8517120000,851712000000,851712,85,Cellular telephones,Cellular telephones,CR_HASH_041,Import,IM,CN,US,BH,CN,US,BH,CN,NMB,3.98,1090.3994974874372,price_per_item,4339.79,11542.0,3.98,61.22,65.5,6.995216094322703,9.1609472788485,0.7778458576033893,8.086449359029473,9.737226953131787,1.6507775941023137,5.610282967876002,12.213393344285258,False,-1.8779629115384082,1.8779629115384082,NORMAL,22.0,0.023060796645702306,3.769621218089971,7.2373125983257305,1.0,0.0010482180293501049,6.860663671448286,100.0,10.0,2.2,0.7888106377466155,3.0,1.3636363636363635,23.140495867768593,42.089730679328156,NORMAL,0,0.0,-0.8795629847927878,21.989074619819696,1.0,0.0,2,False,83.33333333333334,False,True,76.92307692307692,0.8461538461538461,84.61538461538461,53.85002227078304,LOW,1,NORMAL,"NORMAL (price_level=NORMAL, pattern_level=NORMAL, cr_profile_level=LOW)",0
2020-2601-8-10295-1,2020-2601-8-10295,2020-10-30,2020,2020-10,8517120000,851712000000,851712,85,Cellular telephones,Cellular telephones,CR_HASH_011,Import,IM,IN,JP,BH,IN,JP,BH,IN,NMB,1.77,14397.790960451977,price_per_item,25484.09,67776.84,1.77,100.99,114.92,9.57489952095944,9.1609472788485,0.7778458576033893,8.086449359029473,9.737226953131787,1.6507775941023137,5.610282967876002,12.213393344285258,False,0.35894896069602766,0.35894896069602766,NORMAL,9.0,0.009433962264150943,4.663439094112067,34.06093261602687,1.0,0.0010482180293501049,6.860663671448286,100.0,6.0,1.5,0.5477225575051662,2.0,1.3333333333333333,21.21212121212121,55.21228448983161,LOW,1,0.0,0.6047099503988667,15.117748759971667,1.0,0.0,1,True,91.66666666666666,False,True,93.33333333333333,0.9333333333333333,93.33333333333333,67.29121206599008,LOW,1,LOW,"LOW (driven by pattern+cr_profile; price_level=NORMAL, pattern_level=LOW, cr_profile_level=LOW)",1
2020-2601-8-10007-1,2020-2601-8-10007,2020-10-30,2020,2020-10,1006301000,100630100000,100630,10,Long-grain milled rice,Long-grain milled rice,CR_HASH_006,Re-export,EX,BH,BH,AE,BH,BH,AE,AE,KGM,2700.77,0.40231859802945086,price_per_kg,1086.57,2889.82,3.43,2700.77,3002.95,0.3381270081808493,0.2942812331971436,0.07865143426710039,0.2366195387420564,0.39544094305664584,0.15882140431458944,-0.0016125677298277352,0.63367304952853,False,0.3760080199957658,0.3760080199957658,NORMAL,5.0,0.005241090146750524,5.251225759014186,51.700506150822136,5.0,0.005241090146750524,5.251225759014186,47.13660531805522,4.0,1.25,0.5,2.0,1.6,38.181818181818194,48.07533766400312,LOW,1,0.0,0.11453083670449608,2.863270917612402,1.0,0.0,3,False,75.0,False,True,77.27272727272727,0.7727272727272727,77.27272727272727,45.77487209389161,LOW,1,LOW,"LOW (driven by pattern+cr_profile; price_level=NORMAL, pattern_level=LOW, cr_profile_level=LOW)",1
2020-2501-8-10666-1,2020-2501-8-10666,2020-10-30,2020,2020-10,2710192100,271019210000,271019,27,Gas oils for diesel engines,Gas oils for diesel engines,CR_HASH_043,Re-export,EX,BH,BH,US,BH,BH,US,US,LTR,9582.82,0.39585216042876736,price_per_liter_gross_weight,3793.38,10088.77,2.7,8359.48,9582.82,0.3335050964604826,0.2773855677315066,0.0779894680702432,0.16396900989912072,0.33244641877019565,0.16847740887107493,-0.08874710340749165,0.585162532076808,False,0.4853489130068585,0.4853489130068585,NORMAL,4.0,0.0041928721174004195,5.474369310328396,58.39708046469813,4.0,0.0041928721174004195,5.474369310328396,54.46595026060942,4.0,1.0,0.0,1.0,1.0,0.0,48.26162282356236,LOW,1,0.0,0.6292887553371721,15.732218883429303,1.0,0.0,2,False,83.33333333333334,False,True,88.88888888888889,0.9444444444444444,94.44444444444444,56.61738772031137,LOW,1,LOW,"LOW (driven by pattern+cr_profile; price_level=NORMAL, pattern_level=LOW, cr_profile_level=LOW)",1
2020-2601-6-10180-1,2020-2601-6-10180,2020-10-30,2020,2020-10,8703221000,870322100000,870322,87,Passenger cars 1000-1500cc,Passenger cars 1000-1500cc,CR_HASH_039,Re-export,EX,BH,BH,CN,BH,BH,CN,CN,NMB,0.56,1480665.839285714,price_per_item,829172.87,2205247.0,0.56,953.03,1084.4,14.20800311135037,12.004283802979177,0.6624296738554509,11.2719045323345,12.594725507248622,1.3228209749141229,9.287673069963315,14.578956969619806,False,2.2438431861385313,2.2438431861385313,LOW,8.0,0.008385744234800839,4.781222129768451,37.595620697047174,8.0,0.008385744234800839,4.781222129768451,31.698925390914113,6.0,1.3333333333333333,0.5163977794943222,2.0,1.5,31.818181818181824,34.665161508070796,NORMAL,0,0.0,6.9619174531753,100.0,1.0,0.0,2,False,83.33333333333334,False,True,72.72727272727273,0.9166666666666666,91.66666666666666,81.51515151515152,MEDIUM,1,MEDIUM,"MEDIUM (driven by price+cr_profile; price_level=LOW, pattern_level=NORMAL, cr_profile_level=MEDIUM)",1
2020-2701-2-10715-1,2020-2701-2-10715,2020-10-30,2020,2020-10,8517120000,851712000000,851712,85,Cellular telephones,Cellular telephones,CR_HASH_012,Re-export,EX,BH,BH,US,BH,BH,US,US,NMB,4.32,3232.361111111111,price_per_item,13963.8,37137.76,4.32,653.81,735.6,8.081277466851754,8.864077348542533,0.8102493638708186,8.21372138236038,9.675589371385747,1.461867989025368,6.020919398822327,11.8683913549238,False,-0.6516404828723602,0.6516404828723602,NORMAL,4.0,0.0041928721174004195,5.474369310328396,58.39708046469813,4.0,0.0041928721174004195,5.474369310328396,54.46595026060942,4.0,1.0,0.0,1.0,1.0,0.0,48.26162282356236,LOW,1,0.0,-0.6275468000358292,15.68867000089573,1.0,0.0,2,False,83.33333333333334,False,True,80.0,0.7222222222222222,72.22222222222221,49.935478944757946,LOW,1,LOW,"LOW (driven by pattern+cr_profile; price_level=NORMAL, pattern_level=LOW, cr_profile_level=LOW)",1
2020-2701-8-10423-1,2020-2701-8-10423,2020-10-31,2020,2020-10,9018390000,901839000000,901839,90,Medical syringes and needles,Medical syringes and needles,CR_HASH_018,Import,IM,CN,CN,BH,CN,CN,BH,CN,NMB,4.98,0.3875502008032128,price_per_item,1.93,5.12,4.98,185.88,210.48,0.32753974674301695,1.1592369104845446,0.5792846449150362,0.6041021775947832,1.7481096643936567,1.1440074867988734,-1.111909052603527,3.464120894591967,False,-0.9683875734507533,0.9683875734507533,NORMAL,23.0,0.02410901467505241,3.725169455519137,5.903307964603629,18.0,0.018867924528301886,3.970291913552122,5.063213787398673,12.0,1.9166666666666667,0.9962049198956219,4.0,2.0869565217391304,69.16996047430831,15.099272879037596,NORMAL,0,0.0,-0.8739603298071463,21.84900824517866,1.0,0.0,2,False,83.33333333333334,False,False,75.0,0.9166666666666666,91.66666666666666,44.73048621914586,LOW,1,NORMAL,"NORMAL (price_level=NORMAL, pattern_level=NORMAL, cr_profile_level=LOW)",0
2020-2601-5-10232-1,2020-2601-5-10232,2020-11-01,2020,2020-11,9018390000,901839000000,901839,90,Medical syringes and needles,Medical syringes and needles,CR_HASH_017,Import,IM,IN,IN,BH,IN,IN,BH,IN,NMB,1.0,0.95,price_per_item,0.95,2.52,1.0,13.73,15.75,0.6678293725756554,1.1592369104845446,0.5792846449150362,0.6041021775947832,1.7481096643936567,1.1440074867988734,-1.111909052603527,3.464120894591967,False,-0.572170946297574,0.572170946297574,NORMAL,6.0,0.006289308176100629,5.0689042022202315,46.22900654036249,6.0,0.006289308176100629,5.0689042022202315,41.148094458851695,3.0,2.0,1.0,3.0,1.5,31.818181818181824,42.28906360350661,NORMAL,0,0.13356338643261914,-0.6743084646767368,16.85771161691842,1.0,0.0,4,False,66.66666666666666,False,True,91.30434782608697,0.8695652173913043,86.95652173913044,56.117590370269276,LOW,1,NORMAL,"NORMAL (price_level=NORMAL, pattern_level=NORMAL, cr_profile_level=LOW)",0
2020-2701-1-10097-1,2020-2701-1-10097,2020-11-01,2020,2020-11,8471300000,847130000000,847130,84,Portable laptop computers,Portable laptop computers,CR_HASH_048,,,CN,BH,US,CN,BH,US,,NMB,0.72,9336.361111111111,price_per_item,6722.18,17878.14,0.72,275.19,327.59,9.141778955018387,9.141778955018387,0.0,9.141778955018387,9.141778955018387,0.0,9.141778955018387,9.141778955018387,False,0.0,0.0,NORMAL,,,,0.0,,,,0.0,,,,,,0.0,0.0,NORMAL,0,2.0388532760594926,0.3868331112983054,50.97133190148732,1.0,0.0,6,False,50.0,False,False,0.0,0.736842105263158,73.6842105263158,32.57680827078372,NORMAL,0,NORMAL,"NORMAL (price_level=NORMAL, pattern_level=NORMAL, cr_profile_level=NORMAL)",0
2020-2601-8-10012-1,2020-2601-8-10012,2020-11-01,2020,2020-11,2710192100,271019210000,271019,27,Gas oils for diesel engines,Gas oils for diesel engines,CR_HASH_018,Import,IM,US,US,BH,US,US,BH,US,LTR,11418.14,0.23066191165986755,price_per_liter_gross_weight,2633.73,7004.6,2.21,10331.97,11418.14,0.20755216420002695,0.26355592811875056,0.07105600884335336,0.1979668243457394,0.33634243682655873,0.13837561248081934,-0.009596594375489625,0.5439058555477878,False,-0.5316091049014954,0.5316091049014954,NORMAL,11.0,0.011530398322851153,4.462768398649916,28.038772365976683,11.0,0.011530398322851153,4.462768398649916,21.2390343034744,8.0,1.375,0.7440238091428449,3.0,2.1818181818181817,75.20661157024794,32.73403992474157,NORMAL,0,0.0,-0.46391927626935864,11.597981906733965,1.0,0.0,1,True,91.66666666666666,False,True,76.92307692307692,1.0,100.0,63.290062898126116,LOW,1,NORMAL,"NORMAL (price_level=NORMAL, pattern_level=NORMAL, cr_profile_level=LOW)",0
2020-2601-4-10620-1,2020-2601-4-10620,2020-11-02,2020,2020-11,2710192100,271019210000,271019,27,Gas oils for diesel engines,Gas oils for diesel engines,CR_HASH_016,Import,IM,US,US,BH,US,US,BH,US,LTR,10076.51,0.03040536852541207,price_per_liter_gross_weight,306.38,814.84,3.05,8425.15,10076.51,0.029952286491619372,0.26355592811875056,0.07105600884335336,0.1979668243457394,0.33634243682655873,0.13837561248081934,-0.009596594375489625,0.5439058555477878,False,-2.2174549376244723,2.2174549376244723,LOW,11.0,0.011530398322851153,4.462768398649916,28.038772365976683,11.0,0.011530398322851153,4.462768398649916,21.2390343034744,8.0,1.375,0.7440238091428449,3.0,2.1818181818181817,75.20661157024794,32.73403992474157,NORMAL,0,0.0,-1.788348647774629,44.70871619436573,1.0,0.0,2,False,83.33333333333334,False,True,87.5,0.9375,93.75,66.273050668028,LOW,1,LOW,"LOW (driven by price+cr_profile; price_level=LOW, pattern_level=NORMAL, cr_profile_level=LOW)",1
2020-2601-4-10405-1,2020-2601-4-10405,2020-11-02,2020,2020-11,9018390000,901839000000,901839,90,Medical syringes and needles,Medical syringes and needles,CR_HASH_001,Import,IM,US,US,BH,US,US,BH,US,NMB,2.98,1.7046979865771812,price_per_item,5.08,13.5,2.98,578.52,655.14,0.9949902560012238,1.1592369104845446,0.5792846449150362,0.6041021775947832,1.7481096643936567,1.1440074867988734,-1.111909052603527,3.464120894591967,False,-0.1912407858492322,0.1912407858492322,NORMAL,11.0,0.011530398322851153,4.462768398649916,28.038772365976683,9.0,0.009433962264150943,4.663439094112067,27.830238657093965,7.0,1.5714285714285714,0.7867957924694432,3.0,1.9090909090909092,57.8512396694215,32.437655663384454,NORMAL,0,1.134193440952775,-0.4091757734182337,28.354836023819374,1.0,0.0,4,False,66.66666666666666,False,False,87.5,0.8125,81.25,48.04919260833678,LOW,1,NORMAL,"NORMAL (price_level=NORMAL, pattern_level=NORMAL, cr_profile_level=LOW)",0
2020-2801-7-10588-1,2020-2801-7-10588,2020-11-02,2020,2020-11,2710192100,271019210000,271019,27,Gas oils for diesel engines,Gas oils for diesel engines,CR_HASH_044,Re-export,EX,BH,BH,CN,BH,BH,CN,CN,LTR,5087.04,0.15851064666289238,price_per_liter_gross_weight,806.35,2144.55,4.16,4409.46,5087.04,0.14713525488940565,0.2773855677315066,0.0779894680702432,0.16396900989912072,0.33244641877019565,0.16847740887107493,-0.08874710340749165,0.585162532076808,False,-1.1264679014326147,1.1264679014326147,NORMAL,10.0,0.010482180293501049,4.558078578454241,30.899046383171186,10.0,0.010482180293501049,4.558078578454241,24.369580448359905,7.0,1.4285714285714286,0.5345224838248488,2.0,1.4,25.454545454545453,27.797058166693375,NORMAL,0,0.0,-0.9344018908777185,23.360047271942964,1.0,0.0,3,False,75.0,False,True,77.77777777777779,0.8888888888888888,88.88888888888889,55.39823876740226,LOW,1,NORMAL,"NORMAL (price_level=NORMAL, pattern_level=NORMAL, cr_profile_level=LOW)",0
2020-2601-1-10184-1,2020-2601-1-10184,2020-11-02,2020,2020-11,8504400090,850440009000,850440,85,Static converters,Static converters,CR_HASH_044,Import,IM,US,SA,BH,US,SA,BH,US,NMB,1.06,426.9150943396226,price_per_item,452.53,1203.54,1.06,137.19,159.85,6.058924798191174,7.466827051260017,0.5715840105867187,6.914775863803976,8.032836322465545,1.11806045866157,5.23768517581162,9.7099270104579,False,-1.661377929320402,1.661377929320402,NORMAL,14.0,0.014675052410901468,4.221606341833028,20.80145976765095,2.0,0.0020964360587002098,6.1675164908883415,77.23297513030472,9.0,1.5555555555555556,1.130388330520878,4.0,2.571428571428571,100.0,52.43227117943213,LOW,1,0.0,-0.8948634346773243,22.37158586693311,1.0,0.0,1,True,91.66666666666666,False,True,83.33333333333334,0.8333333333333334,83.33333333333334,65.33005505342659,LOW,1,LOW,"LOW (driven by pattern+cr_profile; price_level=NORMAL, pattern_level=LOW, cr_profile_level=LOW)",1
2020-2701-9-10527-1,2020-2701-9-10527,2020-11-03,2020,2020-11,9018390000,901839000000,901839,90,Medical syringes and needles,Medical syringes and needles,CR_HASH_023,,,CN,BH,JP,CN,BH,JP,,NMB,4.09,1.17359413202934,price_per_item,4.8,12.76,4.09,50.49,57.46,0.7763820794711028,0.7763820794711028,0.0,0.7763820794711028,0.7763820794711028,0.0,0.7763820794711028,0.7763820794711028,False,0.0,0.0,NORMAL,,,,0.0,,,,0.0,,,,,,0.0,0.0,NORMAL,0,0.0,-0.5942315292279685,14.855788230699213,1.0,0.0,3,False,75.0,False,False,0.0,0.8666666666666667,86.66666666666667,22.53285921407806,NORMAL,0,NORMAL,"NORMAL (price_level=NORMAL, pattern_level=NORMAL, cr_profile_level=NORMAL)",0
2020-2801-1-10432-1,2020-2801-1-10432,2020-11-04,2020,2020-11,8517120000,851712000000,851712,85,Cellular telephones,Cellular telephones,CR_HASH_042,Import,IM,IN,IN,BH,IN,IN,BH,IN,NMB,0.78,69532.2435897436,price_per_item,54235.15,144242.41,0.78,1221.43,1303.87,11.149560242224213,9.1609472788485,0.7778458576033893,8.086449359029473,9.737226953131787,1.6507775941023137,5.610282967876002,12.213393344285258,False,1.724379007564497,1.724379007564497,NORMAL,9.0,0.009433962264150943,4.663439094112067,34.06093261602687,8.0,0.008385744234800839,4.781222129768451,31.698925390914113,6.0,1.5,0.5477225575051662,2.0,1.3333333333333333,21.21212121212121,31.306908376651556,NORMAL,0,0.0,6.728576770172955,100.0,1.0,0.0,2,False,83.33333333333334,True,True,100.0,0.8947368421052632,89.47368421052632,97.89473684210526,HIGH,1,HIGH,"HIGH (driven by cr_profile; price_level=NORMAL, pattern_level=NORMAL, cr_profile_level=HIGH)",1
2020-2701-2-10060-1,2020-2701-2-10060,2020-11-05,2020,2020-11,6109100000,610910000000,610910,61,Cotton t-shirts,Cotton t-shirts,CR_HASH_036,Import,IM,SA,IN,BH,SA,IN,BH,SA,NMB,1.23,199.17073170731706,price_per_item,244.98,651.55,1.23,252.73,285.49,5.2991706609254035,4.644105600231562,0.7882174659262975,3.8927224589349843,5.444558727344917,1.5518362684099332,1.5649680563200845,7.772313129959818,False,0.560550037767477,0.560550037767477,NORMAL,14.0,0.014675052410901468,4.221606341833028,20.80145976765095,1.0,0.0010482180293501049,6.860663671448286,100.0,8.0,1.75,0.8864052604279183,3.0,1.7142857142857142,45.45454545454546,52.2189117020073,LOW,1,0.0,1.0365655742297126,25.914139355742815,1.0,0.0,2,False,83.33333333333334,False,True,78.57142857142857,0.9333333333333333,93.33333333333333,57.37947258403379,LOW,1,LOW,"LOW (driven by pattern+cr_profile; price_level=NORMAL, pattern_level=LOW, cr_profile_level=LOW)",1
2020-2601-4-10280-1,2020-2601-4-10280,2020-11-05,2020,2020-11,6109100000,610910000000,610910,61,Cotton t-shirts,Cotton t-shirts,CR_HASH_044,Import,IM,SA,SA,BH,SA,SA,BH,SA,NMB,4.77,52.05450733752621,price_per_item,248.3,660.38,4.77,213.31,224.88,3.971319825400359,4.644105600231562,0.7882174659262975,3.8927224589349843,5.444558727344917,1.5518362684099332,1.5649680563200845,7.772313129959818,False,-0.5757139467820156,0.5757139467820156,NORMAL,14.0,0.014675052410901468,4.221606341833028,20.80145976765095,10.0,0.010482180293501049,4.558078578454241,24.369580448359905,8.0,1.75,0.8864052604279183,3.0,1.7142857142857142,45.45454545454546,25.74826485893326,NORMAL,0,0.0,-0.5175358685964612,12.93839671491153,1.0,0.0,3,False,75.0,False,True,90.0,0.9,90.0,55.02843885021903,LOW,1,NORMAL,"NORMAL (price_level=NORMAL, pattern_level=NORMAL, cr_profile_level=LOW)",0
2020-2701-5-10140-1,2020-2701-5-10140,2020-11-05,2020,2020-11,2710192100,271019210000,271019,27,Gas oils for diesel engines,Gas oils for diesel engines,CR_HASH_014,Re-export,EX,BH,BH,CN,BH,BH,CN,CN,LTR,9585.71,0.41881926325749474,price_per_liter_gross_weight,4014.68,10677.34,3.59,8532.84,9585.71,0.3498250209730993,0.2773855677315066,0.0779894680702432,0.16396900989912072,0.33244641877019565,0.16847740887107493,-0.08874710340749165,0.585162532076808,False,0.6264915384341949,0.6264915384341949,NORMAL,10.0,0.010482180293501049,4.558078578454241,30.899046383171186,10.0,0.010482180293501049,4.558078578454241,24.369580448359905,7.0,1.4285714285714286,0.5345224838248488,2.0,1.4,25.454545454545453,27.797058166693375,NORMAL,0,0.0,0.7818373770395136,19.54593442598784,1.0,0.0,1,True,91.66666666666666,False,True,86.66666666666667,1.0,100.0,68.50774371576242,LOW,1,NORMAL,"NORMAL (price_level=NORMAL, pattern_level=NORMAL, cr_profile_level=LOW)",0
2020-2801-2-10957-1,2020-2801-2-10957,2020-11-06,2020,2020-11,8703221000,870322100000,870322,87,Passenger cars 1000-1500cc,Passenger cars 1000-1500cc,CR_HASH_036,Import,IM,CN,CN,BH,CN,CN,BH,CN,NMB,1.27,274299.3149606299,price_per_item,348360.13,926489.71,1.27,291.85,318.05,12.521978825159195,12.339741490828857,0.5298577154310848,11.445675964067552,12.647064860424424,1.201388896356871,9.643592619532246,14.44914820495973,False,0.2319818971352643,0.2319818971352643,NORMAL,20.0,0.020964360587002098,3.8649313978942956,10.097586615520235,14.0,0.014675052410901468,4.221606341833028,13.317855801757727,9.0,2.2222222222222223,1.3017082793177757,5.0,2.25,79.54545454545456,21.641861020193506,NORMAL,0,0.0,0.3159899597659274,7.899748994148186,1.0,0.0,1,True,91.66666666666666,False,True,86.66666666666667,1.0,100.0,64.43157881461853,LOW,1,NORMAL,"NORMAL (price_level=NORMAL, pattern_level=NORMAL, cr_profile_level=LOW)",0
2020-2601-5-10850-1,2020-2601-5-10850,2020-11-06,2020,2020-11,6109100000,610910000000,610910,61,Cotton t-shirts,Cotton t-shirts,CR_HASH_036,Import,IM,SA,AE,BH,SA,AE,BH,SA,NMB,0.62,417.8709677419355,price_per_item,259.08,689.04,0.62,275.79,300.66,6.037562919611703,4.644105600231562,0.7882174659262975,3.8927224589349843,5.444558727344917,1.5518362684099332,1.5649680563200845,7.772313129959818,False,1.1924045409757702,1.1924045409757702,NORMAL,14.0,0.014675052410901468,4.221606341833028,20.80145976765095,1.0,0.0010482180293501049,6.860663671448286,100.0,8.0,1.75,0.8864052604279183,3.0,1.7142857142857142,45.45454545454546,52.2189117020073,LOW,1,0.0,3.267981086933638,81.69952717334095,1.0,0.0,2,False,83.33333333333334,False,False,73.33333333333334,0.875,87.5,64.42816784400267,LOW,1,LOW,"LOW (driven by pattern+cr_profile; price_level=NORMAL, pattern_level=LOW, cr_profile_level=LOW)",1
2020-2801-1-10589-1,2020-2801-1-10589,2020-11-06,2020,2020-11,2710192100,271019210000,271019,27,Gas oils for diesel engines,Gas oils for diesel engines,CR_HASH_047,Import,IM,CN,CN,BH,CN,CN,BH,CN,LTR,14128.33,0.1513059222144443,price_per_liter_gross_weight,2137.7,5685.38,2.5,12015.6,14128.33,0.14089688262105732,0.26355592811875056,0.07105600884335336,0.1979668243457394,0.33634243682655873,0.13837561248081934,-0.009596594375489625,0.5439058555477878,False,-1.1643264813367322,1.1643264813367322,NORMAL,19.0,0.019916142557651992,3.916224692281846,11.63690673320574,15.0,0.015723270440251572,4.152613470346076,11.051724646602178,8.0,2.375,1.407885953173359,5.0,2.1052631578947367,70.33492822966507,20.236796227363392,NORMAL,0,0.0,-0.9645581334886993,24.113953337217485,1.0,0.0,2,False,83.33333333333334,False,True,66.66666666666667,0.9090909090909091,90.9090909090909,53.28836851651097,LOW,1,NORMAL,"NORMAL (price_level=NORMAL, pattern_level=NORMAL, cr_profile_level=LOW)",0
2020-2601-9-10129-1,2020-2601-9-10129,2020-11-07,2020,2020-11,9018390000,901839000000,901839,90,Medical syringes and needles,Medical syringes and needles,CR_HASH_026,Import,IM,CN,CN,BH,CN,CN,BH,CN,NMB,4.37,0.6979405034324943,price_per_item,3.05,8.1,4.37,357.81,428.85,0.5294160480717902,1.1592369104845446,0.5792846449150362,0.6041021775947832,1.7481096643936567,1.1440074867988734,-1.111909052603527,3.464120894591967,False,-0.7333326639191163,0.7333326639191163,NORMAL,23.0,0.02410901467505241,3.725169455519137,5.903307964603629,18.0,0.018867924528301886,3.970291913552122,5.063213787398673,12.0,1.9166666666666667,0.9962049198956219,4.0,2.0869565217391304,69.16996047430831,15.099272879037596,NORMAL,0,0.0,-0.7720056246214264,19.30014061553566,1.0,0.0,1,True,91.66666666666666,False,True,71.42857142857143,1.0,100.0,64.61219207258034,LOW,1,NORMAL,"NORMAL (price_level=NORMAL, pattern_level=NORMAL, cr_profile_level=LOW)",0
2020-2501-6-10152-1,2020-2501-6-10152,2020-11-07,2020,2020-11,1006301000,100630100000,100630,10,Long-grain milled rice,Long-grain milled rice,CR_HASH_021,Import,IM,JP,JP,BH,JP,JP,BH,JP,KGM,1399.55,0.31207888249794574,price_per_kg,436.77,1161.63,2.76,1399.55,1657.15,0.27161281256967235,0.32869838978139143,0.06767869107876259,0.270176176769005,0.39860128498662895,0.12842510821762393,0.07753851444256912,0.5912389473130648,False,-0.5689190159408178,0.5689190159408178,NORMAL,7.0,0.007337526205450734,4.9147535223929735,41.6029195353019,6.0,0.006289308176100629,5.0689042022202315,41.148094458851695,6.0,1.1666666666666667,0.408248290463863,2.0,1.7142857142857142,45.45454545454546,42.02147464643086,NORMAL,0,0.0,-0.5217817893955239,13.044544734888097,1.0,0.0,3,False,75.0,False,True,94.44444444444444,0.736842105263158,73.6842105263158,52.9135438735851,LOW,1,NORMAL,"NORMAL (price_level=NORMAL, pattern_level=NORMAL, cr_profile_level=LOW)",0
2020-2501-5-10513-1,2020-2501-5-10513,2020-11-07,2020,2020-11,8703221000,870322100000,870322,87,Passenger cars 1000-1500cc,Passenger cars 1000-1500cc,CR_HASH_041,Import,IM,CN,SA,BH,CN,SA,BH,CN,NMB,4.04,308664.7747524752,price_per_item,1247005.69,3316504.5,4.04,762.88,804.13,12.640014335385217,12.339741490828857,0.5298577154310848,11.445675964067552,12.647064860424424,1.201388896356871,9.643592619532246,14.44914820495973,False,0.38223706681375885,0.38223706681375885,NORMAL,20.0,0.020964360587002098,3.8649313978942956,10.097586615520235,1.0,0.0010482180293501049,6.860663671448286,100.0,9.0,2.2222222222222223,1.3017082793177757,5.0,2.25,79.54545454545456,51.98061148957831,LOW,1,1.4585696066063656,0.48130817766850875,36.46424016515914,1.0,0.0,4,False,66.66666666666666,False,False,71.42857142857143,0.7857142857142857,78.57142857142857,46.33391262923428,LOW,1,LOW,"LOW (driven by pattern+cr_profile; price_level=NORMAL, pattern_level=LOW, cr_profile_level=LOW)",1
2020-2701-1-10089-1,2020-2701-1-10089,2020-11-07,2020,2020-11,102211000,102211000000,102211,10,"Live cattle, pure-bred breeding","Live cattle, pure-bred breeding",CR_HASH_010,Import,IM,AE,US,BH,AE,US,BH,AE,NMB,4.45,23973.047191011236,price_per_item,106680.06,283723.56,4.45,1035.4,1220.06,10.084727157189702,10.013369334439131,0.6855679350518233,9.327801399387308,10.638440798004723,1.3106393986174147,7.361842301461186,12.604399895930845,False,0.07020484710678662,0.07020484710678662,NORMAL,11.0,0.011530398322851153,4.462768398649916,28.038772365976683,2.0,0.0020964360587002098,6.1675164908883415,77.23297513030472,8.0,1.375,0.7440238091428449,3.0,2.1818181818181817,75.20661157024794,52.331919214132185,LOW,1,0.0,0.3020129736478593,7.550324341196482,1.0,0.0,2,False,83.33333333333334,False,True,85.71428571428572,0.9545454545454546,95.45454545454545,53.16209403889929,LOW,1,LOW,"LOW (driven by pattern+cr_profile; price_level=NORMAL, pattern_level=LOW, cr_profile_level=LOW)",1
2020-2801-7-10818-1,2020-2801-7-10818,2020-11-08,2020,2020-11,8504400090,850440009000,850440,85,Static converters,Static converters,CR_HASH_022,Import,IM,AE,AE,BH,AE,AE,BH,AE,NMB,4.84,1101.6652892561985,price_per_item,5332.06,14181.0,4.84,88.31,101.82,7.005485518311631,7.466827051260017,0.5715840105867187,6.914775863803976,8.032836322465545,1.11806045866157,5.23768517581162,9.7099270104579,False,-0.5444004646264397,0.5444004646264397,NORMAL,12.0,0.012578616352201259,4.375757021660286,25.427546772711544,8.0,0.008385744234800839,4.781222129768451,31.698925390914113,8.0,1.5,0.5345224838248488,2.0,1.3333333333333333,21.21212121212121,26.990215454993894,NORMAL,0,0.0,-0.4141788039162252,10.35447009790563,1.0,0.0,3,False,75.0,False,True,76.47058823529412,0.7058823529411764,70.58823529411764,46.85935865191403,LOW,1,NORMAL,"NORMAL (price_level=NORMAL, pattern_level=NORMAL, cr_profile_level=LOW)",0
2020-2501-8-10706-1,2020-2501-8-10706,2020-11-09,2020,2020-11,8703221000,870322100000,870322,87,Passenger cars 1000-1500cc,Passenger cars 1000-1500cc,CR_HASH_032,Import,IM,CN,CN,BH,CN,CN,BH,CN,NMB,2.72,434988.7205882353,price_per_item,1183169.32,3146726.91,2.72,471.27,533.11,12.983077678959965,12.339741490828857,0.5298577154310848,11.445675964067552,12.647064860424424,1.201388896356871,9.643592619532246,14.44914820495973,False,0.8189449761589193,0.8189449761589193,NORMAL,20.0,0.020964360587002098,3.8649313978942956,10.097586615520235,14.0,0.014675052410901468,4.221606341833028,13.317855801757727,9.0,2.2222222222222223,1.3017082793177757,5.0,2.25,79.54545454545456,21.641861020193506,NORMAL,0,0.0,1.2072518724864036,30.18129681216009,1.0,0.0,1,True,91.66666666666666,False,True,76.92307692307692,1.0,100.0,69.79422311502526,LOW,1,NORMAL,"NORMAL (price_level=NORMAL, pattern_level=NORMAL, cr_profile_level=LOW)",0
2020-2801-9-10462-1,2020-2801-9-10462,2020-11-09,2020,2020-11,3923301000,392330100000,392330,39,Plastic bottles for packaging,Plastic bottles for packaging,CR_HASH_041,Re-export,EX,BH,BH,AE,BH,BH,AE,AE,NMB,2.85,11.143859649122808,price_per_item,31.76,84.48,2.85,331.71,396.32,2.4968236633666936,2.008077055471865,0.7629623078147538,1.1201351912780924,2.51712417371907,1.3969889824409778,-0.9753482823833743,4.612607647380537,False,0.43207255112611986,0.43207255112611986,NORMAL,5.0,0.005241090146750524,5.251225759014186,51.700506150822136,5.0,0.005241090146750524,5.251225759014186,47.13660531805522,5.0,1.0,0.0,1.0,1.0,0.0,42.348064936730395,NORMAL,0,0.0,1.2996474611705002,32.49118652926251,1.0,0.0,1,True,91.66666666666666,False,True,93.33333333333333,1.0,100.0,74.70524861857521,LOW,1,NORMAL,"NORMAL (price_level=NORMAL, pattern_level=NORMAL, cr_profile_level=LOW)",0
2020-2701-7-10070-1,2020-2701-7-10070,2020-11-09,2020,2020-11,1006301000,100630100000,100630,10,Long-grain milled rice,Long-grain milled rice,CR_HASH_002,Import,IM,JP,AE,BH,JP,AE,BH,JP,KGM,3197.79,0.28951869885139425,price_per_kg,925.82,2462.3,3.93,3197.79,3826.89,0.2542690470882511,0.32869838978139143,0.06767869107876259,0.270176176769005,0.39860128498662895,0.12842510821762393,0.07753851444256912,0.5912389473130648,False,-0.7417682446313332,0.7417682446313332,NORMAL,7.0,0.007337526205450734,4.9147535223929735,41.6029195353019,1.0,0.0010482180293501049,6.860663671448286,100.0,6.0,1.1666666666666667,0.408248290463863,2.0,1.7142857142857142,45.45454545454546,62.619641585832774,LOW,1,0.0,-0.6490558061315066,16.226395153287665,1.0,0.0,3,False,75.0,False,True,93.33333333333333,0.7647058823529411,76.47058823529412,54.30668928404284,LOW,1,LOW,"LOW (driven by pattern+cr_profile; price_level=NORMAL, pattern_level=LOW, cr_profile_level=LOW)",1
2020-2501-2-10903-1,2020-2501-2-10903,2020-11-09,2020,2020-11,3923301000,392330100000,392330,39,Plastic bottles for packaging,Plastic bottles for packaging,CR_HASH_044,Import,IM,IN,IN,BH,IN,IN,BH,IN,NMB,2.86,1.4370629370629373,price_per_item,4.11,10.92,2.86,356.0,375.75,0.8907935999406714,1.6841288050356895,0.6442087840607709,1.0864174155799162,2.3469388358112164,1.2605214202313002,-0.8043647147670341,4.237720966158166,False,-0.8306270858821156,0.8306270858821156,NORMAL,13.0,0.013626834381551363,4.29571431398675,23.025452080470465,11.0,0.011530398322851153,4.462768398649916,21.2390343034744,9.0,1.4444444444444444,0.5270462766947299,2.0,1.3846153846153846,24.475524475524477,22.617716717779942,NORMAL,0,-1.475251750955949,-0.6301996782237493,36.881293773898726,1.0,0.0,4,False,66.66666666666666,False,True,90.47619047619048,0.8571428571428572,85.71428571428572,62.67035758276932,LOW,1,NORMAL,"NORMAL (price_level=NORMAL, pattern_level=NORMAL, cr_profile_level=LOW)",0
2020-2601-6-10859-1,2020-2601-6-10859,2020-11-10,2020,2020-11,3923301000,392330100000,392330,39,Plastic bottles for packaging,Plastic bottles for packaging,CR_HASH_041,Import,IM,CN,US,BH,CN,US,BH,CN,NMB,1.35,3.7777777777777772,price_per_item,5.1,13.57,1.35,113.79,133.97,1.5639755383573428,1.6841288050356895,0.6442087840607709,1.0864174155799162,2.3469388358112164,1.2605214202313002,-0.8043647147670341,4.237720966158166,False,-0.12580124658440997,0.12580124658440997,NORMAL,28.0,0.029350104821802937,3.5284591612730827,0.0,2.0,0.0020964360587002098,6.1675164908883415,77.23297513030472,12.0,2.3333333333333335,1.2309149097933274,5.0,2.142857142857143,72.72727272727273,37.940632204697565,NORMAL,0,0.0,-0.16483278392390938,4.120819598097734,1.0,0.0,1,True,91.66666666666666,False,True,68.75,0.9375,93.75,57.3797868593342,LOW,1,NORMAL,"NORMAL (price_level=NORMAL, pattern_level=NORMAL, cr_profile_level=LOW)",0
2020-2601-8-10974-1,2020-2601-8-10974,2020-11-11,2020,2020-11,8703221000,870322100000,870322,87,Passenger cars 1000-1500cc,Passenger cars 1000-1500cc,CR_HASH_009,Import,IM,SA,SA,BH,SA,SA,BH,SA,NMB,2.22,222973.43693693692,price_per_item,495001.03,1316492.1,2.22,316.21,334.76,12.31481241130165,12.339741490828857,0.5298577154310848,11.445675964067552,12.647064860424424,1.201388896356871,9.643592619532246,14.44914820495973,False,-0.03173386608077957,0.03173386608077957,NORMAL,5.0,0.005241090146750524,5.251225759014186,51.700506150822136,4.0,0.0041928721174004195,5.474369310328396,54.46595026060942,4.0,1.25,0.5,2.0,1.6,38.181818181818194,50.64060839389709,LOW,1,0.06545239627873006,0.040851833575426294,1.6363099069682516,1.0,0.0,4,False,66.66666666666666,False,False,90.0,0.85,85.0,40.072708467438886,LOW,1,LOW,"LOW (driven by pattern+cr_profile; price_level=NORMAL, pattern_level=LOW, cr_profile_level=LOW)",1
2020-2701-4-10351-1,2020-2701-4-10351,2020-11-12,2020,2020-11,3923301000,392330100000,392330,39,Plastic bottles for packaging,Plastic bottles for packaging,CR_HASH_023,Import,IM,AE,AE,BH,AE,AE,BH,AE,NMB,3.67,1.4877384196185286,price_per_item,5.46,14.52,3.67,612.86,709.19,0.9113740325403982,1.6841288050356895,0.6442087840607709,1.0864174155799162,2.3469388358112164,1.2605214202313002,-0.8043647147670341,4.237720966158166,False,-0.8090792399694199,0.8090792399694199,NORMAL,13.0,0.013626834381551363,4.29571431398675,23.025452080470465,11.0,0.011530398322851153,4.462768398649916,21.2390343034744,7.0,1.8571428571428572,1.2149857925879117,4.0,2.1538461538461537,73.42657342657343,29.960374060437285,NORMAL,0,0.0,-0.62083376244623,15.520844061155751,1.0,0.0,3,False,75.0,False,False,73.33333333333334,0.875,87.5,41.26562875473785,LOW,1,NORMAL,"NORMAL (price_level=NORMAL, pattern_level=NORMAL, cr_profile_level=LOW)",0
2020-2501-5-10973-1,2020-2501-5-10973,2020-11-13,2020,2020-11,8504400090,850440009000,850440,85,Static converters,Static converters,CR_HASH_004,,,US,BH,AE,US,BH,AE,,NMB,2.1,5280.157142857142,price_per_item,11088.33,29490.24,2.1,407.65,466.26,8.571900508533329,8.571900508533329,0.0,8.571900508533329,8.571900508533329,0.0,8.571900508533329,8.571900508533329,False,0.0,0.0,NORMAL,,,,0.0,,,,0.0,,,,,,0.0,0.0,NORMAL,0,22.783100651225006,2.3744826807112864,100.0,1.0,0.0,4,False,66.66666666666666,False,False,0.0,0.7142857142857143,71.42857142857143,49.285714285714285,LOW,1,NORMAL,"NORMAL (price_level=NORMAL, pattern_level=NORMAL, cr_profile_level=LOW)",0
2020-2801-8-10010-1,2020-2801-8-10010,2020-11-16,2020,2020-11,8703221000,870322100000,870322,87,Passenger cars 1000-1500cc,Passenger cars 1000-1500cc,CR_HASH_019,Import,IM,CN,CN,BH,CN,CN,BH,CN,NMB,0.96,30420.645833333336,price_per_item,29203.82,77669.73,0.96,32.6,34.47,10.322909668009606,12.339741490828857,0.5298577154310848,11.445675964067552,12.647064860424424,1.201388896356871,9.643592619532246,14.44914820495973,False,-2.567357968550431,2.567357968550431,LOW,20.0,0.020964360587002098,3.8649313978942956,10.097586615520235,14.0,0.014675052410901468,4.221606341833028,13.317855801757727,9.0,2.2222222222222223,1.3017082793177757,5.0,2.25,79.54545454545456,21.641861020193506,NORMAL,0,0.0,-1.0324040023495724,25.81010005873931,1.0,0.0,2,False,83.33333333333334,False,True,80.0,0.9090909090909091,90.9090909090909,57.21535320237694,LOW,1,LOW,"LOW (driven by price+cr_profile; price_level=LOW, pattern_level=NORMAL, cr_profile_level=LOW)",1
2020-2601-5-10837-1,2020-2601-5-10837,2020-11-17,2020,2020-11,8471300000,847130000000,847130,84,Portable laptop computers,Portable laptop computers,CR_HASH_016,Import,IM,AE,AE,BH,AE,AE,BH,AE,NMB,4.81,862.7525987525988,price_per_item,4149.84,11036.82,4.81,50.61,54.55,6.76128638376343,8.71824987064452,0.6999612932513521,7.750041925937837,9.126895264901794,1.376853338963957,5.684761917491901,11.192175273347729,False,-1.885752542691535,1.885752542691535,NORMAL,8.0,0.008385744234800839,4.781222129768451,37.595620697047174,5.0,0.005241090146750524,5.251225759014186,47.13660531805522,6.0,1.3333333333333333,0.5163977794943223,2.0,1.5,31.818181818181824,40.068349482570184,NORMAL,0,-0.8993481245259045,-0.8473591697137678,22.483703113147612,0.5,0.0,3,False,75.0,False,True,94.11764705882352,0.7647058823529411,76.47058823529412,56.69282550136637,LOW,1,NORMAL,"NORMAL (price_level=NORMAL, pattern_level=NORMAL, cr_profile_level=LOW)",0
2020-2501-8-10442-1,2020-2501-8-10442,2020-11-17,2020,2020-11,8517120000,851712000000,851712,85,Cellular telephones,Cellular telephones,CR_HASH_007,Import,IM,JP,JP,BH,JP,JP,BH,JP,NMB,4.97,3512.754527162978,price_per_item,17458.39,46431.9,4.97,568.05,635.31,8.164440410633423,9.1609472788485,0.7778458576033893,8.086449359029473,9.737226953131787,1.6507775941023137,5.610282967876002,12.213393344285258,False,-0.8640975172599566,0.8640975172599566,NORMAL,5.0,0.005241090146750524,5.251225759014186,51.700506150822136,5.0,0.005241090146750524,5.251225759014186,47.13660531805522,5.0,1.0,0.0,1.0,1.0,0.0,42.348064936730395,NORMAL,0,0.0,-0.6219327399573734,15.548318498934336,1.0,0.0,3,False,75.0,False,True,88.23529411764706,0.8823529411764706,88.23529411764706,55.147793827568194,LOW,1,NORMAL,"NORMAL (price_level=NORMAL, pattern_level=NORMAL, cr_profile_level=LOW)",0
2020-2501-6-10596-1,2020-2501-6-10596,2020-11-18,2020,2020-11,8517120000,851712000000,851712,85,Cellular telephones,Cellular telephones,CR_HASH_021,Re-export,EX,BH,BH,JP,BH,BH,JP,JP,NMB,4.91,12570.515274949084,price_per_item,61721.23,164152.2,4.91,78.7,84.14,9.439188841252196,8.864077348542533,0.8102493638708186,8.21372138236038,9.675589371385747,1.461867989025368,6.020919398822327,11.8683913549238,False,0.4787506227074368,0.4787506227074368,NORMAL,2.0,0.0020964360587002098,6.1675164908883415,79.19854023234907,2.0,0.0020964360587002098,6.1675164908883415,77.23297513030472,1.0,2.0,0.0,2.0,1.0,0.0,66.6308114117812,LOW,1,-0.8812456480979634,0.40175168370001235,22.031141202449085,1.0,0.0,4,False,66.66666666666666,False,True,89.47368421052632,0.8,80.0,56.07932047348876,LOW,1,LOW,"LOW (driven by pattern+cr_profile; price_level=NORMAL, pattern_level=LOW, cr_profile_level=LOW)",1
2020-2701-3-10965-1,2020-2701-3-10965,2020-11-18,2020,2020-11,102211000,102211000000,102211,10,"Live cattle, pure-bred breeding","Live cattle, pure-bred breeding",CR_HASH_004,Import,IM,US,CN,BH,US,CN,BH,US,NMB,2.75,13863.96,price_per_item,38125.89,101398.65,2.75,485.09,511.82,9.537120073083582,10.013369334439131,0.6855679350518233,9.327801399387308,10.638440798004723,1.3106393986174147,7.361842301461186,12.604399895930845,False,-0.46855418634418805,0.46855418634418805,NORMAL,10.0,0.010482180293501049,4.558078578454241,30.899046383171186,2.0,0.0020964360587002098,6.1675164908883415,77.23297513030472,7.0,1.4285714285714286,0.7867957924694432,3.0,2.1,70.00000000000001,52.98106448719224,LOW,1,0.0,-0.2812456736033498,7.031141840083745,1.0,0.0,2,False,83.33333333333334,False,True,75.0,0.8,80.0,47.21089964402931,LOW,1,LOW,"LOW (driven by pattern+cr_profile; price_level=NORMAL, pattern_level=LOW, cr_profile_level=LOW)",1
2020-2601-5-10466-1,2020-2601-5-10466,2020-11-18,2020,2020-11,1006301000,100630100000,100630,10,Long-grain milled rice,Long-grain milled rice,CR_HASH_045,Re-export,EX,BH,BH,US,BH,BH,US,US,KGM,3225.83,0.5451992200456937,price_per_kg,1758.72,4677.45,3.93,3225.83,3720.42,0.4351528470504091,0.2942812331971436,0.07865143426710039,0.2366195387420564,0.39544094305664584,0.15882140431458944,-0.0016125677298277352,0.63367304952853,False,1.2080720803374818,1.2080720803374818,NORMAL,8.0,0.008385744234800839,4.781222129768451,37.595620697047174,8.0,0.008385744234800839,4.781222129768451,31.698925390914113,8.0,1.0,0.0,1.0,1.0,0.0,29.892434235343526,NORMAL,0,0.0,1.1025357206056439,27.563393015141095,1.0,0.0,1,True,91.66666666666666,False,True,85.71428571428572,1.0,100.0,71.07575898387081,LOW,1,NORMAL,"NORMAL (price_level=NORMAL, pattern_level=NORMAL, cr_profile_level=LOW)",0
2020-2601-4-10992-1,2020-2601-4-10992,2020-11-18,2020,2020-11,1006301000,100630100000,100630,10,Long-grain milled rice,Long-grain milled rice,CR_HASH_043,Import,IM,CN,CN,BH,CN,CN,BH,CN,KGM,1662.28,0.34968236398200064,price_per_kg,581.27,1545.92,0.78,1662.28,1755.69,0.29986927882700015,0.32869838978139143,0.06767869107876259,0.270176176769005,0.39860128498662895,0.12842510821762393,0.07753851444256912,0.5912389473130648,False,-0.2873130173281999,0.2873130173281999,NORMAL,25.0,0.02620545073375262,3.641787846580086,3.4010123016442515,21.0,0.0220125786163522,3.8161412337248635,0.0,9.0,2.7777777777777777,1.6414763002993509,5.0,1.8,50.909090909090914,9.336869787185762,NORMAL,0,0.0,-0.25940824419491676,6.485206104872919,1.0,0.0,2,False,83.33333333333334,False,True,78.94736842105263,0.8421052631578947,84.21052631578947,48.84876950512657,LOW,1,NORMAL,"NORMAL (price_level=NORMAL, pattern_level=NORMAL, cr_profile_level=LOW)",0
2020-2601-6-10464-1,2020-2601-6-10464,2020-11-18,2020,2020-11,6109100000,610910000000,610910,61,Cotton t-shirts,Cotton t-shirts,CR_HASH_010,Re-export,EX,BH,BH,TH,BH,BH,TH,TH,NMB,3.11,164.81672025723475,price_per_item,512.58,1363.24,3.11,260.88,297.31,5.1108830835588925,4.610526181303967,0.7708500247178713,3.916293548711598,5.585818334387825,1.6695247856762268,1.412006370197258,8.090105512902165,False,0.4378103342927184,0.4378103342927184,NORMAL,1.0,0.0010482180293501049,6.860663671448286,100.0,1.0,0.0010482180293501049,6.860663671448286,100.0,1.0,1.0,0.0,1.0,1.0,0.0,85.0,HIGH,1,3.767551143985902,0.7335212168887723,94.18877859964755,1.0,0.0,4,False,66.66666666666666,True,True,100.0,0.782608695652174,78.26086956521739,93.61824642292012,HIGH,1,HIGH,"HIGH (driven by pattern+cr_profile; price_level=NORMAL, pattern_level=HIGH, cr_profile_level=HIGH)",1
2020-2501-5-10555-1,2020-2501-5-10555,2020-11-19,2020,2020-11,2710192100,271019210000,271019,27,Gas oils for diesel engines,Gas oils for diesel engines,CR_HASH_035,Import,IM,CN,IN,BH,CN,IN,BH,CN,LTR,8458.07,0.19026444567141204,price_per_liter_gross_weight,1609.27,4279.97,2.26,7861.72,8458.07,0.17417550568879572,0.26355592811875056,0.07105600884335336,0.1979668243457394,0.33634243682655873,0.13837561248081934,-0.009596594375489625,0.5439058555477878,False,-0.8484330880450003,0.8484330880450003,NORMAL,19.0,0.019916142557651992,3.916224692281846,11.63690673320574,1.0,0.0010482180293501049,6.860663671448286,100.0,8.0,2.375,1.407885953173359,5.0,2.1052631578947367,70.33492822966507,51.36869260105263,LOW,1,0.0,-0.7470041745642776,18.67510436410694,1.0,0.0,1,True,91.66666666666666,False,True,62.5,1.0,100.0,62.161286527437426,LOW,1,LOW,"LOW (driven by pattern+cr_profile; price_level=NORMAL, pattern_level=LOW, cr_profile_level=LOW)",1
2020-2701-8-10618-1,2020-2701-8-10618,2020-11-19,2020,2020-11,8504400090,850440009000,850440,85,Static converters,Static converters,CR_HASH_008,Re-export,EX,BH,BH,SA,BH,BH,SA,SA,NMB,4.55,481.2791208791209,price_per_item,2189.82,5824.0,4.55,54.66,64.74,6.178523035404123,7.211981005295417,0.7196345903205628,6.668983974826631,7.961818755725377,1.2928347808987457,4.729731803478512,9.901070927073494,False,-0.9686274956413826,0.9686274956413826,NORMAL,3.0,0.0031446540880503146,5.762051382780177,67.03046630801344,3.0,0.0031446540880503146,5.762051382780177,63.915119328547,3.0,1.0,0.0,1.0,1.0,0.0,55.88552491899817,LOW,1,0.0,-0.8521011202818837,21.30252800704709,1.0,0.0,1,True,91.66666666666666,False,True,82.6086956521739,0.875,87.5,65.60805871550996,LOW,1,LOW,"LOW (driven by pattern+cr_profile; price_level=NORMAL, pattern_level=LOW, cr_profile_level=LOW)",1
2020-2601-8-10266-1,2020-2601-8-10266,2020-11-19,2020,2020-11,6109100000,610910000000,610910,61,Cotton t-shirts,Cotton t-shirts,CR_HASH_015,Re-export,EX,BH,BH,JP,BH,BH,JP,JP,NMB,3.82,94.68848167539267,price_per_item,361.71,962.0,3.82,431.46,490.02,4.56109793254639,4.610526181303967,0.7708500247178713,3.916293548711598,5.585818334387825,1.6695247856762268,1.412006370197258,8.090105512902165,False,-0.043249524518466635,0.043249524518466635,NORMAL,1.0,0.0010482180293501049,6.860663671448286,100.0,1.0,0.0010482180293501049,6.860663671448286,100.0,1.0,1.0,0.0,1.0,1.0,0.0,85.0,HIGH,1,3.841398195596169,-0.1240048234434498,96.03495488990423,1.0,0.0,4,False,66.66666666666666,True,True,100.0,0.8333333333333334,83.33333333333334,95.27890087813314,HIGH,1,HIGH,"HIGH (driven by pattern+cr_profile; price_level=NORMAL, pattern_level=HIGH, cr_profile_level=HIGH)",1
2020-2601-4-10220-1,2020-2601-4-10220,2020-11-19,2020,2020-11,8471300000,847130000000,847130,84,Portable laptop computers,Portable laptop computers,CR_HASH_040,Import,IM,SA,SA,BH,SA,SA,BH,SA,NMB,4.41,3159.047619047619,price_per_item,13931.4,37051.59,4.41,55.35,66.12,8.058342375786284,8.71824987064452,0.6999612932513521,7.750041925937837,9.126895264901794,1.376853338963957,5.684761917491901,11.192175273347729,False,-0.6358944582831324,0.6358944582831324,NORMAL,12.0,0.012578616352201259,4.375757021660286,25.427546772711544,8.0,0.008385744234800839,4.781222129768451,31.698925390914113,7.0,1.7142857142857142,0.9511897312113418,3.0,1.75,47.727272727272734,30.96748818226662,NORMAL,0,0.0,-0.4774279469125575,11.935698672813938,1.0,0.0,2,False,83.33333333333334,False,False,72.72727272727273,0.9090909090909091,90.9090909090909,40.54113089912124,LOW,1,NORMAL,"NORMAL (price_level=NORMAL, pattern_level=NORMAL, cr_profile_level=LOW)",0
2020-2501-5-10414-1,2020-2501-5-10414,2020-11-19,2020,2020-11,8504400090,850440009000,850440,85,Static converters,Static converters,CR_HASH_037,Import,IM,CN,JP,BH,CN,JP,BH,CN,NMB,2.88,8417.597222222223,price_per_item,24242.68,64475.2,2.88,176.94,205.61,9.03819849267074,7.466827051260017,0.5715840105867187,6.914775863803976,8.032836322465545,1.11806045866157,5.23768517581162,9.7099270104579,False,1.8542777567360758,1.8542777567360758,NORMAL,19.0,0.019916142557651992,3.916224692281846,11.63690673320574,2.0,0.0020964360587002098,6.1675164908883415,77.23297513030472,9.0,2.111111111111111,0.9279607271383371,4.0,1.894736842105263,56.9377990430622,41.39066451866885,NORMAL,0,0.0,4.588660336582899,100.0,1.0,0.0,1,True,91.66666666666666,False,True,83.33333333333334,0.96,96.0,95.03333333333333,HIGH,1,HIGH,"HIGH (driven by cr_profile; price_level=NORMAL, pattern_level=NORMAL, cr_profile_level=HIGH)",1
2020-2601-1-10167-1,2020-2601-1-10167,2020-11-20,2020,2020-11,8703221000,870322100000,870322,87,Passenger cars 1000-1500cc,Passenger cars 1000-1500cc,CR_HASH_006,Re-export,EX,BH,BH,CN,BH,BH,CN,CN,NMB,1.68,317016.8869047619,price_per_item,532588.37,1416458.43,1.68,722.58,854.78,12.666713476834628,12.004283802979177,0.6624296738554509,11.2719045323345,12.594725507248622,1.3228209749141229,9.287673069963315,14.578956969619806,False,0.6744907594765952,0.6744907594765952,NORMAL,8.0,0.008385744234800839,4.781222129768451,37.595620697047174,8.0,0.008385744234800839,4.781222129768451,31.698925390914113,6.0,1.3333333333333333,0.5163977794943222,2.0,1.5,31.818181818181824,34.665161508070796,NORMAL,0,0.0,0.5634469499116218,14.086173747790545,1.0,0.0,2,False,83.33333333333334,False,True,82.6086956521739,0.9565217391304348,95.65217391304348,54.712769507378866,LOW,1,NORMAL,"NORMAL (price_level=NORMAL, pattern_level=NORMAL, cr_profile_level=LOW)",0
2020-2501-6-10204-1,2020-2501-6-10204,2020-11-20,2020,2020-11,8471300000,847130000000,847130,84,Portable laptop computers,Portable laptop computers,CR_HASH_047,Import,IM,US,JP,BH,US,JP,BH,US,NMB,2.44,973.188524590164,price_per_item,2374.58,6315.36,2.44,46.5,54.11,6.881604841986872,8.71824987064452,0.6999612932513521,7.750041925937837,9.126895264901794,1.376853338963957,5.684761917491901,11.192175273347729,False,-1.7698122913538938,1.7698122913538938,NORMAL,12.0,0.012578616352201259,4.375757021660286,25.427546772711544,1.0,0.0010482180293501049,6.860663671448286,100.0,9.0,1.3333333333333333,0.5,2.0,1.5,31.818181818181824,52.48650065908304,LOW,1,-2.299530690834302,-0.8274306021811157,57.48826727085755,1.0,0.0,4,False,66.66666666666666,False,True,90.9090909090909,0.8695652173913043,86.95652173913044,70.23947061989895,LOW,1,LOW,"LOW (driven by pattern+cr_profile; price_level=NORMAL, pattern_level=LOW, cr_profile_level=LOW)",1
2020-2501-6-10990-1,2020-2501-6-10990,2020-11-21,2020,2020-11,6109100000,610910000000,610910,61,Cotton t-shirts,Cotton t-shirts,CR_HASH_001,Import,IM,CN,CN,BH,CN,CN,BH,CN,NMB,1.29,170.4108527131783,price_per_item,219.83,584.66,1.29,196.88,226.85,5.144063322205724,4.644105600231562,0.7882174659262975,3.8927224589349843,5.444558727344917,1.5518362684099332,1.5649680563200845,7.772313129959818,False,0.4278221153146495,0.4278221153146495,NORMAL,16.0,0.016771488469601678,4.088074949208505,16.794160929396217,13.0,0.013626834381551363,4.29571431398675,15.75199690827349,8.0,2.0,1.4142135623730951,5.0,2.5,95.45454545454547,28.228461200775648,NORMAL,0,0.0,0.7323515636009346,18.308789090023364,1.0,0.0,1,True,91.66666666666666,False,True,64.70588235294117,1.0,100.0,62.58454676974347,LOW,1,NORMAL,"NORMAL (price_level=NORMAL, pattern_level=NORMAL, cr_profile_level=LOW)",0
2020-2701-6-10962-1,2020-2701-6-10962,2020-11-21,2020,2020-11,8471300000,847130000000,847130,84,Portable laptop computers,Portable laptop computers,CR_HASH_005,Import,IM,AE,AE,BH,AE,AE,BH,AE,NMB,1.95,20130.671794871792,price_per_item,39254.81,104401.1,1.95,1177.13,1411.18,9.910049565104499,8.71824987064452,0.6999612932513521,7.750041925937837,9.126895264901794,1.376853338963957,5.684761917491901,11.192175273347729,False,1.1484319044647866,1.1484319044647866,NORMAL,8.0,0.008385744234800839,4.781222129768451,37.595620697047174,5.0,0.005241090146750524,5.251225759014186,47.13660531805522,6.0,1.3333333333333333,0.5163977794943223,2.0,1.5,31.818181818181824,40.068349482570184,NORMAL,0,0.0,2.112582341059275,52.81455852648187,1.0,0.0,1,True,91.66666666666666,False,True,87.5,1.0,100.0,80.36009548426865,MEDIUM,1,LOW,"LOW (driven by cr_profile; price_level=NORMAL, pattern_level=NORMAL, cr_profile_level=MEDIUM)",1
2020-2501-3-10258-1,2020-2501-3-10258,2020-11-21,2020,2020-11,3923301000,392330100000,392330,39,Plastic bottles for packaging,Plastic bottles for packaging,CR_HASH_012,Import,IM,IN,IN,BH,IN,IN,BH,IN,NMB,1.95,8.635897435897435,price_per_item,16.84,44.8,1.95,397.74,426.01,2.2654954408497185,1.6841288050356895,0.6442087840607709,1.0864174155799162,2.3469388358112164,1.2605214202313002,-0.8043647147670341,4.237720966158166,False,0.6086946242067489,0.6086946242067489,NORMAL,13.0,0.013626834381551363,4.29571431398675,23.025452080470465,11.0,0.011530398322851153,4.462768398649916,21.2390343034744,9.0,1.4444444444444444,0.5270462766947299,2.0,1.3846153846153846,24.475524475524477,22.617716717779942,NORMAL,0,0.0,0.8621730986252608,21.55432746563152,1.0,0.0,1,True,91.66666666666666,False,True,87.5,1.0,100.0,69.41901461297104,LOW,1,NORMAL,"NORMAL (price_level=NORMAL, pattern_level=NORMAL, cr_profile_level=LOW)",0
2020-2501-7-10061-1,2020-2501-7-10061,2020-11-21,2020,2020-11,2710192100,271019210000,271019,27,Gas oils for diesel engines,Gas oils for diesel engines,CR_HASH_005,Import,IM,US,US,BH,US,US,BH,US,LTR,9307.89,0.31719326291995287,price_per_liter_gross_weight,2952.4,7852.14,1.24,7803.15,9307.89,0.27550315680911236,0.26355592811875056,0.07105600884335336,0.1979668243457394,0.33634243682655873,0.13837561248081934,-0.009596594375489625,0.5439058555477878,False,0.11340765523106744,0.11340765523106744,NORMAL,11.0,0.011530398322851153,4.462768398649916,28.038772365976683,11.0,0.011530398322851153,4.462768398649916,21.2390343034744,8.0,1.375,0.7440238091428449,3.0,2.1818181818181817,75.20661157024794,32.73403992474157,NORMAL,0,0.0,0.13254529216387853,3.3136323040969633,1.0,0.0,3,False,75.0,False,True,75.0,0.8,80.0,45.90977130643394,LOW,1,NORMAL,"NORMAL (price_level=NORMAL, pattern_level=NORMAL, cr_profile_level=LOW)",0
2020-2701-4-10969-1,2020-2701-4-10969,2020-11-22,2020,2020-11,9018390000,901839000000,901839,90,Medical syringes and needles,Medical syringes and needles,CR_HASH_018,Import,IM,CN,CN,BH,CN,CN,BH,CN,NMB,2.08,2.1875,price_per_item,4.55,12.1,2.08,489.64,532.09,1.1592369104845446,1.1592369104845446,0.5792846449150362,0.6041021775947832,1.7481096643936567,1.1440074867988734,-1.111909052603527,3.464120894591967,False,0.0,0.0,NORMAL,23.0,0.02410901467505241,3.725169455519137,5.903307964603629,18.0,0.018867924528301886,3.970291913552122,5.063213787398673,12.0,1.9166666666666667,0.9962049198956219,4.0,2.0869565217391304,69.16996047430831,15.099272879037596,NORMAL,0,0.0,-0.2334136905796702,5.835342264491755,1.0,0.0,3,False,75.0,False,False,71.42857142857143,0.8571428571428572,85.71428571428572,37.04236979257212,LOW,1,NORMAL,"NORMAL (price_level=NORMAL, pattern_level=NORMAL, cr_profile_level=LOW)",0
2020-2701-9-10825-1,2020-2701-9-10825,2020-11-23,2020,2020-11,9018390000,901839000000,901839,90,Medical syringes and needles,Medical syringes and needles,CR_HASH_034,Import,IM,US,US,BH,US,US,BH,US,NMB,3.43,1.9329446064139941,price_per_item,6.63,17.63,3.43,145.85,164.52,1.0760069034937445,1.1592369104845446,0.5792846449150362,0.6041021775947832,1.7481096643936567,1.1440074867988734,-1.111909052603527,3.464120894591967,False,-0.09690895679567138,0.09690895679567138,NORMAL,11.0,0.011530398322851153,4.462768398649916,28.038772365976683,9.0,0.009433962264150943,4.663439094112067,27.830238657093965,7.0,1.5714285714285714,0.7867957924694432,3.0,1.9090909090909092,57.8512396694215,32.437655663384454,NORMAL,0,0.0,-0.28438491562437385,7.109622890609346,1.0,0.0,2,False,83.33333333333334,False,True,92.85714285714286,0.9285714285714286,92.85714285714286,54.274082297427555,LOW,1,NORMAL,"NORMAL (price_level=NORMAL, pattern_level=NORMAL, cr_profile_level=LOW)",0
2020-2501-7-10336-1,2020-2501-7-10336,2020-11-23,2020,2020-11,8517120000,851712000000,851712,85,Cellular telephones,Cellular telephones,CR_HASH_029,Import,IM,SA,SA,BH,SA,SA,BH,SA,NMB,2.51,3304.836653386454,price_per_item,8295.14,22061.55,2.51,61.39,67.1,8.103444868021294,9.1609472788485,0.7778458576033893,8.086449359029473,9.737226953131787,1.6507775941023137,5.610282967876002,12.213393344285258,False,-0.9169883689100524,0.9169883689100524,NORMAL,6.0,0.006289308176100629,5.0689042022202315,46.22900654036249,5.0,0.005241090146750524,5.251225759014186,47.13660531805522,4.0,1.5,1.0,3.0,2.0,63.63636363636365,49.15776967695511,LOW,1,0.0,-0.6279467338916084,15.698668347290209,1.0,0.0,2,False,83.33333333333334,False,True,77.77777777777779,0.9473684210526316,94.73684210526316,53.88634678704865,LOW,1,LOW,"LOW (driven by pattern+cr_profile; price_level=NORMAL, pattern_level=LOW, cr_profile_level=LOW)",1
2020-2501-9-10399-1,2020-2501-9-10399,2020-11-23,2020,2020-11,3923301000,392330100000,392330,39,Plastic bottles for packaging,Plastic bottles for packaging,CR_HASH_003,Import,IM,CN,CN,BH,CN,CN,BH,CN,NMB,0.75,13.56,price_per_item,10.17,27.06,0.75,693.7,739.9,2.67827804276854,1.6841288050356895,0.6442087840607709,1.0864174155799162,2.3469388358112164,1.2605214202313002,-0.8043647147670341,4.237720966158166,False,1.0408806756168871,1.0408806756168871,NORMAL,28.0,0.029350104821802937,3.5284591612730827,0.0,21.0,0.0220125786163522,3.8161412337248635,0.0,12.0,2.3333333333333335,1.2309149097933274,5.0,2.142857142857143,72.72727272727273,10.90909090909091,NORMAL,0,0.0,1.7800100032975295,44.500250082438235,1.0,0.0,2,False,83.33333333333334,False,True,71.42857142857143,0.9285714285714286,92.85714285714286,62.00365895742482,LOW,1,NORMAL,"NORMAL (price_level=NORMAL, pattern_level=NORMAL, cr_profile_level=LOW)",0
2020-2801-1-10020-1,2020-2801-1-10020,2020-11-24,2020,2020-11,102211000,102211000000,102211,10,"Live cattle, pure-bred breeding","Live cattle, pure-bred breeding",CR_HASH_002,Re-export,EX,BH,BH,CN,BH,BH,CN,CN,NMB,0.73,25789.849315068495,price_per_item,18826.59,50070.72,0.73,351.83,404.06,10.15777503028617,9.549317841384953,0.6971436999939566,8.846103941045365,10.18755556601122,1.3414516249658544,6.833926503596584,12.19973300346,False,0.5886860219127462,0.5886860219127462,NORMAL,11.0,0.011530398322851153,4.462768398649916,28.038772365976683,11.0,0.011530398322851153,4.462768398649916,21.2390343034744,9.0,1.2222222222222223,0.4409585518440984,2.0,1.6363636363636362,40.49586776859504,27.527428354493637,NORMAL,0,0.0,0.4375991855921122,10.939979639802806,1.0,0.0,3,False,75.0,False,False,68.75,0.7222222222222222,72.22222222222221,35.46093731837543,LOW,1,NORMAL,"NORMAL (price_level=NORMAL, pattern_level=NORMAL, cr_profile_level=LOW)",0
2020-2801-9-10945-1,2020-2801-9-10945,2020-11-24,2020,2020-11,8703221000,870322100000,870322,87,Passenger cars 1000-1500cc,Passenger cars 1000-1500cc,CR_HASH_004,Re-export,EX,BH,BH,SA,BH,BH,SA,SA,NMB,2.05,46204.214634146345,price_per_item,94718.64,251911.27,2.05,43.76,51.39,10.740847941569362,12.004283802979177,0.6624296738554509,11.2719045323345,12.594725507248622,1.3228209749141229,9.287673069963315,14.578956969619806,False,-1.2864396740448958,1.2864396740448958,NORMAL,5.0,0.005241090146750524,5.251225759014186,51.700506150822136,5.0,0.005241090146750524,5.251225759014186,47.13660531805522,5.0,1.0,0.0,1.0,1.0,0.0,42.348064936730395,NORMAL,0,0.0,-0.9386020911192461,23.46505227798115,1.0,0.0,2,False,83.33333333333334,True,True,100.0,0.9375,93.75,71.9627682972934,LOW,1,NORMAL,"NORMAL (price_level=NORMAL, pattern_level=NORMAL, cr_profile_level=LOW)",0
2020-2601-4-10761-1,2020-2601-4-10761,2020-11-24,2020,2020-11,6109100000,610910000000,610910,61,Cotton t-shirts,Cotton t-shirts,CR_HASH_004,Import,IM,US,AE,BH,US,AE,BH,US,NMB,1.85,96.38918918918918,price_per_item,178.32,474.25,1.85,237.14,283.37,4.578715210537375,4.644105600231562,0.7882174659262975,3.8927224589349843,5.444558727344917,1.5518362684099332,1.5649680563200845,7.772313129959818,False,-0.05595564106851036,0.05595564106851036,NORMAL,13.0,0.013626834381551363,4.29571431398675,23.025452080470465,2.0,0.0020964360587002098,6.1675164908883415,77.23297513030472,10.0,1.3,0.48304589153964794,2.0,1.5384615384615383,34.26573426573426,43.68412747570202,NORMAL,0,0.0,-0.08597065848248668,2.149266462062167,1.0,0.0,2,False,83.33333333333334,False,True,69.23076923076923,0.9375,93.75,46.809935569414066,LOW,1,NORMAL,"NORMAL (price_level=NORMAL, pattern_level=NORMAL, cr_profile_level=LOW)",0
2020-2801-8-10779-1,2020-2801-8-10779,2020-11-25,2020,2020-11,2710192100,271019210000,271019,27,Gas oils for diesel engines,Gas oils for diesel engines,CR_HASH_039,Re-export,EX,BH,BH,US,BH,BH,US,US,LTR,11510.75,0.4091054014725365,price_per_liter_gross_weight,4709.11,12524.24,3.9,10701.15,11510.75,0.3429550359899346,0.2773855677315066,0.0779894680702432,0.16396900989912072,0.33244641877019565,0.16847740887107493,-0.08874710340749165,0.585162532076808,False,0.5670765750610113,0.5670765750610113,NORMAL,4.0,0.0041928721174004195,5.474369310328396,58.39708046469813,4.0,0.0041928721174004195,5.474369310328396,54.46595026060942,4.0,1.0,0.0,1.0,1.0,0.0,48.26162282356236,LOW,1,0.0,0.7282842143005593,18.207105357513985,1.0,0.0,3,False,75.0,False,True,75.0,0.8461538461538461,84.61538461538461,52.045563798206814,LOW,1,LOW,"LOW (driven by pattern+cr_profile; price_level=NORMAL, pattern_level=LOW, cr_profile_level=LOW)",1
2020-2601-8-10838-1,2020-2601-8-10838,2020-11-25,2020,2020-11,8517120000,851712000000,851712,85,Cellular telephones,Cellular telephones,CR_HASH_035,Import,IM,CN,CN,BH,CN,CN,BH,CN,NMB,4.83,4438.262939958592,price_per_item,21436.81,57012.8,4.83,443.33,470.62,8.398243637132165,9.1609472788485,0.7778458576033893,8.086449359029473,9.737226953131787,1.6507775941023137,5.610282967876002,12.213393344285258,False,-0.6613605427453708,0.6613605427453708,NORMAL,22.0,0.023060796645702306,3.769621218089971,7.2373125983257305,14.0,0.014675052410901468,4.221606341833028,13.317855801757727,10.0,2.2,0.7888106377466155,3.0,1.3636363636363635,23.140495867768593,11.750980209943359,NORMAL,0,0.0,-0.5141437260718114,12.853593151795284,1.0,0.0,1,True,91.66666666666666,False,True,58.82352941176471,0.8947368421052632,89.47368421052632,57.09937679817479,LOW,1,NORMAL,"NORMAL (price_level=NORMAL, pattern_level=NORMAL, cr_profile_level=LOW)",0
2020-2801-7-10766-1,2020-2801-7-10766,2020-11-25,2020,2020-11,8703221000,870322100000,870322,87,Passenger cars 1000-1500cc,Passenger cars 1000-1500cc,CR_HASH_010,Import,IM,CN,CN,BH,CN,CN,BH,CN,NMB,4.3,252694.41860465117,price_per_item,1086586.0,2889856.38,4.3,339.05,374.87,12.439940163432166,12.339741490828857,0.5298577154310848,11.445675964067552,12.647064860424424,1.201388896356871,9.643592619532246,14.44914820495973,False,0.12754948510614372,0.12754948510614372,NORMAL,20.0,0.020964360587002098,3.8649313978942956,10.097586615520235,14.0,0.014675052410901468,4.221606341833028,13.317855801757727,9.0,2.2222222222222223,1.3017082793177757,5.0,2.25,79.54545454545456,21.641861020193506,NORMAL,0,0.0,0.1888035485803738,4.720088714509345,1.0,0.0,2,False,83.33333333333334,False,True,78.26086956521739,0.9583333333333334,95.83333333333334,50.38391510804929,LOW,1,NORMAL,"NORMAL (price_level=NORMAL, pattern_level=NORMAL, cr_profile_level=LOW)",0
2020-2701-1-10225-1,2020-2701-1-10225,2020-11-25,2020,2020-11,6109100000,610910000000,610910,61,Cotton t-shirts,Cotton t-shirts,CR_HASH_019,Re-export,EX,BH,BH,IN,BH,BH,IN,IN,NMB,1.28,30.085937499999996,price_per_item,38.51,102.42,1.28,8.34,9.73,3.436755546507311,4.610526181303967,0.7708500247178713,3.916293548711598,5.585818334387825,1.6695247856762268,1.412006370197258,8.090105512902165,False,-1.0270447188544622,1.0270447188544622,NORMAL,2.0,0.0020964360587002098,6.1675164908883415,79.19854023234907,2.0,0.0020964360587002098,6.1675164908883415,77.23297513030472,2.0,1.0,0.0,1.0,1.0,0.0,66.6308114117812,LOW,1,0.0,-0.7937589346019933,19.843973365049834,1.0,0.0,2,False,83.33333333333334,False,True,90.9090909090909,0.9166666666666666,91.66666666666666,58.0059967383735,LOW,1,LOW,"LOW (driven by pattern+cr_profile; price_level=NORMAL, pattern_level=LOW, cr_profile_level=LOW)",1
2020-2801-8-10323-1,2020-2801-8-10323,2020-11-26,2020,2020-11,8517120000,851712000000,851712,85,Cellular telephones,Cellular telephones,CR_HASH_003,Import,IM,IN,IN,BH,IN,IN,BH,IN,NMB,4.45,4647.739325842696,price_per_item,20682.44,55006.5,4.45,204.22,223.68,8.444351349101703,9.1609472788485,0.7778458576033893,8.086449359029473,9.737226953131787,1.6507775941023137,5.610282967876002,12.213393344285258,False,-0.6213793236386939,0.6213793236386939,NORMAL,9.0,0.009433962264150943,4.663439094112067,34.06093261602687,8.0,0.008385744234800839,4.781222129768451,31.698925390914113,6.0,1.5,0.5477225575051662,2.0,1.3333333333333333,21.21212121212121,31.306908376651556,NORMAL,0,0.0,-0.49312857597958015,12.328214399489504,1.0,0.0,1,True,91.66666666666666,True,True,100.0,0.8666666666666667,86.66666666666667,76.64820837315466,MEDIUM,1,LOW,"LOW (driven by cr_profile; price_level=NORMAL, pattern_level=NORMAL, cr_profile_level=MEDIUM)",1
2020-2701-4-10719-1,2020-2701-4-10719,2020-11-26,2020,2020-11,2710192100,271019210000,271019,27,Gas oils for diesel engines,Gas oils for diesel engines,CR_HASH_014,Import,IM,CN,CN,BH,CN,CN,BH,CN,LTR,8849.98,0.2763791556591088,price_per_liter_gross_weight,2445.95,6505.19,1.07,7395.42,8849.98,0.24402728471755383,0.26355592811875056,0.07105600884335336,0.1979668243457394,0.33634243682655873,0.13837561248081934,-0.009596594375489625,0.5439058555477878,False,-0.1853733376477546,0.1853733376477546,NORMAL,19.0,0.019916142557651992,3.916224692281846,11.63690673320574,15.0,0.015723270440251572,4.152613470346076,11.051724646602178,8.0,2.375,1.407885953173359,5.0,2.1052631578947367,70.33492822966507,20.236796227363392,NORMAL,0,0.0,-0.16425679301349755,4.106419825337439,1.0,0.0,1,True,91.66666666666666,False,False,81.25,0.9444444444444444,94.44444444444444,50.63863582775699,LOW,1,NORMAL,"NORMAL (price_level=NORMAL, pattern_level=NORMAL, cr_profile_level=LOW)",0
2020-2701-2-10241-1,2020-2701-2-10241,2020-11-26,2020,2020-11,2710192100,271019210000,271019,27,Gas oils for diesel engines,Gas oils for diesel engines,CR_HASH_038,Import,IM,AE,AE,BH,AE,AE,BH,AE,LTR,17102.35,0.15985054685467204,price_per_liter_gross_weight,2733.82,7270.81,0.65,15022.57,17102.35,0.1482911578994407,0.26355592811875056,0.07105600884335336,0.1979668243457394,0.33634243682655873,0.13837561248081934,-0.009596594375489625,0.5439058555477878,False,-1.0941371978478336,1.0941371978478336,NORMAL,12.0,0.012578616352201259,4.375757021660286,25.427546772711544,10.0,0.010482180293501049,4.558078578454241,24.369580448359905,7.0,1.7142857142857142,0.7559289460184544,3.0,1.75,47.727272727272734,28.40221745237265,NORMAL,0,0.0,-0.9480093114903149,23.70023278725787,1.0,0.0,3,False,75.0,False,False,69.23076923076923,0.8666666666666667,86.66666666666667,42.93610711656589,LOW,1,NORMAL,"NORMAL (price_level=NORMAL, pattern_level=NORMAL, cr_profile_level=LOW)",0
2020-2501-4-10028-1,2020-2501-4-10028,2020-11-26,2020,2020-11,9018390000,901839000000,901839,90,Medical syringes and needles,Medical syringes and needles,CR_HASH_004,Import,IM,AE,AE,BH,AE,AE,BH,AE,NMB,1.9,6.136842105263158,price_per_item,11.66,31.02,1.9,456.4,544.83,1.9652703963398548,1.1592369104845446,0.5792846449150362,0.6041021775947832,1.7481096643936567,1.1440074867988734,-1.111909052603527,3.464120894591967,False,0.9385060398379017,0.9385060398379017,NORMAL,11.0,0.011530398322851153,4.462768398649916,28.038772365976683,10.0,0.010482180293501049,4.558078578454241,24.369580448359905,6.0,1.8333333333333333,0.983192080250175,3.0,1.6363636363636365,40.495867768595055,28.623119505203565,NORMAL,0,0.0,1.3688106600640786,34.22026650160196,1.0,0.0,1,True,91.66666666666666,True,True,100.0,1.0,100.0,86.97709327556069,HIGH,1,HIGH,"HIGH (driven by cr_profile; price_level=NORMAL, pattern_level=NORMAL, cr_profile_level=HIGH)",1
2020-2801-1-10563-1,2020-2801-1-10563,2020-11-26,2020,2020-11,2710192100,271019210000,271019,27,Gas oils for diesel engines,Gas oils for diesel engines,CR_HASH_035,Re-export,EX,BH,BH,AE,BH,BH,AE,AE,LTR,8465.89,0.4305194137887452,price_per_liter_gross_weight,3644.73,9693.44,3.08,8059.78,8465.89,0.35803760474676327,0.2773855677315066,0.0779894680702432,0.16396900989912072,0.33244641877019565,0.16847740887107493,-0.08874710340749165,0.585162532076808,False,0.6975179475613176,0.6975179475613176,NORMAL,8.0,0.008385744234800839,4.781222129768451,37.595620697047174,8.0,0.008385744234800839,4.781222129768451,31.698925390914113,6.0,1.3333333333333333,0.5163977794943222,2.0,1.5,31.818181818181824,34.665161508070796,NORMAL,0,0.0,0.8721234044978725,21.803085112446812,1.0,0.0,1,True,91.66666666666666,False,True,77.77777777777779,0.95,95.0,66.07552423380083,LOW,1,NORMAL,"NORMAL (price_level=NORMAL, pattern_level=NORMAL, cr_profile_level=LOW)",0
2020-2501-7-10271-1,2020-2501-7-10271,2020-11-26,2020,2020-11,3923301000,392330100000,392330,39,Plastic bottles for packaging,Plastic bottles for packaging,CR_HASH_002,Re-export,EX,BH,BH,US,BH,BH,US,US,NMB,0.91,11.087912087912088,price_per_item,10.09,26.84,0.91,91.69,98.87,2.492205952269612,2.008077055471865,0.7629623078147538,1.1201351912780924,2.51712417371907,1.3969889824409778,-0.9753482823833743,4.612607647380537,False,0.4279903003608954,0.4279903003608954,NORMAL,6.0,0.006289308176100629,5.0689042022202315,46.22900654036249,6.0,0.006289308176100629,5.0689042022202315,41.148094458851695,6.0,1.0,0.0,1.0,1.0,0.0,37.51633633077934,NORMAL,0,0.20402253905455434,1.381489534142389,34.53723835355972,0.6666666666666666,0.0,3,False,75.0,False,False,88.23529411764706,0.8421052631578947,84.21052631578947,50.98896221631556,LOW,1,NORMAL,"NORMAL (price_level=NORMAL, pattern_level=NORMAL, cr_profile_level=LOW)",0
2020-2801-9-10842-1,2020-2801-9-10842,2020-11-27,2020,2020-11,6109100000,610910000000,610910,61,Cotton t-shirts,Cotton t-shirts,CR_HASH_026,Import,IM,CN,CN,BH,CN,CN,BH,CN,NMB,3.26,157.25766871165644,price_per_item,512.66,1363.45,3.26,431.75,484.3,5.064224519323505,4.644105600231562,0.7882174659262975,3.8927224589349843,5.444558727344917,1.5518362684099332,1.5649680563200845,7.772313129959818,False,0.3595027274304366,0.3595027274304366,NORMAL,16.0,0.016771488469601678,4.088074949208505,16.794160929396217,13.0,0.013626834381551363,4.29571431398675,15.75199690827349,8.0,2.0,1.4142135623730951,5.0,2.5,95.45454545454547,28.228461200775648,NORMAL,0,0.0,0.5745008094093601,14.362520235234003,1.0,0.0,2,False,83.33333333333334,False,False,66.66666666666667,0.875,87.5,39.193548748998566,LOW,1,NORMAL,"NORMAL (price_level=NORMAL, pattern_level=NORMAL, cr_profile_level=LOW)",0
2020-2601-7-10324-1,2020-2601-7-10324,2020-11-27,2020,2020-11,2710192100,271019210000,271019,27,Gas oils for diesel engines,Gas oils for diesel engines,CR_HASH_012,Import,IM,IN,IN,BH,IN,IN,BH,IN,LTR,10002.87,0.30199132848872373,price_per_liter_gross_weight,3020.78,8034.0,3.13,8858.39,10002.87,0.2638948836172891,0.26355592811875056,0.07105600884335336,0.1979668243457394,0.33634243682655873,0.13837561248081934,-0.009596594375489625,0.5439058555477878,False,0.0032174949783912387,0.0032174949783912387,NORMAL,6.0,0.006289308176100629,5.0689042022202315,46.22900654036249,6.0,0.006289308176100629,5.0689042022202315,41.148094458851695,5.0,1.2,0.4472135954999579,2.0,1.6666666666666667,42.424242424242436,43.879972694415706,NORMAL,0,0.0,0.05382423136518422,1.3456057841296056,1.0,0.0,2,False,83.33333333333334,False,True,82.35294117647058,0.95,95.0,50.05919731856301,LOW,1,NORMAL,"NORMAL (price_level=NORMAL, pattern_level=NORMAL, cr_profile_level=LOW)",0
2020-2701-5-10321-1,2020-2701-5-10321,2020-11-27,2020,2020-11,3923301000,392330100000,392330,39,Plastic bottles for packaging,Plastic bottles for packaging,CR_HASH_031,Import,IM,US,US,BH,US,US,BH,US,NMB,2.91,8.714776632302405,price_per_item,25.36,67.45,2.91,576.52,618.37,2.273648090522098,1.6841288050356895,0.6442087840607709,1.0864174155799162,2.3469388358112164,1.2605214202313002,-0.8043647147670341,4.237720966158166,False,0.6172305010922015,0.6172305010922015,NORMAL,10.0,0.010482180293501049,4.558078578454241,30.899046383171186,7.0,0.007337526205450734,4.9147535223929735,36.084880671453035,7.0,1.4285714285714286,0.7867957924694432,3.0,2.1,70.00000000000001,38.579231426594156,NORMAL,0,0.0,0.8880565420734678,22.201413551836698,1.0,0.0,3,False,75.0,False,False,64.70588235294117,0.8823529411764706,88.23529411764706,41.59402415490755,LOW,1,NORMAL,"NORMAL (price_level=NORMAL, pattern_level=NORMAL, cr_profile_level=LOW)",0
2020-2601-3-10420-1,2020-2601-3-10420,2020-11-27,2020,2020-11,8517120000,851712000000,851712,85,Cellular telephones,Cellular telephones,CR_HASH_031,Re-export,EX,BH,BH,JP,BH,BH,JP,JP,NMB,4.61,4822.522776572669,price_per_item,22231.83,59127.2,4.61,91.81,109.52,8.481259806600635,8.864077348542533,0.8102493638708186,8.21372138236038,9.675589371385747,1.461867989025368,6.020919398822327,11.8683913549238,False,-0.31867583748763245,0.31867583748763245,NORMAL,2.0,0.0020964360587002098,6.1675164908883415,79.19854023234907,2.0,0.0020964360587002098,6.1675164908883415,77.23297513030472,1.0,2.0,0.0,2.0,1.0,0.0,66.6308114117812,LOW,1,0.0,-0.4740091694695998,11.850229236739995,1.0,0.0,2,False,83.33333333333334,False,True,94.11764705882352,0.8823529411764706,88.23529411764706,55.32405082109429,LOW,1,LOW,"LOW (driven by pattern+cr_profile; price_level=NORMAL, pattern_level=LOW, cr_profile_level=LOW)",1
2020-2601-1-10975-1,2020-2601-1-10975,2020-11-27,2020,2020-11,8504400090,850440009000,850440,85,Static converters,Static converters,CR_HASH_037,Re-export,EX,BH,BH,US,BH,BH,US,US,NMB,0.74,2956.27027027027,price_per_item,2187.64,5818.2,0.74,195.08,208.55,7.992021915834774,7.211981005295417,0.7196345903205628,6.668983974826631,7.961818755725377,1.2928347808987457,4.729731803478512,9.901070927073494,False,0.7311076944455095,0.7311076944455095,NORMAL,7.0,0.007337526205450734,4.9147535223929735,41.6029195353019,7.0,0.007337526205450734,4.9147535223929735,36.084880671453035,7.0,1.0,0.0,1.0,1.0,0.0,33.43116800265951,NORMAL,0,0.0,0.8840572547671077,22.101431369177693,1.0,0.0,1,True,91.66666666666666,False,True,88.0,0.9230769230769231,92.3076923076923,68.19703944075066,LOW,1,NORMAL,"NORMAL (price_level=NORMAL, pattern_level=NORMAL, cr_profile_level=LOW)",0
2020-2701-5-10552-1,2020-2701-5-10552,2020-11-28,2020,2020-11,102211000,102211000000,102211,10,"Live cattle, pure-bred breeding","Live cattle, pure-bred breeding",CR_HASH_008,Import,IM,CN,JP,BH,CN,JP,BH,CN,NMB,4.76,25083.407563025212,price_per_item,119397.02,317545.26,4.76,454.28,478.33,10.130001719458885,10.013369334439131,0.6855679350518233,9.327801399387308,10.638440798004723,1.3106393986174147,7.361842301461186,12.604399895930845,False,0.11474787826182954,0.11474787826182954,NORMAL,18.0,0.018867924528301886,3.970291913552122,13.25947284837593,1.0,0.0010482180293501049,6.860663671448286,100.0,10.0,1.8,0.7888106377466155,3.0,1.6666666666666665,42.42424242424242,47.99337278782433,LOW,1,3.6978599962428556,0.3602301555747862,92.4464999060714,1.0,0.0,4,False,66.66666666666666,False,False,54.16666666666667,0.8,80.0,61.89794163379166,LOW,1,LOW,"LOW (driven by pattern+cr_profile; price_level=NORMAL, pattern_level=LOW, cr_profile_level=LOW)",1
2020-2501-8-10246-1,2020-2501-8-10246,2020-11-28,2020,2020-11,9018390000,901839000000,901839,90,Medical syringes and needles,Medical syringes and needles,CR_HASH_026,Import,IM,AE,AE,BH,AE,AE,BH,AE,NMB,1.85,9.22162162162162,price_per_item,17.06,45.36,1.85,881.5,943.29,2.3245052435801328,1.1592369104845446,0.5792846449150362,0.6041021775947832,1.7481096643936567,1.1440074867988734,-1.111909052603527,3.464120894591967,False,1.3567815578798,1.3567815578798,NORMAL,11.0,0.011530398322851153,4.462768398649916,28.038772365976683,10.0,0.010482180293501049,4.558078578454241,24.369580448359905,6.0,1.8333333333333333,0.983192080250175,3.0,1.6363636363636365,40.495867768595055,28.623119505203565,NORMAL,0,0.0,2.5770180235963287,64.42545058990822,1.0,0.0,1,True,91.66666666666666,False,True,87.5,0.9411764705882353,94.11764705882352,83.24743711823258,MEDIUM,1,LOW,"LOW (driven by cr_profile; price_level=NORMAL, pattern_level=NORMAL, cr_profile_level=MEDIUM)",1
2020-2801-2-10296-1,2020-2801-2-10296,2020-11-29,2020,2020-11,8504400090,850440009000,850440,85,Static converters,Static converters,CR_HASH_029,Import,IM,CN,CN,BH,CN,CN,BH,CN,NMB,2.53,2023.7470355731227,price_per_item,5120.08,13617.23,2.53,280.41,321.74,7.613200051032767,7.466827051260017,0.5715840105867187,6.914775863803976,8.032836322465545,1.11806045866157,5.23768517581162,9.7099270104579,False,0.17272567803680944,0.17272567803680944,NORMAL,19.0,0.019916142557651992,3.916224692281846,11.63690673320574,15.0,0.015723270440251572,4.152613470346076,11.051724646602178,9.0,2.111111111111111,0.9279607271383371,4.0,1.894736842105263,56.9377990430622,18.22722684937296,NORMAL,0,0.0,0.20942200843177766,5.235550210794441,1.0,0.0,1,True,91.66666666666666,False,True,73.6842105263158,0.9,90.0,58.253495205357,LOW,1,NORMAL,"NORMAL (price_level=NORMAL, pattern_level=NORMAL, cr_profile_level=LOW)",0
2020-2701-4-10930-1,2020-2701-4-10930,2020-11-29,2020,2020-11,8471300000,847130000000,847130,84,Portable laptop computers,Portable laptop computers,CR_HASH_013,Import,IM,CN,CN,BH,CN,CN,BH,CN,NMB,1.43,5916.272727272728,price_per_item,8460.27,22500.73,1.43,133.3,157.05,8.685630933768062,8.71824987064452,0.6999612932513521,7.750041925937837,9.126895264901794,1.376853338963957,5.684761917491901,11.192175273347729,False,-0.03143198305284158,0.03143198305284158,NORMAL,21.0,0.0220125786163522,3.8161412337248635,8.633385843315326,15.0,0.015723270440251572,4.152613470346076,11.051724646602178,10.0,2.1,1.449137674618944,5.0,2.380952380952381,87.87878787878789,21.36661472978661,NORMAL,0,0.0,-0.09597961190009395,2.3994902975023487,1.0,0.0,3,False,75.0,False,False,64.28571428571428,0.8571428571428572,85.71428571428572,34.05410731841154,NORMAL,0,NORMAL,"NORMAL (price_level=NORMAL, pattern_level=NORMAL, cr_profile_level=NORMAL)",0
2020-2501-3-10575-1,2020-2501-3-10575,2020-12-01,2020,2020-12,2710192100,271019210000,271019,27,Gas oils for diesel engines,Gas oils for diesel engines,CR_HASH_025,Re-export,EX,BH,BH,AE,BH,BH,AE,AE,LTR,17832.66,0.3747741503510974,price_per_liter_gross_weight,6683.22,17774.51,2.36,15413.75,17832.66,0.31828946333721037,0.2773855677315066,0.0779894680702432,0.16396900989912072,0.33244641877019565,0.16847740887107493,-0.08874710340749165,0.585162532076808,False,0.3537567353042273,0.3537567353042273,NORMAL,8.0,0.008385744234800839,4.781222129768451,37.595620697047174,8.0,0.008385744234800839,4.781222129768451,31.698925390914113,6.0,1.3333333333333333,0.5163977794943222,2.0,1.5,31.818181818181824,34.665161508070796,NORMAL,0,0.0,0.5351097731375702,13.377744328439256,1.0,0.0,2,False,83.33333333333334,False,True,87.5,0.9375,93.75,55.30721051495374,LOW,1,NORMAL,"NORMAL (price_level=NORMAL, pattern_level=NORMAL, cr_profile_level=LOW)",0
2020-2801-3-10306-1,2020-2801-3-10306,2020-12-01,2020,2020-12,8517120000,851712000000,851712,85,Cellular telephones,Cellular telephones,CR_HASH_028,Import,IM,SA,SA,BH,SA,SA,BH,SA,NMB,3.56,8527.789325842696,price_per_item,30358.93,80741.84,3.56,526.34,561.62,9.05120269909279,9.1609472788485,0.7778458576033893,8.086449359029473,9.737226953131787,1.6507775941023137,5.610282967876002,12.213393344285258,False,-0.09516243382195982,0.09516243382195982,NORMAL,6.0,0.006289308176100629,5.0689042022202315,46.22900654036249,5.0,0.005241090146750524,5.251225759014186,47.13660531805522,4.0,1.5,1.0,3.0,2.0,63.63636363636365,49.15776967695511,LOW,1,0.0,-0.06869335102422375,1.7173337756055937,2.0,25.0,3,False,75.0,False,True,95.0,0.75,75.0,51.851066821461956,LOW,1,LOW,"LOW (driven by pattern+cr_profile; price_level=NORMAL, pattern_level=LOW, cr_profile_level=LOW)",1
2020-2701-5-10048-1,2020-2701-5-10048,2020-12-02,2020,2020-12,3923301000,392330100000,392330,39,Plastic bottles for packaging,Plastic bottles for packaging,CR_HASH_011,Import,IM,IN,IN,BH,IN,IN,BH,IN,NMB,1.93,18.621761658031087,price_per_item,35.94,95.59,1.93,785.79,895.89,2.9766392389969094,1.6841288050356895,0.6442087840607709,1.0864174155799162,2.3469388358112164,1.2605214202313002,-0.8043647147670341,4.237720966158166,False,1.3532667759334491,1.3532667759334491,NORMAL,13.0,0.013626834381551363,4.29571431398675,23.025452080470465,11.0,0.011530398322851153,4.462768398649916,21.2390343034744,9.0,1.4444444444444444,0.5270462766947299,2.0,1.3846153846153846,24.475524475524477,22.617716717779942,NORMAL,0,0.0,2.9579263604114,73.948159010285,1.0,0.0,3,False,75.0,False,True,87.5,0.875,87.5,75.25685565359974,MEDIUM,1,LOW,"LOW (driven by cr_profile; price_level=NORMAL, pattern_level=NORMAL, cr_profile_level=MEDIUM)",1
2020-2601-4-10892-1,2020-2601-4-10892,2020-12-02,2020,2020-12,9018390000,901839000000,901839,90,Medical syringes and needles,Medical syringes and needles,CR_HASH_012,Import,IM,CN,IN,BH,CN,IN,BH,CN,NMB,3.94,2.030456852791878,price_per_item,8.0,21.28,3.94,137.62,149.77,1.1087133846546136,1.1592369104845446,0.5792846449150362,0.6041021775947832,1.7481096643936567,1.1440074867988734,-1.111909052603527,3.464120894591967,False,-0.05882712688416544,0.05882712688416544,NORMAL,23.0,0.02410901467505241,3.725169455519137,5.903307964603629,1.0,0.0010482180293501049,6.860663671448286,100.0,12.0,1.9166666666666667,0.9962049198956219,4.0,2.0869565217391304,69.16996047430831,48.327148053448056,LOW,1,0.0,-0.23961550946735355,5.9903877366838385,1.0,0.0,3,False,75.0,False,False,72.22222222222221,0.9047619047619048,90.47619047619048,38.247429358633,LOW,1,LOW,"LOW (driven by pattern+cr_profile; price_level=NORMAL, pattern_level=LOW, cr_profile_level=LOW)",1
2020-2801-3-10202-1,2020-2801-3-10202,2020-12-03,2020,2020-12,6109100000,610910000000,610910,61,Cotton t-shirts,Cotton t-shirts,CR_HASH_041,,,DE,BH,DE,DE,BH,DE,,NMB,1.5,92.04666666666667,price_per_item,138.07,367.2,1.5,542.52,587.55,4.5331011594123884,4.5331011594123884,0.0,4.5331011594123884,4.5331011594123884,0.0,4.5331011594123884,4.5331011594123884,False,0.0,0.0,NORMAL,,,,0.0,,,,0.0,,,,,,0.0,0.0,NORMAL,0,0.0,-0.13126620946309112,3.281655236577278,1.0,0.0,2,False,83.33333333333334,False,False,0.0,0.9411764705882353,94.11764705882352,19.972108744566754,NORMAL,0,NORMAL,"NORMAL (price_level=NORMAL, pattern_level=NORMAL, cr_profile_level=NORMAL)",0
2020-2801-1-10753-1,2020-2801-1-10753,2020-12-03,2020,2020-12,8471300000,847130000000,847130,84,Portable laptop computers,Portable laptop computers,CR_HASH_017,Re-export,EX,BH,BH,US,BH,BH,US,US,NMB,2.03,935.9162561576356,price_per_item,1899.91,5052.96,2.03,86.78,91.69,6.8425939038127375,9.057918359570245,1.044460022767316,7.958447179146432,9.968345476103027,2.009898296956594,4.943599733711541,12.983192921537917,False,-1.43061088225474,1.43061088225474,NORMAL,3.0,0.0031446540880503146,5.762051382780177,67.03046630801344,3.0,0.0031446540880503146,5.762051382780177,63.915119328547,3.0,1.0,0.0,1.0,1.0,0.0,55.88552491899817,LOW,1,-2.2357391359493395,-0.7902274891208477,55.893478398733485,1.0,0.0,4,False,66.66666666666666,False,True,95.83333333333334,0.875,87.5,71.02105077289005,LOW,1,LOW,"LOW (driven by pattern+cr_profile; price_level=NORMAL, pattern_level=LOW, cr_profile_level=LOW)",1
2020-2801-1-10156-1,2020-2801-1-10156,2020-12-03,2020,2020-12,9018390000,901839000000,901839,90,Medical syringes and needles,Medical syringes and needles,CR_HASH_021,Re-export,EX,BH,BH,US,BH,BH,US,US,NMB,4.54,0.8942731277533039,price_per_item,4.06,10.81,4.54,72.77,81.35,0.6388351912062054,1.4183722013465883,0.34031158648964543,0.9528936868330796,1.614923227688858,0.6620295408557785,-0.040150624450588146,2.6079675389725256,False,-1.5450267663034718,1.5450267663034718,NORMAL,5.0,0.005241090146750524,5.251225759014186,51.700506150822136,5.0,0.005241090146750524,5.251225759014186,47.13660531805522,5.0,1.0,0.0,1.0,1.0,0.0,42.348064936730395,NORMAL,0,0.0,-0.6948649394350787,17.371623485876967,2.0,25.0,3,False,75.0,False,True,85.0,0.9047619047619048,90.47619047619048,57.92530631529503,LOW,1,NORMAL,"NORMAL (price_level=NORMAL, pattern_level=NORMAL, cr_profile_level=LOW)",0
2020-2501-3-10139-1,2020-2501-3-10139,2020-12-05,2020,2020-12,8471300000,847130000000,847130,84,Portable laptop computers,Portable laptop computers,CR_HASH_021,Import,IM,MY,MY,BH,MY,MY,BH,MY,NMB,1.78,23079.955056179773,price_per_item,41082.32,109261.5,1.78,420.63,446.16,10.046763100016321,8.71824987064452,0.6999612932513521,7.750041925937837,9.126895264901794,1.376853338963957,5.684761917491901,11.192175273347729,False,1.280170640424136,1.280170640424136,NORMAL,1.0,0.0010482180293501049,6.860663671448286,100.0,1.0,0.0010482180293501049,6.860663671448286,100.0,1.0,1.0,0.0,1.0,1.0,0.0,85.0,HIGH,1,0.0,2.509501815970098,62.73754539925245,1.0,0.0,1,True,91.66666666666666,True,True,100.0,1.0,100.0,96.95814088973836,HIGH,1,HIGH,"HIGH (driven by pattern+cr_profile; price_level=NORMAL, pattern_level=HIGH, cr_profile_level=HIGH)",1
2020-2501-5-10849-1,2020-2501-5-10849,2020-12-05,2020,2020-12,6109100000,610910000000,610910,61,Cotton t-shirts,Cotton t-shirts,CR_HASH_035,Re-export,EX,BH,BH,IN,BH,BH,IN,IN,NMB,0.66,316.1818181818182,price_per_item,208.68,555.0,0.66,312.89,332.01,5.759475168388404,4.610526181303967,0.7708500247178713,3.916293548711598,5.585818334387825,1.6695247856762268,1.412006370197258,8.090105512902165,False,1.0053258740986328,1.0053258740986328,NORMAL,2.0,0.0020964360587002098,6.1675164908883415,79.19854023234907,2.0,0.0020964360587002098,6.1675164908883415,77.23297513030472,2.0,1.0,0.0,1.0,1.0,0.0,66.6308114117812,LOW,1,1.938024940967496,2.216461829677597,55.411545741939925,1.0,0.0,5,False,58.333333333333336,True,True,100.0,0.7619047619047619,76.19047619047619,79.63213624777421,MEDIUM,1,MEDIUM,"MEDIUM (driven by pattern+cr_profile; price_level=NORMAL, pattern_level=LOW, cr_profile_level=MEDIUM)",1
2020-2801-1-10015-1,2020-2801-1-10015,2020-12-06,2020,2020-12,102211000,102211000000,102211,10,"Live cattle, pure-bred breeding","Live cattle, pure-bred breeding",CR_HASH_034,Import,IM,CN,CN,BH,CN,CN,BH,CN,NMB,4.1,12698.48536585366,price_per_item,52063.79,138467.52,4.1,690.22,772.98,9.449316749251901,10.013369334439131,0.6855679350518233,9.327801399387308,10.638440798004723,1.3106393986174147,7.361842301461186,12.604399895930845,False,-0.5549388136697396,0.5549388136697396,NORMAL,18.0,0.018867924528301886,3.970291913552122,13.25947284837593,16.0,0.016771488469601678,4.088074949208505,8.931900521218806,10.0,1.8,0.7888106377466155,3.0,1.6666666666666665,42.42424242424242,16.11953797025091,NORMAL,0,0.0,-0.35249737623255123,8.81243440581378,1.0,0.0,1,True,91.66666666666666,False,True,86.66666666666667,0.9333333333333333,93.33333333333333,63.41768537536816,LOW,1,NORMAL,"NORMAL (price_level=NORMAL, pattern_level=NORMAL, cr_profile_level=LOW)",0
2020-2701-5-10145-1,2020-2701-5-10145,2020-12-06,2020,2020-12,3923301000,392330100000,392330,39,Plastic bottles for packaging,Plastic bottles for packaging,CR_HASH_020,Import,IM,IN,IN,BH,IN,IN,BH,IN,NMB,4.89,4.175869120654397,price_per_item,20.42,54.32,4.89,503.65,593.46,1.644007271070252,1.6841288050356895,0.6442087840607709,1.0864174155799162,2.3469388358112164,1.2605214202313002,-0.8043647147670341,4.237720966158166,False,-0.042007505307721967,0.042007505307721967,NORMAL,13.0,0.013626834381551363,4.29571431398675,23.025452080470465,11.0,0.011530398322851153,4.462768398649916,21.2390343034744,9.0,1.4444444444444444,0.5270462766947299,2.0,1.3846153846153846,24.475524475524477,22.617716717779942,NORMAL,0,0.0,-0.11408718908105281,2.85217972702632,1.0,0.0,1,True,91.66666666666666,False,True,90.47619047619048,1.0,100.0,63.61731052350683,LOW,1,NORMAL,"NORMAL (price_level=NORMAL, pattern_level=NORMAL, cr_profile_level=LOW)",0
2020-2701-1-10136-1,2020-2701-1-10136,2020-12-06,2020,2020-12,2710192100,271019210000,271019,27,Gas oils for diesel engines,Gas oils for diesel engines,CR_HASH_010,Re-export,EX,BH,BH,DE,BH,BH,DE,DE,LTR,21222.89,0.1046954491117845,price_per_liter_gross_weight,2221.94,5909.41,4.32,17750.73,21222.89,0.09956968531829806,0.2773855677315066,0.0779894680702432,0.16396900989912072,0.33244641877019565,0.16847740887107493,-0.08874710340749165,0.585162532076808,False,-1.5378380253582866,1.5378380253582866,NORMAL,1.0,0.0010482180293501049,6.860663671448286,100.0,1.0,0.0010482180293501049,6.860663671448286,100.0,1.0,1.0,0.0,1.0,1.0,0.0,85.0,HIGH,1,-2.4051678689949876,-1.4042911298316596,60.12919672487469,1.0,0.0,4,False,66.66666666666666,False,True,95.83333333333334,0.84,84.0,71.80355218703949,LOW,1,HIGH,"HIGH (driven by pattern+cr_profile; price_level=NORMAL, pattern_level=HIGH, cr_profile_level=LOW)",1
2020-2601-1-10151-1,2020-2601-1-10151,2020-12-06,2020,2020-12,3923301000,392330100000,392330,39,Plastic bottles for packaging,Plastic bottles for packaging,CR_HASH_030,Import,IM,SA,SA,BH,SA,SA,BH,SA,NMB,0.94,50.69148936170213,price_per_item,47.65,126.72,0.94,1242.73,1453.85,3.9452931521358994,1.6841288050356895,0.6442087840607709,1.0864174155799162,2.3469388358112164,1.2605214202313002,-0.8043647147670341,4.237720966158166,False,2.3674536819621324,2.3674536819621324,LOW,8.0,0.008385744234800839,4.781222129768451,37.595620697047174,6.0,0.006289308176100629,5.0689042022202315,41.148094458851695,6.0,1.3333333333333333,0.5163977794943222,2.0,1.5,31.818181818181824,37.97237068184895,NORMAL,0,19.97495952807565,9.631540998757359,100.0,1.0,0.0,4,False,66.66666666666666,False,True,84.21052631578947,0.85,85.0,83.05263157894737,MEDIUM,1,MEDIUM,"MEDIUM (driven by price+cr_profile; price_level=LOW, pattern_level=NORMAL, cr_profile_level=MEDIUM)",1
2020-2501-1-10382-1,2020-2501-1-10382,2020-12-08,2020,2020-12,8471300000,847130000000,847130,84,Portable laptop computers,Portable laptop computers,CR_HASH_038,Re-export,EX,BH,BH,JP,BH,BH,JP,JP,NMB,1.33,6088.496240601503,price_per_item,8097.7,21536.43,1.33,251.67,279.54,8.714320638169475,9.057918359570245,1.044460022767316,7.958447179146432,9.968345476103027,2.009898296956594,4.943599733711541,12.983192921537917,False,-0.2218883279495919,0.2218883279495919,NORMAL,2.0,0.0020964360587002098,6.1675164908883415,79.19854023234907,2.0,0.0020964360587002098,6.1675164908883415,77.23297513030472,2.0,1.0,0.0,1.0,1.0,0.0,66.6308114117812,LOW,1,0.0,-0.0777981002990278,1.944952507475695,1.0,0.0,2,False,83.33333333333334,True,True,100.0,0.9375,93.75,64.43073337761649,LOW,1,LOW,"LOW (driven by pattern+cr_profile; price_level=NORMAL, pattern_level=LOW, cr_profile_level=LOW)",1
2020-2801-8-10193-1,2020-2801-8-10193,2020-12-08,2020,2020-12,6109100000,610910000000,610910,61,Cotton t-shirts,Cotton t-shirts,CR_HASH_016,Re-export,EX,BH,BH,SA,BH,BH,SA,SA,NMB,3.39,104.63126843657817,price_per_item,354.7,943.36,3.39,537.75,636.63,4.659954430061544,4.610526181303967,0.7708500247178713,3.916293548711598,5.585818334387825,1.6695247856762268,1.412006370197258,8.090105512902165,False,0.043249524518466635,0.043249524518466635,NORMAL,4.0,0.0041928721174004195,5.474369310328396,58.39708046469813,4.0,0.0041928721174004195,5.474369310328396,54.46595026060942,4.0,1.0,0.0,1.0,1.0,0.0,48.26162282356236,LOW,1,0.0,0.07062720562412397,1.7656801406030993,1.0,0.0,3,False,75.0,False,False,77.77777777777779,0.8888888888888888,88.88888888888889,37.84021027143331,LOW,1,LOW,"LOW (driven by pattern+cr_profile; price_level=NORMAL, pattern_level=LOW, cr_profile_level=LOW)",1
2020-2801-1-10601-1,2020-2801-1-10601,2020-12-09,2020,2020-12,2710192100,271019210000,271019,27,Gas oils for diesel engines,Gas oils for diesel engines,CR_HASH_041,Import,IM,US,US,BH,US,US,BH,US,LTR,9448.41,0.3211609149052592,price_per_liter_gross_weight,3034.46,8070.36,2.39,8075.27,9448.41,0.27851083107031355,0.26355592811875056,0.07105600884335336,0.1979668243457394,0.33634243682655873,0.13837561248081934,-0.009596594375489625,0.5439058555477878,False,0.141957647409323,0.141957647409323,NORMAL,11.0,0.011530398322851153,4.462768398649916,28.038772365976683,11.0,0.011530398322851153,4.462768398649916,21.2390343034744,8.0,1.375,0.7440238091428449,3.0,2.1818181818181817,75.20661157024794,32.73403992474157,NORMAL,0,0.0,0.15626042457808204,3.906510614452051,1.0,0.0,1,True,91.66666666666666,True,True,100.0,1.0,100.0,76.36727871505822,MEDIUM,1,LOW,"LOW (driven by cr_profile; price_level=NORMAL, pattern_level=NORMAL, cr_profile_level=MEDIUM)",1
2020-2701-6-10681-1,2020-2701-6-10681,2020-12-09,2020,2020-12,102211000,102211000000,102211,10,"Live cattle, pure-bred breeding","Live cattle, pure-bred breeding",CR_HASH_037,Import,IM,SA,JP,BH,SA,JP,BH,SA,NMB,0.63,88227.87301587302,price_per_item,55583.56,147828.63,0.63,242.37,289.48,11.387689546881404,10.013369334439131,0.6855679350518233,9.327801399387308,10.638440798004723,1.3106393986174147,7.361842301461186,12.604399895930845,False,1.3521144097618174,1.3521144097618174,NORMAL,7.0,0.007337526205450734,4.9147535223929735,41.6029195353019,1.0,0.0010482180293501049,6.860663671448286,100.0,4.0,1.75,0.5,2.0,1.1428571428571428,9.090909090909088,57.165096131287314,LOW,1,0.0,4.009289613154419,100.0,1.0,0.0,2,False,83.33333333333334,False,True,92.3076923076923,0.8148148148148149,81.4814814814815,84.37321937321938,MEDIUM,1,MEDIUM,"MEDIUM (driven by pattern+cr_profile; price_level=NORMAL, pattern_level=LOW, cr_profile_level=MEDIUM)",1
2020-2601-6-10972-1,2020-2601-6-10972,2020-12-10,2020,2020-12,8703221000,870322100000,870322,87,Passenger cars 1000-1500cc,Passenger cars 1000-1500cc,CR_HASH_044,Import,IM,IN,CN,BH,IN,CN,BH,IN,NMB,1.59,544850.7295597484,price_per_item,866312.66,2304023.04,1.59,996.53,1145.17,13.2082689807778,12.339741490828857,0.5298577154310848,11.445675964067552,12.647064860424424,1.201388896356871,9.643592619532246,14.44914820495973,False,1.1056058055988751,1.1056058055988751,NORMAL,9.0,0.009433962264150943,4.663439094112067,34.06093261602687,1.0,0.0010482180293501049,6.860663671448286,100.0,6.0,1.5,0.8366600265340756,3.0,2.0,63.63636363636365,61.57592085346798,LOW,1,0.0,1.7564621268938536,43.91155317234634,1.0,0.0,1,True,91.66666666666666,False,True,86.36363636363636,1.0,100.0,76.9599527012303,MEDIUM,1,MEDIUM,"MEDIUM (driven by pattern+cr_profile; price_level=NORMAL, pattern_level=LOW, cr_profile_level=MEDIUM)",1
2020-2801-9-10387-1,2020-2801-9-10387,2020-12-10,2020,2020-12,8703221000,870322100000,870322,87,Passenger cars 1000-1500cc,Passenger cars 1000-1500cc,CR_HASH_026,Import,IM,CN,CN,BH,CN,CN,BH,CN,NMB,3.35,62877.00895522388,price_per_item,210637.98,560207.4,3.35,290.71,336.9,11.048951762403673,12.339741490828857,0.5298577154310848,11.445675964067552,12.647064860424424,1.201388896356871,9.643592619532246,14.44914820495973,False,-1.6431312008767507,1.6431312008767507,NORMAL,20.0,0.020964360587002098,3.8649313978942956,10.097586615520235,14.0,0.014675052410901468,4.221606341833028,13.317855801757727,9.0,2.2222222222222223,1.3017082793177757,5.0,2.25,79.54545454545456,21.641861020193506,NORMAL,0,-0.9394326325928114,-0.8534917734071252,23.485815814820285,1.0,0.0,4,False,66.66666666666666,False,True,64.70588235294117,0.8333333333333334,83.33333333333334,51.063172790089055,LOW,1,NORMAL,"NORMAL (price_level=NORMAL, pattern_level=NORMAL, cr_profile_level=LOW)",0
2020-2701-5-10198-1,2020-2701-5-10198,2020-12-11,2020,2020-12,8471300000,847130000000,847130,84,Portable laptop computers,Portable laptop computers,CR_HASH_011,,,CN,BH,AE,CN,BH,AE,,NMB,3.42,10340.938596491229,price_per_item,35366.01,94058.55,3.42,966.02,1021.4,9.243962615643166,9.243962615643166,0.0,9.243962615643166,9.243962615643166,0.0,9.243962615643166,9.243962615643166,False,0.0,0.0,NORMAL,,,,0.0,,,,0.0,,,,,,0.0,0.0,NORMAL,0,0.0,0.520368147812573,13.009203695314325,1.0,0.0,3,False,75.0,False,False,0.0,0.8823529411764706,88.23529411764706,22.200280116889427,NORMAL,0,NORMAL,"NORMAL (price_level=NORMAL, pattern_level=NORMAL, cr_profile_level=NORMAL)",0
2020-2601-2-10610-1,2020-2601-2-10610,2020-12-11,2020,2020-12,1006301000,100630100000,100630,10,Long-grain milled rice,Long-grain milled rice,CR_HASH_030,Import,IM,US,US,BH,US,US,BH,US,KGM,458.25,0.3120785597381342,price_per_kg,143.01,380.35,1.4,458.25,531.38,0.2716125665784781,0.32869838978139143,0.06767869107876259,0.270176176769005,0.39860128498662895,0.12842510821762393,0.07753851444256912,0.5912389473130648,False,-0.5689214675069576,0.5689214675069576,NORMAL,8.0,0.008385744234800839,4.781222129768451,37.595620697047174,7.0,0.007337526205450734,4.9147535223929735,36.084880671453035,5.0,1.6,0.5477225575051662,2.0,1.25,15.909090909090912,33.81388221989579,NORMAL,0,0.0,-0.521840400566246,13.04601001415615,1.0,0.0,3,False,75.0,False,True,90.0,0.8571428571428572,85.71428571428572,54.2089606478118,LOW,1,NORMAL,"NORMAL (price_level=NORMAL, pattern_level=NORMAL, cr_profile_level=LOW)",0
2020-2601-6-10584-1,2020-2601-6-10584,2020-12-11,2020,2020-12,8703221000,870322100000,870322,87,Passenger cars 1000-1500cc,Passenger cars 1000-1500cc,CR_HASH_007,Import,IM,IN,IN,BH,IN,IN,BH,IN,NMB,4.43,141135.44469525962,price_per_item,625230.02,1662845.8,4.43,611.1,731.92,11.857482394321577,12.339741490828857,0.5298577154310848,11.445675964067552,12.647064860424424,1.201388896356871,9.643592619532246,14.44914820495973,False,-0.6138993446628381,0.6138993446628381,NORMAL,9.0,0.009433962264150943,4.663439094112067,34.06093261602687,7.0,0.007337526205450734,4.9147535223929735,36.084880671453035,6.0,1.5,0.8366600265340756,3.0,2.0,63.63636363636365,39.20562908847654,NORMAL,0,-0.21420549237078218,-0.43251259576579987,10.812814894144998,0.6666666666666666,0.0,3,False,75.0,False,False,88.88888888888889,0.8333333333333334,83.33333333333334,42.67337410183964,LOW,1,NORMAL,"NORMAL (price_level=NORMAL, pattern_level=NORMAL, cr_profile_level=LOW)",0
2020-2801-2-10703-1,2020-2801-2-10703,2020-12-12,2020,2020-12,6109100000,610910000000,610910,61,Cotton t-shirts,Cotton t-shirts,CR_HASH_047,Import,IM,AE,JP,BH,AE,JP,BH,AE,NMB,3.16,75.3892405063291,price_per_item,238.23,633.6,3.16,874.21,969.94,4.3358418551858575,4.644105600231562,0.7882174659262975,3.8927224589349843,5.444558727344917,1.5518362684099332,1.5649680563200845,7.772313129959818,False,-0.2637863996969821,0.2637863996969821,NORMAL,10.0,0.010482180293501049,4.558078578454241,30.899046383171186,1.0,0.0010482180293501049,6.860663671448286,100.0,8.0,1.25,0.4629100498862757,2.0,1.6,38.181818181818194,56.17679591885832,LOW,1,0.0,-0.2763121040297692,6.90780260074423,1.0,0.0,1,True,91.66666666666666,False,True,82.6086956521739,1.0,100.0,63.06990482330396,LOW,1,LOW,"LOW (driven by pattern+cr_profile; price_level=NORMAL, pattern_level=LOW, cr_profile_level=LOW)",1
2020-2601-8-10397-1,2020-2601-8-10397,2020-12-13,2020,2020-12,6109100000,610910000000,610910,61,Cotton t-shirts,Cotton t-shirts,CR_HASH_005,Import,IM,US,US,BH,US,US,BH,US,NMB,1.42,480.54929577464793,price_per_item,682.38,1814.85,1.42,684.87,794.28,6.1770086055920315,4.644105600231562,0.7882174659262975,3.8927224589349843,5.444558727344917,1.5518362684099332,1.5649680563200845,7.772313129959818,False,1.3117305274052582,1.3117305274052582,NORMAL,13.0,0.013626834381551363,4.29571431398675,23.025452080470465,11.0,0.011530398322851153,4.462768398649916,21.2390343034744,10.0,1.3,0.48304589153964794,2.0,1.5384615384615383,34.26573426573426,24.086248186311412,NORMAL,0,0.0,3.891086306071592,97.2771576517898,1.0,0.0,1,True,91.66666666666666,False,True,70.0,1.0,100.0,91.54700517812643,HIGH,1,HIGH,"HIGH (driven by cr_profile; price_level=NORMAL, pattern_level=NORMAL, cr_profile_level=HIGH)",1
2020-2501-5-10635-1,2020-2501-5-10635,2020-12-13,2020,2020-12,6109100000,610910000000,610910,61,Cotton t-shirts,Cotton t-shirts,CR_HASH_001,Import,IM,CN,CN,BH,CN,CN,BH,CN,NMB,2.13,4.746478873239437,price_per_item,10.11,26.9,2.13,16.06,18.15,1.7485872973628462,4.644105600231562,0.7882174659262975,3.8927224589349843,5.444558727344917,1.5518362684099332,1.5649680563200845,7.772313129959818,False,-2.4777430386995736,2.4777430386995736,LOW,16.0,0.016771488469601678,4.088074949208505,16.794160929396217,13.0,0.013626834381551363,4.29571431398675,15.75199690827349,8.0,2.0,1.4142135623730951,5.0,2.5,95.45454545454547,28.228461200775648,NORMAL,0,0.0,-0.9811355518051093,24.528388795127732,1.0,0.0,2,False,83.33333333333334,False,False,61.111111111111114,0.9444444444444444,94.44444444444444,42.751602744961374,LOW,1,LOW,"LOW (driven by price+cr_profile; price_level=LOW, pattern_level=NORMAL, cr_profile_level=LOW)",1
2020-2701-6-10923-1,2020-2701-6-10923,2020-12-15,2020,2020-12,8703221000,870322100000,870322,87,Passenger cars 1000-1500cc,Passenger cars 1000-1500cc,CR_HASH_027,Re-export,EX,BH,BH,JP,BH,BH,JP,JP,NMB,3.37,372747.09792284865,price_per_item,1256157.72,3340845.0,3.37,846.68,1011.69,12.828658129791293,12.004283802979177,0.6624296738554509,11.2719045323345,12.594725507248622,1.3228209749141229,9.287673069963315,14.578956969619806,False,0.8393839946032414,0.8393839946032414,NORMAL,5.0,0.005241090146750524,5.251225759014186,51.700506150822136,5.0,0.005241090146750524,5.251225759014186,47.13660531805522,5.0,1.0,0.0,1.0,1.0,0.0,42.348064936730395,NORMAL,0,0.0,0.8720994461895618,21.802486154739046,1.0,0.0,2,False,83.33333333333334,False,True,88.23529411764706,0.9473684210526316,94.73684210526316,58.63706210462307,LOW,1,NORMAL,"NORMAL (price_level=NORMAL, pattern_level=NORMAL, cr_profile_level=LOW)",0
2020-2601-4-10991-1,2020-2601-4-10991,2020-12-15,2020,2020-12,8504400090,850440009000,850440,85,Static converters,Static converters,CR_HASH_045,Import,IM,IN,CN,BH,IN,CN,BH,IN,NMB,0.8,4233.424999999999,price_per_item,3386.74,9007.29,0.8,669.93,762.73,8.351002824550532,7.466827051260017,0.5715840105867187,6.914775863803976,8.032836322465545,1.11806045866157,5.23768517581162,9.7099270104579,False,1.043360866979757,1.043360866979757,NORMAL,10.0,0.010482180293501049,4.558078578454241,30.899046383171186,1.0,0.0010482180293501049,6.860663671448286,100.0,6.0,1.6666666666666667,1.2110601416389966,4.0,2.4,89.0909090909091,63.81315955522196,LOW,1,0.0,1.7503945733964785,43.75986433491196,1.0,0.0,2,False,83.33333333333334,False,False,87.5,0.7777777777777778,77.77777777777779,52.746508072774745,LOW,1,LOW,"LOW (driven by pattern+cr_profile; price_level=NORMAL, pattern_level=LOW, cr_profile_level=LOW)",1
2020-2801-2-10634-1,2020-2801-2-10634,2020-12-15,2020,2020-12,102211000,102211000000,102211,10,"Live cattle, pure-bred breeding","Live cattle, pure-bred breeding",CR_HASH_018,Re-export,EX,BH,BH,US,BH,BH,US,US,NMB,4.11,14344.87591240876,price_per_item,58957.44,156801.7,4.11,627.8,733.96,9.571217787019023,9.549317841384953,0.6971436999939566,8.846103941045365,10.18755556601122,1.3414516249658544,6.833926503596584,12.19973300346,False,0.02118833027300986,0.02118833027300986,NORMAL,2.0,0.0020964360587002098,6.1675164908883415,79.19854023234907,2.0,0.0020964360587002098,6.1675164908883415,77.23297513030472,2.0,1.0,0.0,1.0,1.0,0.0,66.6308114117812,LOW,1,0.0,-0.26104251116698785,6.526062779174696,1.0,0.0,1,True,91.66666666666666,False,True,73.33333333333334,0.9333333333333333,93.33333333333333,59.28412197271115,LOW,1,LOW,"LOW (driven by pattern+cr_profile; price_level=NORMAL, pattern_level=LOW, cr_profile_level=LOW)",1
2020-2701-8-10741-1,2020-2701-8-10741,2020-12-16,2020,2020-12,8703221000,870322100000,870322,87,Passenger cars 1000-1500cc,Passenger cars 1000-1500cc,CR_HASH_018,Import,IM,CN,CN,BH,CN,CN,BH,CN,NMB,1.89,382322.0,price_per_item,722588.58,1921778.15,1.89,533.22,571.08,12.854021080051135,12.339741490828857,0.5298577154310848,11.445675964067552,12.647064860424424,1.201388896356871,9.643592619532246,14.44914820495973,False,0.6546603373240149,0.6546603373240149,NORMAL,20.0,0.020964360587002098,3.8649313978942956,10.097586615520235,14.0,0.014675052410901468,4.221606341833028,13.317855801757727,9.0,2.2222222222222223,1.3017082793177757,5.0,2.25,79.54545454545456,21.641861020193506,NORMAL,0,0.0,0.9162507127411323,22.90626781852831,1.0,0.0,1,True,91.66666666666666,False,True,68.75,1.0,100.0,65.2046937364849,LOW,1,NORMAL,"NORMAL (price_level=NORMAL, pattern_level=NORMAL, cr_profile_level=LOW)",0
2020-2601-3-10187-1,2020-2601-3-10187,2020-12-17,2020,2020-12,8703221000,870322100000,870322,87,Passenger cars 1000-1500cc,Passenger cars 1000-1500cc,CR_HASH_005,Import,IM,AE,AE,BH,AE,AE,BH,AE,NMB,4.49,255823.39643652563,price_per_item,1148647.05,3054912.36,4.49,495.53,538.24,12.452246536669561,12.339741490828857,0.5298577154310848,11.445675964067552,12.647064860424424,1.201388896356871,9.643592619532246,14.44914820495973,False,0.14321507756531937,0.14321507756531937,NORMAL,7.0,0.007337526205450734,4.9147535223929735,41.6029195353019,6.0,0.006289308176100629,5.0689042022202315,41.148094458851695,5.0,1.4,0.5477225575051661,2.0,1.4285714285714286,27.27272727272728,39.294201919158134,NORMAL,0,0.0,0.21499092315802487,5.374773078950621,1.0,0.0,1,True,91.66666666666666,False,True,81.81818181818181,1.0,100.0,62.33571603217817,LOW,1,NORMAL,"NORMAL (price_level=NORMAL, pattern_level=NORMAL, cr_profile_level=LOW)",0
2020-2701-4-10035-1,2020-2701-4-10035,2020-12-17,2020,2020-12,3923301000,392330100000,392330,39,Plastic bottles for packaging,Plastic bottles for packaging,CR_HASH_015,Re-export,EX,BH,BH,SA,BH,BH,SA,SA,NMB,2.7,0.9185185185185184,price_per_item,2.48,6.6,2.7,68.17,72.85,0.6515532832611082,2.008077055471865,0.7629623078147538,1.1201351912780924,2.51712417371907,1.3969889824409778,-0.9753482823833743,4.612607647380537,False,-1.1992240507753116,1.1992240507753116,NORMAL,3.0,0.0031446540880503146,5.762051382780177,67.03046630801344,3.0,0.0031446540880503146,5.762051382780177,63.915119328547,3.0,1.0,0.0,1.0,1.0,0.0,55.88552491899817,LOW,1,0.0,-0.7354353484335748,18.38588371083937,1.0,0.0,3,False,75.0,False,True,89.47368421052632,0.8947368421052632,89.47368421052632,56.698217193530624,LOW,1,LOW,"LOW (driven by pattern+cr_profile; price_level=NORMAL, pattern_level=LOW, cr_profile_level=LOW)",1
2020-2701-7-10254-1,2020-2701-7-10254,2020-12-17,2020,2020-12,8517120000,851712000000,851712,85,Cellular telephones,Cellular telephones,CR_HASH_027,Re-export,EX,BH,BH,SA,BH,BH,SA,SA,NMB,2.84,30473.584507042255,price_per_item,86544.98,230172.83,2.84,998.93,1074.67,10.32464832036128,8.864077348542533,0.8102493638708186,8.21372138236038,9.675589371385747,1.461867989025368,6.020919398822327,11.8683913549238,False,1.2158499197644055,1.2158499197644055,NORMAL,4.0,0.0041928721174004195,5.474369310328396,58.39708046469813,4.0,0.0041928721174004195,5.474369310328396,54.46595026060942,4.0,1.0,0.0,1.0,1.0,0.0,48.26162282356236,LOW,1,0.0,2.358503573467778,58.96258933669445,1.0,0.0,1,True,91.66666666666666,False,True,94.44444444444444,0.9,90.0,82.24801737895417,MEDIUM,1,MEDIUM,"MEDIUM (driven by pattern+cr_profile; price_level=NORMAL, pattern_level=LOW, cr_profile_level=MEDIUM)",1
2020-2801-6-10418-1,2020-2801-6-10418,2020-12-17,2020,2020-12,8703221000,870322100000,870322,87,Passenger cars 1000-1500cc,Passenger cars 1000-1500cc,CR_HASH_044,Re-export,EX,BH,BH,CN,BH,BH,CN,CN,NMB,3.59,43506.06128133705,price_per_item,156186.76,415390.32,3.59,92.17,107.46,10.68067853220956,12.004283802979177,0.6624296738554509,11.2719045323345,12.594725507248622,1.3228209749141229,9.287673069963315,14.578956969619806,False,-1.3477046086003581,1.3477046086003581,NORMAL,8.0,0.008385744234800839,4.781222129768451,37.595620697047174,8.0,0.008385744234800839,4.781222129768451,31.698925390914113,6.0,1.3333333333333333,0.5163977794943222,2.0,1.5,31.818181818181824,34.665161508070796,NORMAL,0,0.0,-0.9571476480298566,23.928691200746417,1.0,0.0,1,True,91.66666666666666,False,True,78.26086956521739,0.9565217391304348,95.65217391304348,67.07069409417429,LOW,1,NORMAL,"NORMAL (price_level=NORMAL, pattern_level=NORMAL, cr_profile_level=LOW)",0
2020-2701-8-10554-1,2020-2701-8-10554,2020-12-18,2020,2020-12,8504400090,850440009000,850440,85,Static converters,Static converters,CR_HASH_026,Import,IM,AE,AE,BH,AE,AE,BH,AE,NMB,3.53,2092.1359773371105,price_per_item,7385.24,19641.6,3.53,711.42,823.43,7.646418688007508,7.466827051260017,0.5715840105867187,6.914775863803976,8.032836322465545,1.11806045866157,5.23768517581162,9.7099270104579,False,0.21192492655824888,0.21192492655824888,NORMAL,12.0,0.012578616352201259,4.375757021660286,25.427546772711544,8.0,0.008385744234800839,4.781222129768451,31.698925390914113,8.0,1.5,0.5345224838248488,2.0,1.3333333333333333,21.21212121212121,26.990215454993894,NORMAL,0,0.0,0.24407639461585007,6.101909865396252,1.0,0.0,2,False,83.33333333333334,False,True,83.33333333333334,0.9473684210526316,94.73684210526316,51.91637020727465,LOW,1,NORMAL,"NORMAL (price_level=NORMAL, pattern_level=NORMAL, cr_profile_level=LOW)",0
2020-2501-3-10021-1,2020-2501-3-10021,2020-12-18,2020,2020-12,9018390000,901839000000,901839,90,Medical syringes and needles,Medical syringes and needles,CR_HASH_022,Re-export,EX,BH,BH,IN,BH,BH,IN,IN,NMB,1.06,7.1226415094339615,price_per_item,7.55,20.09,1.06,281.06,330.44,2.0946554103156636,1.4183722013465883,0.34031158648964543,0.9528936868330796,1.614923227688858,0.6620295408557785,-0.040150624450588146,2.6079675389725256,False,1.3403797970678253,1.3403797970678253,NORMAL,5.0,0.005241090146750524,5.251225759014186,51.700506150822136,5.0,0.005241090146750524,5.251225759014186,47.13660531805522,4.0,1.25,0.5,2.0,1.6,38.181818181818194,48.07533766400312,LOW,1,0.0,1.8119413799967306,45.29853449991826,1.0,0.0,2,False,83.33333333333334,False,True,94.44444444444444,0.9444444444444444,94.44444444444444,68.35448707497139,LOW,1,LOW,"LOW (driven by pattern+cr_profile; price_level=NORMAL, pattern_level=LOW, cr_profile_level=LOW)",1
2020-2501-9-10448-1,2020-2501-9-10448,2020-12-19,2020,2020-12,8471300000,847130000000,847130,84,Portable laptop computers,Portable laptop computers,CR_HASH_021,Import,IM,CN,CN,BH,CN,CN,BH,CN,NMB,2.24,1697.7499999999998,price_per_item,3802.96,10114.26,2.24,63.93,76.26,7.437647965465353,8.71824987064452,0.6999612932513521,7.750041925937837,9.126895264901794,1.376853338963957,5.684761917491901,11.192175273347729,False,-1.2340027369217714,1.2340027369217714,NORMAL,21.0,0.0220125786163522,3.8161412337248635,8.633385843315326,15.0,0.015723270440251572,4.152613470346076,11.051724646602178,10.0,2.1,1.449137674618944,5.0,2.380952380952381,87.87878787878789,21.36661472978661,NORMAL,0,0.0,-0.7370837474520576,18.42709368630144,1.0,0.0,1,True,91.66666666666666,False,True,68.18181818181819,0.9565217391304348,95.65217391304348,62.62537211826875,LOW,1,NORMAL,"NORMAL (price_level=NORMAL, pattern_level=NORMAL, cr_profile_level=LOW)",0
2020-2801-8-10349-1,2020-2801-8-10349,2020-12-19,2020,2020-12,8517120000,851712000000,851712,85,Cellular telephones,Cellular telephones,CR_HASH_047,Import,IM,SA,SA,BH,SA,SA,BH,SA,NMB,1.32,16855.007575757576,price_per_item,22248.61,59171.84,1.32,40.08,43.73,9.732462404923742,9.1609472788485,0.7778458576033893,8.086449359029473,9.737226953131787,1.6507775941023137,5.610282967876002,12.213393344285258,False,0.49557591349339425,0.49557591349339425,NORMAL,6.0,0.006289308176100629,5.0689042022202315,46.22900654036249,5.0,0.005241090146750524,5.251225759014186,47.13660531805522,4.0,1.5,1.0,3.0,2.0,63.63636363636365,49.15776967695511,LOW,1,0.41465687207515367,0.9019290060314707,22.54822515078677,0.5,0.0,4,False,66.66666666666666,False,False,79.16666666666666,0.72,72.0,42.08354546944203,LOW,1,LOW,"LOW (driven by pattern+cr_profile; price_level=NORMAL, pattern_level=LOW, cr_profile_level=LOW)",1
2020-2701-8-10330-1,2020-2701-8-10330,2020-12-19,2020,2020-12,102211000,102211000000,102211,10,"Live cattle, pure-bred breeding","Live cattle, pure-bred breeding",CR_HASH_002,Import,IM,SA,SA,BH,SA,SA,BH,SA,NMB,1.14,137796.71929824565,price_per_item,157088.26,417787.92,1.14,846.19,899.93,11.83354208661374,10.013369334439131,0.6855679350518233,9.327801399387308,10.638440798004723,1.3106393986174147,7.361842301461186,12.604399895930845,False,1.7907630144634064,1.7907630144634064,NORMAL,7.0,0.007337526205450734,4.9147535223929735,41.6029195353019,5.0,0.005241090146750524,5.251225759014186,47.13660531805522,4.0,1.75,0.5,2.0,1.1428571428571428,9.090909090909088,38.662907992606634,NORMAL,0,4.247634497629235,7.072692754924006,100.0,1.0,0.0,4,False,66.66666666666666,False,True,88.88888888888889,0.7,70.0,81.22222222222223,MEDIUM,1,LOW,"LOW (driven by cr_profile; price_level=NORMAL, pattern_level=NORMAL, cr_profile_level=MEDIUM)",1
2020-2801-9-10717-1,2020-2801-9-10717,2020-12-19,2020,2020-12,2710192100,271019210000,271019,27,Gas oils for diesel engines,Gas oils for diesel engines,CR_HASH_006,,,JP,BH,DE,JP,BH,DE,,LTR,16630.3,0.21736468975304116,price_per_liter_gross_weight,3614.84,9613.93,3.65,14978.05,16630.3,0.19668843201850417,0.19668843201850417,0.0,0.19668843201850417,0.19668843201850417,0.0,0.19668843201850417,0.19668843201850417,False,0.0,0.0,NORMAL,,,,0.0,,,,0.0,,,,,,0.0,0.0,NORMAL,0,-2.806024798212083,-0.5092110104926165,70.15061995530208,1.0,0.0,4,False,66.66666666666666,False,False,0.0,0.875,87.5,42.052716984355726,LOW,1,NORMAL,"NORMAL (price_level=NORMAL, pattern_level=NORMAL, cr_profile_level=LOW)",0
2020-2601-8-10087-1,2020-2601-8-10087,2020-12-20,2020,2020-12,102211000,102211000000,102211,10,"Live cattle, pure-bred breeding","Live cattle, pure-bred breeding",CR_HASH_003,Import,IM,IN,SA,BH,IN,SA,BH,IN,NMB,2.27,53860.67841409692,price_per_item,122263.74,325169.52,2.27,776.95,893.76,10.89417452841434,10.013369334439131,0.6855679350518233,9.327801399387308,10.638440798004723,1.3106393986174147,7.361842301461186,12.604399895930845,False,0.8665734405888732,0.8665734405888732,NORMAL,7.0,0.007337526205450734,4.9147535223929735,41.6029195353019,1.0,0.0010482180293501049,6.860663671448286,100.0,6.0,1.1666666666666667,0.408248290463863,2.0,1.7142857142857142,45.45454545454546,62.619641585832774,LOW,1,-0.20813197811930126,2.1459188495461623,53.64797123865406,1.0,0.0,4,False,66.66666666666666,False,True,93.75,0.75,75.0,67.21428993352892,LOW,1,LOW,"LOW (driven by pattern+cr_profile; price_level=NORMAL, pattern_level=LOW, cr_profile_level=LOW)",1
2020-2701-7-10366-1,2020-2701-7-10366,2020-12-20,2020,2020-12,8517120000,851712000000,851712,85,Cellular telephones,Cellular telephones,CR_HASH_027,Import,IM,AE,AE,BH,AE,AE,BH,AE,NMB,3.36,956.0684523809524,price_per_item,3212.39,8543.6,3.36,96.15,113.07,6.863874916983712,9.1609472788485,0.7778458576033893,8.086449359029473,9.737226953131787,1.6507775941023137,5.610282967876002,12.213393344285258,False,-1.9918523275299962,1.9918523275299962,NORMAL,11.0,0.011530398322851153,4.462768398649916,28.038772365976683,9.0,0.009433962264150943,4.663439094112067,27.830238657093965,7.0,1.5714285714285714,0.7867957924694431,3.0,1.9090909090909092,57.8512396694215,32.437655663384454,NORMAL,0,0.0,-0.9071754800870563,22.67938700217641,1.0,0.0,1,True,91.66666666666666,False,True,73.6842105263158,0.8571428571428572,85.71428571428572,63.501695225197835,LOW,1,NORMAL,"NORMAL (price_level=NORMAL, pattern_level=NORMAL, cr_profile_level=LOW)",0
2020-2501-9-10790-1,2020-2501-9-10790,2020-12-20,2020,2020-12,9018390000,901839000000,901839,90,Medical syringes and needles,Medical syringes and needles,CR_HASH_032,Re-export,EX,BH,BH,IN,BH,BH,IN,IN,NMB,2.74,2.8686131386861313,price_per_item,7.86,20.9,2.74,703.55,841.84,1.3528960807180426,1.4183722013465883,0.34031158648964543,0.9528936868330796,1.614923227688858,0.6620295408557785,-0.040150624450588146,2.6079675389725256,False,-0.12977236181076274,0.12977236181076274,NORMAL,5.0,0.005241090146750524,5.251225759014186,51.700506150822136,5.0,0.005241090146750524,5.251225759014186,47.13660531805522,4.0,1.25,0.5,2.0,1.6,38.181818181818194,48.07533766400312,LOW,1,0.0,0.10279086279030233,2.5697715697575583,1.0,0.0,3,False,75.0,False,True,85.71428571428572,0.8666666666666667,86.66666666666667,49.661324811319915,LOW,1,LOW,"LOW (driven by pattern+cr_profile; price_level=NORMAL, pattern_level=LOW, cr_profile_level=LOW)",1
2020-2801-9-10827-1,2020-2801-9-10827,2020-12-20,2020,2020-12,102211000,102211000000,102211,10,"Live cattle, pure-bred breeding","Live cattle, pure-bred breeding",CR_HASH_045,,,IN,BH,US,IN,BH,US,,NMB,1.27,19044.220472440946,price_per_item,24186.16,64324.9,1.27,433.51,511.22,9.854571455240603,9.854571455240603,0.0,9.854571455240603,9.854571455240603,0.0,9.854571455240603,9.854571455240603,False,0.0,0.0,NORMAL,,,,0.0,,,,0.0,,,,,,0.0,0.0,NORMAL,0,0.0,0.0357305231794678,0.893263079486695,1.0,0.0,1,True,91.66666666666666,False,False,0.0,0.9,90.0,28.312642077820342,NORMAL,0,NORMAL,"NORMAL (price_level=NORMAL, pattern_level=NORMAL, cr_profile_level=NORMAL)",0
2020-2701-6-10406-1,2020-2701-6-10406,2020-12-21,2020,2020-12,8504400090,850440009000,850440,85,Static converters,Static converters,CR_HASH_044,Import,IM,CN,CN,BH,CN,CN,BH,CN,NMB,2.0,3276.22,price_per_item,6552.44,17426.7,2.0,243.98,280.41,8.094750781019696,7.466827051260017,0.5715840105867187,6.914775863803976,8.032836322465545,1.11806045866157,5.23768517581162,9.7099270104579,False,0.7409737598227062,0.7409737598227062,NORMAL,19.0,0.019916142557651992,3.916224692281846,11.63690673320574,15.0,0.015723270440251572,4.152613470346076,11.051724646602178,9.0,2.111111111111111,0.9279607271383371,4.0,1.894736842105263,56.9377990430622,18.22722684937296,NORMAL,0,0.0,1.1010948728791565,27.527371821978914,1.0,0.0,2,False,83.33333333333334,False,True,75.0,0.8333333333333334,83.33333333333334,55.05124680435929,LOW,1,NORMAL,"NORMAL (price_level=NORMAL, pattern_level=NORMAL, cr_profile_level=LOW)",0
2020-2601-5-10004-1,2020-2601-5-10004,2020-12-21,2020,2020-12,1006301000,100630100000,100630,10,Long-grain milled rice,Long-grain milled rice,CR_HASH_046,Import,IM,SA,SA,BH,SA,SA,BH,SA,KGM,168.29,0.24439954839859768,price_per_kg,41.13,109.39,1.4,168.29,189.49,0.21865312313433408,0.32869838978139143,0.06767869107876259,0.270176176769005,0.39860128498662895,0.12842510821762393,0.07753851444256912,0.5912389473130648,False,-1.0967191341096965,1.0967191341096965,NORMAL,11.0,0.011530398322851153,4.462768398649916,28.038772365976683,8.0,0.008385744234800839,4.781222129768451,31.698925390914113,9.0,1.2222222222222223,0.4409585518440984,2.0,1.6363636363636362,40.49586776859504,31.188390235097536,NORMAL,0,0.0,-0.9858021491693465,24.645053729233663,1.0,0.0,2,False,83.33333333333334,False,True,95.0,0.7727272727272727,77.27272727272727,57.83031425977723,LOW,1,NORMAL,"NORMAL (price_level=NORMAL, pattern_level=NORMAL, cr_profile_level=LOW)",0
2020-2701-1-10925-1,2020-2701-1-10925,2020-12-21,2020,2020-12,8703221000,870322100000,870322,87,Passenger cars 1000-1500cc,Passenger cars 1000-1500cc,CR_HASH_012,Import,IM,US,CN,BH,US,CN,BH,US,NMB,1.23,309903.7479674797,price_per_item,381181.61,1013780.88,1.23,1004.97,1120.32,12.64402026462485,12.339741490828857,0.5298577154310848,11.445675964067552,12.647064860424424,1.201388896356871,9.643592619532246,14.44914820495973,False,0.38733647780006625,0.38733647780006625,NORMAL,10.0,0.010482180293501049,4.558078578454241,30.899046383171186,1.0,0.0010482180293501049,6.860663671448286,100.0,7.0,1.4285714285714286,0.5345224838248488,2.0,1.4,25.454545454545453,54.26770500976741,LOW,1,0.0,0.51062241757694,12.765560439423501,1.0,0.0,1,True,91.66666666666666,False,True,78.94736842105263,1.0,100.0,64.20478825906139,LOW,1,LOW,"LOW (driven by pattern+cr_profile; price_level=NORMAL, pattern_level=LOW, cr_profile_level=LOW)",1
2020-2501-4-10597-1,2020-2501-4-10597,2020-12-22,2020,2020-12,1006301000,100630100000,100630,10,Long-grain milled rice,Long-grain milled rice,CR_HASH_034,Import,IM,CN,IN,BH,CN,IN,BH,CN,KGM,4925.0,0.35343959390862945,price_per_kg,1740.69,4629.5,3.1,4925.0,5326.75,0.3026491995296559,0.32869838978139143,0.06767869107876259,0.270176176769005,0.39860128498662895,0.12842510821762393,0.07753851444256912,0.5912389473130648,False,-0.25960812534326355,0.25960812534326355,NORMAL,25.0,0.02620545073375262,3.641787846580086,3.4010123016442515,1.0,0.0010482180293501049,6.860663671448286,100.0,9.0,2.7777777777777777,1.6414763002993509,5.0,1.8,50.909090909090914,44.33686978718576,NORMAL,0,0.0,-0.2464788855554087,6.1619721388852176,1.0,0.0,2,False,83.33333333333334,False,True,81.25,0.875,87.5,49.96919024860983,LOW,1,NORMAL,"NORMAL (price_level=NORMAL, pattern_level=NORMAL, cr_profile_level=LOW)",0
2020-2601-2-10132-1,2020-2601-2-10132,2020-12-23,2020,2020-12,8517120000,851712000000,851712,85,Cellular telephones,Cellular telephones,CR_HASH_006,Import,IM,CN,CN,BH,CN,CN,BH,CN,NMB,2.5,3087.568,price_per_item,7718.92,20529.03,2.5,33.81,39.81,8.035462832054014,9.1609472788485,0.7778458576033893,8.086449359029473,9.737226953131787,1.6507775941023137,5.610282967876002,12.213393344285258,False,-0.9759373941213114,0.9759373941213114,NORMAL,22.0,0.023060796645702306,3.769621218089971,7.2373125983257305,14.0,0.014675052410901468,4.221606341833028,13.317855801757727,10.0,2.2,0.7888106377466155,3.0,1.3636363636363635,23.140495867768593,11.750980209943359,NORMAL,0,-1.4574824335568102,-0.6637943322592522,36.43706083892025,1.0,0.0,6,False,50.0,False,True,79.16666666666666,0.72,72.0,56.94463796028875,LOW,1,NORMAL,"NORMAL (price_level=NORMAL, pattern_level=NORMAL, cr_profile_level=LOW)",0
2020-2601-7-10307-1,2020-2601-7-10307,2020-12-23,2020,2020-12,1006301000,100630100000,100630,10,Long-grain milled rice,Long-grain milled rice,CR_HASH_009,Import,IM,CN,US,BH,CN,US,BH,CN,KGM,169.06,0.2895421743759612,price_per_kg,48.95,130.18,1.65,169.06,192.81,0.2542872517958726,0.32869838978139143,0.06767869107876259,0.270176176769005,0.39860128498662895,0.12842510821762393,0.07753851444256912,0.5912389473130648,False,-0.7415868151906341,0.7415868151906341,NORMAL,25.0,0.02620545073375262,3.641787846580086,3.4010123016442515,2.0,0.0020964360587002098,6.1675164908883415,77.23297513030472,9.0,2.7777777777777777,1.6414763002993509,5.0,1.8,50.909090909090914,36.36841108279241,NORMAL,0,0.0,-0.6873088072147335,17.18272018036834,1.0,0.0,1,True,91.66666666666666,False,True,57.14285714285714,0.9047619047619048,90.47619047619048,58.394904444081305,LOW,1,NORMAL,"NORMAL (price_level=NORMAL, pattern_level=NORMAL, cr_profile_level=LOW)",0
2020-2501-5-10565-1,2020-2501-5-10565,2020-12-23,2020,2020-12,102211000,102211000000,102211,10,"Live cattle, pure-bred breeding","Live cattle, pure-bred breeding",CR_HASH_009,Re-export,EX,BH,BH,CN,BH,BH,CN,CN,NMB,4.71,7204.571125265393,price_per_item,33933.53,90248.76,4.71,194.58,216.65,8.882609773198457,9.549317841384953,0.6971436999939566,8.846103941045365,10.18755556601122,1.3414516249658544,6.833926503596584,12.19973300346,False,-0.6450441010428435,0.6450441010428435,NORMAL,11.0,0.011530398322851153,4.462768398649916,28.038772365976683,11.0,0.011530398322851153,4.462768398649916,21.2390343034744,9.0,1.2222222222222223,0.4409585518440984,2.0,1.6363636363636362,40.49586776859504,27.527428354493637,NORMAL,0,0.0,-0.7063954783430846,17.659886958577115,1.0,0.0,3,False,75.0,False,False,57.14285714285714,0.9047619047619048,90.47619047619048,38.561912816454374,LOW,1,NORMAL,"NORMAL (price_level=NORMAL, pattern_level=NORMAL, cr_profile_level=LOW)",0
2020-2601-7-10205-1,2020-2601-7-10205,2020-12-24,2020,2020-12,8703221000,870322100000,870322,87,Passenger cars 1000-1500cc,Passenger cars 1000-1500cc,CR_HASH_011,Import,IM,CN,CN,BH,CN,CN,BH,CN,NMB,2.56,44746.203125,price_per_item,114550.28,304655.0,2.56,201.11,239.24,10.708784221749795,12.339741490828857,0.5298577154310848,11.445675964067552,12.647064860424424,1.201388896356871,9.643592619532246,14.44914820495973,False,-2.076152852091645,2.076152852091645,LOW,20.0,0.020964360587002098,3.8649313978942956,10.097586615520235,14.0,0.014675052410901468,4.221606341833028,13.317855801757727,9.0,2.2222222222222223,1.3017082793177757,5.0,2.25,79.54545454545456,21.641861020193506,NORMAL,0,0.0,-0.9481697549823338,23.704243874558344,1.0,0.0,3,False,75.0,False,False,88.23529411764706,0.8888888888888888,88.88888888888889,48.13308666328496,LOW,1,LOW,"LOW (driven by price+cr_profile; price_level=LOW, pattern_level=NORMAL, cr_profile_level=LOW)",1
2020-2601-9-10455-1,2020-2601-9-10455,2020-12-24,2020,2020-12,3923301000,392330100000,392330,39,Plastic bottles for packaging,Plastic bottles for packaging,CR_HASH_020,Import,IM,EG,EG,BH,EG,EG,BH,EG,NMB,0.64,2.90625,price_per_item,1.86,4.95,0.64,17.64,20.31,1.3625778345025745,1.6841288050356895,0.6442087840607709,1.0864174155799162,2.3469388358112164,1.2605214202313002,-0.8043647147670341,4.237720966158166,False,-0.33666594385471393,0.33666594385471393,NORMAL,1.0,0.0010482180293501049,6.860663671448286,100.0,1.0,0.0010482180293501049,6.860663671448286,100.0,1.0,1.0,0.0,1.0,1.0,0.0,85.0,HIGH,1,0.0,-0.3543482352874844,8.85870588218711,1.0,0.0,1,True,91.66666666666666,True,True,100.0,0.9565217391304348,95.65217391304348,77.23098184137419,MEDIUM,1,HIGH,"HIGH (driven by pattern+cr_profile; price_level=NORMAL, pattern_level=HIGH, cr_profile_level=MEDIUM)",1
2020-2501-6-10088-1,2020-2501-6-10088,2020-12-24,2020,2020-12,8471300000,847130000000,847130,84,Portable laptop computers,Portable laptop computers,CR_HASH_001,Import,IM,SA,IN,BH,SA,IN,BH,SA,NMB,1.99,18222.11557788945,price_per_item,36262.01,96441.51,1.99,789.73,884.39,9.810446153884284,8.71824987064452,0.6999612932513521,7.750041925937837,9.126895264901794,1.376853338963957,5.684761917491901,11.192175273347729,False,1.0524529108716965,1.0524529108716965,NORMAL,12.0,0.012578616352201259,4.375757021660286,25.427546772711544,2.0,0.0020964360587002098,6.1675164908883415,77.23297513030472,7.0,1.7142857142857142,0.9511897312113418,3.0,1.75,47.727272727272734,46.90440559105333,LOW,1,0.0,1.9375619639579995,48.43904909894999,1.0,0.0,2,False,83.33333333333334,False,True,89.47368421052632,0.9473684210526316,94.73684210526316,68.2694566583167,LOW,1,LOW,"LOW (driven by pattern+cr_profile; price_level=NORMAL, pattern_level=LOW, cr_profile_level=LOW)",1
2020-2601-7-10343-1,2020-2601-7-10343,2020-12-24,2020,2020-12,2710192100,271019210000,271019,27,Gas oils for diesel engines,Gas oils for diesel engines,CR_HASH_039,Import,IM,CN,CN,BH,CN,CN,BH,CN,LTR,6721.23,0.18291443679207528,price_per_liter_gross_weight,1229.41,3269.71,3.25,6099.34,6721.23,0.16798125507033912,0.26355592811875056,0.07105600884335336,0.1979668243457394,0.33634243682655873,0.13837561248081934,-0.009596594375489625,0.5439058555477878,False,-0.9072312793878563,0.9072312793878563,NORMAL,19.0,0.019916142557651992,3.916224692281846,11.63690673320574,15.0,0.015723270440251572,4.152613470346076,11.051724646602178,8.0,2.375,1.407885953173359,5.0,2.1052631578947367,70.33492822966507,20.236796227363392,NORMAL,0,-0.2489466442407528,-0.809621164566788,20.2405291141697,1.0,0.0,4,False,66.66666666666666,False,False,69.23076923076923,0.7857142857142857,78.57142857142857,40.106163211937414,LOW,1,NORMAL,"NORMAL (price_level=NORMAL, pattern_level=NORMAL, cr_profile_level=LOW)",0
2020-2801-6-10034-1,2020-2801-6-10034,2020-12-25,2020,2020-12,9018390000,901839000000,901839,90,Medical syringes and needles,Medical syringes and needles,CR_HASH_043,Re-export,EX,BH,BH,SA,BH,BH,SA,SA,NMB,3.8,3.705263157894737,price_per_item,14.08,37.44,3.8,741.51,865.57,1.548681703013028,1.4183722013465883,0.34031158648964543,0.9528936868330796,1.614923227688858,0.6620295408557785,-0.040150624450588146,2.6079675389725256,False,0.25827082660521716,0.25827082660521716,NORMAL,6.0,0.006289308176100629,5.0689042022202315,46.22900654036249,6.0,0.006289308176100629,5.0689042022202315,41.148094458851695,6.0,1.0,0.0,1.0,1.0,0.0,37.51633633077934,NORMAL,0,0.0,0.40978169928324865,10.244542482081217,1.0,0.0,1,True,91.66666666666666,False,True,95.0,1.0,100.0,67.33558986872842,LOW,1,NORMAL,"NORMAL (price_level=NORMAL, pattern_level=NORMAL, cr_profile_level=LOW)",0
2020-2801-2-10333-1,2020-2801-2-10333,2020-12-25,2020,2020-12,8471300000,847130000000,847130,84,Portable laptop computers,Portable laptop computers,CR_HASH_042,Import,IM,JP,JP,BH,JP,JP,BH,JP,NMB,0.86,29113.174418604653,price_per_item,25037.33,66588.64,0.86,410.4,483.16,10.278980427990932,8.71824987064452,0.6999612932513521,7.750041925937837,9.126895264901794,1.376853338963957,5.684761917491901,11.192175273347729,False,1.5039379307291114,1.5039379307291114,NORMAL,2.0,0.0020964360587002098,6.1675164908883415,79.19854023234907,1.0,0.0010482180293501049,6.860663671448286,100.0,2.0,1.0,0.0,1.0,1.0,0.0,74.59927011617454,LOW,1,2.5943460173139927,3.703190078328202,92.57975195820505,1.0,0.0,5,False,58.333333333333336,True,True,100.0,0.75,75.0,92.40291318537177,HIGH,1,HIGH,"HIGH (driven by pattern+cr_profile; price_level=NORMAL, pattern_level=LOW, cr_profile_level=HIGH)",1
2020-2701-7-10763-1,2020-2701-7-10763,2020-12-26,2020,2020-12,102211000,102211000000,102211,10,"Live cattle, pure-bred breeding","Live cattle, pure-bred breeding",CR_HASH_026,Import,IM,US,AE,BH,US,AE,BH,US,NMB,3.89,25087.277634961436,price_per_item,97589.51,259546.56,3.89,1207.56,1358.33,10.130155989533474,10.013369334439131,0.6855679350518233,9.327801399387308,10.638440798004723,1.3106393986174147,7.361842301461186,12.604399895930845,False,0.11489965569256069,0.11489965569256069,NORMAL,10.0,0.010482180293501049,4.558078578454241,30.899046383171186,1.0,0.0010482180293501049,6.860663671448286,100.0,7.0,1.4285714285714286,0.7867957924694432,3.0,2.1,70.00000000000001,60.94952319158559,LOW,1,0.0,0.3864142437771373,9.660356094428431,1.0,0.0,2,False,83.33333333333334,False,True,89.47368421052632,0.85,85.0,52.749545685681525,LOW,1,LOW,"LOW (driven by pattern+cr_profile; price_level=NORMAL, pattern_level=LOW, cr_profile_level=LOW)",1
2020-2601-3-10044-1,2020-2601-3-10044,2020-12-26,2020,2020-12,8703221000,870322100000,870322,87,Passenger cars 1000-1500cc,Passenger cars 1000-1500cc,CR_HASH_048,Import,IM,US,US,BH,US,US,BH,US,NMB,2.37,150881.5316455696,price_per_item,357589.23,951035.18,2.37,906.35,979.81,11.924256876925677,12.339741490828857,0.5298577154310848,11.445675964067552,12.647064860424424,1.201388896356871,9.643592619532246,14.44914820495973,False,-0.5288977108777138,0.5288977108777138,NORMAL,10.0,0.010482180293501049,4.558078578454241,30.899046383171186,8.0,0.008385744234800839,4.781222129768451,31.698925390914113,7.0,1.4285714285714286,0.5345224838248488,2.0,1.4,25.454545454545453,30.362328896587346,NORMAL,0,0.0,-0.37506427850933965,9.376606962733492,1.0,0.0,3,False,75.0,False,False,82.35294117647058,0.9,90.0,41.870047731074365,LOW,1,NORMAL,"NORMAL (price_level=NORMAL, pattern_level=NORMAL, cr_profile_level=LOW)",0
2020-2701-8-10794-1,2020-2701-8-10794,2020-12-26,2020,2020-12,8703221000,870322100000,870322,87,Passenger cars 1000-1500cc,Passenger cars 1000-1500cc,CR_HASH_044,Import,IM,IN,IN,BH,IN,IN,BH,IN,NMB,3.94,62158.95431472081,price_per_item,244906.28,651346.5,3.94,410.4,468.15,11.037466250078594,12.339741490828857,0.5298577154310848,11.445675964067552,12.647064860424424,1.201388896356871,9.643592619532246,14.44914820495973,False,-1.6577518654542542,1.6577518654542542,NORMAL,9.0,0.009433962264150943,4.663439094112067,34.06093261602687,7.0,0.007337526205450734,4.9147535223929735,36.084880671453035,6.0,1.5,0.8366600265340756,3.0,2.0,63.63636363636365,39.20562908847654,NORMAL,0,0.0,-0.8561858226257664,21.40464556564416,1.0,0.0,1,True,91.66666666666666,False,False,84.0,0.92,92.0,56.891625947975456,LOW,1,NORMAL,"NORMAL (price_level=NORMAL, pattern_level=NORMAL, cr_profile_level=LOW)",0
2020-2701-3-10416-1,2020-2701-3-10416,2020-12-27,2020,2020-12,8504400090,850440009000,850440,85,Static converters,Static converters,CR_HASH_038,Import,IM,CN,CN,BH,CN,CN,BH,CN,NMB,3.96,1614.8055555555557,price_per_item,6394.63,17006.99,3.96,281.38,296.09,7.38758890730901,7.466827051260017,0.5715840105867187,6.914775863803976,8.032836322465545,1.11806045866157,5.23768517581162,9.7099270104579,False,-0.09350400799030366,0.09350400799030366,NORMAL,19.0,0.019916142557651992,3.916224692281846,11.63690673320574,15.0,0.015723270440251572,4.152613470346076,11.051724646602178,9.0,2.111111111111111,0.9279607271383371,4.0,1.894736842105263,56.9377990430622,18.22722684937296,NORMAL,0,0.0,-0.06627409593619059,1.6568523984047647,1.0,0.0,1,True,91.66666666666666,False,True,73.33333333333334,0.8823529411764706,88.23529411764706,56.56029049630442,LOW,1,NORMAL,"NORMAL (price_level=NORMAL, pattern_level=NORMAL, cr_profile_level=LOW)",0
2020-2801-7-10485-1,2020-2801-7-10485,2020-12-27,2020,2020-12,2710192100,271019210000,271019,27,Gas oils for diesel engines,Gas oils for diesel engines,CR_HASH_008,Import,IM,US,US,BH,US,US,BH,US,LTR,4439.23,0.2408480750039985,price_per_liter_gross_weight,1069.18,2843.56,0.98,4069.87,4439.23,0.21579507729724995,0.26355592811875056,0.07105600884335336,0.1979668243457394,0.33634243682655873,0.13837561248081934,-0.009596594375489625,0.5439058555477878,False,-0.4533642272937155,0.4533642272937155,NORMAL,11.0,0.011530398322851153,4.462768398649916,28.038772365976683,11.0,0.011530398322851153,4.462768398649916,21.2390343034744,8.0,1.375,0.7440238091428449,3.0,2.1818181818181817,75.20661157024794,32.73403992474157,NORMAL,0,0.0,-0.4061136161583417,10.152840403958542,1.0,0.0,3,False,75.0,False,False,84.0,0.9230769230769231,92.3076923076923,43.01503260292395,LOW,1,NORMAL,"NORMAL (price_level=NORMAL, pattern_level=NORMAL, cr_profile_level=LOW)",0
2020-2501-2-10804-1,2020-2501-2-10804,2020-12-27,2020,2020-12,8517120000,851712000000,851712,85,Cellular telephones,Cellular telephones,CR_HASH_003,Import,IM,SA,SA,BH,SA,SA,BH,SA,NMB,1.91,47252.246073298425,price_per_item,90251.79,240031.35,1.91,594.83,663.24,10.763276630526143,9.1609472788485,0.7778458576033893,8.086449359029473,9.737226953131787,1.6507775941023137,5.610282967876002,12.213393344285258,False,1.389422249640305,1.389422249640305,NORMAL,6.0,0.006289308176100629,5.0689042022202315,46.22900654036249,5.0,0.005241090146750524,5.251225759014186,47.13660531805522,4.0,1.5,1.0,3.0,2.0,63.63636363636365,49.15776967695511,LOW,1,0.0,4.167340594641514,100.0,1.0,0.0,2,False,83.33333333333334,True,True,100.0,0.8235294117647058,82.35294117647058,96.47058823529412,HIGH,1,HIGH,"HIGH (driven by pattern+cr_profile; price_level=NORMAL, pattern_level=LOW, cr_profile_level=HIGH)",1
2020-2501-4-10261-1,2020-2501-4-10261,2020-12-27,2020,2020-12,3923301000,392330100000,392330,39,Plastic bottles for packaging,Plastic bottles for packaging,CR_HASH_026,Import,IM,CN,CN,BH,CN,CN,BH,CN,NMB,3.21,3.607476635514019,price_per_item,11.58,30.8,3.21,834.73,917.47,1.5276803395807839,1.6841288050356895,0.6442087840607709,1.0864174155799162,2.3469388358112164,1.2605214202313002,-0.8043647147670341,4.237720966158166,False,-0.16380255422545242,0.16380255422545242,NORMAL,28.0,0.029350104821802937,3.5284591612730827,0.0,21.0,0.0220125786163522,3.8161412337248635,0.0,12.0,2.3333333333333335,1.2309149097933274,5.0,2.142857142857143,72.72727272727273,10.90909090909091,NORMAL,0,0.0,-0.1693928467956641,4.234821169891602,1.0,0.0,3,False,75.0,False,False,65.0,0.9047619047619048,90.47619047619048,35.82742550470016,LOW,1,NORMAL,"NORMAL (price_level=NORMAL, pattern_level=NORMAL, cr_profile_level=LOW)",0
2020-2601-2-10789-1,2020-2601-2-10789,2020-12-27,2020,2020-12,6109100000,610910000000,610910,61,Cotton t-shirts,Cotton t-shirts,CR_HASH_039,Re-export,EX,BH,BH,AE,BH,BH,AE,AE,NMB,3.36,43.702380952380956,price_per_item,146.84,390.54,3.36,239.65,262.35,3.8000267653549216,4.610526181303967,0.7708500247178713,3.916293548711598,5.585818334387825,1.6695247856762268,1.412006370197258,8.090105512902165,False,-0.7091838218710433,0.7091838218710433,NORMAL,6.0,0.006289308176100629,5.0689042022202315,46.22900654036249,6.0,0.006289308176100629,5.0689042022202315,41.148094458851695,4.0,1.5,0.5773502691896257,2.0,1.3333333333333333,21.21212121212121,40.69815451259752,NORMAL,0,-0.19428184560032796,-0.6323464064132853,15.808660160332133,1.0,0.0,4,False,66.66666666666666,False,False,71.42857142857143,0.8,80.0,39.390173913259105,LOW,1,NORMAL,"NORMAL (price_level=NORMAL, pattern_level=NORMAL, cr_profile_level=LOW)",0
2020-2801-5-10982-1,2020-2801-5-10982,2020-12-28,2020,2020-12,9018390000,901839000000,901839,90,Medical syringes and needles,Medical syringes and needles,CR_HASH_040,Re-export,EX,BH,BH,CN,BH,BH,CN,CN,NMB,2.26,3.442477876106195,price_per_item,7.78,20.7,2.26,405.21,441.24,1.4912123009793887,1.4183722013465883,0.34031158648964543,0.9528936868330796,1.614923227688858,0.6620295408557785,-0.040150624450588146,2.6079675389725256,False,0.14436762094544,0.14436762094544,NORMAL,6.0,0.006289308176100629,5.0689042022202315,46.22900654036249,6.0,0.006289308176100629,5.0689042022202315,41.148094458851695,4.0,1.5,0.5773502691896257,2.0,1.3333333333333333,21.21212121212121,40.69815451259752,NORMAL,0,0.0,0.31686779874434107,7.921694968608526,1.0,0.0,2,False,83.33333333333334,False,True,75.0,0.9166666666666666,91.66666666666666,49.85592657234632,LOW,1,NORMAL,"NORMAL (price_level=NORMAL, pattern_level=NORMAL, cr_profile_level=LOW)",0
2020-2601-1-10347-1,2020-2601-1-10347,2020-12-28,2020,2020-12,3923301000,392330100000,392330,39,Plastic bottles for packaging,Plastic bottles for packaging,CR_HASH_033,Import,IM,JP,JP,BH,JP,JP,BH,JP,NMB,1.46,21.554794520547944,price_per_item,31.47,83.7,1.46,704.58,768.61,3.1159476606680276,1.6841288050356895,0.6442087840607709,1.0864174155799162,2.3469388358112164,1.2605214202313002,-0.8043647147670341,4.237720966158166,False,1.4991235935666196,1.4991235935666196,NORMAL,4.0,0.0041928721174004195,5.474369310328396,58.39708046469813,4.0,0.0041928721174004195,5.474369310328396,54.46595026060942,4.0,1.0,0.0,1.0,1.0,0.0,48.26162282356236,LOW,1,0.0,3.570725933899239,89.26814834748097,1.0,0.0,3,False,75.0,False,True,87.5,0.9166666666666666,91.66666666666666,81.45218525495167,MEDIUM,1,MEDIUM,"MEDIUM (driven by pattern+cr_profile; price_level=NORMAL, pattern_level=LOW, cr_profile_level=MEDIUM)",1
2020-2501-8-10792-1,2020-2501-8-10792,2020-12-29,2020,2020-12,1006301000,100630100000,100630,10,Long-grain milled rice,Long-grain milled rice,CR_HASH_034,Import,IM,CN,CN,BH,CN,CN,BH,CN,KGM,3153.3,0.2707195636317508,price_per_kg,853.66,2270.38,3.91,3153.3,3403.64,0.23958332555832884,0.32869838978139143,0.06767869107876259,0.270176176769005,0.39860128498662895,0.12842510821762393,0.07753851444256912,0.5912389473130648,False,-0.8881272139064842,0.8881272139064842,NORMAL,25.0,0.02620545073375262,3.641787846580086,3.4010123016442515,21.0,0.0220125786163522,3.8161412337248635,0.0,9.0,2.7777777777777777,1.6414763002993509,5.0,1.8,50.909090909090914,9.336869787185762,NORMAL,0,0.0,-0.8172645492741208,20.43161373185302,1.0,0.0,2,False,83.33333333333334,False,False,76.47058823529412,0.8235294117647058,82.35294117647058,42.739300100266206,LOW,1,NORMAL,"NORMAL (price_level=NORMAL, pattern_level=NORMAL, cr_profile_level=LOW)",0
2020-2701-6-10318-1,2020-2701-6-10318,2020-12-29,2020,2020-12,8517120000,851712000000,851712,85,Cellular telephones,Cellular telephones,CR_HASH_005,Import,IM,US,US,BH,US,US,BH,US,NMB,1.26,17179.333333333332,price_per_item,21645.96,57569.05,1.26,107.12,120.7,9.75152059775592,9.1609472788485,0.7778458576033893,8.086449359029473,9.737226953131787,1.6507775941023137,5.610282967876002,12.213393344285258,False,0.5121017776244101,0.5121017776244101,NORMAL,13.0,0.013626834381551363,4.29571431398675,23.025452080470465,11.0,0.011530398322851153,4.462768398649916,21.2390343034744,8.0,1.625,1.0606601717798212,4.0,2.4615384615384617,93.00699300699303,32.89743699750022,NORMAL,0,0.0,0.9217143410570763,23.042858526426908,1.0,0.0,3,False,75.0,False,True,66.66666666666667,0.8571428571428572,85.71428571428572,51.874524293773234,LOW,1,NORMAL,"NORMAL (price_level=NORMAL, pattern_level=NORMAL, cr_profile_level=LOW)",0
2020-2601-5-10066-1,2020-2601-5-10066,2020-12-29,2020,2020-12,8504400090,850440009000,850440,85,Static converters,Static converters,CR_HASH_028,Re-export,EX,BH,BH,US,BH,BH,US,US,NMB,2.79,1717.551971326165,price_per_item,4791.97,12744.6,2.79,797.13,885.19,7.449237338093971,7.211981005295417,0.7196345903205628,6.668983974826631,7.961818755725377,1.2928347808987457,4.729731803478512,9.901070927073494,False,0.22237286291177824,0.22237286291177824,NORMAL,7.0,0.007337526205450734,4.9147535223929735,41.6029195353019,7.0,0.007337526205450734,4.9147535223929735,36.084880671453035,7.0,1.0,0.0,1.0,1.0,0.0,33.43116800265951,NORMAL,0,-0.6085512433695894,0.042877124696489,15.213781084239736,1.0,0.0,4,False,66.66666666666666,False,True,80.95238095238095,0.7142857142857143,71.42857142857143,49.848632903293435,LOW,1,NORMAL,"NORMAL (price_level=NORMAL, pattern_level=NORMAL, cr_profile_level=LOW)",0
2020-2701-8-10108-1,2020-2701-8-10108,2020-12-30,2020,2020-12,8517120000,851712000000,851712,85,Cellular telephones,Cellular telephones,CR_HASH_028,Import,IM,CN,CN,BH,CN,CN,BH,CN,NMB,1.26,23678.698412698413,price_per_item,29835.16,79348.84,1.26,1342.31,1478.82,10.072373352966602,9.1609472788485,0.7778458576033893,8.086449359029473,9.737226953131787,1.6507775941023137,5.610282967876002,12.213393344285258,False,0.7903217056818735,0.7903217056818735,NORMAL,22.0,0.023060796645702306,3.769621218089971,7.2373125983257305,14.0,0.014675052410901468,4.221606341833028,13.317855801757727,10.0,2.2,0.7888106377466155,3.0,1.3636363636363635,23.140495867768593,11.750980209943359,NORMAL,0,7.850649399965115,1.5886511436492368,100.0,2.0,25.0,3,False,75.0,False,False,68.18181818181819,0.6818181818181819,68.18181818181819,68.18181818181819,LOW,1,NORMAL,"NORMAL (price_level=NORMAL, pattern_level=NORMAL, cr_profile_level=LOW)",0
2020-2701-1-10757-1,2020-2701-1-10757,2020-12-30,2020,2020-12,9018390000,901839000000,901839,90,Medical syringes and needles,Medical syringes and needles,CR_HASH_021,Import,IM,US,US,BH,US,US,BH,US,NMB,2.11,11.118483412322275,price_per_item,23.46,62.4,2.11,743.06,837.23,2.49473184181512,1.1592369104845446,0.5792846449150362,0.6041021775947832,1.7481096643936567,1.1440074867988734,-1.111909052603527,3.464120894591967,False,1.5549850982886328,1.5549850982886328,NORMAL,11.0,0.011530398322851153,4.462768398649916,28.038772365976683,9.0,0.009433962264150943,4.663439094112067,27.830238657093965,7.0,1.5714285714285714,0.7867957924694432,3.0,1.9090909090909092,57.8512396694215,32.437655663384454,NORMAL,0,6.77532849959742,3.3223104514067674,100.0,2.0,25.0,3,False,75.0,False,False,82.6086956521739,0.875,87.5,75.65217391304347,MEDIUM,1,LOW,"LOW (driven by cr_profile; price_level=NORMAL, pattern_level=NORMAL, cr_profile_level=MEDIUM)",1
